<?xml version="1.0" encoding="UTF-8"?>
<beans xmlns="http://www.springframework.org/schema/beans"
	xmlns:xsi="http://www.w3.org/2001/XMLSchema-instance"
	xmlns:aop="http://www.springframework.org/schema/aop"
	xmlns:tx="http://www.springframework.org/schema/tx"
	xmlns:context="http://www.springframework.org/schema/context"
	xsi:schemaLocation="http://www.springframework.org/schema/beans
    http://www.springframework.org/schema/beans/spring-beans-2.5.xsd
    http://www.springframework.org/schema/aop 
    http://www.springframework.org/schema/aop/spring-aop-2.5.xsd
    http://www.springframework.org/schema/tx 
    http://www.springframework.org/schema/tx/spring-tx-2.5.xsd
    http://www.springframework.org/schema/context 
    http://www.springframework.org/schema/context/spring-context-2.5.xsd">
	<context:component-scan base-package="com.manu.dynasty" />
	<context:annotation-config />
	
	<bean class="org.springframework.web.servlet.mvc.annotation.AnnotationMethodHandlerAdapter">
		<property name="messageConverters">
			<list>
				<ref bean="jacksonMessageConverter"/>
				<ref bean="protobufHttpMessageConverter"/>
			</list>
		</property>
	</bean>
	
	<bean
		class="com.manu.AnnotationHandlerMapping">
		<property name="interceptors">
			<list>
				<bean class="com.manu.dynasty.interceptor.MyInterceptor">
				</bean>
			</list>
		</property>
	</bean>

	<bean id="viewResolver"
		class="org.springframework.web.servlet.view.InternalResourceViewResolver">
		<property name="viewClass">
			<value>org.springframework.web.servlet.view.JstlView</value>
		</property>
		<property name="prefix" value="/" />
		<property name="suffix" value=".jsp" />
	</bean>
	<bean id="jacksonMessageConverter" class="org.springframework.http.converter.json.MappingJacksonHttpMessageConverter">
		<property name="supportedMediaTypes">
			<list>
				<value>text/html;charset=UTF-8</value>
			</list>
		</property>
	</bean>
	
	<bean id="protobufHttpMessageConverter" class="com.manu.ProtobufHttpMessageConverter">
		<property name="supportedMediaTypes">
			<list>
				<value>application/protobuf</value>
			</list>
		</property>
	</bean>
	
	<aop:config></aop:config>

</beans>