<?xml version="1.0" encoding="UTF-8"?>
<dataset>
<AnnounceTemp id="1" type="1" condition="3" announcement="[ffffff]恭喜[-][dbba8f]*玩家名字七个字*[-][e5e205]探宝[-][ffffff]获得[-][0dbce8]3星[-][ffffff]将魂[-][d503ee]#将魂名字#[-][ffffff]！[-]" announceObject="1,2" />
<AnnounceTemp id="2" type="2" condition="3" announcement="[ffffff]恭喜[-][dbba8f]*玩家名字七个字*[-][e5e205]升星[-][ffffff]获得[-][0dbce8]3星[-][ffffff]将魂[-][d503ee]#将魂名字#[-][ffffff]！[-]" announceObject="1,2" />
<AnnounceTemp id="3" type="2" condition="4" announcement="[ffffff]恭喜[-][dbba8f]*玩家名字七个字*[-][e5e205]升星[-][ffffff]获得[-][cb02d8]4星[-][ffffff]将魂[-][d503ee]#将魂名字#[-][ffffff]！[-]" announceObject="1,2" />
<AnnounceTemp id="4" type="2" condition="5" announcement="[ffffff]恭喜[-][dbba8f]*玩家名字七个字*[-][e5e205]升星[-][ffffff]获得[-][e15a00]5星[-][ffffff]将魂[-][d503ee]#将魂名字#[-][ffffff]！[-]" announceObject="1,2" />
<AnnounceTemp id="5" type="3" condition="9" announcement="[ffffff]恭喜[-][dbba8f]*玩家名字七个字*[-][ffffff]收集到[-][d80202]9[-][ffffff]个[-][d503ee]将魂[-][ffffff]！战力更上一层楼！[-]" announceObject="1,2" />
<AnnounceTemp id="6" type="3" condition="10" announcement="[ffffff]恭喜[-][dbba8f]*玩家名字七个字*[-][ffffff]收集到[-][d80202]10[-][ffffff]个[-][d503ee]将魂[-][ffffff]！战力更上一层楼！[-]" announceObject="1,2" />
<AnnounceTemp id="7" type="3" condition="11" announcement="[ffffff]恭喜[-][dbba8f]*玩家名字七个字*[-][ffffff]收集到[-][d80202]11[-][ffffff]个[-][d503ee]将魂[-][ffffff]！战力更上一层楼！[-]" announceObject="1,2" />
<AnnounceTemp id="8" type="3" condition="12" announcement="[ffffff]恭喜[-][dbba8f]*玩家名字七个字*[-][ffffff]收集到[-][d80202]12[-][ffffff]个[-][d503ee]将魂[-][ffffff]！战力更上一层楼！[-]" announceObject="1,2" />
<AnnounceTemp id="9" type="3" condition="13" announcement="[ffffff]恭喜[-][dbba8f]*玩家名字七个字*[-][ffffff]收集到[-][d80202]13[-][ffffff]个[-][d503ee]将魂[-][ffffff]！战力更上一层楼！[-]" announceObject="1,2" />
<AnnounceTemp id="10" type="3" condition="14" announcement="[ffffff]恭喜[-][dbba8f]*玩家名字七个字*[-][ffffff]收集到[-][d80202]14[-][ffffff]个[-][d503ee]将魂[-][ffffff]！战力更上一层楼！[-]" announceObject="1,2" />
<AnnounceTemp id="11" type="3" condition="15" announcement="[ffffff]恭喜[-][dbba8f]*玩家名字七个字*[-][ffffff]收集到[-][d80202]15[-][ffffff]个[-][d503ee]将魂[-][ffffff]！战力更上一层楼！[-]" announceObject="1,2" />
<AnnounceTemp id="12" type="3" condition="16" announcement="[ffffff]恭喜[-][dbba8f]*玩家名字七个字*[-][ffffff]收集到[-][d80202]16[-][ffffff]个[-][d503ee]将魂[-][ffffff]！战力更上一层楼！[-]" announceObject="1,2" />
<AnnounceTemp id="13" type="3" condition="17" announcement="[ffffff]恭喜[-][dbba8f]*玩家名字七个字*[-][ffffff]收集到[-][d80202]17[-][ffffff]个[-][d503ee]将魂[-][ffffff]！战力更上一层楼！[-]" announceObject="1,2" />
<AnnounceTemp id="14" type="3" condition="18" announcement="[ffffff]恭喜[-][dbba8f]*玩家名字七个字*[-][ffffff]收集到[-][d80202]18[-][ffffff]个[-][d503ee]将魂[-][ffffff]！战力更上一层楼！[-]" announceObject="1,2" />
<AnnounceTemp id="15" type="3" condition="19" announcement="[ffffff]恭喜[-][dbba8f]*玩家名字七个字*[-][ffffff]收集到[-][d80202]19[-][ffffff]个[-][d503ee]将魂[-][ffffff]！战力更上一层楼！[-]" announceObject="1,2" />
<AnnounceTemp id="16" type="3" condition="20" announcement="[ffffff]恭喜[-][dbba8f]*玩家名字七个字*[-][ffffff]收集到[-][d80202]20[-][ffffff]个[-][d503ee]将魂[-][ffffff]！战力更上一层楼！[-]" announceObject="1,2" />
<AnnounceTemp id="17" type="3" condition="21" announcement="[ffffff]恭喜[-][dbba8f]*玩家名字七个字*[-][ffffff]收集到[-][d80202]21[-][ffffff]个[-][d503ee]将魂[-][ffffff]！战力更上一层楼！[-]" announceObject="1,2" />
<AnnounceTemp id="18" type="4" condition="104001" announcement="[dbba8f]*玩家名字七个字*[-][e5e205]进阶[-][ffffff]获得[-][d503ee]云河连环刀[-][ffffff]！战力大幅提升！[-]" announceObject="1,2" />
<AnnounceTemp id="19" type="4" condition="104002" announcement="[dbba8f]*玩家名字七个字*[-][e5e205]进阶[-][ffffff]获得[-][d503ee]云河双刃[-][ffffff]！战力大幅提升！[-]" announceObject="1,2" />
<AnnounceTemp id="20" type="4" condition="104003" announcement="[dbba8f]*玩家名字七个字*[-][e5e205]进阶[-][ffffff]获得[-][d503ee]云河长弓[-][ffffff]！战力大幅提升！[-]" announceObject="1,2" />
<AnnounceTemp id="21" type="4" condition="104101" announcement="[dbba8f]*玩家名字七个字*[-][e5e205]进阶[-][ffffff]获得[-][d503ee]云河战盔[-][ffffff]！战力大幅提升！[-]" announceObject="1,2" />
<AnnounceTemp id="22" type="4" condition="104102" announcement="[dbba8f]*玩家名字七个字*[-][e5e205]进阶[-][ffffff]获得[-][d503ee]云河护肩[-][ffffff]！战力大幅提升！[-]" announceObject="1,2" />
<AnnounceTemp id="23" type="4" condition="104103" announcement="[dbba8f]*玩家名字七个字*[-][e5e205]进阶[-][ffffff]获得[-][d503ee]云河战甲[-][ffffff]！战力大幅提升！[-]" announceObject="1,2" />
<AnnounceTemp id="24" type="4" condition="104104" announcement="[dbba8f]*玩家名字七个字*[-][e5e205]进阶[-][ffffff]获得[-][d503ee]云河臂甲[-][ffffff]！战力大幅提升！[-]" announceObject="1,2" />
<AnnounceTemp id="25" type="4" condition="104105" announcement="[dbba8f]*玩家名字七个字*[-][e5e205]进阶[-][ffffff]获得[-][d503ee]云河腿甲[-][ffffff]！战力大幅提升！[-]" announceObject="1,2" />
<AnnounceTemp id="26" type="4" condition="104106" announcement="[dbba8f]*玩家名字七个字*[-][e5e205]进阶[-][ffffff]获得[-][d503ee]云河战靴[-][ffffff]！战力大幅提升！[-]" announceObject="1,2" />
<AnnounceTemp id="27" type="4" condition="105001" announcement="[dbba8f]*玩家名字七个字*[-][e5e205]进阶[-][ffffff]获得[-][ef5a00]星芒裂日刀[-][ffffff]！战力大幅提升！[-]" announceObject="1,2" />
<AnnounceTemp id="28" type="4" condition="105002" announcement="[dbba8f]*玩家名字七个字*[-][e5e205]进阶[-][ffffff]获得[-][ef5a00]星芒金蛇剑[-][ffffff]！战力大幅提升！[-]" announceObject="1,2" />
<AnnounceTemp id="29" type="4" condition="105003" announcement="[dbba8f]*玩家名字七个字*[-][e5e205]进阶[-][ffffff]获得[-][ef5a00]星芒坠日弓[-][ffffff]！战力大幅提升！[-]" announceObject="1,2" />
<AnnounceTemp id="30" type="4" condition="105101" announcement="[dbba8f]*玩家名字七个字*[-][e5e205]进阶[-][ffffff]获得[-][ef5a00]星芒战盔[-][ffffff]！战力大幅提升！[-]" announceObject="1,2" />
<AnnounceTemp id="31" type="4" condition="105102" announcement="[dbba8f]*玩家名字七个字*[-][e5e205]进阶[-][ffffff]获得[-][ef5a00]星芒护肩[-][ffffff]！战力大幅提升！[-]" announceObject="1,2" />
<AnnounceTemp id="32" type="4" condition="105103" announcement="[dbba8f]*玩家名字七个字*[-][e5e205]进阶[-][ffffff]获得[-][ef5a00]星芒战甲[-][ffffff]！战力大幅提升！[-]" announceObject="1,2" />
<AnnounceTemp id="33" type="4" condition="105104" announcement="[dbba8f]*玩家名字七个字*[-][e5e205]进阶[-][ffffff]获得[-][ef5a00]星芒臂甲[-][ffffff]！战力大幅提升！[-]" announceObject="1,2" />
<AnnounceTemp id="34" type="4" condition="105105" announcement="[dbba8f]*玩家名字七个字*[-][e5e205]进阶[-][ffffff]获得[-][ef5a00]星芒腿甲[-][ffffff]！战力大幅提升！[-]" announceObject="1,2" />
<AnnounceTemp id="35" type="4" condition="105106" announcement="[dbba8f]*玩家名字七个字*[-][e5e205]进阶[-][ffffff]获得[-][ef5a00]星芒战靴[-][ffffff]！战力大幅提升！[-]" announceObject="1,2" />
<AnnounceTemp id="36" type="4" condition="106001" announcement="[dbba8f]*玩家名字七个字*[-][e5e205]进阶[-][ffffff]获得[-][ef5a00]炎魔啸天斧[-][ffffff]！战力大幅提升！[-]" announceObject="1,2" />
<AnnounceTemp id="37" type="4" condition="106002" announcement="[dbba8f]*玩家名字七个字*[-][e5e205]进阶[-][ffffff]获得[-][ef5a00]炎魔麒麟刀[-][ffffff]！战力大幅提升！[-]" announceObject="1,2" />
<AnnounceTemp id="38" type="4" condition="106003" announcement="[dbba8f]*玩家名字七个字*[-][e5e205]进阶[-][ffffff]获得[-][ef5a00]炎魔罗刹弓[-][ffffff]！战力大幅提升！[-]" announceObject="1,2" />
<AnnounceTemp id="39" type="4" condition="106101" announcement="[dbba8f]*玩家名字七个字*[-][e5e205]进阶[-][ffffff]获得[-][ef5a00]炎魔战盔[-][ffffff]！战力大幅提升！[-]" announceObject="1,2" />
<AnnounceTemp id="40" type="4" condition="106102" announcement="[dbba8f]*玩家名字七个字*[-][e5e205]进阶[-][ffffff]获得[-][ef5a00]炎魔护肩[-][ffffff]！战力大幅提升！[-]" announceObject="1,2" />
<AnnounceTemp id="41" type="4" condition="106103" announcement="[dbba8f]*玩家名字七个字*[-][e5e205]进阶[-][ffffff]获得[-][ef5a00]炎魔战甲[-][ffffff]！战力大幅提升！[-]" announceObject="1,2" />
<AnnounceTemp id="42" type="4" condition="106104" announcement="[dbba8f]*玩家名字七个字*[-][e5e205]进阶[-][ffffff]获得[-][ef5a00]炎魔臂甲[-][ffffff]！战力大幅提升！[-]" announceObject="1,2" />
<AnnounceTemp id="43" type="4" condition="106105" announcement="[dbba8f]*玩家名字七个字*[-][e5e205]进阶[-][ffffff]获得[-][ef5a00]炎魔腿甲[-][ffffff]！战力大幅提升！[-]" announceObject="1,2" />
<AnnounceTemp id="44" type="4" condition="106106" announcement="[dbba8f]*玩家名字七个字*[-][e5e205]进阶[-][ffffff]获得[-][ef5a00]炎魔战靴[-][ffffff]！战力大幅提升！[-]" announceObject="1,2" />
<AnnounceTemp id="45" type="4" condition="107001" announcement="[dbba8f]*玩家名字七个字*[-][e5e205]进阶[-][ffffff]获得[-][ef5a00]惊雷裂天斧[-][ffffff]！战力大幅提升！[-]" announceObject="1,2" />
<AnnounceTemp id="46" type="4" condition="107002" announcement="[dbba8f]*玩家名字七个字*[-][e5e205]进阶[-][ffffff]获得[-][ef5a00]惊雷震天戟[-][ffffff]！战力大幅提升！[-]" announceObject="1,2" />
<AnnounceTemp id="47" type="4" condition="107003" announcement="[dbba8f]*玩家名字七个字*[-][e5e205]进阶[-][ffffff]获得[-][ef5a00]惊雷浮屠弓[-][ffffff]！战力大幅提升！[-]" announceObject="1,2" />
<AnnounceTemp id="48" type="4" condition="107101" announcement="[dbba8f]*玩家名字七个字*[-][e5e205]进阶[-][ffffff]获得[-][ef5a00]惊雷战盔[-][ffffff]！战力大幅提升！[-]" announceObject="1,2" />
<AnnounceTemp id="49" type="4" condition="107102" announcement="[dbba8f]*玩家名字七个字*[-][e5e205]进阶[-][ffffff]获得[-][ef5a00]惊雷肩甲[-][ffffff]！战力大幅提升！[-]" announceObject="1,2" />
<AnnounceTemp id="50" type="4" condition="107103" announcement="[dbba8f]*玩家名字七个字*[-][e5e205]进阶[-][ffffff]获得[-][ef5a00]惊雷战甲[-][ffffff]！战力大幅提升！[-]" announceObject="1,2" />
<AnnounceTemp id="51" type="4" condition="107104" announcement="[dbba8f]*玩家名字七个字*[-][e5e205]进阶[-][ffffff]获得[-][ef5a00]惊雷臂甲[-][ffffff]！战力大幅提升！[-]" announceObject="1,2" />
<AnnounceTemp id="52" type="4" condition="107105" announcement="[dbba8f]*玩家名字七个字*[-][e5e205]进阶[-][ffffff]获得[-][ef5a00]惊雷腿甲[-][ffffff]！战力大幅提升！[-]" announceObject="1,2" />
<AnnounceTemp id="53" type="4" condition="107106" announcement="[dbba8f]*玩家名字七个字*[-][e5e205]进阶[-][ffffff]获得[-][ef5a00]惊雷战靴[-][ffffff]！战力大幅提升！[-]" announceObject="1,2" />
<AnnounceTemp id="54" type="4" condition="905017" announcement="[ffffff]恭喜[-][dbba8f]*玩家名字七个字*[-][ffffff]获得[-][0dbce8]5级攻击宝石[-][ffffff]！战力更上一层楼！[-]" announceObject="1,2" />
<AnnounceTemp id="55" type="4" condition="905027" announcement="[ffffff]恭喜[-][dbba8f]*玩家名字七个字*[-][ffffff]获得[-][0dbce8]5级防御宝石[-][ffffff]！战力更上一层楼！[-]" announceObject="1,2" />
<AnnounceTemp id="56" type="4" condition="905037" announcement="[ffffff]恭喜[-][dbba8f]*玩家名字七个字*[-][ffffff]获得[-][0dbce8]5级生命宝石[-][ffffff]！战力更上一层楼！[-]" announceObject="1,2" />
<AnnounceTemp id="57" type="4" condition="906017" announcement="[ffffff]恭喜[-][dbba8f]*玩家名字七个字*[-][ffffff]获得[-][0dbce8]6级攻击宝石[-][ffffff]！战力更上一层楼！[-]" announceObject="1,2" />
<AnnounceTemp id="58" type="4" condition="906027" announcement="[ffffff]恭喜[-][dbba8f]*玩家名字七个字*[-][ffffff]获得[-][0dbce8]6级防御宝石[-][ffffff]！战力更上一层楼！[-]" announceObject="1,2" />
<AnnounceTemp id="59" type="4" condition="906037" announcement="[ffffff]恭喜[-][dbba8f]*玩家名字七个字*[-][ffffff]获得[-][0dbce8]6级生命宝石[-][ffffff]！战力更上一层楼！[-]" announceObject="1,2" />
<AnnounceTemp id="60" type="4" condition="907017" announcement="[ffffff]恭喜[-][dbba8f]*玩家名字七个字*[-][ffffff]获得[-][cb02d8]7级攻击宝石[-][ffffff]！战力更上一层楼！[-]" announceObject="1,2" />
<AnnounceTemp id="61" type="4" condition="907027" announcement="[ffffff]恭喜[-][dbba8f]*玩家名字七个字*[-][ffffff]获得[-][cb02d8]7级防御宝石[-][ffffff]！战力更上一层楼！[-]" announceObject="1,2" />
<AnnounceTemp id="62" type="4" condition="907037" announcement="[ffffff]恭喜[-][dbba8f]*玩家名字七个字*[-][ffffff]获得[-][cb02d8]7级生命宝石[-][ffffff]！战力更上一层楼！[-]" announceObject="1,2" />
<AnnounceTemp id="63" type="4" condition="908017" announcement="[ffffff]恭喜[-][dbba8f]*玩家名字七个字*[-][ffffff]获得[-][cb02d8]8级攻击宝石[-][ffffff]！战力突破了天际！[-]" announceObject="1,2" />
<AnnounceTemp id="64" type="4" condition="908027" announcement="[ffffff]恭喜[-][dbba8f]*玩家名字七个字*[-][ffffff]获得[-][cb02d8]8级防御宝石[-][ffffff]！战力突破了天际！[-]" announceObject="1,2" />
<AnnounceTemp id="65" type="4" condition="908037" announcement="[ffffff]恭喜[-][dbba8f]*玩家名字七个字*[-][ffffff]获得[-][cb02d8]8级生命宝石[-][ffffff]！战力突破了天际！[-]" announceObject="1,2" />
<AnnounceTemp id="66" type="4" condition="909017" announcement="[ffffff]恭喜[-][dbba8f]*玩家名字七个字*[-][ffffff]获得[-][cb02d8]9级攻击宝石[-][ffffff]！战力突破了天际！[-]" announceObject="1,2" />
<AnnounceTemp id="67" type="4" condition="909027" announcement="[ffffff]恭喜[-][dbba8f]*玩家名字七个字*[-][ffffff]获得[-][cb02d8]9级防御宝石[-][ffffff]！战力突破了天际！[-]" announceObject="1,2" />
<AnnounceTemp id="68" type="4" condition="909037" announcement="[ffffff]恭喜[-][dbba8f]*玩家名字七个字*[-][ffffff]获得[-][cb02d8]9级生命宝石[-][ffffff]！战力突破了天际！[-]" announceObject="1,2" />
<AnnounceTemp id="69" type="4" condition="910017" announcement="[ffffff]恭喜[-][dbba8f]*玩家名字七个字*[-][ffffff]获得[-][e15a00]10级攻击宝石[-][ffffff]！战力突破了天际！[-]" announceObject="1,2" />
<AnnounceTemp id="70" type="4" condition="910027" announcement="[ffffff]恭喜[-][dbba8f]*玩家名字七个字*[-][ffffff]获得[-][e15a00]10级防御宝石[-][ffffff]！战力突破了天际！[-]" announceObject="1,2" />
<AnnounceTemp id="71" type="4" condition="910037" announcement="[ffffff]恭喜[-][dbba8f]*玩家名字七个字*[-][ffffff]获得[-][e15a00]10级生命宝石[-][ffffff]！战力突破了天际！[-]" announceObject="1,2" />
<AnnounceTemp id="72" type="4" condition="911017" announcement="[ffffff]恭喜[-][dbba8f]*玩家名字七个字*[-][ffffff]获得[-][e15a00]11级攻击宝石[-][ffffff]！战力突破了天际！[-]" announceObject="1,2" />
<AnnounceTemp id="73" type="4" condition="911027" announcement="[ffffff]恭喜[-][dbba8f]*玩家名字七个字*[-][ffffff]获得[-][e15a00]11级防御宝石[-][ffffff]！战力突破了天际！[-]" announceObject="1,2" />
<AnnounceTemp id="74" type="4" condition="911037" announcement="[ffffff]恭喜[-][dbba8f]*玩家名字七个字*[-][ffffff]获得[-][e15a00]11级生命宝石[-][ffffff]！战力突破了天际！[-]" announceObject="1,2" />
<AnnounceTemp id="75" type="5" condition="20" announcement="[ffffff]恭喜[-][dbba8f]*玩家名字七个字*[-][ffffff]等级达到[-][d80202]20[-][ffffff]级！[-]" announceObject="1,2" />
<AnnounceTemp id="76" type="5" condition="30" announcement="[ffffff]恭喜[-][dbba8f]*玩家名字七个字*[-][ffffff]等级达到[-][d80202]30[-][ffffff]级！[-]" announceObject="1,2" />
<AnnounceTemp id="77" type="5" condition="40" announcement="[ffffff]恭喜[-][dbba8f]*玩家名字七个字*[-][ffffff]等级达到[-][d80202]40[-][ffffff]级！[-]" announceObject="1,2" />
<AnnounceTemp id="78" type="5" condition="50" announcement="[ffffff]恭喜[-][dbba8f]*玩家名字七个字*[-][ffffff]等级达到[-][d80202]50[-][ffffff]级！[-]" announceObject="1,2" />
<AnnounceTemp id="79" type="5" condition="60" announcement="[ffffff]恭喜[-][dbba8f]*玩家名字七个字*[-][ffffff]等级达到[-][d80202]60[-][ffffff]级！[-]" announceObject="1,2" />
<AnnounceTemp id="80" type="5" condition="70" announcement="[ffffff]恭喜[-][dbba8f]*玩家名字七个字*[-][ffffff]等级达到[-][d80202]70[-][ffffff]级！[-]" announceObject="1,2" />
<AnnounceTemp id="81" type="5" condition="80" announcement="[ffffff]恭喜[-][dbba8f]*玩家名字七个字*[-][ffffff]等级达到[-][d80202]80[-][ffffff]级！[-]" announceObject="1,2" />
<AnnounceTemp id="82" type="5" condition="90" announcement="[ffffff]恭喜[-][dbba8f]*玩家名字七个字*[-][ffffff]等级达到[-][d80202]90[-][ffffff]级！[-]" announceObject="1,2" />
<AnnounceTemp id="83" type="5" condition="100" announcement="[ffffff]恭喜[-][dbba8f]*玩家名字七个字*[-][ffffff]等级达到[-][d80202]100[-][ffffff]级！[-]" announceObject="1,2" />
<AnnounceTemp id="84" type="8" condition="-1" announcement="[dbba8f]*玩家名字七个字*[-][ffffff]于[-][00e1c4]#联盟名字七个字#[-][ffffff]的[-][06de34]联盟图腾[-][ffffff]处完成[-][e5e205]顶礼膜拜[-][ffffff]，获得大量奖励！[-]" announceObject="1,2" />
<AnnounceTemp id="85" type="9" condition="5" announcement="[ffffff]恭喜[-][dbba8f]*玩家名字七个字*[-][ffffff]成功将[-][e15a00]橙马镖队[-][ffffff]运达目的地，有惊无险！[-]" announceObject="1,2" />
<AnnounceTemp id="86" type="10" condition="300103" announcement="[ffffff]恭喜[-][dbba8f]*玩家名字七个字*[-][ffffff]通关了[-][-][ffffff]难度三的[-][0dbce8]【洗劫权贵】[-][ffffff]！[-]" announceObject="1,2" />
<AnnounceTemp id="87" type="10" condition="300203" announcement="[ffffff]恭喜[-][dbba8f]*玩家名字七个字*[-][ffffff]通关了[-][-][ffffff]难度三的[-][0dbce8]【讨伐山贼】[-][ffffff]！[-]" announceObject="1,2" />
<AnnounceTemp id="88" type="10" condition="300303" announcement="[ffffff]恭喜[-][dbba8f]*玩家名字七个字*[-][ffffff]通关了[-][-][ffffff]难度三的[-][0dbce8]【剿灭叛军】[-][ffffff]！[-]" announceObject="1,2" />
<AnnounceTemp id="89" type="10" condition="300403" announcement="[ffffff]恭喜[-][dbba8f]*玩家名字七个字*[-][ffffff]通关了[-][-][ffffff]难度三的[-][0dbce8]【完璧归赵】[-][ffffff]！[-]" announceObject="1,2" />
<AnnounceTemp id="90" type="10" condition="300503" announcement="[ffffff]恭喜[-][dbba8f]*玩家名字七个字*[-][ffffff]通关了[-][-][ffffff]难度三的[-][0dbce8]【横扫六合】[-][ffffff]！[-]" announceObject="1,2" />
<AnnounceTemp id="91" type="10" condition="300105" announcement="[ffffff]恭喜[-][dbba8f]*玩家名字七个字*[-][ffffff]通关了[-][-][ffffff]难度五的[-][0dbce8]【洗劫权贵】[-][ffffff]！[-]" announceObject="1,2" />
<AnnounceTemp id="92" type="10" condition="300205" announcement="[ffffff]恭喜[-][dbba8f]*玩家名字七个字*[-][ffffff]通关了[-][-][ffffff]难度五的[-][0dbce8]【讨伐山贼】[-][ffffff]！[-]" announceObject="1,2" />
<AnnounceTemp id="93" type="10" condition="300305" announcement="[ffffff]恭喜[-][dbba8f]*玩家名字七个字*[-][ffffff]通关了[-][-][ffffff]难度五的[-][0dbce8]【剿灭叛军】[-][ffffff]！[-]" announceObject="1,2" />
<AnnounceTemp id="94" type="10" condition="300405" announcement="[ffffff]恭喜[-][dbba8f]*玩家名字七个字*[-][ffffff]通关了[-][-][ffffff]难度五的[-][0dbce8]【完璧归赵】[-][ffffff]！[-]" announceObject="1,2" />
<AnnounceTemp id="95" type="10" condition="300505" announcement="[ffffff]恭喜[-][dbba8f]*玩家名字七个字*[-][ffffff]通关了[-][-][ffffff]难度五的[-][0dbce8]【横扫六合】[-][ffffff]！[-]" announceObject="1,2" />
<AnnounceTemp id="96" type="10" condition="300107" announcement="[ffffff]恭喜[-][dbba8f]*玩家名字七个字*[-][ffffff]通关了[-][-][ffffff]难度七的[-][0dbce8]【洗劫权贵】[-][ffffff]！[-]" announceObject="1,2" />
<AnnounceTemp id="97" type="10" condition="300207" announcement="[ffffff]恭喜[-][dbba8f]*玩家名字七个字*[-][ffffff]通关了[-][-][ffffff]难度七的[-][0dbce8]【讨伐山贼】[-][ffffff]！[-]" announceObject="1,2" />
<AnnounceTemp id="98" type="10" condition="300307" announcement="[ffffff]恭喜[-][dbba8f]*玩家名字七个字*[-][ffffff]通关了[-][-][ffffff]难度七的[-][0dbce8]【剿灭叛军】[-][ffffff]！[-]" announceObject="1,2" />
<AnnounceTemp id="99" type="10" condition="300407" announcement="[ffffff]恭喜[-][dbba8f]*玩家名字七个字*[-][ffffff]通关了[-][-][ffffff]难度七的[-][0dbce8]【完璧归赵】[-][ffffff]！[-]" announceObject="1,2" />
<AnnounceTemp id="100" type="10" condition="300507" announcement="[ffffff]恭喜[-][dbba8f]*玩家名字七个字*[-][ffffff]通关了[-][-][ffffff]难度七的[-][0dbce8]【横扫六合】[-][ffffff]！[-]" announceObject="1,2" />
<AnnounceTemp id="101" type="10" condition="300109" announcement="[ffffff]恭喜[-][dbba8f]*玩家名字七个字*[-][ffffff]通关了[-][-][ffffff]难度九的[-][0dbce8]【洗劫权贵】[-][ffffff]！[-]" announceObject="1,2" />
<AnnounceTemp id="102" type="10" condition="300209" announcement="[ffffff]恭喜[-][dbba8f]*玩家名字七个字*[-][ffffff]通关了[-][-][ffffff]难度九的[-][0dbce8]【讨伐山贼】[-][ffffff]！[-]" announceObject="1,2" />
<AnnounceTemp id="103" type="10" condition="300309" announcement="[ffffff]恭喜[-][dbba8f]*玩家名字七个字*[-][ffffff]通关了[-][-][ffffff]难度九的[-][0dbce8]【剿灭叛军】[-][ffffff]！[-]" announceObject="1,2" />
<AnnounceTemp id="104" type="10" condition="300409" announcement="[ffffff]恭喜[-][dbba8f]*玩家名字七个字*[-][ffffff]通关了[-][-][ffffff]难度九的[-][0dbce8]【完璧归赵】[-][ffffff]！[-]" announceObject="1,2" />
<AnnounceTemp id="105" type="10" condition="300509" announcement="[ffffff]恭喜[-][dbba8f]*玩家名字七个字*[-][ffffff]通关了[-][-][ffffff]难度九的[-][0dbce8]【横扫六合】[-][ffffff]！[-]" announceObject="1,2" />
<AnnounceTemp id="106" type="10" condition="300110" announcement="[ffffff]恭喜[-][dbba8f]*玩家名字七个字*[-][ffffff]通关了[-][-][ffffff]难度十的[-][0dbce8]【洗劫权贵】[-][ffffff]！[-]" announceObject="1,2" />
<AnnounceTemp id="107" type="10" condition="300210" announcement="[ffffff]恭喜[-][dbba8f]*玩家名字七个字*[-][ffffff]通关了[-][-][ffffff]难度十的[-][0dbce8]【讨伐山贼】[-][ffffff]！[-]" announceObject="1,2" />
<AnnounceTemp id="108" type="10" condition="300310" announcement="[ffffff]恭喜[-][dbba8f]*玩家名字七个字*[-][ffffff]通关了[-][-][ffffff]难度十的[-][0dbce8]【剿灭叛军】[-][ffffff]！[-]" announceObject="1,2" />
<AnnounceTemp id="109" type="10" condition="300410" announcement="[ffffff]恭喜[-][dbba8f]*玩家名字七个字*[-][ffffff]通关了[-][-][ffffff]难度十的[-][0dbce8]【完璧归赵】[-][ffffff]！[-]" announceObject="1,2" />
<AnnounceTemp id="110" type="10" condition="300510" announcement="[ffffff]恭喜[-][dbba8f]*玩家名字七个字*[-][ffffff]通关了[-][-][ffffff]难度十的[-][0dbce8]【横扫六合】[-][ffffff]！[-]" announceObject="1,2" />
<AnnounceTemp id="111" type="11" condition="-1" announcement="[dbba8f]*玩家名字七个字*[-][ffffff]于[-][0dbce8]百战千军[-][ffffff]中击败了[-][dbba8f]#玩家名字七个字#[-][ffffff]，排名上升为第[-][d80202]$N$[-][ffffff]名！[-]" announceObject="1,2" />
<AnnounceTemp id="112" type="13" condition="3" announcement="[ffffff]恭喜[-][dbba8f]*玩家名字七个字*[-][e5e205]合成[-][0dbce8]3星[-][ffffff]将魂[-][d503ee]#将魂名字#[-][ffffff]！[-]" announceObject="1,2" />
<AnnounceTemp id="113" type="14" condition="10" announcement="[ffffff]恭喜[-][dbba8f]*玩家名字七个字*[-][ffffff]购买[-][f5aa29]铜币[-][ffffff]时获得[-][d80202]10倍[-][ffffff]暴击！[-]" announceObject="1,2" />
<AnnounceTemp id="114" type="15" condition="316001" announcement="[ffffff]恭喜[-][dbba8f]*玩家名字七个字*[-][ffffff]在[-][06de34]联盟商店[-][ffffff]兑换获得[-][d503ee]女娲补天石的碎片[-][ffffff]！[-]" announceObject="2" />
<AnnounceTemp id="115" type="15" condition="316002" announcement="[ffffff]恭喜[-][dbba8f]*玩家名字七个字*[-][ffffff]在[-][06de34]联盟商店[-][ffffff]兑换获得[-][d503ee]女娲鹿鸣笙的碎片[-][ffffff]！[-]" announceObject="2" />
<AnnounceTemp id="116" type="15" condition="316003" announcement="[ffffff]恭喜[-][dbba8f]*玩家名字七个字*[-][ffffff]在[-][06de34]联盟商店[-][ffffff]兑换获得[-][d503ee]女娲天心佩的碎片[-][ffffff]！[-]" announceObject="2" />
<AnnounceTemp id="117" type="16" condition="955022:1" announcement="[ffffff]恭喜[-][dbba8f]*玩家名字七个字*[-][ffffff]在[-][06de34]联盟祭拜[-][ffffff]时获得[-][f5aa29]大宝石盒×**[-][ffffff]！[-]" announceObject="2" />
<AnnounceTemp id="118" type="16" condition="955032:1" announcement="[ffffff]恭喜[-][dbba8f]*玩家名字七个字*[-][ffffff]在[-][06de34]联盟祭拜[-][ffffff]时获得[-][f5aa29]大符文盒×**[-][ffffff]！[-]" announceObject="2" />
<AnnounceTemp id="119" type="16" condition="900002:150" announcement="[ffffff]恭喜[-][dbba8f]*玩家名字七个字*[-][ffffff]在[-][06de34]联盟祭拜[-][ffffff]时获得[-][f5aa29]大量元宝×**[-][ffffff]！[-]" announceObject="1,2" />
<AnnounceTemp id="120" type="16" condition="951022:1" announcement="[ffffff]恭喜[-][dbba8f]*玩家名字七个字*[-][ffffff]在[-][06de34]联盟祭拜[-][ffffff]时获得[-][f5aa29]中精气瓶×**[-][ffffff]！[-]" announceObject="2" />
<AnnounceTemp id="121" type="16" condition="955011:1" announcement="[ffffff]恭喜[-][dbba8f]*玩家名字七个字*[-][ffffff]在[-][06de34]联盟祭拜[-][ffffff]时获得[-][f5aa29]小钱袋×**[-][ffffff]！[-]" announceObject="2" />
<AnnounceTemp id="122" type="16" condition="951003:1" announcement="[ffffff]恭喜[-][dbba8f]*玩家名字七个字*[-][ffffff]在[-][06de34]联盟祭拜[-][ffffff]时获得[-][f5aa29]鎏金钱匣×**[-][ffffff]！[-]" announceObject="2" />
<AnnounceTemp id="123" type="17" condition="-1" announcement="[dbba8f]*玩家名字七个字*[-][ffffff]发现您器宇不凡，一时起了亲近之心，向您抱拳致意。[-]" announceObject="4" />
<AnnounceTemp id="124" type="18" condition="-1" announcement="[dbba8f]*玩家名字七个字*[-][ffffff]回应了你的善意。[-]" announceObject="3" />
<AnnounceTemp id="125" type="19" condition="-1" announcement="[dbba8f]*玩家名字七个字*[-][ffffff]希望你不要打扰他。[-]" announceObject="3" />
<AnnounceTemp id="126" type="20" condition="-1" announcement="[ffffff]恭喜[-][dbba8f]*玩家名字七个字*[-][ffffff]十连探宝，[-][e5e205]【抢宝箱】[-][ffffff]活动即将开始！请大家进入[-][e5e205]【抢宝箱】[-][ffffff]玩法做好准备！[-]" announceObject="1,2" />
<AnnounceTemp id="127" type="21" condition="-1" announcement="[ffffff]恭喜[-][dbba8f]*玩家名字七个字*[-][ffffff]十连探宝，增加了“[-][e5e205]宝藏副本[-][ffffff]”内的宝箱波数，快去抢宝箱吧！[-]" announceObject="1,2" />
<AnnounceTemp id="128" type="22" condition="-1" announcement="[dbba8f]*玩家名字七个字*[-][ffffff]通过不断努力，终于开启了[-][00e1c4]联盟[-][ffffff]功能！快去恭贺他吧！[-]" announceObject="1,2" />
<AnnounceTemp id="129" type="23" condition="-1" announcement="[dbba8f]*玩家名字七个字*[-][ffffff]通过不断努力，终于击败了[-][e5e205]百战千军[-][ffffff]中的对手！快去恭贺他吧！[-]" announceObject="1,2" />
<AnnounceTemp id="130" type="24" condition="-1" announcement="[dbba8f]*玩家名字七个字*[-][ffffff]恭贺你开启了[-][00e1c4]联盟[-][ffffff]功能！他是首个恭贺你的玩家！[-]" announceObject="3" />
<AnnounceTemp id="131" type="25" condition="-1" announcement="[dbba8f]*玩家名字七个字*[-][ffffff]是首个恭贺你击败[-][e5e205]百战千军[-][ffffff]中对手的玩家！快领取奖励吧！[-]" announceObject="3" />
<AnnounceTemp id="132" type="26" condition="-1" announcement="[ffffff]普天同庆！共[-][dbba8f]*N*[-][ffffff]个玩家恭贺你开启了[-][00e1c4]联盟[-][ffffff]功能。[-]" announceObject="3" />
<AnnounceTemp id="133" type="27" condition="-1" announcement="[ffffff]普天同庆！共[-][dbba8f]*N*[-][ffffff]个玩家恭贺你击败了[-][e5e205]百战千军[-][ffffff]中的对手。快去领取奖励吧！[-]" announceObject="3" />
<AnnounceTemp id="134" type="28" condition="-1" announcement="您的盟友[dbba8f]XXX[-]遭到[d80202]*玩家名字七个字*[-]的掠夺！联盟将在[f5aa29]00:00[-]后损失M建设值！请速去驱逐敌人！" announceObject="5" />
<AnnounceTemp id="135" type="29" condition="20:40" announcement="[ffffff]百战千军排名将于[-][d80202]21:00[-][ffffff]结算！请抓紧[-][d80202]冲击排名[-][ffffff]，赢取丰厚[-][d80202]奖励[-][ffffff]呦！[-]" announceObject="1,2" />
<AnnounceTemp id="136" type="29" condition="20:50" announcement="[ffffff]百战千军排名将于[-][d80202]21:00[-][ffffff]结算！请抓紧[-][d80202]冲击排名[-][ffffff]，赢取丰厚[-][d80202]奖励[-][ffffff]呦！[-]" announceObject="1,2" />
<AnnounceTemp id="137" type="29" condition="20:55" announcement="[ffffff]百战千军排名将于[-][d80202]21:00[-][ffffff]结算！请抓紧[-][d80202]冲击排名[-][ffffff]，赢取丰厚[-][d80202]奖励[-][ffffff]呦！[-]" announceObject="1,2" />
<AnnounceTemp id="138" type="29" condition="21:40" announcement="[ffffff]掠夺排名将于[-][d80202]22:00[-][ffffff]结算！请抓紧[-][d80202]冲击排名[-][ffffff]，赢取丰厚[-][d80202]奖励[-][ffffff]呦！[-]" announceObject="1,2" />
<AnnounceTemp id="139" type="29" condition="21:50" announcement="[ffffff]掠夺排名将于[-][d80202]22:00[-][ffffff]结算！请抓紧[-][d80202]冲击排名[-][ffffff]，赢取丰厚[-][d80202]奖励[-][ffffff]呦！[-]" announceObject="1,2" />
<AnnounceTemp id="140" type="29" condition="21:55" announcement="[ffffff]掠夺排名将于[-][d80202]22:00[-][ffffff]结算！请抓紧[-][d80202]冲击排名[-][ffffff]，赢取丰厚[-][d80202]奖励[-][ffffff]呦！[-]" announceObject="1,2" />
<AnnounceTemp id="141" type="29" condition="9:59" announcement="[ffffff]加入群[-] [00e1c4]467690600[-][ffffff]，参与群活动即可获得[-][cb02d8]V特权礼包码[-][ffffff]哟![-]" announceObject="1,2" />
<AnnounceTemp id="142" type="29" condition="10:00" announcement="[ffffff]加入群[-] [00e1c4]467690600[-][ffffff]，参与群活动即可获得[-][cb02d8]V特权礼包码[-][ffffff]哟![-]" announceObject="1,2" />
<AnnounceTemp id="143" type="29" condition="10:01" announcement="[ffffff]加入群[-] [00e1c4]467690600[-][ffffff]，参与群活动即可获得[-][cb02d8]V特权礼包码[-][ffffff]哟![-]" announceObject="1,2" />
<AnnounceTemp id="144" type="29" condition="11:59" announcement="[ffffff]加入群[-] [00e1c4]467690600[-][ffffff]，参与群活动即可获得[-][cb02d8]V特权礼包码[-][ffffff]哟![-]" announceObject="1,2" />
<AnnounceTemp id="145" type="29" condition="12:00" announcement="[ffffff]加入群[-] [00e1c4]467690600[-][ffffff]，参与群活动即可获得[-][cb02d8]V特权礼包码[-][ffffff]哟![-]" announceObject="1,2" />
<AnnounceTemp id="146" type="29" condition="12:01" announcement="[ffffff]加入群[-] [00e1c4]467690600[-][ffffff]，参与群活动即可获得[-][cb02d8]V特权礼包码[-][ffffff]哟![-]" announceObject="1,2" />
<AnnounceTemp id="147" type="29" condition="16:59" announcement="[ffffff]加入群[-] [00e1c4]467690600[-][ffffff]，参与群活动即可获得[-][cb02d8]V特权礼包码[-][ffffff]哟![-]" announceObject="1,2" />
<AnnounceTemp id="148" type="29" condition="17:00" announcement="[ffffff]加入群[-] [00e1c4]467690600[-][ffffff]，参与群活动即可获得[-][cb02d8]V特权礼包码[-][ffffff]哟![-]" announceObject="1,2" />
<AnnounceTemp id="149" type="29" condition="17:01" announcement="[ffffff]加入群[-] [00e1c4]467690600[-][ffffff]，参与群活动即可获得[-][cb02d8]V特权礼包码[-][ffffff]哟![-]" announceObject="1,2" />
<AnnounceTemp id="150" type="29" condition="21:09" announcement="[ffffff]加入群[-] [00e1c4]467690600[-][ffffff]，参与群活动即可获得[-][cb02d8]V特权礼包码[-][ffffff]哟![-]" announceObject="1,2" />
<AnnounceTemp id="151" type="29" condition="21:10" announcement="[ffffff]加入群[-] [00e1c4]467690600[-][ffffff]，参与群活动即可获得[-][cb02d8]V特权礼包码[-][ffffff]哟![-]" announceObject="1,2" />
<AnnounceTemp id="152" type="29" condition="21:11" announcement="[ffffff]加入群[-] [00e1c4]467690600[-][ffffff]，参与群活动即可获得[-][cb02d8]V特权礼包码[-][ffffff]哟![-]" announceObject="1,2" />
<AnnounceTemp id="153" type="29" condition="8:00" announcement="[e5e205]郡城战[-][ffffff]可以宣战啦！还没报名参加郡城战的[-][00e1c4]联盟[-][dbba8f]盟主[-][ffffff]快选择名城宣战吧！[-]" announceObject="1,2" />
<AnnounceTemp id="154" type="29" condition="16:00" announcement="[e5e205]郡城战[-][ffffff]的[-][FF0000]竞拍结果[-][ffffff]揭晓了！参加郡城战的勇士快去看看！[-]" announceObject="1,2" />
<AnnounceTemp id="155" type="29" condition="19:55" announcement="[ffffff]距离[-][e5e205]郡城战[-][ffffff]开始还有[d80202]5[-][-][ffffff]分钟！勇士们尽快做好准备吧！[-]" announceObject="1,2" />
<AnnounceTemp id="156" type="29" condition="19:57" announcement="[ffffff]距离[-][e5e205]郡城战[-][ffffff]开始还有[d80202]3[-][-][ffffff]分钟！勇士们尽快做好准备吧！[-]" announceObject="1,2" />
<AnnounceTemp id="157" type="29" condition="19:59" announcement="[ffffff]距离[-][e5e205]郡城战[-][ffffff]开始还有[d80202]1[-][-][ffffff]分钟！勇士们尽快做好准备吧！[-]" announceObject="1,2" />
<AnnounceTemp id="158" type="29" condition="20:00" announcement="[e5e205]郡城战[-][ffffff]开始了！勇士们尽快[-][FF0000]前往战场[ffffff]吧！[-]" announceObject="1,2" />
<AnnounceTemp id="159" type="30" condition="4" announcement="[dbba8f]*玩家名字七个字*[-][ffffff]成功洗劫了[-][dbba8f]*玩家名字七个字*[-][ffffff]的[-][cb02d8]紫色[-][ffffff]镖马！[-]" announceObject="1,2" />
<AnnounceTemp id="160" type="30" condition="5" announcement="[dbba8f]*玩家名字七个字*[-][ffffff]成功洗劫了[-][dbba8f]*玩家名字七个字*[-][ffffff]的[-][e15a00]橙色[-][ffffff]镖马！[-]" announceObject="1,2" />
<AnnounceTemp id="161" type="31" condition="10" announcement="[dbba8f]*玩家名字七个字*[-][ffffff]获得了[-][e15a00]橙色[-][ffffff]符文[-][e15a00]*符文名字*[-][ffffff]，运气超群！[-]" announceObject="1,2" />
<AnnounceTemp id="162" type="32" condition="10" announcement="[dbba8f]*玩家名字七个字*[-][ffffff]通过甲片兑换获得了[-][e15a00]橙色[-][ffffff]符文[-][e15a00]*符文名字*[-][ffffff]！[-]" announceObject="1,2" />
<AnnounceTemp id="163" type="33" condition="-1" announcement="战报：[00e1c4]#联盟名字七个字#[-]联盟进攻名城[FF0000]@@[-]大破守军！[00e1c4]%联盟名字七个字%[-]联盟已成功占领名城[FF0000]@@[-]！" announceObject="1,2" />
<AnnounceTemp id="164" type="34" condition="-1" announcement="战报：[00e1c4]#联盟名字七个字#[-]联盟进攻名城[FF0000]@@[-]，大破守军[00e1c4]%守军名城七个字%[-]，已成功占领名城[FF0000]@@[-]！" announceObject="1,2" />
<AnnounceTemp id="165" type="36" condition="4103" announcement="[dbba8f]玩家名字七个字[-]使用威望兑换了[FF0000]百战枭雄[-]称号，距离武学之巅更近一步！" announceObject="1,2" />
<AnnounceTemp id="166" type="36" condition="4104" announcement="[dbba8f]玩家名字七个字[-]使用威望兑换了[FF0000]百战至尊[-]称号，荣登武学之最高峰！" announceObject="1,2" />
<AnnounceTemp id="167" type="36" condition="4203" announcement="[dbba8f]玩家名字七个字[-]使用功勋兑换了[FF0000]九州翘楚[-]称号，赫赫战功早已威名远扬！" announceObject="1,2" />
<AnnounceTemp id="168" type="36" condition="4204" announcement="[dbba8f]玩家名字七个字[-]使用功勋兑换了[FF0000]威震天下[-]称号，历史终将被其改写！" announceObject="1,2" />
<AnnounceTemp id="169" type="16" condition="900002:1000" announcement="[dbba8f]*玩家名字七个字*[-]在[00e1c4]#联盟名字七个字#[-]联盟宗庙祭拜获得[FF0000]1000元宝[-]！" announceObject="1,2" />
<AnnounceTemp id="170" type="37" condition="2" announcement="恭喜[00e1c4]#联盟名字七个字#[-]联盟升至[FF0000]2级[-]，解锁[00e1c4]荒野求生[-]玩法！又一个强大的联盟崛起了！" announceObject="1,2" />
<AnnounceTemp id="171" type="37" condition="3" announcement="恭喜[00e1c4]#联盟名字七个字#[-]联盟升至[FF0000]3级[-]，解锁[00e1c4]郡城战[-]玩法！逐鹿天下正在此时！" announceObject="1,2" />
<AnnounceTemp id="172" type="37" condition="4" announcement="恭喜[00e1c4]#联盟名字七个字#[-]联盟升至[FF0000]4级[-]！历史终将铭记尔等威名！" announceObject="1,2" />
<AnnounceTemp id="173" type="37" condition="5" announcement="恭喜[00e1c4]#联盟名字七个字#[-]联盟升至[FF0000]5级[-]！历史终将铭记尔等威名！" announceObject="1,2" />
<AnnounceTemp id="174" type="37" condition="6" announcement="恭喜[00e1c4]#联盟名字七个字#[-]联盟升至[FF0000]6级[-]！历史终将铭记尔等威名！" announceObject="1,2" />
<AnnounceTemp id="175" type="37" condition="7" announcement="恭喜[00e1c4]#联盟名字七个字#[-]联盟升至[FF0000]7级[-]！历史终将铭记尔等威名！" announceObject="1,2" />
<AnnounceTemp id="176" type="37" condition="8" announcement="恭喜[00e1c4]#联盟名字七个字#[-]联盟升至[FF0000]8级[-]！历史终将铭记尔等威名！" announceObject="1,2" />
<AnnounceTemp id="177" type="37" condition="9" announcement="恭喜[00e1c4]#联盟名字七个字#[-]联盟升至[FF0000]9级[-]！历史终将铭记尔等威名！" announceObject="1,2" />
<AnnounceTemp id="178" type="37" condition="10" announcement="恭喜[00e1c4]#联盟名字七个字#[-]联盟升至[FF0000]10级[-]！历史终将铭记尔等威名！" announceObject="1,2" />
<AnnounceTemp id="179" type="35" condition="20" announcement="恭喜[dbba8f]XXXXXX[-]通过了千重楼[FF0000]20[-]层，初窥门径！" announceObject="1,2" />
<AnnounceTemp id="180" type="35" condition="30" announcement="恭喜[dbba8f]XXXXXX[-]通过了千重楼[FF0000]30[-]层，略有小成！" announceObject="1,2" />
<AnnounceTemp id="181" type="35" condition="40" announcement="恭喜[dbba8f]XXXXXX[-]通过了千重楼[FF0000]40[-]层，驾轻就熟！" announceObject="1,2" />
<AnnounceTemp id="182" type="35" condition="50" announcement="恭喜[dbba8f]XXXXXX[-]通过了千重楼[FF0000]50[-]层，融会贯通！" announceObject="1,2" />
<AnnounceTemp id="183" type="35" condition="60" announcement="恭喜[dbba8f]XXXXXX[-]通过了千重楼[FF0000]60[-]层，得心应手！" announceObject="1,2" />
<AnnounceTemp id="184" type="35" condition="70" announcement="恭喜[dbba8f]XXXXXX[-]通过了千重楼[FF0000]70[-]层，炉火纯青！" announceObject="1,2" />
<AnnounceTemp id="185" type="35" condition="80" announcement="恭喜[dbba8f]XXXXXX[-]通过了千重楼[FF0000]80[-]层，游刃有余！" announceObject="1,2" />
<AnnounceTemp id="186" type="35" condition="90" announcement="恭喜[dbba8f]XXXXXX[-]通过了千重楼[FF0000]90[-]层，出类拔萃！" announceObject="1,2" />
<AnnounceTemp id="187" type="35" condition="100" announcement="恭喜[dbba8f]XXXXXX[-]通过了千重楼[FF0000]100[-]层，无往不胜！" announceObject="1,2" />
</dataset>