<?xml version="1.0" encoding="UTF-8"?>
<dataset>
<BaiZhan id="101" name="70001" funDesc="70001" icon="1" minRank="2001" maxRank="9999999" jibie="1" xishu="0" dayAward="0:951021:10#0:900002:100#0:955041:1" produceSpeed="80" fangWuZuoBiao="-600,-360" fangWuFanWei="50" jibieName="小卒" />
<BaiZhan id="201" name="70002" funDesc="70002" icon="2" minRank="1751" maxRank="2000" jibie="2" xishu="0" dayAward="0:951021:10#0:900002:100#0:955041:1" produceSpeed="81" fangWuZuoBiao="-140,-450" fangWuFanWei="52" jibieName="步兵" />
<BaiZhan id="202" name="70003" funDesc="70002" icon="2" minRank="1501" maxRank="1750" jibie="2" xishu="0" dayAward="0:951021:10#0:900002:100#0:955041:1" produceSpeed="83" fangWuZuoBiao="-341,-353" fangWuFanWei="54" jibieName="步兵" />
<BaiZhan id="203" name="70004" funDesc="70002" icon="2" minRank="1251" maxRank="1500" jibie="2" xishu="0" dayAward="0:951021:11#0:900002:100#0:955041:1" produceSpeed="84" fangWuZuoBiao="-591,-227" fangWuFanWei="56" jibieName="步兵" />
<BaiZhan id="204" name="70005" funDesc="70002" icon="2" minRank="1001" maxRank="1250" jibie="2" xishu="0" dayAward="0:951021:11#0:900002:100#0:955041:1" produceSpeed="86" fangWuZuoBiao="-755,-145" fangWuFanWei="58" jibieName="步兵" />
<BaiZhan id="301" name="70006" funDesc="70003" icon="3" minRank="876" maxRank="1000" jibie="3" xishu="0" dayAward="0:951021:11#0:900002:110#0:955041:1" produceSpeed="87" fangWuZuoBiao="0,-385" fangWuFanWei="60" jibieName="骑士" />
<BaiZhan id="302" name="70007" funDesc="70003" icon="3" minRank="751" maxRank="875" jibie="3" xishu="0" dayAward="0:951021:11#0:900002:110#0:955041:1" produceSpeed="89" fangWuZuoBiao="-187,-285" fangWuFanWei="62" jibieName="骑士" />
<BaiZhan id="303" name="70008" funDesc="70003" icon="3" minRank="626" maxRank="750" jibie="3" xishu="0" dayAward="0:951021:12#0:900002:110#0:955041:1" produceSpeed="91" fangWuZuoBiao="-447,-162" fangWuFanWei="64" jibieName="骑士" />
<BaiZhan id="304" name="70009" funDesc="70003" icon="3" minRank="501" maxRank="625" jibie="3" xishu="0" dayAward="0:951021:12#0:900002:110#0:955041:1" produceSpeed="93" fangWuZuoBiao="-613,-80" fangWuFanWei="66" jibieName="骑士" />
<BaiZhan id="401" name="70010" funDesc="70004" icon="4" minRank="426" maxRank="500" jibie="4" xishu="0" dayAward="0:951021:12#0:900002:120#0:955041:1" produceSpeed="94" fangWuZuoBiao="126,-317" fangWuFanWei="68" jibieName="禁卫" />
<BaiZhan id="402" name="70011" funDesc="70004" icon="4" minRank="351" maxRank="425" jibie="4" xishu="0" dayAward="0:951021:12#0:900002:120#0:955041:1" produceSpeed="96" fangWuZuoBiao="-82,-215" fangWuFanWei="70" jibieName="禁卫" />
<BaiZhan id="403" name="70012" funDesc="70004" icon="4" minRank="276" maxRank="350" jibie="4" xishu="0" dayAward="0:951021:13#0:900002:120#0:955041:1" produceSpeed="98" fangWuZuoBiao="-329,-92" fangWuFanWei="72" jibieName="禁卫" />
<BaiZhan id="404" name="70013" funDesc="70004" icon="4" minRank="201" maxRank="275" jibie="4" xishu="0" dayAward="0:951021:13#0:900002:120#0:955041:1" produceSpeed="101" fangWuZuoBiao="-514,-2" fangWuFanWei="74" jibieName="禁卫" />
<BaiZhan id="501" name="70014" funDesc="70005" icon="5" minRank="176" maxRank="200" jibie="5" xishu="0" dayAward="0:951021:14#0:900002:130#0:955041:1" produceSpeed="102" fangWuZuoBiao="256,-236" fangWuFanWei="76" jibieName="校尉" />
<BaiZhan id="502" name="70015" funDesc="70005" icon="5" minRank="151" maxRank="175" jibie="5" xishu="0" dayAward="0:951021:13#0:900002:130#0:955041:2" produceSpeed="104" fangWuZuoBiao="60,-140" fangWuFanWei="78" jibieName="校尉" />
<BaiZhan id="503" name="70016" funDesc="70005" icon="5" minRank="126" maxRank="150" jibie="5" xishu="0" dayAward="0:951021:14#0:900002:130#0:955041:2" produceSpeed="105" fangWuZuoBiao="-194,-15" fangWuFanWei="80" jibieName="校尉" />
<BaiZhan id="504" name="70017" funDesc="70005" icon="5" minRank="101" maxRank="125" jibie="5" xishu="0" dayAward="0:951021:14#0:900002:130#0:955041:2" produceSpeed="107" fangWuZuoBiao="-368,70" fangWuFanWei="82" jibieName="校尉" />
<BaiZhan id="601" name="70018" funDesc="70006" icon="6" minRank="91" maxRank="100" jibie="6" xishu="0" dayAward="0:951021:15#0:900002:150#0:955041:2" produceSpeed="108" fangWuZuoBiao="410,-148" fangWuFanWei="84" jibieName="先锋" />
<BaiZhan id="602" name="70019" funDesc="70006" icon="6" minRank="81" maxRank="90" jibie="6" xishu="0" dayAward="0:951021:15#0:900002:150#0:955041:2" produceSpeed="109" fangWuZuoBiao="225,-52" fangWuFanWei="86" jibieName="先锋" />
<BaiZhan id="603" name="70020" funDesc="70006" icon="6" minRank="71" maxRank="80" jibie="6" xishu="0" dayAward="0:951021:16#0:900002:150#0:955041:2" produceSpeed="111" fangWuZuoBiao="-23,63" fangWuFanWei="88" jibieName="先锋" />
<BaiZhan id="604" name="70021" funDesc="70006" icon="6" minRank="61" maxRank="70" jibie="6" xishu="0" dayAward="0:951021:16#0:900002:150#0:955041:2" produceSpeed="112" fangWuZuoBiao="-198,153" fangWuFanWei="90" jibieName="先锋" />
<BaiZhan id="701" name="70022" funDesc="70007" icon="7" minRank="51" maxRank="60" jibie="7" xishu="0" dayAward="0:951021:17#0:900002:170#0:955041:2" produceSpeed="114" fangWuZuoBiao="587,-44" fangWuFanWei="92" jibieName="将军" />
<BaiZhan id="702" name="70023" funDesc="70007" icon="7" minRank="41" maxRank="50" jibie="7" xishu="0" dayAward="0:951021:17#0:900002:170#0:955041:2" produceSpeed="116" fangWuZuoBiao="273,114" fangWuFanWei="94" jibieName="将军" />
<BaiZhan id="703" name="70024" funDesc="70007" icon="7" minRank="31" maxRank="40" jibie="7" xishu="0" dayAward="0:951021:18#0:900002:170#0:955041:2" produceSpeed="118" fangWuZuoBiao="6,242" fangWuFanWei="96" jibieName="将军" />
<BaiZhan id="801" name="70025" funDesc="70008" icon="8" minRank="21" maxRank="30" jibie="8" xishu="0" dayAward="0:951021:19#0:900002:200#0:955041:3" produceSpeed="122" fangWuZuoBiao="701,130" fangWuFanWei="98" jibieName="元帅" />
<BaiZhan id="802" name="70026" funDesc="70008" icon="8" minRank="11" maxRank="20" jibie="8" xishu="0" dayAward="0:951021:20#0:900002:200#0:955041:3" produceSpeed="128" fangWuZuoBiao="310,323" fangWuFanWei="100" jibieName="元帅" />
<BaiZhan id="901" name="70027" funDesc="70009" icon="9" minRank="1" maxRank="10" jibie="9" xishu="0" dayAward="0:951021:21#0:900002:200#0:955041:3" produceSpeed="150" fangWuZuoBiao="750,380" fangWuFanWei="100" jibieName="诸侯" />
</dataset>