<?xml version="1.0" encoding="UTF-8"?>
<dataset>
<BaiZhanNpc id="1" minRank="2411" maxRank="5000" icon="1" zhiye="1" name="390001" description="0" level="3" gongji="55" fangyu="50" shengming="3400" wqSH="0" wqJM="0" wqBJ="0" wqRX="0" jnSH="0" jnJM="0" jnBJ="0" jnRX="0" skill1="0" skill2="0" skill3="0" skill4="0" skill5="0" power="252" mibao1="301021" mibao2="301022" mibao3="301023" mibaoLv="3" mibaoStar="1" weapon1="101001" weapon2="101002" weapon3="101003" profession="0" type="5" modleId="1" mibaoZuhe="1" mibaoZuheLv="1" pugongHeavy="1100" skill1Heavy="1200" skill2Heavy="1300" pugongLight="2100" skill1Light="2200" skill2Light="2300" pugongRange="3100" skill1Range="3200" skill2Range="3300" lifebarNum="1" modelApID="10121040" armor="0" armorMax="0" armorRatio="0" />
<BaiZhanNpc id="2" minRank="2410" maxRank="2410" icon="2" zhiye="1" name="390002" description="0" level="3" gongji="55" fangyu="50" shengming="3400" wqSH="0" wqJM="0" wqBJ="0" wqRX="0" jnSH="0" jnJM="0" jnBJ="0" jnRX="0" skill1="0" skill2="0" skill3="0" skill4="0" skill5="0" power="252" mibao1="301021" mibao2="301022" mibao3="301023" mibaoLv="3" mibaoStar="1" weapon1="101001" weapon2="101002" weapon3="101003" profession="0" type="5" modleId="1" mibaoZuhe="2" mibaoZuheLv="1" pugongHeavy="1100" skill1Heavy="1200" skill2Heavy="1300" pugongLight="2100" skill1Light="2200" skill2Light="2300" pugongRange="3100" skill1Range="3200" skill2Range="3300" lifebarNum="1" modelApID="10121040" armor="0" armorMax="0" armorRatio="0" />
<BaiZhanNpc id="3" minRank="2409" maxRank="2409" icon="3" zhiye="1" name="390003" description="0" level="3" gongji="55" fangyu="50" shengming="3400" wqSH="0" wqJM="0" wqBJ="0" wqRX="0" jnSH="0" jnJM="0" jnBJ="0" jnRX="0" skill1="0" skill2="0" skill3="0" skill4="0" skill5="0" power="252" mibao1="301021" mibao2="301022" mibao3="301023" mibaoLv="3" mibaoStar="1" weapon1="101001" weapon2="101002" weapon3="101003" profession="0" type="5" modleId="1" mibaoZuhe="3" mibaoZuheLv="1" pugongHeavy="1100" skill1Heavy="1200" skill2Heavy="1300" pugongLight="2100" skill1Light="2200" skill2Light="2300" pugongRange="3100" skill1Range="3200" skill2Range="3300" lifebarNum="1" modelApID="10121040" armor="0" armorMax="0" armorRatio="0" />
<BaiZhanNpc id="4" minRank="2408" maxRank="2408" icon="4" zhiye="1" name="390004" description="0" level="3" gongji="55" fangyu="50" shengming="3400" wqSH="0" wqJM="0" wqBJ="0" wqRX="0" jnSH="0" jnJM="0" jnBJ="0" jnRX="0" skill1="0" skill2="0" skill3="0" skill4="0" skill5="0" power="252" mibao1="301021" mibao2="301022" mibao3="301023" mibaoLv="3" mibaoStar="1" weapon1="101001" weapon2="101002" weapon3="101003" profession="0" type="5" modleId="1" mibaoZuhe="4" mibaoZuheLv="1" pugongHeavy="1100" skill1Heavy="1200" skill2Heavy="1300" pugongLight="2100" skill1Light="2200" skill2Light="2300" pugongRange="3100" skill1Range="3200" skill2Range="3300" lifebarNum="1" modelApID="10121040" armor="0" armorMax="0" armorRatio="0" />
<BaiZhanNpc id="5" minRank="2407" maxRank="2407" icon="5" zhiye="1" name="390005" description="0" level="3" gongji="55" fangyu="50" shengming="3400" wqSH="0" wqJM="0" wqBJ="0" wqRX="0" jnSH="0" jnJM="0" jnBJ="0" jnRX="0" skill1="0" skill2="0" skill3="0" skill4="0" skill5="0" power="252" mibao1="301021" mibao2="301022" mibao3="301023" mibaoLv="3" mibaoStar="1" weapon1="101001" weapon2="101002" weapon3="101003" profession="0" type="5" modleId="1" mibaoZuhe="5" mibaoZuheLv="1" pugongHeavy="1100" skill1Heavy="1200" skill2Heavy="1300" pugongLight="2100" skill1Light="2200" skill2Light="2300" pugongRange="3100" skill1Range="3200" skill2Range="3300" lifebarNum="1" modelApID="10121040" armor="0" armorMax="0" armorRatio="0" />
<BaiZhanNpc id="6" minRank="2406" maxRank="2406" icon="6" zhiye="1" name="390006" description="0" level="3" gongji="55" fangyu="50" shengming="3400" wqSH="0" wqJM="0" wqBJ="0" wqRX="0" jnSH="0" jnJM="0" jnBJ="0" jnRX="0" skill1="0" skill2="0" skill3="0" skill4="0" skill5="0" power="252" mibao1="301021" mibao2="301022" mibao3="301023" mibaoLv="3" mibaoStar="1" weapon1="101001" weapon2="101002" weapon3="101003" profession="0" type="5" modleId="1" mibaoZuhe="6" mibaoZuheLv="1" pugongHeavy="1100" skill1Heavy="1200" skill2Heavy="1300" pugongLight="2100" skill1Light="2200" skill2Light="2300" pugongRange="3100" skill1Range="3200" skill2Range="3300" lifebarNum="1" modelApID="10121040" armor="0" armorMax="0" armorRatio="0" />
<BaiZhanNpc id="7" minRank="2405" maxRank="2405" icon="7" zhiye="1" name="390007" description="0" level="4" gongji="83" fangyu="85" shengming="4138" wqSH="0" wqJM="0" wqBJ="0" wqRX="0" jnSH="0" jnJM="0" jnBJ="0" jnRX="0" skill1="0" skill2="0" skill3="0" skill4="0" skill5="0" power="392" mibao1="301021" mibao2="301022" mibao3="301023" mibaoLv="4" mibaoStar="1" weapon1="101001" weapon2="101002" weapon3="101003" profession="0" type="5" modleId="1" mibaoZuhe="7" mibaoZuheLv="1" pugongHeavy="1100" skill1Heavy="1200" skill2Heavy="1300" pugongLight="2100" skill1Light="2200" skill2Light="2300" pugongRange="3100" skill1Range="3200" skill2Range="3300" lifebarNum="1" modelApID="10121040" armor="0" armorMax="0" armorRatio="0" />
<BaiZhanNpc id="8" minRank="2404" maxRank="2404" icon="8" zhiye="1" name="390008" description="0" level="4" gongji="83" fangyu="85" shengming="4138" wqSH="0" wqJM="0" wqBJ="0" wqRX="0" jnSH="0" jnJM="0" jnBJ="0" jnRX="0" skill1="0" skill2="0" skill3="0" skill4="0" skill5="0" power="392" mibao1="301021" mibao2="301022" mibao3="301023" mibaoLv="4" mibaoStar="1" weapon1="101001" weapon2="101002" weapon3="101003" profession="0" type="5" modleId="1" mibaoZuhe="1" mibaoZuheLv="1" pugongHeavy="1100" skill1Heavy="1200" skill2Heavy="1300" pugongLight="2100" skill1Light="2200" skill2Light="2300" pugongRange="3100" skill1Range="3200" skill2Range="3300" lifebarNum="1" modelApID="10121040" armor="0" armorMax="0" armorRatio="0" />
<BaiZhanNpc id="9" minRank="2403" maxRank="2403" icon="9" zhiye="1" name="390009" description="0" level="4" gongji="83" fangyu="85" shengming="4138" wqSH="0" wqJM="0" wqBJ="0" wqRX="0" jnSH="0" jnJM="0" jnBJ="0" jnRX="0" skill1="0" skill2="0" skill3="0" skill4="0" skill5="0" power="392" mibao1="301021" mibao2="301022" mibao3="301023" mibaoLv="4" mibaoStar="1" weapon1="101001" weapon2="101002" weapon3="101003" profession="0" type="5" modleId="1" mibaoZuhe="2" mibaoZuheLv="1" pugongHeavy="1100" skill1Heavy="1200" skill2Heavy="1300" pugongLight="2100" skill1Light="2200" skill2Light="2300" pugongRange="3100" skill1Range="3200" skill2Range="3300" lifebarNum="1" modelApID="10121040" armor="0" armorMax="0" armorRatio="0" />
<BaiZhanNpc id="10" minRank="2402" maxRank="2402" icon="10" zhiye="1" name="390010" description="0" level="5" gongji="103" fangyu="83" shengming="4098" wqSH="0" wqJM="0" wqBJ="0" wqRX="0" jnSH="0" jnJM="0" jnBJ="0" jnRX="0" skill1="0" skill2="0" skill3="0" skill4="0" skill5="0" power="428" mibao1="301021" mibao2="301022" mibao3="301023" mibaoLv="5" mibaoStar="1" weapon1="102001" weapon2="102002" weapon3="102003" profession="0" type="5" modleId="1" mibaoZuhe="3" mibaoZuheLv="1" pugongHeavy="1100" skill1Heavy="1201" skill2Heavy="1300" pugongLight="2100" skill1Light="2200" skill2Light="2300" pugongRange="3100" skill1Range="3200" skill2Range="3300" lifebarNum="1" modelApID="10121040" armor="0" armorMax="0" armorRatio="0" />
<BaiZhanNpc id="11" minRank="2401" maxRank="2401" icon="11" zhiye="1" name="390011" description="0" level="5" gongji="103" fangyu="83" shengming="4098" wqSH="0" wqJM="0" wqBJ="0" wqRX="0" jnSH="0" jnJM="0" jnBJ="0" jnRX="0" skill1="0" skill2="0" skill3="0" skill4="0" skill5="0" power="428" mibao1="301021" mibao2="301022" mibao3="301023" mibaoLv="5" mibaoStar="1" weapon1="102001" weapon2="102002" weapon3="102003" profession="0" type="5" modleId="1" mibaoZuhe="4" mibaoZuheLv="1" pugongHeavy="1100" skill1Heavy="1201" skill2Heavy="1300" pugongLight="2100" skill1Light="2200" skill2Light="2300" pugongRange="3100" skill1Range="3200" skill2Range="3300" lifebarNum="1" modelApID="10121040" armor="0" armorMax="0" armorRatio="0" />
<BaiZhanNpc id="12" minRank="2201" maxRank="2400" icon="12" zhiye="1" name="390012" description="0" level="6" gongji="116" fangyu="93" shengming="4298" wqSH="0" wqJM="0" wqBJ="0" wqRX="0" jnSH="0" jnJM="0" jnBJ="0" jnRX="0" skill1="0" skill2="0" skill3="0" skill4="0" skill5="0" power="478" mibao1="301021" mibao2="301022" mibao3="301023" mibaoLv="6" mibaoStar="1" weapon1="102001" weapon2="102002" weapon3="102003" profession="0" type="5" modleId="1" mibaoZuhe="5" mibaoZuheLv="1" pugongHeavy="1100" skill1Heavy="1201" skill2Heavy="1301" pugongLight="2100" skill1Light="2200" skill2Light="2300" pugongRange="3100" skill1Range="3200" skill2Range="3300" lifebarNum="1" modelApID="10121040" armor="0" armorMax="0" armorRatio="0" />
<BaiZhanNpc id="13" minRank="2001" maxRank="2200" icon="13" zhiye="1" name="390013" description="0" level="7" gongji="139" fangyu="119" shengming="4818" wqSH="0" wqJM="0" wqBJ="0" wqRX="0" jnSH="0" jnJM="0" jnBJ="0" jnRX="0" skill1="0" skill2="0" skill3="0" skill4="0" skill5="0" power="585" mibao1="301021" mibao2="301022" mibao3="301023" mibaoLv="7" mibaoStar="1" weapon1="102001" weapon2="102002" weapon3="102003" profession="0" type="5" modleId="1" mibaoZuhe="6" mibaoZuheLv="1" pugongHeavy="1100" skill1Heavy="1201" skill2Heavy="1301" pugongLight="2100" skill1Light="2200" skill2Light="2300" pugongRange="3100" skill1Range="3200" skill2Range="3300" lifebarNum="1" modelApID="10121040" armor="0" armorMax="0" armorRatio="0" />
<BaiZhanNpc id="14" minRank="1801" maxRank="2000" icon="14" zhiye="1" name="390014" description="0" level="8" gongji="152" fangyu="142" shengming="5316" wqSH="0" wqJM="0" wqBJ="0" wqRX="0" jnSH="0" jnJM="0" jnBJ="0" jnRX="0" skill1="0" skill2="0" skill3="0" skill4="0" skill5="0" power="668" mibao1="301021" mibao2="301022" mibao3="301023" mibaoLv="8" mibaoStar="1" weapon1="102001" weapon2="102002" weapon3="102003" profession="0" type="5" modleId="1" mibaoZuhe="7" mibaoZuheLv="1" pugongHeavy="1100" skill1Heavy="1201" skill2Heavy="1301" pugongLight="2100" skill1Light="2200" skill2Light="2300" pugongRange="3100" skill1Range="3200" skill2Range="3300" lifebarNum="1" modelApID="10121040" armor="0" armorMax="0" armorRatio="0" />
<BaiZhanNpc id="15" minRank="1601" maxRank="1800" icon="15" zhiye="1" name="390015" description="0" level="9" gongji="166" fangyu="152" shengming="5516" wqSH="0" wqJM="0" wqBJ="0" wqRX="0" jnSH="0" jnJM="0" jnBJ="0" jnRX="0" skill1="0" skill2="0" skill3="0" skill4="0" skill5="0" power="718" mibao1="301021" mibao2="301022" mibao3="301023" mibaoLv="9" mibaoStar="1" weapon1="102001" weapon2="102002" weapon3="102003" profession="0" type="5" modleId="1" mibaoZuhe="1" mibaoZuheLv="1" pugongHeavy="1100" skill1Heavy="1201" skill2Heavy="1301" pugongLight="2100" skill1Light="2200" skill2Light="2300" pugongRange="3100" skill1Range="3200" skill2Range="3300" lifebarNum="1" modelApID="10121040" armor="0" armorMax="0" armorRatio="0" />
<BaiZhanNpc id="16" minRank="1401" maxRank="1600" icon="16" zhiye="1" name="390016" description="0" level="10" gongji="179" fangyu="162" shengming="5716" wqSH="0" wqJM="0" wqBJ="0" wqRX="0" jnSH="0" jnJM="0" jnBJ="0" jnRX="0" skill1="0" skill2="0" skill3="0" skill4="0" skill5="0" power="768" mibao1="301021" mibao2="301022" mibao3="301023" mibaoLv="10" mibaoStar="2" weapon1="102001" weapon2="102002" weapon3="102003" profession="0" type="5" modleId="1" mibaoZuhe="2" mibaoZuheLv="1" pugongHeavy="1100" skill1Heavy="1201" skill2Heavy="1301" pugongLight="2100" skill1Light="2201" skill2Light="2300" pugongRange="3100" skill1Range="3200" skill2Range="3300" lifebarNum="1" modelApID="10121040" armor="0" armorMax="0" armorRatio="0" />
<BaiZhanNpc id="17" minRank="1201" maxRank="1400" icon="17" zhiye="1" name="390017" description="0" level="12" gongji="229" fangyu="222" shengming="6916" wqSH="0" wqJM="0" wqBJ="0" wqRX="0" jnSH="0" jnJM="0" jnBJ="0" jnRX="0" skill1="0" skill2="0" skill3="0" skill4="0" skill5="0" power="1010" mibao1="301021" mibao2="301022" mibao3="301023" mibaoLv="12" mibaoStar="2" weapon1="103001" weapon2="103002" weapon3="103003" profession="0" type="5" modleId="1" mibaoZuhe="3" mibaoZuheLv="1" pugongHeavy="1100" skill1Heavy="1201" skill2Heavy="1301" pugongLight="2100" skill1Light="2201" skill2Light="2300" pugongRange="3100" skill1Range="3200" skill2Range="3300" lifebarNum="1" modelApID="10121040" armor="0" armorMax="0" armorRatio="0" />
<BaiZhanNpc id="18" minRank="1001" maxRank="1200" icon="18" zhiye="1" name="390018" description="0" level="14" gongji="386" fangyu="350" shengming="7628" wqSH="0" wqJM="0" wqBJ="0" wqRX="0" jnSH="0" jnJM="0" jnBJ="0" jnRX="0" skill1="0" skill2="0" skill3="0" skill4="0" skill5="0" power="1443" mibao1="301021" mibao2="301022" mibao3="301023" mibaoLv="14" mibaoStar="2" weapon1="103001" weapon2="103002" weapon3="103003" profession="0" type="5" modleId="1" mibaoZuhe="4" mibaoZuheLv="1" pugongHeavy="1100" skill1Heavy="1201" skill2Heavy="1301" pugongLight="2100" skill1Light="2201" skill2Light="2301" pugongRange="3100" skill1Range="3200" skill2Range="3300" lifebarNum="1" modelApID="10121040" armor="0" armorMax="0" armorRatio="0" />
<BaiZhanNpc id="19" minRank="801" maxRank="1000" icon="19" zhiye="1" name="390019" description="0" level="16" gongji="535" fangyu="379" shengming="8208" wqSH="0" wqJM="0" wqBJ="0" wqRX="0" jnSH="0" jnJM="0" jnBJ="0" jnRX="0" skill1="0" skill2="0" skill3="0" skill4="0" skill5="0" power="1575" mibao1="301021" mibao2="301022" mibao3="301023" mibaoLv="16" mibaoStar="2" weapon1="103001" weapon2="103002" weapon3="103003" profession="0" type="5" modleId="1" mibaoZuhe="5" mibaoZuheLv="1" pugongHeavy="1100" skill1Heavy="1201" skill2Heavy="1301" pugongLight="2100" skill1Light="2201" skill2Light="2301" pugongRange="3100" skill1Range="3200" skill2Range="3300" lifebarNum="1" modelApID="10121040" armor="0" armorMax="0" armorRatio="0" />
<BaiZhanNpc id="20" minRank="601" maxRank="800" icon="20" zhiye="1" name="390020" description="0" level="18" gongji="661" fangyu="747" shengming="15568" wqSH="0" wqJM="0" wqBJ="60" wqRX="0" jnSH="0" jnJM="0" jnBJ="0" jnRX="0" skill1="0" skill2="0" skill3="0" skill4="0" skill5="0" power="2634" mibao1="301021" mibao2="301022" mibao3="301023" mibaoLv="18" mibaoStar="2" weapon1="103001" weapon2="103002" weapon3="103003" profession="0" type="5" modleId="1" mibaoZuhe="6" mibaoZuheLv="1" pugongHeavy="1100" skill1Heavy="1201" skill2Heavy="1301" pugongLight="2100" skill1Light="2201" skill2Light="2301" pugongRange="3100" skill1Range="3200" skill2Range="3300" lifebarNum="1" modelApID="10121040" armor="0" armorMax="0" armorRatio="0" />
<BaiZhanNpc id="21" minRank="501" maxRank="600" icon="21" zhiye="1" name="390021" description="0" level="20" gongji="830" fangyu="892" shengming="18468" wqSH="70" wqJM="0" wqBJ="140" wqRX="0" jnSH="0" jnJM="0" jnBJ="0" jnRX="0" skill1="0" skill2="0" skill3="0" skill4="0" skill5="0" power="3283" mibao1="301021" mibao2="301022" mibao3="301023" mibaoLv="20" mibaoStar="2" weapon1="103001" weapon2="103002" weapon3="103003" profession="0" type="5" modleId="1" mibaoZuhe="7" mibaoZuheLv="1" pugongHeavy="1101" skill1Heavy="1201" skill2Heavy="1301" pugongLight="2100" skill1Light="2201" skill2Light="2301" pugongRange="3100" skill1Range="3200" skill2Range="3300" lifebarNum="1" modelApID="10121040" armor="0" armorMax="0" armorRatio="0" />
<BaiZhanNpc id="22" minRank="401" maxRank="500" icon="22" zhiye="1" name="390022" description="0" level="22" gongji="878" fangyu="980" shengming="19428" wqSH="70" wqJM="0" wqBJ="140" wqRX="0" jnSH="0" jnJM="0" jnBJ="0" jnRX="0" skill1="0" skill2="0" skill3="0" skill4="0" skill5="0" power="3511" mibao1="301021" mibao2="301022" mibao3="301023" mibaoLv="22" mibaoStar="2" weapon1="104001" weapon2="104002" weapon3="104003" profession="0" type="5" modleId="1" mibaoZuhe="1" mibaoZuheLv="1" pugongHeavy="1101" skill1Heavy="1201" skill2Heavy="1301" pugongLight="2100" skill1Light="2201" skill2Light="2301" pugongRange="3100" skill1Range="3200" skill2Range="3300" lifebarNum="1" modelApID="10121040" armor="0" armorMax="0" armorRatio="0" />
<BaiZhanNpc id="23" minRank="301" maxRank="400" icon="23" zhiye="1" name="390023" description="0" level="23" gongji="896" fangyu="998" shengming="19788" wqSH="70" wqJM="0" wqBJ="140" wqRX="0" jnSH="0" jnJM="0" jnBJ="0" jnRX="0" skill1="0" skill2="0" skill3="0" skill4="0" skill5="0" power="3578" mibao1="301021" mibao2="301022" mibao3="301023" mibaoLv="23" mibaoStar="2" weapon1="104001" weapon2="104002" weapon3="104003" profession="0" type="5" modleId="1" mibaoZuhe="2" mibaoZuheLv="1" pugongHeavy="1101" skill1Heavy="1201" skill2Heavy="1301" pugongLight="2101" skill1Light="2201" skill2Light="2301" pugongRange="3100" skill1Range="3200" skill2Range="3300" lifebarNum="1" modelApID="10121040" armor="0" armorMax="0" armorRatio="0" />
<BaiZhanNpc id="24" minRank="201" maxRank="300" icon="24" zhiye="1" name="390024" description="0" level="24" gongji="906" fangyu="1008" shengming="20788" wqSH="70" wqJM="0" wqBJ="140" wqRX="0" jnSH="0" jnJM="0" jnBJ="0" jnRX="0" skill1="0" skill2="0" skill3="0" skill4="0" skill5="0" power="3665" mibao1="301021" mibao2="301022" mibao3="301023" mibaoLv="24" mibaoStar="2" weapon1="104001" weapon2="104002" weapon3="104003" profession="0" type="5" modleId="1" mibaoZuhe="3" mibaoZuheLv="1" pugongHeavy="1101" skill1Heavy="1201" skill2Heavy="1301" pugongLight="2101" skill1Light="2201" skill2Light="2301" pugongRange="3100" skill1Range="3200" skill2Range="3300" lifebarNum="1" modelApID="10121040" armor="0" armorMax="0" armorRatio="0" />
<BaiZhanNpc id="25" minRank="101" maxRank="200" icon="25" zhiye="1" name="390025" description="0" level="25" gongji="1632" fangyu="1461" shengming="29803" wqSH="390" wqJM="320" wqBJ="312" wqRX="172" jnSH="160" jnJM="160" jnBJ="160" jnRX="160" skill1="0" skill2="0" skill3="0" skill4="0" skill5="0" power="6904" mibao1="301021" mibao2="301022" mibao3="301023" mibaoLv="25" mibaoStar="2" weapon1="105001" weapon2="105002" weapon3="105003" profession="0" type="5" modleId="1" mibaoZuhe="4" mibaoZuheLv="1" pugongHeavy="1101" skill1Heavy="1201" skill2Heavy="1301" pugongLight="2101" skill1Light="2201" skill2Light="2301" pugongRange="3100" skill1Range="3200" skill2Range="3300" lifebarNum="1" modelApID="10121040" armor="0" armorMax="0" armorRatio="0" />
<BaiZhanNpc id="26" minRank="51" maxRank="100" icon="26" zhiye="1" name="390026" description="0" level="26" gongji="1642" fangyu="1471" shengming="30003" wqSH="390" wqJM="320" wqBJ="312" wqRX="172" jnSH="160" jnJM="160" jnBJ="160" jnRX="160" skill1="0" skill2="0" skill3="0" skill4="0" skill5="0" power="6949" mibao1="301021" mibao2="301022" mibao3="301023" mibaoLv="26" mibaoStar="2" weapon1="105001" weapon2="105002" weapon3="105003" profession="0" type="5" modleId="1" mibaoZuhe="5" mibaoZuheLv="1" pugongHeavy="1101" skill1Heavy="1201" skill2Heavy="1301" pugongLight="2101" skill1Light="2201" skill2Light="2301" pugongRange="3100" skill1Range="3200" skill2Range="3300" lifebarNum="1" modelApID="10121040" armor="0" armorMax="0" armorRatio="0" />
<BaiZhanNpc id="27" minRank="21" maxRank="50" icon="27" zhiye="1" name="390027" description="0" level="27" gongji="1652" fangyu="1481" shengming="30203" wqSH="390" wqJM="320" wqBJ="312" wqRX="172" jnSH="160" jnJM="160" jnBJ="160" jnRX="160" skill1="0" skill2="0" skill3="0" skill4="0" skill5="0" power="6994" mibao1="301021" mibao2="301022" mibao3="301023" mibaoLv="27" mibaoStar="2" weapon1="105001" weapon2="105002" weapon3="105003" profession="0" type="5" modleId="1" mibaoZuhe="6" mibaoZuheLv="1" pugongHeavy="1101" skill1Heavy="1201" skill2Heavy="1301" pugongLight="2101" skill1Light="2201" skill2Light="2301" pugongRange="3100" skill1Range="3201" skill2Range="3300" lifebarNum="1" modelApID="10121040" armor="0" armorMax="0" armorRatio="0" />
<BaiZhanNpc id="28" minRank="11" maxRank="20" icon="28" zhiye="1" name="390028" description="0" level="28" gongji="1662" fangyu="1491" shengming="30403" wqSH="390" wqJM="320" wqBJ="312" wqRX="172" jnSH="160" jnJM="160" jnBJ="160" jnRX="160" skill1="0" skill2="0" skill3="0" skill4="0" skill5="0" power="7040" mibao1="301021" mibao2="301022" mibao3="301023" mibaoLv="28" mibaoStar="2" weapon1="106001" weapon2="106002" weapon3="106003" profession="0" type="5" modleId="1" mibaoZuhe="7" mibaoZuheLv="1" pugongHeavy="1101" skill1Heavy="1201" skill2Heavy="1301" pugongLight="2101" skill1Light="2201" skill2Light="2301" pugongRange="3100" skill1Range="3201" skill2Range="3300" lifebarNum="1" modelApID="10121040" armor="0" armorMax="0" armorRatio="0" />
<BaiZhanNpc id="29" minRank="4" maxRank="10" icon="29" zhiye="1" name="390029" description="0" level="29" gongji="1672" fangyu="1501" shengming="30603" wqSH="390" wqJM="320" wqBJ="312" wqRX="172" jnSH="160" jnJM="160" jnBJ="160" jnRX="160" skill1="0" skill2="0" skill3="0" skill4="0" skill5="0" power="7085" mibao1="301021" mibao2="301022" mibao3="301023" mibaoLv="29" mibaoStar="2" weapon1="106001" weapon2="106002" weapon3="106003" profession="0" type="5" modleId="1" mibaoZuhe="1" mibaoZuheLv="1" pugongHeavy="1101" skill1Heavy="1201" skill2Heavy="1301" pugongLight="2101" skill1Light="2201" skill2Light="2301" pugongRange="3100" skill1Range="3201" skill2Range="3301" lifebarNum="1" modelApID="10121040" armor="0" armorMax="0" armorRatio="0" />
<BaiZhanNpc id="30" minRank="3" maxRank="3" icon="30" zhiye="1" name="390030" description="0" level="30" gongji="1682" fangyu="1511" shengming="30803" wqSH="390" wqJM="320" wqBJ="312" wqRX="172" jnSH="160" jnJM="160" jnBJ="160" jnRX="160" skill1="0" skill2="0" skill3="0" skill4="0" skill5="0" power="7130" mibao1="301021" mibao2="301022" mibao3="301023" mibaoLv="30" mibaoStar="3" weapon1="106001" weapon2="106002" weapon3="106003" profession="0" type="5" modleId="1" mibaoZuhe="2" mibaoZuheLv="1" pugongHeavy="1101" skill1Heavy="1201" skill2Heavy="1301" pugongLight="2101" skill1Light="2201" skill2Light="2301" pugongRange="3100" skill1Range="3201" skill2Range="3301" lifebarNum="1" modelApID="10121040" armor="0" armorMax="0" armorRatio="0" />
<BaiZhanNpc id="31" minRank="2" maxRank="2" icon="31" zhiye="1" name="390031" description="0" level="32" gongji="2403" fangyu="2208" shengming="44743" wqSH="1107" wqJM="867" wqBJ="1189" wqRX="949" jnSH="867" jnJM="867" jnBJ="829" jnRX="829" skill1="0" skill2="0" skill3="0" skill4="0" skill5="0" power="15775" mibao1="301021" mibao2="301022" mibao3="301023" mibaoLv="32" mibaoStar="3" weapon1="107001" weapon2="107002" weapon3="107003" profession="0" type="5" modleId="1" mibaoZuhe="3" mibaoZuheLv="2" pugongHeavy="1101" skill1Heavy="1201" skill2Heavy="1301" pugongLight="2101" skill1Light="2201" skill2Light="2301" pugongRange="3101" skill1Range="3201" skill2Range="3301" lifebarNum="1" modelApID="10121040" armor="0" armorMax="0" armorRatio="0" />
<BaiZhanNpc id="32" minRank="1" maxRank="1" icon="32" zhiye="1" name="390032" description="0" level="35" gongji="2433" fangyu="2238" shengming="45343" wqSH="1107" wqJM="867" wqBJ="1189" wqRX="949" jnSH="867" jnJM="867" jnBJ="829" jnRX="829" skill1="0" skill2="0" skill3="0" skill4="0" skill5="0" power="15983" mibao1="301021" mibao2="301022" mibao3="301023" mibaoLv="35" mibaoStar="3" weapon1="107001" weapon2="107002" weapon3="107003" profession="0" type="5" modleId="1" mibaoZuhe="4" mibaoZuheLv="2" pugongHeavy="1101" skill1Heavy="1201" skill2Heavy="1301" pugongLight="2101" skill1Light="2201" skill2Light="2301" pugongRange="3101" skill1Range="3201" skill2Range="3301" lifebarNum="1" modelApID="10121040" armor="0" armorMax="0" armorRatio="0" />
</dataset>