<?xml version="1.0" encoding="UTF-8"?>
<dataset>
<BaoshiOpen buWei="1" con1Desc="" con2Desc="" con3Desc="蓝色装备开启" con4Desc="紫色装备开启" con5Desc="橙色装备开启" />
<BaoshiOpen buWei="2" con1Desc="" con2Desc="" con3Desc="蓝色装备开启" con4Desc="紫色装备开启" con5Desc="橙色装备开启" />
<BaoshiOpen buWei="3" con1Desc="" con2Desc="" con3Desc="蓝色装备开启" con4Desc="紫色装备开启" con5Desc="橙色装备开启" />
<BaoshiOpen buWei="11" con1Desc="" con2Desc="" con3Desc="蓝色装备开启" con4Desc="紫色装备开启" con5Desc="橙色装备开启" />
<BaoshiOpen buWei="12" con1Desc="" con2Desc="" con3Desc="蓝色装备开启" con4Desc="紫色装备开启" con5Desc="橙色装备开启" />
<BaoshiOpen buWei="13" con1Desc="" con2Desc="" con3Desc="蓝色装备开启" con4Desc="紫色装备开启" con5Desc="橙色装备开启" />
<BaoshiOpen buWei="14" con1Desc="" con2Desc="" con3Desc="蓝色装备开启" con4Desc="紫色装备开启" con5Desc="橙色装备开启" />
<BaoshiOpen buWei="15" con1Desc="" con2Desc="" con3Desc="蓝色装备开启" con4Desc="紫色装备开启" con5Desc="橙色装备开启" />
<BaoshiOpen buWei="16" con1Desc="" con2Desc="" con3Desc="蓝色装备开启" con4Desc="紫色装备开启" con5Desc="橙色装备开启" />
</dataset>