<?xml version="1.0" encoding="UTF-8"?>
<dataset>
<BattleConfigTemplate configId="1" autoFight="1" soundID="0" preDesc="520001" />
<BattleConfigTemplate configId="2" autoFight="1" soundID="0" preDesc="520002" />
<BattleConfigTemplate configId="3" autoFight="1" soundID="0" preDesc="520003" />
<BattleConfigTemplate configId="4" autoFight="1" soundID="0" preDesc="520004" />
<BattleConfigTemplate configId="900" autoFight="1" soundID="100101" preDesc="520900" />
<BattleConfigTemplate configId="100001" autoFight="1" soundID="100101" preDesc="530001" />
<BattleConfigTemplate configId="100101" autoFight="1" soundID="100100" preDesc="530101" />
<BattleConfigTemplate configId="100102" autoFight="1" soundID="100103" preDesc="530102" />
<BattleConfigTemplate configId="100103" autoFight="1" soundID="100201" preDesc="530103" />
<BattleConfigTemplate configId="100104" autoFight="0" soundID="100100" preDesc="530104" />
<BattleConfigTemplate configId="100105" autoFight="1" soundID="100103" preDesc="530105" />
<BattleConfigTemplate configId="100106" autoFight="1" soundID="100100" preDesc="530106" />
<BattleConfigTemplate configId="100107" autoFight="1" soundID="100200" preDesc="530107" />
<BattleConfigTemplate configId="100201" autoFight="1" soundID="10000" preDesc="530201" />
<BattleConfigTemplate configId="100202" autoFight="1" soundID="100101" preDesc="530202" />
<BattleConfigTemplate configId="100203" autoFight="1" soundID="100200" preDesc="530203" />
<BattleConfigTemplate configId="100204" autoFight="1" soundID="100102" preDesc="530204" />
<BattleConfigTemplate configId="100205" autoFight="1" soundID="10000" preDesc="530205" />
<BattleConfigTemplate configId="100206" autoFight="1" soundID="100110" preDesc="530206" />
<BattleConfigTemplate configId="100207" autoFight="1" soundID="100200" preDesc="530207" />
<BattleConfigTemplate configId="100301" autoFight="1" soundID="100100" preDesc="530301" />
<BattleConfigTemplate configId="100302" autoFight="1" soundID="100101" preDesc="530302" />
<BattleConfigTemplate configId="100303" autoFight="1" soundID="100110" preDesc="530303" />
<BattleConfigTemplate configId="100304" autoFight="1" soundID="100100" preDesc="530304" />
<BattleConfigTemplate configId="100305" autoFight="1" soundID="100101" preDesc="530305" />
<BattleConfigTemplate configId="100306" autoFight="1" soundID="100110" preDesc="530306" />
<BattleConfigTemplate configId="100307" autoFight="1" soundID="100200" preDesc="530307" />
<BattleConfigTemplate configId="100401" autoFight="1" soundID="100103" preDesc="530401" />
<BattleConfigTemplate configId="100402" autoFight="1" soundID="100102" preDesc="530402" />
<BattleConfigTemplate configId="100403" autoFight="1" soundID="100101" preDesc="530403" />
<BattleConfigTemplate configId="100404" autoFight="1" soundID="100100" preDesc="530404" />
<BattleConfigTemplate configId="100405" autoFight="1" soundID="100101" preDesc="530405" />
<BattleConfigTemplate configId="100406" autoFight="1" soundID="100100" preDesc="530406" />
<BattleConfigTemplate configId="100407" autoFight="1" soundID="100100" preDesc="530407" />
<BattleConfigTemplate configId="100408" autoFight="1" soundID="100100" preDesc="530408" />
<BattleConfigTemplate configId="100409" autoFight="1" soundID="100101" preDesc="530409" />
<BattleConfigTemplate configId="100501" autoFight="1" soundID="100103" preDesc="530501" />
<BattleConfigTemplate configId="100502" autoFight="1" soundID="100102" preDesc="530502" />
<BattleConfigTemplate configId="100503" autoFight="1" soundID="100101" preDesc="530503" />
<BattleConfigTemplate configId="100504" autoFight="1" soundID="100100" preDesc="530504" />
<BattleConfigTemplate configId="100505" autoFight="1" soundID="100100" preDesc="530505" />
<BattleConfigTemplate configId="100506" autoFight="1" soundID="100102" preDesc="530506" />
<BattleConfigTemplate configId="100507" autoFight="1" soundID="100100" preDesc="530507" />
<BattleConfigTemplate configId="100508" autoFight="1" soundID="100100" preDesc="530508" />
<BattleConfigTemplate configId="100509" autoFight="1" soundID="100101" preDesc="530509" />
<BattleConfigTemplate configId="100601" autoFight="1" soundID="100100" preDesc="530601" />
<BattleConfigTemplate configId="100602" autoFight="1" soundID="100100" preDesc="530602" />
<BattleConfigTemplate configId="100603" autoFight="1" soundID="100101" preDesc="530603" />
<BattleConfigTemplate configId="100604" autoFight="1" soundID="100100" preDesc="530604" />
<BattleConfigTemplate configId="100605" autoFight="1" soundID="100100" preDesc="530605" />
<BattleConfigTemplate configId="100606" autoFight="1" soundID="100101" preDesc="530606" />
<BattleConfigTemplate configId="100607" autoFight="1" soundID="100100" preDesc="530607" />
<BattleConfigTemplate configId="100608" autoFight="1" soundID="100100" preDesc="530608" />
<BattleConfigTemplate configId="100609" autoFight="1" soundID="100101" preDesc="530609" />
<BattleConfigTemplate configId="100701" autoFight="1" soundID="100100" preDesc="530701" />
<BattleConfigTemplate configId="100702" autoFight="1" soundID="100102" preDesc="530702" />
<BattleConfigTemplate configId="100703" autoFight="1" soundID="100101" preDesc="530703" />
<BattleConfigTemplate configId="100704" autoFight="1" soundID="100100" preDesc="530704" />
<BattleConfigTemplate configId="100705" autoFight="1" soundID="100100" preDesc="530705" />
<BattleConfigTemplate configId="100706" autoFight="1" soundID="100101" preDesc="530706" />
<BattleConfigTemplate configId="100707" autoFight="1" soundID="100100" preDesc="530707" />
<BattleConfigTemplate configId="100708" autoFight="1" soundID="100100" preDesc="530708" />
<BattleConfigTemplate configId="100709" autoFight="1" soundID="100101" preDesc="530709" />
<BattleConfigTemplate configId="100801" autoFight="1" soundID="100201" preDesc="530801" />
<BattleConfigTemplate configId="100802" autoFight="1" soundID="100100" preDesc="530802" />
<BattleConfigTemplate configId="100803" autoFight="1" soundID="100101" preDesc="530803" />
<BattleConfigTemplate configId="100804" autoFight="1" soundID="100102" preDesc="530804" />
<BattleConfigTemplate configId="100805" autoFight="1" soundID="100100" preDesc="530805" />
<BattleConfigTemplate configId="100806" autoFight="1" soundID="100102" preDesc="530806" />
<BattleConfigTemplate configId="100807" autoFight="1" soundID="100100" preDesc="530807" />
<BattleConfigTemplate configId="100808" autoFight="1" soundID="100100" preDesc="530808" />
<BattleConfigTemplate configId="100809" autoFight="1" soundID="100101" preDesc="530809" />
<BattleConfigTemplate configId="100901" autoFight="1" soundID="100102" preDesc="530901" />
<BattleConfigTemplate configId="100902" autoFight="1" soundID="100100" preDesc="530902" />
<BattleConfigTemplate configId="100903" autoFight="1" soundID="100101" preDesc="530903" />
<BattleConfigTemplate configId="100904" autoFight="1" soundID="100201" preDesc="530904" />
<BattleConfigTemplate configId="100905" autoFight="1" soundID="100102" preDesc="530905" />
<BattleConfigTemplate configId="100906" autoFight="1" soundID="100101" preDesc="530906" />
<BattleConfigTemplate configId="100907" autoFight="1" soundID="100100" preDesc="530907" />
<BattleConfigTemplate configId="100908" autoFight="1" soundID="100100" preDesc="530908" />
<BattleConfigTemplate configId="100909" autoFight="1" soundID="100101" preDesc="530909" />
<BattleConfigTemplate configId="101001" autoFight="1" soundID="100100" preDesc="531001" />
<BattleConfigTemplate configId="101002" autoFight="1" soundID="100100" preDesc="531002" />
<BattleConfigTemplate configId="101003" autoFight="1" soundID="100100" preDesc="531003" />
<BattleConfigTemplate configId="101004" autoFight="1" soundID="100201" preDesc="531004" />
<BattleConfigTemplate configId="101005" autoFight="1" soundID="100100" preDesc="531005" />
<BattleConfigTemplate configId="101006" autoFight="1" soundID="100102" preDesc="531006" />
<BattleConfigTemplate configId="101007" autoFight="1" soundID="100100" preDesc="531007" />
<BattleConfigTemplate configId="101008" autoFight="1" soundID="100100" preDesc="531008" />
<BattleConfigTemplate configId="101009" autoFight="1" soundID="100101" preDesc="531009" />
<BattleConfigTemplate configId="101101" autoFight="1" soundID="100102" preDesc="531101" />
<BattleConfigTemplate configId="101102" autoFight="1" soundID="100100" preDesc="531102" />
<BattleConfigTemplate configId="101103" autoFight="1" soundID="100100" preDesc="531103" />
<BattleConfigTemplate configId="101104" autoFight="1" soundID="100100" preDesc="531104" />
<BattleConfigTemplate configId="101105" autoFight="1" soundID="100100" preDesc="531105" />
<BattleConfigTemplate configId="101106" autoFight="1" soundID="100100" preDesc="531106" />
<BattleConfigTemplate configId="101107" autoFight="1" soundID="100100" preDesc="531107" />
<BattleConfigTemplate configId="101108" autoFight="1" soundID="100100" preDesc="531108" />
<BattleConfigTemplate configId="101109" autoFight="1" soundID="100101" preDesc="531109" />
<BattleConfigTemplate configId="101201" autoFight="1" soundID="100100" preDesc="531201" />
<BattleConfigTemplate configId="101202" autoFight="1" soundID="100100" preDesc="531202" />
<BattleConfigTemplate configId="101203" autoFight="1" soundID="100100" preDesc="531203" />
<BattleConfigTemplate configId="101204" autoFight="1" soundID="100100" preDesc="531204" />
<BattleConfigTemplate configId="101205" autoFight="1" soundID="100100" preDesc="531205" />
<BattleConfigTemplate configId="101206" autoFight="1" soundID="100100" preDesc="531206" />
<BattleConfigTemplate configId="101207" autoFight="1" soundID="100100" preDesc="531207" />
<BattleConfigTemplate configId="101208" autoFight="1" soundID="100100" preDesc="531208" />
<BattleConfigTemplate configId="101209" autoFight="1" soundID="100203" preDesc="531209" />
<BattleConfigTemplate configId="101301" autoFight="1" soundID="100100" preDesc="531301" />
<BattleConfigTemplate configId="101302" autoFight="1" soundID="100103" preDesc="531302" />
<BattleConfigTemplate configId="101303" autoFight="1" soundID="100103" preDesc="531303" />
<BattleConfigTemplate configId="101304" autoFight="1" soundID="100201" preDesc="531304" />
<BattleConfigTemplate configId="101305" autoFight="1" soundID="100201" preDesc="531305" />
<BattleConfigTemplate configId="101306" autoFight="1" soundID="100100" preDesc="531306" />
<BattleConfigTemplate configId="101307" autoFight="1" soundID="100100" preDesc="531307" />
<BattleConfigTemplate configId="101308" autoFight="1" soundID="100100" preDesc="531308" />
<BattleConfigTemplate configId="101309" autoFight="1" soundID="100203" preDesc="531309" />
<BattleConfigTemplate configId="200001" autoFight="1" soundID="100200" preDesc="540001" />
<BattleConfigTemplate configId="200002" autoFight="1" soundID="100200" preDesc="540002" />
<BattleConfigTemplate configId="200003" autoFight="1" soundID="100200" preDesc="540003" />
<BattleConfigTemplate configId="200004" autoFight="1" soundID="100200" preDesc="540004" />
<BattleConfigTemplate configId="200005" autoFight="1" soundID="100200" preDesc="540005" />
<BattleConfigTemplate configId="200006" autoFight="1" soundID="100200" preDesc="540006" />
<BattleConfigTemplate configId="200007" autoFight="1" soundID="100200" preDesc="540007" />
<BattleConfigTemplate configId="200008" autoFight="1" soundID="100200" preDesc="540008" />
<BattleConfigTemplate configId="200009" autoFight="1" soundID="100200" preDesc="540009" />
<BattleConfigTemplate configId="200010" autoFight="1" soundID="100200" preDesc="540010" />
<BattleConfigTemplate configId="200011" autoFight="1" soundID="100200" preDesc="540011" />
<BattleConfigTemplate configId="200012" autoFight="1" soundID="100200" preDesc="540012" />
<BattleConfigTemplate configId="200013" autoFight="1" soundID="100200" preDesc="540013" />
<BattleConfigTemplate configId="200014" autoFight="1" soundID="100200" preDesc="540014" />
<BattleConfigTemplate configId="300101" autoFight="1" soundID="100103" preDesc="550101" />
<BattleConfigTemplate configId="300102" autoFight="1" soundID="100103" preDesc="550102" />
<BattleConfigTemplate configId="300103" autoFight="1" soundID="100103" preDesc="550103" />
<BattleConfigTemplate configId="300104" autoFight="1" soundID="100103" preDesc="550104" />
<BattleConfigTemplate configId="300105" autoFight="1" soundID="100103" preDesc="550105" />
<BattleConfigTemplate configId="300106" autoFight="1" soundID="100103" preDesc="550106" />
<BattleConfigTemplate configId="300107" autoFight="1" soundID="100103" preDesc="550107" />
<BattleConfigTemplate configId="300108" autoFight="1" soundID="100103" preDesc="550108" />
<BattleConfigTemplate configId="300109" autoFight="1" soundID="100103" preDesc="550109" />
<BattleConfigTemplate configId="300110" autoFight="1" soundID="100103" preDesc="550110" />
<BattleConfigTemplate configId="300201" autoFight="1" soundID="100103" preDesc="550201" />
<BattleConfigTemplate configId="300202" autoFight="1" soundID="100103" preDesc="550202" />
<BattleConfigTemplate configId="300203" autoFight="1" soundID="100103" preDesc="550203" />
<BattleConfigTemplate configId="300204" autoFight="1" soundID="100103" preDesc="550204" />
<BattleConfigTemplate configId="300205" autoFight="1" soundID="100103" preDesc="550205" />
<BattleConfigTemplate configId="300206" autoFight="1" soundID="100103" preDesc="550206" />
<BattleConfigTemplate configId="300207" autoFight="1" soundID="100103" preDesc="550207" />
<BattleConfigTemplate configId="300208" autoFight="1" soundID="100103" preDesc="550208" />
<BattleConfigTemplate configId="300209" autoFight="1" soundID="100103" preDesc="550209" />
<BattleConfigTemplate configId="300210" autoFight="1" soundID="100103" preDesc="550210" />
<BattleConfigTemplate configId="300301" autoFight="1" soundID="100103" preDesc="550301" />
<BattleConfigTemplate configId="300302" autoFight="1" soundID="100103" preDesc="550302" />
<BattleConfigTemplate configId="300303" autoFight="1" soundID="100103" preDesc="550303" />
<BattleConfigTemplate configId="300304" autoFight="1" soundID="100103" preDesc="550304" />
<BattleConfigTemplate configId="300305" autoFight="1" soundID="100103" preDesc="550305" />
<BattleConfigTemplate configId="300306" autoFight="1" soundID="100103" preDesc="550306" />
<BattleConfigTemplate configId="300307" autoFight="1" soundID="100103" preDesc="550307" />
<BattleConfigTemplate configId="300308" autoFight="1" soundID="100103" preDesc="550308" />
<BattleConfigTemplate configId="300309" autoFight="1" soundID="100103" preDesc="550309" />
<BattleConfigTemplate configId="300310" autoFight="1" soundID="100103" preDesc="550310" />
<BattleConfigTemplate configId="300401" autoFight="1" soundID="100103" preDesc="550401" />
<BattleConfigTemplate configId="300402" autoFight="1" soundID="100103" preDesc="550402" />
<BattleConfigTemplate configId="300403" autoFight="1" soundID="100103" preDesc="550403" />
<BattleConfigTemplate configId="300404" autoFight="1" soundID="100103" preDesc="550404" />
<BattleConfigTemplate configId="300405" autoFight="1" soundID="100103" preDesc="550405" />
<BattleConfigTemplate configId="300406" autoFight="1" soundID="100103" preDesc="550406" />
<BattleConfigTemplate configId="300407" autoFight="1" soundID="100103" preDesc="550407" />
<BattleConfigTemplate configId="300408" autoFight="1" soundID="100103" preDesc="550408" />
<BattleConfigTemplate configId="300409" autoFight="1" soundID="100103" preDesc="550409" />
<BattleConfigTemplate configId="300410" autoFight="1" soundID="100103" preDesc="550410" />
<BattleConfigTemplate configId="300501" autoFight="1" soundID="100103" preDesc="550501" />
<BattleConfigTemplate configId="300502" autoFight="1" soundID="100103" preDesc="550502" />
<BattleConfigTemplate configId="300503" autoFight="1" soundID="100103" preDesc="550503" />
<BattleConfigTemplate configId="300504" autoFight="1" soundID="100103" preDesc="550504" />
<BattleConfigTemplate configId="300505" autoFight="1" soundID="100103" preDesc="550505" />
<BattleConfigTemplate configId="300506" autoFight="1" soundID="100103" preDesc="550506" />
<BattleConfigTemplate configId="300507" autoFight="1" soundID="100103" preDesc="550507" />
<BattleConfigTemplate configId="300508" autoFight="1" soundID="100103" preDesc="550508" />
<BattleConfigTemplate configId="300509" autoFight="1" soundID="100103" preDesc="550509" />
<BattleConfigTemplate configId="300510" autoFight="1" soundID="100103" preDesc="550510" />
<BattleConfigTemplate configId="110103" autoFight="1" soundID="100201" preDesc="530103" />
<BattleConfigTemplate configId="110105" autoFight="1" soundID="100103" preDesc="530105" />
<BattleConfigTemplate configId="110107" autoFight="1" soundID="100200" preDesc="530107" />
<BattleConfigTemplate configId="110203" autoFight="1" soundID="100200" preDesc="530203" />
<BattleConfigTemplate configId="110205" autoFight="1" soundID="10000" preDesc="530205" />
<BattleConfigTemplate configId="110207" autoFight="1" soundID="100200" preDesc="530207" />
<BattleConfigTemplate configId="110303" autoFight="1" soundID="100110" preDesc="530303" />
<BattleConfigTemplate configId="110305" autoFight="1" soundID="100101" preDesc="530305" />
<BattleConfigTemplate configId="110307" autoFight="1" soundID="100200" preDesc="530307" />
<BattleConfigTemplate configId="110403" autoFight="1" soundID="100101" preDesc="530403" />
<BattleConfigTemplate configId="110406" autoFight="1" soundID="100100" preDesc="530406" />
<BattleConfigTemplate configId="110409" autoFight="1" soundID="100101" preDesc="530409" />
<BattleConfigTemplate configId="110503" autoFight="1" soundID="100101" preDesc="530503" />
<BattleConfigTemplate configId="110506" autoFight="1" soundID="100102" preDesc="530506" />
<BattleConfigTemplate configId="110509" autoFight="1" soundID="100101" preDesc="530509" />
<BattleConfigTemplate configId="110603" autoFight="1" soundID="100101" preDesc="530603" />
<BattleConfigTemplate configId="110606" autoFight="1" soundID="100101" preDesc="530606" />
<BattleConfigTemplate configId="110609" autoFight="1" soundID="100101" preDesc="530609" />
<BattleConfigTemplate configId="110703" autoFight="1" soundID="100101" preDesc="530703" />
<BattleConfigTemplate configId="110706" autoFight="1" soundID="100101" preDesc="530706" />
<BattleConfigTemplate configId="110709" autoFight="1" soundID="100101" preDesc="530709" />
<BattleConfigTemplate configId="110803" autoFight="1" soundID="100101" preDesc="530803" />
<BattleConfigTemplate configId="110806" autoFight="1" soundID="100102" preDesc="530806" />
<BattleConfigTemplate configId="110809" autoFight="1" soundID="100101" preDesc="530809" />
<BattleConfigTemplate configId="110903" autoFight="1" soundID="100101" preDesc="530903" />
<BattleConfigTemplate configId="110906" autoFight="1" soundID="100101" preDesc="530906" />
<BattleConfigTemplate configId="110909" autoFight="1" soundID="100101" preDesc="530909" />
<BattleConfigTemplate configId="111003" autoFight="1" soundID="100100" preDesc="531003" />
<BattleConfigTemplate configId="111006" autoFight="1" soundID="100102" preDesc="531006" />
<BattleConfigTemplate configId="111009" autoFight="1" soundID="100101" preDesc="531009" />
<BattleConfigTemplate configId="111103" autoFight="1" soundID="100100" preDesc="531103" />
<BattleConfigTemplate configId="111106" autoFight="1" soundID="100100" preDesc="531106" />
<BattleConfigTemplate configId="111109" autoFight="1" soundID="100101" preDesc="531109" />
<BattleConfigTemplate configId="111203" autoFight="1" soundID="100100" preDesc="531203" />
<BattleConfigTemplate configId="111206" autoFight="1" soundID="100100" preDesc="531206" />
<BattleConfigTemplate configId="111209" autoFight="1" soundID="100203" preDesc="531209" />
<BattleConfigTemplate configId="111303" autoFight="1" soundID="100103" preDesc="531303" />
<BattleConfigTemplate configId="111306" autoFight="1" soundID="100100" preDesc="531306" />
<BattleConfigTemplate configId="111309" autoFight="1" soundID="100203" preDesc="531309" />
<BattleConfigTemplate configId="400101" autoFight="1" soundID="100201" preDesc="5400101" />
<BattleConfigTemplate configId="400102" autoFight="1" soundID="100101" preDesc="5400102" />
<BattleConfigTemplate configId="400103" autoFight="1" soundID="100103" preDesc="5400103" />
<BattleConfigTemplate configId="400104" autoFight="1" soundID="100201" preDesc="5400104" />
<BattleConfigTemplate configId="400105" autoFight="1" soundID="100101" preDesc="5400105" />
<BattleConfigTemplate configId="400106" autoFight="1" soundID="100103" preDesc="5400106" />
<BattleConfigTemplate configId="400107" autoFight="1" soundID="100201" preDesc="5400107" />
<BattleConfigTemplate configId="400108" autoFight="1" soundID="100101" preDesc="5400108" />
<BattleConfigTemplate configId="400109" autoFight="1" soundID="100103" preDesc="5400109" />
<BattleConfigTemplate configId="400110" autoFight="1" soundID="100201" preDesc="5400110" />
<BattleConfigTemplate configId="400111" autoFight="1" soundID="100101" preDesc="5400111" />
<BattleConfigTemplate configId="400201" autoFight="1" soundID="100103" preDesc="5400112" />
<BattleConfigTemplate configId="400202" autoFight="1" soundID="100201" preDesc="5400113" />


</dataset>