<?xml version="1.0" encoding="UTF-8"?>
<dataset>
<BattleAppearance appearanceId="1" height="1" bossFxColor="FF0000" bossFxWidth="0" navPriority="40" colliderRadius="0.8" />
<BattleAppearance appearanceId="10110001" height="1" bossFxColor="FF0000" bossFxWidth="1.39" navPriority="1" colliderRadius="0" />
<BattleAppearance appearanceId="10110030" height="1" bossFxColor="FF0000" bossFxWidth="1.39" navPriority="30" colliderRadius="0" />
<BattleAppearance appearanceId="10110040" height="1" bossFxColor="FF0000" bossFxWidth="1.39" navPriority="40" colliderRadius="0" />
<BattleAppearance appearanceId="10110050" height="1" bossFxColor="FF0000" bossFxWidth="1.39" navPriority="50" colliderRadius="0" />
<BattleAppearance appearanceId="10110060" height="1" bossFxColor="FF0000" bossFxWidth="1.39" navPriority="60" colliderRadius="0" />
<BattleAppearance appearanceId="10110070" height="1" bossFxColor="FF0000" bossFxWidth="1.39" navPriority="70" colliderRadius="0" />
<BattleAppearance appearanceId="10110080" height="1" bossFxColor="FF0000" bossFxWidth="1.39" navPriority="80" colliderRadius="0" />
<BattleAppearance appearanceId="10111001" height="1" bossFxColor="FF0000" bossFxWidth="1.39" navPriority="1" colliderRadius="0.8" />
<BattleAppearance appearanceId="10111030" height="1" bossFxColor="FF0000" bossFxWidth="1.39" navPriority="30" colliderRadius="0.8" />
<BattleAppearance appearanceId="10111040" height="1" bossFxColor="FF0000" bossFxWidth="1.39" navPriority="40" colliderRadius="0.8" />
<BattleAppearance appearanceId="10111050" height="1" bossFxColor="FF0000" bossFxWidth="1.39" navPriority="50" colliderRadius="0.8" />
<BattleAppearance appearanceId="10111060" height="1" bossFxColor="FF0000" bossFxWidth="1.39" navPriority="60" colliderRadius="0.8" />
<BattleAppearance appearanceId="10111070" height="1" bossFxColor="FF0000" bossFxWidth="1.39" navPriority="70" colliderRadius="0.8" />
<BattleAppearance appearanceId="10111080" height="1" bossFxColor="FF0000" bossFxWidth="1.39" navPriority="80" colliderRadius="0.8" />
<BattleAppearance appearanceId="10120001" height="1" bossFxColor="FF0000" bossFxWidth="0" navPriority="1" colliderRadius="0" />
<BattleAppearance appearanceId="10120030" height="1" bossFxColor="FF0000" bossFxWidth="0" navPriority="30" colliderRadius="0" />
<BattleAppearance appearanceId="10120040" height="1" bossFxColor="FF0000" bossFxWidth="0" navPriority="40" colliderRadius="0" />
<BattleAppearance appearanceId="10120050" height="1" bossFxColor="FF0000" bossFxWidth="0" navPriority="50" colliderRadius="0" />
<BattleAppearance appearanceId="10120060" height="1" bossFxColor="FF0000" bossFxWidth="0" navPriority="60" colliderRadius="0" />
<BattleAppearance appearanceId="10120070" height="1" bossFxColor="FF0000" bossFxWidth="0" navPriority="70" colliderRadius="0" />
<BattleAppearance appearanceId="10120080" height="1" bossFxColor="FF0000" bossFxWidth="0" navPriority="80" colliderRadius="0" />
<BattleAppearance appearanceId="10121001" height="1" bossFxColor="FF0000" bossFxWidth="0" navPriority="1" colliderRadius="0.8" />
<BattleAppearance appearanceId="10121030" height="1" bossFxColor="FF0000" bossFxWidth="0" navPriority="30" colliderRadius="0.8" />
<BattleAppearance appearanceId="10121040" height="1" bossFxColor="FF0000" bossFxWidth="0" navPriority="40" colliderRadius="0.8" />
<BattleAppearance appearanceId="10121050" height="1" bossFxColor="FF0000" bossFxWidth="0" navPriority="50" colliderRadius="0.8" />
<BattleAppearance appearanceId="10121060" height="1" bossFxColor="FF0000" bossFxWidth="0" navPriority="60" colliderRadius="0.8" />
<BattleAppearance appearanceId="10121070" height="1" bossFxColor="FF0000" bossFxWidth="0" navPriority="70" colliderRadius="0.8" />
<BattleAppearance appearanceId="10121080" height="1" bossFxColor="FF0000" bossFxWidth="0" navPriority="80" colliderRadius="0.8" />
<BattleAppearance appearanceId="20110001" height="1.5" bossFxColor="FF0000" bossFxWidth="1.39" navPriority="1" colliderRadius="0" />
<BattleAppearance appearanceId="20110030" height="1.5" bossFxColor="FF0000" bossFxWidth="1.39" navPriority="30" colliderRadius="0" />
<BattleAppearance appearanceId="20110040" height="1.5" bossFxColor="FF0000" bossFxWidth="1.39" navPriority="40" colliderRadius="0" />
<BattleAppearance appearanceId="20110050" height="1.5" bossFxColor="FF0000" bossFxWidth="1.39" navPriority="50" colliderRadius="0" />
<BattleAppearance appearanceId="20110060" height="1.5" bossFxColor="FF0000" bossFxWidth="1.39" navPriority="60" colliderRadius="0" />
<BattleAppearance appearanceId="20110070" height="1.5" bossFxColor="FF0000" bossFxWidth="1.39" navPriority="70" colliderRadius="0" />
<BattleAppearance appearanceId="20110080" height="1.5" bossFxColor="FF0000" bossFxWidth="1.39" navPriority="80" colliderRadius="0" />
<BattleAppearance appearanceId="20111501" height="1.5" bossFxColor="FF0000" bossFxWidth="1.39" navPriority="1" colliderRadius="0.8" />
<BattleAppearance appearanceId="20111530" height="1.5" bossFxColor="FF0000" bossFxWidth="1.39" navPriority="30" colliderRadius="0.8" />
<BattleAppearance appearanceId="20111540" height="1.5" bossFxColor="FF0000" bossFxWidth="1.39" navPriority="40" colliderRadius="0.8" />
<BattleAppearance appearanceId="20111550" height="1.5" bossFxColor="FF0000" bossFxWidth="1.39" navPriority="50" colliderRadius="0.8" />
<BattleAppearance appearanceId="20111560" height="1.5" bossFxColor="FF0000" bossFxWidth="1.39" navPriority="60" colliderRadius="0.8" />
<BattleAppearance appearanceId="20111570" height="1.5" bossFxColor="FF0000" bossFxWidth="1.39" navPriority="70" colliderRadius="0.8" />
<BattleAppearance appearanceId="20111580" height="1.5" bossFxColor="FF0000" bossFxWidth="1.39" navPriority="80" colliderRadius="0.8" />
<BattleAppearance appearanceId="20120001" height="1.5" bossFxColor="FF0000" bossFxWidth="0" navPriority="1" colliderRadius="0" />
<BattleAppearance appearanceId="20120030" height="1.5" bossFxColor="FF0000" bossFxWidth="0" navPriority="30" colliderRadius="0" />
<BattleAppearance appearanceId="20120040" height="1.5" bossFxColor="FF0000" bossFxWidth="0" navPriority="40" colliderRadius="0" />
<BattleAppearance appearanceId="20120050" height="1.5" bossFxColor="FF0000" bossFxWidth="0" navPriority="50" colliderRadius="0" />
<BattleAppearance appearanceId="20120060" height="1.5" bossFxColor="FF0000" bossFxWidth="0" navPriority="60" colliderRadius="0" />
<BattleAppearance appearanceId="20120070" height="1.5" bossFxColor="FF0000" bossFxWidth="0" navPriority="70" colliderRadius="0" />
<BattleAppearance appearanceId="20120080" height="1.5" bossFxColor="FF0000" bossFxWidth="0" navPriority="80" colliderRadius="0" />
<BattleAppearance appearanceId="20121501" height="1.5" bossFxColor="FF0000" bossFxWidth="0" navPriority="1" colliderRadius="0.8" />
<BattleAppearance appearanceId="20121530" height="1.5" bossFxColor="FF0000" bossFxWidth="0" navPriority="30" colliderRadius="0.8" />
<BattleAppearance appearanceId="20121540" height="1.5" bossFxColor="FF0000" bossFxWidth="0" navPriority="40" colliderRadius="0.8" />
<BattleAppearance appearanceId="20121550" height="1.5" bossFxColor="FF0000" bossFxWidth="0" navPriority="50" colliderRadius="0.8" />
<BattleAppearance appearanceId="20121560" height="1.5" bossFxColor="FF0000" bossFxWidth="0" navPriority="60" colliderRadius="0.8" />
<BattleAppearance appearanceId="20121570" height="1.5" bossFxColor="FF0000" bossFxWidth="0" navPriority="70" colliderRadius="0.8" />
<BattleAppearance appearanceId="20121580" height="1.5" bossFxColor="FF0000" bossFxWidth="0" navPriority="80" colliderRadius="0.8" />
<BattleAppearance appearanceId="30110001" height="2" bossFxColor="FF0000" bossFxWidth="1.39" navPriority="1" colliderRadius="0" />
<BattleAppearance appearanceId="30110030" height="2" bossFxColor="FF0000" bossFxWidth="1.39" navPriority="30" colliderRadius="0" />
<BattleAppearance appearanceId="30110040" height="2" bossFxColor="FF0000" bossFxWidth="1.39" navPriority="40" colliderRadius="0" />
<BattleAppearance appearanceId="30110050" height="2" bossFxColor="FF0000" bossFxWidth="1.39" navPriority="50" colliderRadius="0" />
<BattleAppearance appearanceId="30110060" height="2" bossFxColor="FF0000" bossFxWidth="1.39" navPriority="60" colliderRadius="0" />
<BattleAppearance appearanceId="30110070" height="2" bossFxColor="FF0000" bossFxWidth="1.39" navPriority="70" colliderRadius="0" />
<BattleAppearance appearanceId="30110080" height="2" bossFxColor="FF0000" bossFxWidth="1.39" navPriority="80" colliderRadius="0" />
<BattleAppearance appearanceId="30112001" height="2" bossFxColor="FF0000" bossFxWidth="1.39" navPriority="1" colliderRadius="1" />
<BattleAppearance appearanceId="30112030" height="2" bossFxColor="FF0000" bossFxWidth="1.39" navPriority="30" colliderRadius="1" />
<BattleAppearance appearanceId="30112040" height="2" bossFxColor="FF0000" bossFxWidth="1.39" navPriority="40" colliderRadius="1" />
<BattleAppearance appearanceId="30112050" height="2" bossFxColor="FF0000" bossFxWidth="1.39" navPriority="50" colliderRadius="1" />
<BattleAppearance appearanceId="30112060" height="2" bossFxColor="FF0000" bossFxWidth="1.39" navPriority="60" colliderRadius="1" />
<BattleAppearance appearanceId="30112070" height="2" bossFxColor="FF0000" bossFxWidth="1.39" navPriority="70" colliderRadius="1" />
<BattleAppearance appearanceId="30112080" height="2" bossFxColor="FF0000" bossFxWidth="1.39" navPriority="80" colliderRadius="1" />
<BattleAppearance appearanceId="30120001" height="2" bossFxColor="FF0000" bossFxWidth="0" navPriority="1" colliderRadius="0" />
<BattleAppearance appearanceId="30120030" height="2" bossFxColor="FF0000" bossFxWidth="0" navPriority="30" colliderRadius="0" />
<BattleAppearance appearanceId="30120040" height="2" bossFxColor="FF0000" bossFxWidth="0" navPriority="40" colliderRadius="0" />
<BattleAppearance appearanceId="30120050" height="2" bossFxColor="FF0000" bossFxWidth="0" navPriority="50" colliderRadius="0" />
<BattleAppearance appearanceId="30120060" height="2" bossFxColor="FF0000" bossFxWidth="0" navPriority="60" colliderRadius="0" />
<BattleAppearance appearanceId="30120070" height="2" bossFxColor="FF0000" bossFxWidth="0" navPriority="70" colliderRadius="0" />
<BattleAppearance appearanceId="30120080" height="2" bossFxColor="FF0000" bossFxWidth="0" navPriority="80" colliderRadius="0" />
<BattleAppearance appearanceId="30122001" height="2" bossFxColor="FF0000" bossFxWidth="0" navPriority="1" colliderRadius="1" />
<BattleAppearance appearanceId="30122030" height="2" bossFxColor="FF0000" bossFxWidth="0" navPriority="30" colliderRadius="1" />
<BattleAppearance appearanceId="30122040" height="2" bossFxColor="FF0000" bossFxWidth="0" navPriority="40" colliderRadius="1" />
<BattleAppearance appearanceId="30122050" height="2" bossFxColor="FF0000" bossFxWidth="0" navPriority="50" colliderRadius="1" />
<BattleAppearance appearanceId="30122060" height="2" bossFxColor="FF0000" bossFxWidth="0" navPriority="60" colliderRadius="1" />
<BattleAppearance appearanceId="30122070" height="2" bossFxColor="FF0000" bossFxWidth="0" navPriority="70" colliderRadius="1" />
<BattleAppearance appearanceId="30122080" height="2" bossFxColor="FF0000" bossFxWidth="0" navPriority="80" colliderRadius="1" />
<BattleAppearance appearanceId="40110001" height="2.5" bossFxColor="FF0000" bossFxWidth="1.39" navPriority="1" colliderRadius="0" />
<BattleAppearance appearanceId="40110030" height="2.5" bossFxColor="FF0000" bossFxWidth="1.39" navPriority="30" colliderRadius="0" />
<BattleAppearance appearanceId="40110040" height="2.5" bossFxColor="FF0000" bossFxWidth="1.39" navPriority="40" colliderRadius="0" />
<BattleAppearance appearanceId="40110050" height="2.5" bossFxColor="FF0000" bossFxWidth="1.39" navPriority="50" colliderRadius="0" />
<BattleAppearance appearanceId="40110060" height="2.5" bossFxColor="FF0000" bossFxWidth="1.39" navPriority="60" colliderRadius="0" />
<BattleAppearance appearanceId="40110070" height="2.5" bossFxColor="FF0000" bossFxWidth="1.39" navPriority="70" colliderRadius="0" />
<BattleAppearance appearanceId="40110080" height="2.5" bossFxColor="FF0000" bossFxWidth="1.39" navPriority="80" colliderRadius="0" />
<BattleAppearance appearanceId="40112501" height="2.5" bossFxColor="FF0000" bossFxWidth="1.39" navPriority="1" colliderRadius="1" />
<BattleAppearance appearanceId="40112530" height="2.5" bossFxColor="FF0000" bossFxWidth="1.39" navPriority="30" colliderRadius="1" />
<BattleAppearance appearanceId="40112540" height="2.5" bossFxColor="FF0000" bossFxWidth="1.39" navPriority="40" colliderRadius="1" />
<BattleAppearance appearanceId="40112550" height="2.5" bossFxColor="FF0000" bossFxWidth="1.39" navPriority="50" colliderRadius="1" />
<BattleAppearance appearanceId="40112560" height="2.5" bossFxColor="FF0000" bossFxWidth="1.39" navPriority="60" colliderRadius="1" />
<BattleAppearance appearanceId="40112570" height="2.5" bossFxColor="FF0000" bossFxWidth="1.39" navPriority="70" colliderRadius="1" />
<BattleAppearance appearanceId="40112580" height="2.5" bossFxColor="FF0000" bossFxWidth="1.39" navPriority="80" colliderRadius="1" />
<BattleAppearance appearanceId="40120001" height="2.5" bossFxColor="FF0000" bossFxWidth="0" navPriority="1" colliderRadius="0" />
<BattleAppearance appearanceId="40120030" height="2.5" bossFxColor="FF0000" bossFxWidth="0" navPriority="30" colliderRadius="0" />
<BattleAppearance appearanceId="40120040" height="2.5" bossFxColor="FF0000" bossFxWidth="0" navPriority="40" colliderRadius="0" />
<BattleAppearance appearanceId="40120050" height="2.5" bossFxColor="FF0000" bossFxWidth="0" navPriority="50" colliderRadius="0" />
<BattleAppearance appearanceId="40120060" height="2.5" bossFxColor="FF0000" bossFxWidth="0" navPriority="60" colliderRadius="0" />
<BattleAppearance appearanceId="40120070" height="2.5" bossFxColor="FF0000" bossFxWidth="0" navPriority="70" colliderRadius="0" />
<BattleAppearance appearanceId="40120080" height="2.5" bossFxColor="FF0000" bossFxWidth="0" navPriority="80" colliderRadius="0" />
<BattleAppearance appearanceId="40122501" height="2.5" bossFxColor="FF0000" bossFxWidth="0" navPriority="1" colliderRadius="1" />
<BattleAppearance appearanceId="40122530" height="2.5" bossFxColor="FF0000" bossFxWidth="0" navPriority="30" colliderRadius="1" />
<BattleAppearance appearanceId="40122540" height="2.5" bossFxColor="FF0000" bossFxWidth="0" navPriority="40" colliderRadius="1" />
<BattleAppearance appearanceId="40122550" height="2.5" bossFxColor="FF0000" bossFxWidth="0" navPriority="50" colliderRadius="1" />
<BattleAppearance appearanceId="40122560" height="2.5" bossFxColor="FF0000" bossFxWidth="0" navPriority="60" colliderRadius="1" />
<BattleAppearance appearanceId="40122570" height="2.5" bossFxColor="FF0000" bossFxWidth="0" navPriority="70" colliderRadius="1" />
<BattleAppearance appearanceId="40122580" height="2.5" bossFxColor="FF0000" bossFxWidth="0" navPriority="80" colliderRadius="1" />
</dataset>