<?xml version="1.0" encoding="UTF-8"?>
<dataset>
<BubblePop levelId="100001" nodeId="102" triggerFunc="4" tp1="1" tp2="6" tp3="0" textList="1" triggerNum="1" soundID="0" cdTime="1.5" />
<BubblePop levelId="100001" nodeId="201" triggerFunc="4" tp1="1" tp2="4" tp3="0" textList="2" triggerNum="1" soundID="0" cdTime="1.5" />
<BubblePop levelId="100001" nodeId="301" triggerFunc="4" tp1="1" tp2="4" tp3="0" textList="3" triggerNum="1" soundID="0" cdTime="1.5" />
<BubblePop levelId="100001" nodeId="510" triggerFunc="1" tp1="240011" tp2="0" tp3="0" textList="5" triggerNum="2" soundID="0" cdTime="1.5" />
<BubblePop levelId="100001" nodeId="510" triggerFunc="2" tp1="0" tp2="0" tp3="0" textList="6" triggerNum="1" soundID="0" cdTime="1.5" />
<BubblePop levelId="100101" nodeId="410" triggerFunc="0" tp1="0" tp2="0" tp3="0" textList="7" triggerNum="1" soundID="0" cdTime="1.5" />
<BubblePop levelId="100101" nodeId="410" triggerFunc="5" tp1="0" tp2="0" tp3="0" textList="8" triggerNum="2" soundID="0" cdTime="1.5" />
<BubblePop levelId="100102" nodeId="310" triggerFunc="1" tp1="237303" tp2="0" tp3="0" textList="9" triggerNum="2" soundID="0" cdTime="1.5" />
<BubblePop levelId="100103" nodeId="2" triggerFunc="5" tp1="0" tp2="0" tp3="0" textList="1020" triggerNum="200000" soundID="0" cdTime="1.5" />
<BubblePop levelId="100107" nodeId="310" triggerFunc="1" tp1="240111" tp2="0" tp3="0" textList="30" triggerNum="1" soundID="0" cdTime="1.5" />
<BubblePop levelId="100107" nodeId="310" triggerFunc="1" tp1="240131" tp2="0" tp3="0" textList="30" triggerNum="1" soundID="0" cdTime="1.5" />
<BubblePop levelId="100202" nodeId="2" triggerFunc="0" tp1="0" tp2="0" tp3="0" textList="10|11" triggerNum="2" soundID="0" cdTime="1.5" />
<BubblePop levelId="100202" nodeId="3" triggerFunc="0" tp1="0" tp2="0" tp3="0" textList="10|11" triggerNum="2" soundID="0" cdTime="1.5" />
<BubblePop levelId="100202" nodeId="110" triggerFunc="5" tp1="0" tp2="0" tp3="0" textList="12" triggerNum="1" soundID="0" cdTime="1.5" />
<BubblePop levelId="100203" nodeId="2" triggerFunc="5" tp1="0" tp2="0" tp3="0" textList="13|14" triggerNum="200000" soundID="0" cdTime="1.5" />
<BubblePop levelId="100203" nodeId="2" triggerFunc="3" tp1="1" tp2="12" tp3="0" textList="15|16" triggerNum="3" soundID="0" cdTime="1.5" />
<BubblePop levelId="100203" nodeId="110" triggerFunc="4" tp1="1" tp2="6" tp3="0" textList="17|18" triggerNum="3" soundID="0" cdTime="1.5" />
<BubblePop levelId="100203" nodeId="110" triggerFunc="5" tp1="0" tp2="0" tp3="0" textList="19" triggerNum="3" soundID="0" cdTime="1.5" />
<BubblePop levelId="100205" nodeId="2" triggerFunc="5" tp1="0" tp2="0" tp3="0" textList="13|14" triggerNum="200000" soundID="0" cdTime="1.5" />
<BubblePop levelId="100207" nodeId="310" triggerFunc="1" tp1="240211" tp2="0" tp3="0" textList="40" triggerNum="2" soundID="0" cdTime="1.5" />
<BubblePop levelId="100306" nodeId="2" triggerFunc="5" tp1="0" tp2="0" tp3="0" textList="1010" triggerNum="3" soundID="0" cdTime="1.5" />
<BubblePop levelId="100306" nodeId="2" triggerFunc="3" tp1="1" tp2="12" tp3="0" textList="15|2010" triggerNum="3" soundID="0" cdTime="1.5" />
<BubblePop levelId="100307" nodeId="310" triggerFunc="1" tp1="240311" tp2="0" tp3="0" textList="50" triggerNum="2" soundID="0" cdTime="1.5" />
<BubblePop levelId="100403" nodeId="2" triggerFunc="5" tp1="0" tp2="0" tp3="0" textList="1020" triggerNum="3" soundID="0" cdTime="1.5" />
<BubblePop levelId="100403" nodeId="2" triggerFunc="3" tp1="1" tp2="12" tp3="0" textList="15" triggerNum="3" soundID="0" cdTime="1.5" />
<BubblePop levelId="100409" nodeId="310" triggerFunc="1" tp1="240411" tp2="0" tp3="0" textList="60" triggerNum="2" soundID="0" cdTime="1.5" />
<BubblePop levelId="100506" nodeId="2" triggerFunc="5" tp1="0" tp2="0" tp3="0" textList="1030" triggerNum="3" soundID="0" cdTime="1.5" />
<BubblePop levelId="100509" nodeId="310" triggerFunc="1" tp1="240511" tp2="0" tp3="0" textList="70" triggerNum="2" soundID="0" cdTime="1.5" />
<BubblePop levelId="100603" nodeId="2" triggerFunc="5" tp1="0" tp2="0" tp3="0" textList="13|14" triggerNum="4" soundID="0" cdTime="1.5" />
<BubblePop levelId="100603" nodeId="2" triggerFunc="3" tp1="1" tp2="12" tp3="0" textList="15" triggerNum="3" soundID="0" cdTime="1.5" />
<BubblePop levelId="100605" nodeId="2" triggerFunc="5" tp1="0" tp2="0" tp3="0" textList="1010" triggerNum="3" soundID="0" cdTime="1.5" />
<BubblePop levelId="100605" nodeId="2" triggerFunc="3" tp1="1" tp2="12" tp3="0" textList="15" triggerNum="3" soundID="0" cdTime="1.5" />
<BubblePop levelId="100703" nodeId="2" triggerFunc="5" tp1="0" tp2="0" tp3="0" textList="13|14" triggerNum="4" soundID="0" cdTime="1.5" />
<BubblePop levelId="100703" nodeId="2" triggerFunc="3" tp1="1" tp2="12" tp3="0" textList="15|2010" triggerNum="3" soundID="0" cdTime="1.5" />
<BubblePop levelId="100708" nodeId="2" triggerFunc="5" tp1="0" tp2="0" tp3="0" textList="1020" triggerNum="3" soundID="0" cdTime="1.5" />
<BubblePop levelId="100708" nodeId="2" triggerFunc="3" tp1="1" tp2="12" tp3="0" textList="15" triggerNum="3" soundID="0" cdTime="1.5" />
<BubblePop levelId="100803" nodeId="2" triggerFunc="5" tp1="0" tp2="0" tp3="0" textList="1040" triggerNum="3" soundID="0" cdTime="1.5" />
<BubblePop levelId="100803" nodeId="2" triggerFunc="3" tp1="1" tp2="12" tp3="0" textList="15" triggerNum="3" soundID="0" cdTime="1.5" />
<BubblePop levelId="100805" nodeId="2" triggerFunc="3" tp1="1" tp2="10" tp3="0" textList="2020" triggerNum="2" soundID="0" cdTime="1.5" />
<BubblePop levelId="100903" nodeId="2" triggerFunc="5" tp1="0" tp2="0" tp3="0" textList="1020" triggerNum="3" soundID="0" cdTime="1.5" />
<BubblePop levelId="100903" nodeId="2" triggerFunc="3" tp1="1" tp2="12" tp3="0" textList="15" triggerNum="3" soundID="0" cdTime="1.5" />
<BubblePop levelId="100906" nodeId="2" triggerFunc="5" tp1="0" tp2="0" tp3="0" textList="1020" triggerNum="3" soundID="0" cdTime="1.5" />
<BubblePop levelId="100906" nodeId="2" triggerFunc="3" tp1="1" tp2="12" tp3="0" textList="15" triggerNum="3" soundID="0" cdTime="1.5" />
<BubblePop levelId="101103" nodeId="2" triggerFunc="2" tp1="0" tp2="0" tp3="0" textList="1050" triggerNum="1" soundID="800230" cdTime="1.5" />
<BubblePop levelId="101106" nodeId="2" triggerFunc="2" tp1="0" tp2="0" tp3="0" textList="1050" triggerNum="1" soundID="800230" cdTime="1.5" />
</dataset>