<?xml version="1.0" encoding="UTF-8"?>
<dataset>
<CanShu key="SHANGHAI_GONGSHI_XISHU1" value="2" desc="伤害公式系数1" />
<CanShu key="SHANGHAI_GONGSHI_XISHU2" value="2" desc="伤害公式系数2" />
<CanShu key="SHANGHAI_GONGSHI_XISHU3" value="5" desc="伤害公式系数3" />
<CanShu key="ADD_TILI_INTERVAL_TIME" value="360000" desc="增加体力间隔时间（毫秒）" />
<CanShu key="ADD_TILI_INTERVAL_VALUE" value="1" desc="每次增加体力值" />
<CanShu key="ADD_XILIAN_VALUE" value="1" desc="自动添加装备洗练次数的值" />
<CanShu key="ADD_XILIAN_INTERVAL_TIME" value="3600000" desc="自动添加装备洗练次数的间隔时间（毫秒）" />
<CanShu key="ADD_MIBAODIANSHU_INTERVAL_TIME" value="60" desc="秘宝点数增加的间隔时间" />
<CanShu key="FREE_XILIAN_TIMES_MAX" value="10" desc="装备免费洗练次数的上限" />
<CanShu key="JUNZHU_PUGONG_QUANZHONG" value="0.6" desc="君主普攻权重" />
<CanShu key="JUNZHU_PUGONG_BEISHU" value="1.5" desc="君主普攻倍数" />
<CanShu key="JUNZHU_JINENG_QUANZHONG" value="0.4" desc="君主技能权重" />
<CanShu key="JUNZHU_JINENG_BEISHU" value="2.25" desc="君主技能倍数" />
<CanShu key="JUNZHU_MIBAOJIACHENG_BD" value="0.02" desc="秘宝技能加成K1" />
<CanShu key="JUNZHU_MIBAOJIACHENG_ZD" value="0.1" desc="秘宝技能加成K2" />
<CanShu key="WUJIANG_PUGONG_QUANZHONG" value="0.7" desc="武将普攻权重" />
<CanShu key="WUJIANG_PUGONG_BEISHU" value="0.5" desc="武将普攻倍数" />
<CanShu key="WUJIANG_JINENG_QUANZHONG" value="0.3" desc="武将技能权重" />
<CanShu key="WUJIANG_JINENG_BEISHU" value="1" desc="武将技能倍数" />
<CanShu key="SHIBING_PUGONG_QUANZHONG" value="1" desc="士兵普攻权重" />
<CanShu key="SHIBING_PUGONG_BEISHU" value="0.25" desc="士兵普攻倍数" />
<CanShu key="SHIBING_JINENG_QUANZHONG" value="0" desc="士兵技能权重" />
<CanShu key="SHIBING_JINENG_BEISHU" value="0" desc="士兵技能倍数" />
<CanShu key="ZHANLI_M" value="1" desc="战力计算参数m" />
<CanShu key="ZHANLI_C" value="20" desc="战力计算参数c" />
<CanShu key="ZHANLI_R" value="4.45" desc="战力计算参数r" />
<CanShu key="ZHANLI_L" value="500" desc="战力计算参数L" />
<CanShu key="ZHANLI_k1" value="0.17" desc="战力计算参数k1" />
<CanShu key="ZHANLI_k2" value="0.085" desc="战力计算参数k2" />
<CanShu key="ZHANLI_m1" value="0.5" desc="战力计算参数m1" />
<CanShu key="ZHANLI_m2" value="0" desc="战力计算参数m2" />
<CanShu key="CHUSHIHUA_CHUANDAIZHUANGBEI_1" value="101001" desc="初始穿戴重武器" />
<CanShu key="CHUSHIHUA_CHUANDAIZHUANGBEI_2" value="101002" desc="初始穿戴轻武器" />
<CanShu key="CHUSHIHUA_CHUANDAIZHUANGBEI_3" value="0" desc="初始穿戴弓" />
<CanShu key="DAYTIMES_LEGENDPVE" value="5" desc="传奇关每日可打次数" />
<CanShu key="MAXTIME_PVE" value="240" desc="过关斩将每关最长时间（秒）" />
<CanShu key="MAXTIME_BAIZHAN" value="90" desc="百战千军每场最长时间（秒）" />
<CanShu key="MAXTIME_HUANGYE_PVE" value="90" desc="荒野藏宝点挑战每场最长时间（秒）" />
<CanShu key="MAXTIME_HUANGYE_PVP" value="120" desc="荒野资源点挑战每场最长时间（秒）" />
<CanShu key="MAXTIME_JIEBIAO" value="90" desc="劫镖战斗最大时间（秒）" />
<CanShu key="MAXTIME_LUEDUO" value="90" desc="掠夺战斗最大时间（秒）" />
<CanShu key="LIANMENG_CREATE_COST" value="500" desc="联盟创建花费元宝" />
<CanShu key="BAIZHAN_LVEDUO_JIANSHEZHI" value="50" desc="百战掠夺损失的建设值" />
<CanShu key="BAIZHAN_LVEDUO_K" value="0.1" desc="百战掠夺威望损失系数" />
<CanShu key="BAIZHAN_FIRSTWIN_YUANBAO" value="150" desc="百战首胜元宝奖励加成" />
<CanShu key="BAIZHAN_NPC_WEIWANG" value="500" desc="百战NPC初始化威望数" />
<CanShu key="BAIZHAN_WEIWANG_ADDLIMIT" value="100000" desc="百战每日威望增加上限" />
<CanShu key="BAIZHAN_FREE_TIMES" value="5" desc="百战每日免费次数" />
<CanShu key="YUEKA_TIME" value="30" desc="月卡有效时间（天）" />
<CanShu key="ZHOUKA_TIME" value="7" desc="周卡有效时间（天）" />
<CanShu key="YUEKA_YUANBAO" value="120" desc="月卡每日返回元宝数" />
<CanShu key="ZHONGSHENKA_YUANBAO" value="150" desc="终身卡每日返回元宝数" />
<CanShu key="ZHOUKA_YUANBAO" value="100" desc="周卡每日返回元宝数" />
<CanShu key="CHAT_WORLD_INTERVAL_TIME" value="10" desc="世界聊天最短间隔时间（秒）" />
<CanShu key="CHAT_ALLIANCE_INTERVAL_TIME" value="0" desc="联盟最短间隔时间（秒）" />
<CanShu key="CHAT_BROADCAST_INTERVAL_TIME" value="10" desc="广播频道最短间隔时间（秒）" />
<CanShu key="CHAT_SECRET_INTERVAL_TIME" value="0" desc="私聊频道最短时间间隔（秒）" />
<CanShu key="CHAT_MAX_WORDS" value="150" desc="聊天输入最大字数（个）" />
<CanShu key="HUANGYEPVE_AWARD_X" value="0.002" desc="荒野宝藏点奖励系数X" />
<CanShu key="HUANGYEPVP_PRODUCE_P" value="0" desc="荒野资源点生产奖励系数P" />
<CanShu key="HUANGYEPVP_KILL_K" value="0" desc="荒野资源点击杀奖励系数K" />
<CanShu key="HUANGYEPVP_AWARDTIME" value="21:00" desc="荒野资源点发生产奖励时间" />
<CanShu key="REFRESHTIME_DANGPU" value="9:00,21:00" desc="当铺刷新时间" />
<CanShu key="REFRESHTIME_DUIHUAN" value="9,21" desc="代币商店刷新时间" />
<CanShu key="REFRESHTIME_YUANBAOXILIAN" value="0:00" desc="元宝洗练价格重置时间" />
<CanShu key="REFRESHTIME_GAOJIFANGWU" value="22" desc="高级房屋更新时间" />
<CanShu key="ENDTIME_PVE_WIN" value="2" desc="推图（普通、传奇）获胜等待时间（秒）" />
<CanShu key="ENDTIME_PVE_LOSE" value="1" desc="推图（普通、传奇）失败等待时间（秒）" />
<CanShu key="ENDTIME_BAIZHAN_WIN" value="2" desc="百战获胜等待时间（秒）" />
<CanShu key="ENDTIME_BAIZHAN_LOSE" value="1" desc="百战失败等待时间（秒）" />
<CanShu key="LASTTIME_PVE" value="30" desc="倒计时高亮显示时间（秒）" />
<CanShu key="ENDTIME_YOUXIA" value="0" desc="游侠结束等待时间（秒）" />
<CanShu key="PURCHASE_GONGBI" value="3000" desc="购买铜币参数" />
<CanShu key="HUANGYEPVE_FASTCLEAR_TIME" value="86400" desc="荒野宝藏点快速通关时间（秒）" />
<CanShu key="FANGWUJINGPAI_1" value="0" desc="房屋贡献值每日衰减率" />
<CanShu key="FANGWUJINGPAI_2" value="0" desc="竞拍贡献百分比" />
<CanShu key="FANGWUJINGPAI_3" value="0" desc="竞拍房屋贡献值增率" />
<CanShu key="FANGWUJINGPAI_4" value="0" desc="贡献值返还衰减" />
<CanShu key="MEIRI_DINGSHIZENGSONG_TILI" value="50" desc="每日定时赠送体力" />
<CanShu key="TILI_JILEI_SHANGXIAN" value="999" desc="体力积累上限" />
<CanShu key="TONGBI_TANBAO_REFRESHTIME" value="600" desc="铜币探宝冷却时间（秒）" />
<CanShu key="YUANBAO_TANBAO_REFRESHTIME" value="82800" desc="元宝探宝冷却时间（秒）" />
<CanShu key="TONGBI_TANBAO_BAODI" value="100" desc="铜币探宝保底概率" />
<CanShu key="YUANBAO_TANBAO_BAODI" value="125" desc="元宝探宝保底概率" />
<CanShu key="TONGBI_TANBAO_FREETIMES" value="5" desc="铜币探宝每日免费次数（秒）" />
<CanShu key="MOVESPEED_CHENGNEI_JUNZHU" value="2" desc="城内君主移动速度倍数" />
<CanShu key="BATTLE_SLOWDOWN_VALUE" value="0.25" desc="战斗胜利或失败慢动作速率" />
<CanShu key="BATTLE_SLOWDOWN_TIME" value="2" desc="战斗胜利或失败慢动作持续时间" />
<CanShu key="XILIANADD_MIN" value="-3" desc="洗练增值最小值" />
<CanShu key="XILIANADD_MAX" value="3" desc="洗练增值最大值" />
<CanShu key="YUNBIAO_MAXNUM" value="2" desc="每日运镖次数" />
<CanShu key="JIEBIAO_MAXNUM" value="5" desc="每日劫镖次数" />
<CanShu key="JIEBIAO_CD" value="120" desc="劫镖后冷却时间（秒）" />
<CanShu key="CART_MAXNUM" value="15" desc="场景中最多马车数" />
<CanShu key="JIEBIAO_RESULTBACK_MAXTIME" value="100" desc="劫镖结果反馈最大时间（秒）" />
<CanShu key="REFRESHTIME_YUNBIAO" value="0:00" desc="运镖次数重置时间" />
<CanShu key="OPENTIME_YUNBIAO" value="8:00" desc="运镖开启时间" />
<CanShu key="CLOSETIME_YUNBIAO" value="23:00" desc="运镖关闭时间" />
<CanShu key="OPENTIME_LUEDUO" value="8:00" desc="掠夺开启时间" />
<CanShu key="CLOSETIME_LUEDUO" value="21:55" desc="掠夺关闭时间" />
<CanShu key="LUEDUO_MAXNUM" value="5" desc="每日掠夺次数" />
<CanShu key="LUEDUO_CD" value="600" desc="掠夺冷却时间（秒）" />
<CanShu key="TIANFULV_DIANSHUADD1" value="10" desc="增加点数所需天赋等级1" />
<CanShu key="TIANFULV_DIANSHUADD2" value="20" desc="增加点数所需天赋等级2" />
<CanShu key="TIANFULV_DIANSHUADD3" value="30" desc="增加点数所需天赋等级3" />
<CanShu key="TIANFULV_DIANSHUADD4" value="40" desc="增加点数所需天赋等级4" />
<CanShu key="TIANFULV_DIANSHUADD5" value="50" desc="增加点数所需天赋等级5" />
<CanShu key="VIPLV_ININT" value="0" desc="初始VIP等级" />
<CanShu key="IS_YUEKA_INIT" value="0" desc="是否默认购买月卡" />
<CanShu key="YUNBIAOASSISTANCE_INVITEDMAXNUM" value="5" desc="玩家每日协助他人次数上限" />
<CanShu key="YUNBIAOASSISTANCE_MAXNUM" value="99" desc="每次运镖协助人数上限" />
<CanShu key="YUNBIAOASSISTANCE_GAIN_SUCCEED" value="100" desc="协助运镖成功帮贡收益" />
<CanShu key="YUNBIAOASSISTANCE_GAIN_FAIL" value="0" desc="协助运镖失败帮贡收益" />
<CanShu key="YUNBIAOASSISTANCE_HPBONUS" value="0.2" desc="协助运镖玩家血量对护盾血量加成系数" />
<CanShu key="YUNBIAO_GONGXIAN_ADD" value="50" desc="运镖成功获得帮贡" />
<CanShu key="YUNBIAO_JIANSHE_ADD" value="50" desc="运镖成功获得建设值" />
<CanShu key="JIEBIAO_JIANSHE_ADD" value="30" desc="劫镖成功获得建设值" />
<CanShu key="LUEDUO_PROTECTTIME" value="600" desc="掠夺保护时间（秒）" />
<CanShu key="LUEDUO_RECOVER_INTERVAL_TIME" value="720" desc="掠夺回血间隔（秒）" />
<CanShu key="LUEDUO_RECOVER_PERCENT" value="5" desc="掠夺回血百分比" />
<CanShu key="LUEDUO_RESOURCE_PERCENT" value="0.3" desc="掠夺资源百分比" />
<CanShu key="LUEDUO_JIANSHE_REDUCE" value="50" desc="掠夺联盟损失建设值" />
<CanShu key="LUEDUO_FAIL_JIANSHE_ADD" value="30" desc="掠夺失败联盟增加建设值" />
<CanShu key="LUEDUO_RESOURCE_MINNUM" value="0" desc="资源最小值" />
<CanShu key="LUEDUO_HAND_DAYMINNUM" value="1000" desc="掠夺上缴最小值" />
<CanShu key="LUEDUO_HAND_WEEKMINNUM" value="3000" desc="掠夺上缴最小值" />
<CanShu key="LUEDUO_DAYAWARD_GIVETIME" value="24:00" desc="日奖励发放时间" />
<CanShu key="LUEDUO_WEEKWARD_GIVETIME" value="24:00" desc="周奖励发放时间" />
<CanShu key="LUEDUO_PERSONRANKAWARD_GIVETIME" value="22:00" desc="贡金个人排行奖励发放时间" />
<CanShu key="LUEDUO_LIANMENGRANKAWARD_GIVETIME" value="22:00" desc="贡金联盟排行奖励发放时间" />
<CanShu key="LUEDUO_GONGJIN_INIT" value="500" desc="初始化贡金数" />
<CanShu key="LUEDUO_CANSHU_L" value="30" desc="掠夺参数L" />
<CanShu key="LUEDUO_CANSHU_N" value="0.15" desc="掠夺参数N" />
<CanShu key="LUEDUO_CANSHU_M" value="0.3" desc="掠夺参数M" />
<CanShu key="LUEDUO_CANSHU_X" value="10" desc="掠夺参数X" />
<CanShu key="LUEDUO_CANSHU_Y" value="20" desc="掠夺参数Y" />
<CanShu key="LUEDUO_CANSHU_Z" value="5" desc="掠夺参数Z" />
<CanShu key="LUEDUO_CANSHU_A" value="10" desc="掠夺参数A" />
<CanShu key="LUEDUO_CANSHU_B" value="20" desc="掠夺参数B" />
<CanShu key="LUEDUO_CANSHU_C" value="5" desc="掠夺参数C" />
<CanShu key="REFRESHTIME" value="4" desc="次数重置时间" />
<CanShu key="LUEDUO_COMFORTED_AWARD_K" value="0.01" desc="掠夺被安慰奖励系数k" />
<CanShu key="LUEDUO_COMFORTED_AWARD_B" value="0" desc="掠夺被安慰奖励参数b" />
<CanShu key="LUEDUO_AWARDEDCOMFORT_MAXTIMES" value="5" desc="安慰被掠夺盟友有奖励的次数" />
<CanShu key="YUNBIAO_AWARDEDCOMFORT_MAXTIMES" value="5" desc="安慰被劫镖盟友有奖励的次数" />
<CanShu key="RANK_MAXNUM" value="5000" desc="排行榜最大名次" />
<CanShu key="RANK_MINLEVEL" value="20" desc="排行榜最低等级" />
<CanShu key="REFRESHTIME_PURCHASE" value="4" desc="购买次数重置时间" />
<CanShu key="REFRESHTIME_MEIRIRENWU" value="4" desc="每日任务重置时间" />
<CanShu key="REFRESHTIME_MOBAI" value="4" desc="膜拜重置时间" />
<CanShu key="REFRESHTIME_LULITONGXIN" value="4" desc="勠力同心重置时间" />
<CanShu key="REFRESHTIME_SAODANG" value="4" desc="免费扫荡次数重置时间" />
<CanShu key="REFRESHTIME_MIANFEITANBAO" value="4" desc="免费探宝重置时间" />
<CanShu key="REFRESHTIME_MIANFEIXILIAN" value="4" desc="免费洗练重置时间" />
<CanShu key="REFRESHTIME_FANGWUSHENGJI" value="4" desc="升级房屋次数重置时间" />
<CanShu key="XILIANZHI_Free" value="1" desc="单次免费洗练值" />
<CanShu key="XILIANZHI_YUANBAO" value="1" desc="单次元宝洗练值" />
<CanShu key="XILIANSHI_MAXTIMES" value="99" desc="每日洗练石洗练次数上限" />
<CanShu key="XILIANZHI_MAX" value="100" desc="洗练值上限" />
<CanShu key="WEIWANG_INIT" value="480" desc="初始可领取威望" />
<CanShu key="WUQI_BAOJILV" value="0.2" desc="初始武器暴击率" />
<CanShu key="JINENG_BAOJILV" value="0.2" desc="初始技能暴击率" />
<CanShu key="GONGJICHOUHEN_ADD" value="30" desc="攻击仇恨值增量" />
<CanShu key="GONGJICHOUHEN_TIME" value="5" desc="攻击仇恨值持续时间（秒）" />
<CanShu key="ATTACK_LOCKENEMY_RANGE" value="12" desc="攻击锁敌范围（米）" />
<CanShu key="NUQI_HEAVY" value="65" desc="重武器怒气参数" />
<CanShu key="NUQI_LIGHT" value="100" desc="轻武器怒气参数" />
<CanShu key="NUQI_RANGE" value="83" desc="弓箭怒气参数" />
<CanShu key="NUQI_HEAVY_SKILL1" value="25" desc="八荒烈日怒气参数" />
<CanShu key="NUQI_HEAVY_SKILL2" value="126" desc="乾坤斗转怒气参数" />
<CanShu key="NUQI_LIGHT_SKILL1" value="23" desc="绝影星光斩怒气参数" />
<CanShu key="NUQI_LIGHT_SKILL2" value="67" desc="血迹烙印怒气参数" />
<CanShu key="NUQI_RANGE_SKILL1" value="43" desc="追星箭怒气参数" />
<CanShu key="NUQI_RANGE_SKILL2" value="16" desc="寒冰箭怒气参数" />
<CanShu key="NUQI_SHENGMING_REDUCE" value="7000" desc="受伤怒气参数" />
<CanShu key="NUQI_MAX" value="14000" desc="怒气最终上限" />
<CanShu key="NUQI_MAX_0" value="9000" desc="第0关怒气最终上限" />
<CanShu key="LIANMENG_JIBAI_PRICE" value="100" desc="单次联盟祭拜花费贡献" />
<CanShu key="JIBAI_AWARD201_SUIJICISHU" value="1" desc="联盟祭拜award组201随机次数" />
<CanShu key="JIBAI_AWARD202_SUIJICISHU" value="3" desc="联盟祭拜award组202随机次数" />
<CanShu key="JIBAI_AWARD203_SUIJICISHU" value="6" desc="联盟祭拜award组203随机次数" />
<CanShu key="JIBAI_AWARD201_SUIJIQUANZHONG" value="10" desc="联盟祭拜award组201随机权重" />
<CanShu key="JIBAI_AWARD202_SUIJIQUANZHONG" value="30" desc="联盟祭拜award组202随机权重" />
<CanShu key="JIBAI_AWARD203_SUIJIQUANZHONG" value="60" desc="联盟祭拜award组203随机权重" />
<CanShu key="JIBAI_AWARD_RESETTIME" value="4:00" desc="联盟祭拜奖励重置时间" />
<CanShu key="BROADCAST_PRICE" value="100" desc="广播频道价格（元宝）" />
<CanShu key="WORLDCHAT_PRICE" value="50" desc="世界聊天价格（元宝）" />
<CanShu key="WORLDCHAT_FREETIMES" value="99" desc="世界聊天免费次数" />
<CanShu key="QIEWUQI_CD_X" value="1" desc="自动切武器的CD（秒）" />
<CanShu key="QIEWUQI_CD_Y" value="5" desc="自动切武器的CD（秒）" />
<CanShu key="QIEWUQI_AI_PANDINGJULI" value="8" desc="AI切武器判定剧情（米）" />
<CanShu key="EXPEL_TIMELIMIT" value="30" desc="驱逐时间限制（分钟）" />
<CanShu key="EXPEL_DAYTIMES" value="20" desc="每日驱逐次数" />
<CanShu key="EXPEL_CD" value="60" desc="每次驱逐CD（S）" />
<CanShu key="FANGWU_INITIAL_EXP" value="300" desc="房屋初始经验" />
<CanShu key="JION_ALLIANCE_LV_MINI" value="9" desc="加入联盟最低等级限制" />
<CanShu key="CONGRATULATE_AWARD_K" value="-5" desc="恭贺奖励系数K" />
<CanShu key="CONGRATULATE_AWARD_B" value="55" desc="恭贺奖励系数B" />
<CanShu key="BIAOQING_INTERVAL" value="3" desc="表情持续时间（秒）" />
<CanShu key="GREETED_CD" value="60" desc="被打招呼的CD（秒）" />
<CanShu key="BOX_SEARCH_RANGE" value="3" desc="十连副本宝箱寻找半径（米）" />
<CanShu key="BOX_GET_MAX" value="10" desc="十连副本宝箱拾取上限" />
<CanShu key="ARMOR_B" value="0" desc="破防值系数B" />
<CanShu key="ARMOR_RECOVERYTIME1" value="5" desc="破防值回复时间1（秒）" />
<CanShu key="ARMOR_RECOVERYTIME2" value="10" desc="破防值回复时间2（秒）" />
<CanShu key="ARMOR_RECOVERYRATE" value="5" desc="破防值回复速率" />
<CanShu key="JIAPIAN_ORANGE_NUM" value="25" desc="兑换橙色符文所需甲片数量" />
<CanShu key="LIEFU_FREETIMES_REFRESH" value="4:00" desc="猎符免费次数刷新时间" />
<CanShu key="UNLOCK_ROLE_PIRCE" value="500" desc="解锁单个角色价格（元宝）" />
<CanShu key="TRANSFORM_ROLE_CD" value="5" desc="转换角色造型CD（天）" />
<CanShu key="CHANGE_NAME_CD" value="48" desc="改名CD（小时）" />
<CanShu key="LIANMENG_LVLUP_REDUCE" value="2" desc="联盟升级加速缩短时间（小时）" />
<CanShu key="CHANGE_COUNTRY_COST" value="200" desc="转国消耗虎符数量" />
<CanShu key="CHANGE_COUNTRY_CD" value="48" desc="转国CD(小时）" />
<CanShu key="MENGZHU_OFFLINE_REMIND" value="24" desc="盟主离线提醒时间（小时）" />
<CanShu key="CHENGZHANGJIJIN_VIP" value="3" desc="购买成长基金所需VIP等级" />
<CanShu key="CHENGZHANGJIJIN_COST" value="1000" desc="购买成长基金花费元宝" />
<CanShu key="CHENGZHANGJIJIN_REBATE" value="15000" desc="购买成长基金返利元宝" />
<CanShu key="EQUIPMENT_FREETIMES" value="2" desc="装备铺免费购买次数" />
<CanShu key="BAOSHI_FREETIMES" value="2" desc="珍宝行免费购买次数" />
<CanShu key="QIANGHUA_FREETIMES" value="2" desc="石料店免费购买次数" />
<CanShu key="JINGQI_FREETIMES" value="2" desc="益精堂免费购买次数" />
<CanShu key="LIANMXIAOWU_EXP" value="50" desc="联盟小屋提醒经验领取的百分比" />
<CanShu key="LIEFU_BLUE_FIRSTAWARD" value="310=100" desc="首次蓝色猎符奖励" />
<CanShu key="ZHUANGBEI_FIRSTAWARD" value="1100=100" desc="首次购买装备奖励" />
<CanShu key="SHILIAN_CLEARCD_COST" value="50" desc="清除试炼冷却花费元宝" />
</dataset>