<?xml version="1.0" encoding="UTF-8"?>
<dataset>
<CartPath id="1" position="1" x="-190" z="-26.47" />
<CartPath id="1" position="2" x="-177.5" z="-35.8" />
<CartPath id="1" position="3" x="-160.86" z="-9.02" />
<CartPath id="1" position="4" x="-146.29" z="-4.74" />
<CartPath id="1" position="5" x="-123.13" z="-8.82" />
<CartPath id="1" position="6" x="-112.82" z="6.38" />
<CartPath id="1" position="7" x="-99.26" z="9.74" />
<CartPath id="1" position="8" x="-77.88" z="23.38" />
<CartPath id="1" position="9" x="-58.86" z="18.88" />
<CartPath id="1" position="10" x="-24.81" z="14.72" />
<CartPath id="1" position="11" x="-3.64" z="-6.18" />
<CartPath id="1" position="12" x="3.9" z="-20.75" />
<CartPath id="1" position="13" x="16.62" z="-27.53" />
<CartPath id="1" position="14" x="33.48" z="-29.76" />
<CartPath id="1" position="15" x="38.29" z="-39.66" />
<CartPath id="1" position="16" x="27.48" z="-48.5" />
<CartPath id="1" position="17" x="13.21" z="-56.47" />
<CartPath id="1" position="18" x="20.27" z="-63.37" />
<CartPath id="2" position="1" x="-95.07" z="101.41" />
<CartPath id="2" position="2" x="-90.1" z="91.67" />
<CartPath id="2" position="3" x="-87.52" z="82.78" />
<CartPath id="2" position="4" x="-105.12" z="78.24" />
<CartPath id="2" position="5" x="-115.75" z="62.81" />
<CartPath id="2" position="6" x="-102.2" z="44.94" />
<CartPath id="2" position="7" x="-84.15" z="27.24" />
<CartPath id="2" position="8" x="-72.07" z="17.16" />
<CartPath id="2" position="9" x="-60.83" z="-1.38" />
<CartPath id="2" position="10" x="-47.04" z="-8.73" />
<CartPath id="2" position="11" x="-25" z="-29.48" />
<CartPath id="2" position="12" x="-19.37" z="-42.61" />
<CartPath id="2" position="13" x="-18.72" z="-49.98" />
<CartPath id="2" position="14" x="-56.54" z="-69.63" />
<CartPath id="2" position="15" x="-74.88" z="-75.14" />
<CartPath id="2" position="16" x="-94.29" z="-95.34" />
<CartPath id="2" position="17" x="-89.03" z="-104.06" />
<CartPath id="3" position="1" x="-62.27" z="-135.49" />
<CartPath id="3" position="2" x="-65.49" z="-120.46" />
<CartPath id="3" position="3" x="-43.26" z="-103.46" />
<CartPath id="3" position="4" x="-42.54" z="-92.59" />
<CartPath id="3" position="5" x="-58.1" z="-69.36" />
<CartPath id="3" position="6" x="-66.44" z="-58.74" />
<CartPath id="3" position="7" x="-82.16" z="-32.21" />
<CartPath id="3" position="8" x="-89.65" z="-20.79" />
<CartPath id="3" position="9" x="-87.91" z="-13.49" />
<CartPath id="3" position="10" x="-101.2" z="9.06" />
<CartPath id="3" position="11" x="-76.66" z="24.52" />
<CartPath id="3" position="12" x="-69.57" z="39.93" />
<CartPath id="3" position="13" x="-70.53" z="49.27" />
<CartPath id="4" position="1" x="63.99" z="-92.14" />
<CartPath id="4" position="2" x="52.24" z="-79.55" />
<CartPath id="4" position="3" x="40.87" z="-97.38" />
<CartPath id="4" position="4" x="19.85" z="-99.03" />
<CartPath id="4" position="5" x="7.33" z="-94.97" />
<CartPath id="4" position="6" x="-7.31" z="-109.03" />
<CartPath id="4" position="7" x="-26.94" z="-114.6" />
<CartPath id="4" position="8" x="-43.72" z="-104.32" />
<CartPath id="4" position="9" x="-59.28" z="-112.46" />
<CartPath id="4" position="10" x="-64.63" z="-97.71" />
<CartPath id="4" position="11" x="-83.95" z="-88.87" />
<CartPath id="4" position="12" x="-100.9" z="-96.95" />
<CartPath id="4" position="13" x="-105.36" z="-88.87" />
<CartPath id="4" position="14" x="-121.74" z="-61.36" />
<CartPath id="4" position="15" x="-132.43" z="-52.86" />
<CartPath id="4" position="16" x="-140.17" z="-46.81" />
</dataset>