<?xml version="1.0" encoding="UTF-8"?>
<dataset>
<CheckIndxTemp Temp1="AwardTemp" Temp2="CommonItem" Indx1="2" Indx2="0" />
<CheckIndxTemp Temp1="BaiZhan" Temp2="NameId" Indx1="1" Indx2="0" />
<CheckIndxTemp Temp1="BaiZhan" Temp2="DescId" Indx1="2" Indx2="0" />
<CheckIndxTemp Temp1="BaiZhanNpc" Temp2="NameId" Indx1="5" Indx2="0" />
<CheckIndxTemp Temp1="BaiZhanNpc" Temp2="DescId" Indx1="6" Indx2="0" />
<CheckIndxTemp Temp1="BaiZhanNpc" Temp2="MiBao" Indx1="25" Indx2="0" />
<CheckIndxTemp Temp1="BaiZhanNpc" Temp2="MiBao" Indx1="26" Indx2="0" />
<CheckIndxTemp Temp1="BaiZhanNpc" Temp2="MiBao" Indx1="27" Indx2="0" />
<CheckIndxTemp Temp1="BaiZhanNpc" Temp2="MibaoSkill" Indx1="36" Indx2="0" />
<CheckIndxTemp Temp1="Chengjiu" Temp2="NameId" Indx1="1" Indx2="0" />
<CheckIndxTemp Temp1="Chengjiu" Temp2="DescId" Indx1="2" Indx2="0" />
<CheckIndxTemp Temp1="CommonItem" Temp2="NameId" Indx1="1" Indx2="0" />
<CheckIndxTemp Temp1="CommonItem" Temp2="DescId" Indx1="2" Indx2="0" />
<CheckIndxTemp Temp1="Dangpu" Temp2="CommonItem" Indx1="2" Indx2="0" />
<CheckIndxTemp Temp1="DangpuCommon" Temp2="CommonItem" Indx1="2" Indx2="0" />
<CheckIndxTemp Temp1="DiaoLuo" Temp2="CommonItem" Indx1="0" Indx2="0" />
<CheckIndxTemp Temp1="Duihuan" Temp2="CommonItem" Indx1="2" Indx2="0" />
<CheckIndxTemp Temp1="EventTriggerTemp" Temp2="DescId" Indx1="3" Indx2="0" />
<CheckIndxTemp Temp1="GuYongBing" Temp2="NameId" Indx1="5" Indx2="0" />
<CheckIndxTemp Temp1="GuYongBing" Temp2="DescId" Indx1="6" Indx2="0" />
<CheckIndxTemp Temp1="GuYongBing" Temp2="GongjiType" Indx1="10" Indx2="0" />
<CheckIndxTemp Temp1="GuYongBing" Temp2="SkillTemplate" Indx1="22" Indx2="0" />
<CheckIndxTemp Temp1="GuYongBing" Temp2="SkillTemplate" Indx1="23" Indx2="0" />
<CheckIndxTemp Temp1="GuYongBing" Temp2="SkillTemplate" Indx1="24" Indx2="0" />
<CheckIndxTemp Temp1="GuYongBing" Temp2="SkillTemplate" Indx1="25" Indx2="0" />
<CheckIndxTemp Temp1="GuYongBing" Temp2="SkillTemplate" Indx1="26" Indx2="0" />
<CheckIndxTemp Temp1="GuYongBing" Temp2="SkillTemplate" Indx1="27" Indx2="0" />
<CheckIndxTemp Temp1="HuangYe" Temp2="HuangyeFog" Indx1="1" Indx2="0" />
<CheckIndxTemp Temp1="HuangYe" Temp2="NameId" Indx1="5" Indx2="0" />
<CheckIndxTemp Temp1="HuangYe" Temp2="DescId" Indx1="6" Indx2="0" />
<CheckIndxTemp Temp1="HuangyeAward" Temp2="CommonItem" Indx1="2" Indx2="0" />
<CheckIndxTemp Temp1="HuangyeNpc" Temp2="ModelId" Indx1="6" Indx2="0" />
<CheckIndxTemp Temp1="HuangyeNpc" Temp2="EnemyTemp" Indx1="2" Indx2="0" />
<CheckIndxTemp Temp1="HuangyeNpc" Temp2="NameId" Indx1="3" Indx2="0" />
<CheckIndxTemp Temp1="HuangyeNpc" Temp2="DescId" Indx1="4" Indx2="0" />
<CheckIndxTemp Temp1="HuangyeNpc" Temp2="GongjiType" Indx1="7" Indx2="0" />
<CheckIndxTemp Temp1="HuangyePve" Temp2="HuangYe" Indx1="0" Indx2="0" />
<CheckIndxTemp Temp1="HuangyePve" Temp2="HuangYeNpc" Indx1="4" Indx2="1" />
<CheckIndxTemp Temp1="HuangyePvp" Temp2="HuangYe" Indx1="0" Indx2="0" />
<CheckIndxTemp Temp1="HuangyePvpNpc" Temp2="NameId" Indx1="3" Indx2="0" />
<CheckIndxTemp Temp1="HuangyePvpNpc" Temp2="DescId" Indx1="4" Indx2="0" />
<CheckIndxTemp Temp1="HuangyePvpNpc" Temp2="SkillTemplate" Indx1="17" Indx2="0" />
<CheckIndxTemp Temp1="HuangyePvpNpc" Temp2="SkillTemplate" Indx1="18" Indx2="0" />
<CheckIndxTemp Temp1="HuangyePvpNpc" Temp2="SkillTemplate" Indx1="19" Indx2="0" />
<CheckIndxTemp Temp1="HuangyePvpNpc" Temp2="SkillTemplate" Indx1="20" Indx2="0" />
<CheckIndxTemp Temp1="HuangyePvpNpc" Temp2="SkillTemplate" Indx1="21" Indx2="0" />
<CheckIndxTemp Temp1="HuangyePvpNpc" Temp2="MiBao" Indx1="23" Indx2="0" />
<CheckIndxTemp Temp1="HuangyePvpNpc" Temp2="MiBao" Indx1="24" Indx2="0" />
<CheckIndxTemp Temp1="HuangyePvpNpc" Temp2="MiBao" Indx1="25" Indx2="0" />
<CheckIndxTemp Temp1="HuangyePvpNpc" Temp2="ZhuangBei" Indx1="28" Indx2="0" />
<CheckIndxTemp Temp1="HuangyePvpNpc" Temp2="ZhuangBei" Indx1="29" Indx2="0" />
<CheckIndxTemp Temp1="HuangyePvpNpc" Temp2="ZhuangBei" Indx1="30" Indx2="0" />
<CheckIndxTemp Temp1="HuangyePvpNpc" Temp2="MibaoSkill" Indx1="34" Indx2="0" />
<CheckIndxTemp Temp1="ItemTemp" Temp2="NameId" Indx1="1" Indx2="0" />
<CheckIndxTemp Temp1="ItemTemp" Temp2="DescId" Indx1="2" Indx2="0" />
<CheckIndxTemp Temp1="Jiangli" Temp2="NameId" Indx1="1" Indx2="0" />
<CheckIndxTemp Temp1="Jiangli" Temp2="DescId" Indx1="2" Indx2="0" />
<CheckIndxTemp Temp1="LegendNpcTemp" Temp2="EnemyTemp" Indx1="2" Indx2="0" />
<CheckIndxTemp Temp1="LegendNpcTemp" Temp2="ModelId" Indx1="6" Indx2="0" />
<CheckIndxTemp Temp1="LegendNpcTemp" Temp2="NameId" Indx1="3" Indx2="0" />
<CheckIndxTemp Temp1="LegendNpcTemp" Temp2="DescId" Indx1="4" Indx2="0" />
<CheckIndxTemp Temp1="LegendNpcTemp" Temp2="GongjiType" Indx1="7" Indx2="0" />
<CheckIndxTemp Temp1="LegendPveTemp" Temp2="NameId" Indx1="1" Indx2="0" />
<CheckIndxTemp Temp1="LegendPveTemp" Temp2="DescId" Indx1="2" Indx2="0" />
<CheckIndxTemp Temp1="LegendPveTemp" Temp2="NameId" Indx1="4" Indx2="0" />
<CheckIndxTemp Temp1="LegendPveTemp" Temp2="DescId" Indx1="5" Indx2="0" />
<CheckIndxTemp Temp1="LegendPveTemp" Temp2="LegendNpcTemp" Indx1="16" Indx2="1" />
<CheckIndxTemp Temp1="LegendPveTemp" Temp2="TeammateTemp" Indx1="30" Indx2="0" />
<CheckIndxTemp Temp1="LianmengMobai" Temp2="NameId" Indx1="1" Indx2="0" />
<CheckIndxTemp Temp1="MiBao" Temp2="NameId" Indx1="2" Indx2="0" />
<CheckIndxTemp Temp1="MiBao" Temp2="DescId" Indx1="3" Indx2="0" />
<CheckIndxTemp Temp1="MiBao" Temp2="MibaoSkill" Indx1="8" Indx2="0" />
<CheckIndxTemp Temp1="MiBao" Temp2="ExpTemp" Indx1="26" Indx2="1" />
<CheckIndxTemp Temp1="MiBao" Temp2="CommonItem" Indx1="27" Indx2="0" />
<CheckIndxTemp Temp1="MibaoDiaoLuo" Temp2="CommonItem" Indx1="0" Indx2="0" />
<CheckIndxTemp Temp1="MibaoSkill" Temp2="SkillTemplate" Indx1="2" Indx2="0" />
<CheckIndxTemp Temp1="MibaoSkill" Temp2="DescId" Indx1="3" Indx2="0" />
<CheckIndxTemp Temp1="MibaoSkill" Temp2="DescId" Indx1="5" Indx2="0" />
<CheckIndxTemp Temp1="MibaoSkill" Temp2="DescId" Indx1="7" Indx2="0" />
<CheckIndxTemp Temp1="MibaoSkill" Temp2="DescId" Indx1="9" Indx2="0" />
<CheckIndxTemp Temp1="MibaoSkill" Temp2="DescId" Indx1="11" Indx2="0" />
<CheckIndxTemp Temp1="MibaoSkill" Temp2="NameId" Indx1="13" Indx2="0" />
<CheckIndxTemp Temp1="MibaoSkill" Temp2="DescId" Indx1="14" Indx2="0" />
<CheckIndxTemp Temp1="MibaoSkill" Temp2="DescId" Indx1="15" Indx2="0" />
<CheckIndxTemp Temp1="MibaoSkill" Temp2="DescId" Indx1="16" Indx2="0" />
<CheckIndxTemp Temp1="MibaoSuiPian" Temp2="NameId" Indx1="1" Indx2="0" />
<CheckIndxTemp Temp1="MibaoSuiPian" Temp2="DescId" Indx1="2" Indx2="0" />
<CheckIndxTemp Temp1="MibaoSuiPian" Temp2="MiBao" Indx1="8" Indx2="1" />
<CheckIndxTemp Temp1="NpcCity" Temp2="ModelId" Indx1="3" Indx2="0" />
<CheckIndxTemp Temp1="NpcCity" Temp2="NameId" Indx1="5" Indx2="0" />
<CheckIndxTemp Temp1="NpcTemp" Temp2="EnemyTemp" Indx1="2" Indx2="0" />
<CheckIndxTemp Temp1="NpcTemp" Temp2="ModelId" Indx1="6" Indx2="0" />
<CheckIndxTemp Temp1="NpcTemp" Temp2="NameId" Indx1="3" Indx2="0" />
<CheckIndxTemp Temp1="NpcTemp" Temp2="DescId" Indx1="4" Indx2="0" />
<CheckIndxTemp Temp1="NpcTemp" Temp2="GongjiType" Indx1="7" Indx2="0" />
<CheckIndxTemp Temp1="Purchase" Temp2="NameId" Indx1="1" Indx2="0" />
<CheckIndxTemp Temp1="Purchase" Temp2="DescId" Indx1="2" Indx2="0" />
<CheckIndxTemp Temp1="Purchase" Temp2="CommonItem" Indx1="6" Indx2="0" />
<CheckIndxTemp Temp1="PveStar" Temp2="DescId" Indx1="1" Indx2="0" />
<CheckIndxTemp Temp1="PveTemp" Temp2="PveZuobiao" Indx1="0" Indx2="0" />
<CheckIndxTemp Temp1="PveTemp" Temp2="NameId" Indx1="1" Indx2="0" />
<CheckIndxTemp Temp1="PveTemp" Temp2="DescId" Indx1="2" Indx2="0" />
<CheckIndxTemp Temp1="PveTemp" Temp2="NameId" Indx1="4" Indx2="0" />
<CheckIndxTemp Temp1="PveTemp" Temp2="DescId" Indx1="5" Indx2="0" />
<CheckIndxTemp Temp1="PveTemp" Temp2="PveTemp" Indx1="10" Indx2="0" />
<CheckIndxTemp Temp1="PveTemp" Temp2="PveTemp" Indx1="11" Indx2="0" />
<CheckIndxTemp Temp1="PveTemp" Temp2="NpcTemp" Indx1="16" Indx2="1" />
<CheckIndxTemp Temp1="PveTemp" Temp2="PveStar" Indx1="20" Indx2="0" />
<CheckIndxTemp Temp1="PveTemp" Temp2="PveStar" Indx1="21" Indx2="0" />
<CheckIndxTemp Temp1="PveTemp" Temp2="PveStar" Indx1="22" Indx2="0" />
<CheckIndxTemp Temp1="PveTemp" Temp2="TeammateTemp" Indx1="30" Indx2="0" />
<CheckIndxTemp Temp1="QianDao" Temp2="CommonItem" Indx1="4" Indx2="0" />
<CheckIndxTemp Temp1="QiangHua" Temp2="NameId" Indx1="2" Indx2="0" />
<CheckIndxTemp Temp1="RenWu" Temp2="NameId" Indx1="1" Indx2="0" />
<CheckIndxTemp Temp1="RenWu" Temp2="DescId" Indx1="2" Indx2="0" />
<CheckIndxTemp Temp1="SkillTemplate" Temp2="NameId" Indx1="1" Indx2="0" />
<CheckIndxTemp Temp1="SkillTemplate" Temp2="DescId" Indx1="2" Indx2="0" />
<CheckIndxTemp Temp1="Talent" Temp2="TalentAttribute" Indx1="4" Indx2="0" />
<CheckIndxTemp Temp1="Talent" Temp2="ExpTemp" Indx1="5" Indx2="1" />
<CheckIndxTemp Temp1="Talent" Temp2="Talent" Indx1="6" Indx2="0" />
<CheckIndxTemp Temp1="TeammateTemp" Temp2="EnemyTemp" Indx1="1" Indx2="0" />
<CheckIndxTemp Temp1="TeammateTemp" Temp2="NameId" Indx1="2" Indx2="0" />
<CheckIndxTemp Temp1="TeammateTemp" Temp2="DescId" Indx1="3" Indx2="0" />
<CheckIndxTemp Temp1="TeammateTemp" Temp2="ModelId" Indx1="5" Indx2="0" />
<CheckIndxTemp Temp1="TeammateTemp" Temp2="GongjiType" Indx1="6" Indx2="0" />
<CheckIndxTemp Temp1="VIP" Temp2="DescId" Indx1="11" Indx2="0" />
<CheckIndxTemp Temp1="WeaponSkillOpen" Temp2="PveTemp" Indx1="0" Indx2="0" />
<CheckIndxTemp Temp1="WeaponSkillOpen" Temp2="PveTemp" Indx1="1" Indx2="0" />
<CheckIndxTemp Temp1="WeaponSkillOpen" Temp2="PveTemp" Indx1="2" Indx2="0" />
<CheckIndxTemp Temp1="WeaponSkillOpen" Temp2="PveTemp" Indx1="3" Indx2="0" />
<CheckIndxTemp Temp1="WeaponSkillOpen" Temp2="PveTemp" Indx1="4" Indx2="0" />
<CheckIndxTemp Temp1="WeaponSkillOpen" Temp2="PveTemp" Indx1="5" Indx2="0" />
<CheckIndxTemp Temp1="WeaponSkillOpen" Temp2="PveTemp" Indx1="6" Indx2="0" />
<CheckIndxTemp Temp1="XilianQujian" Temp2="Xilian" Indx1="0" Indx2="0" />
<CheckIndxTemp Temp1="XunHanCheng" Temp2="DescId" Indx1="3" Indx2="0" />
<CheckIndxTemp Temp1="XunHanCheng" Temp2="MiBao" Indx1="16" Indx2="0" />
<CheckIndxTemp Temp1="XunHanCheng" Temp2="MiBao" Indx1="17" Indx2="0" />
<CheckIndxTemp Temp1="XunHanCheng" Temp2="MiBao" Indx1="18" Indx2="0" />
<CheckIndxTemp Temp1="XunHanCheng" Temp2="ZhuangBei" Indx1="20" Indx2="0" />
<CheckIndxTemp Temp1="XunHanCheng" Temp2="ZhuangBei" Indx1="21" Indx2="0" />
<CheckIndxTemp Temp1="XunHanCheng" Temp2="ZhuangBei" Indx1="22" Indx2="0" />
<CheckIndxTemp Temp1="XunHanCheng" Temp2="ModelId" Indx1="23" Indx2="0" />
<CheckIndxTemp Temp1="YouxiaNpcTemp" Temp2="EnemyTemp" Indx1="2" Indx2="0" />
<CheckIndxTemp Temp1="YouxiaNpcTemp" Temp2="ModelId" Indx1="6" Indx2="0" />
<CheckIndxTemp Temp1="YouxiaNpcTemp" Temp2="NameId" Indx1="3" Indx2="0" />
<CheckIndxTemp Temp1="YouxiaNpcTemp" Temp2="DescId" Indx1="4" Indx2="0" />
<CheckIndxTemp Temp1="YouxiaNpcTemp" Temp2="GongjiType" Indx1="7" Indx2="0" />
<CheckIndxTemp Temp1="YouxiaPveTemp" Temp2="NameId" Indx1="1" Indx2="0" />
<CheckIndxTemp Temp1="YouxiaPveTemp" Temp2="DescId" Indx1="2" Indx2="0" />
<CheckIndxTemp Temp1="YouxiaPveTemp" Temp2="NameId" Indx1="4" Indx2="0" />
<CheckIndxTemp Temp1="YouxiaPveTemp" Temp2="DescId" Indx1="5" Indx2="0" />
<CheckIndxTemp Temp1="YouxiaPveTemp" Temp2="YouxiaNpcTemp" Indx1="9" Indx2="0" />
<CheckIndxTemp Temp1="YouxiaSaodangTemp" Temp2="YouxiaPveTemp" Indx1="1" Indx2="0" />
<CheckIndxTemp Temp1="ZhuangBei" Temp2="NameId" Indx1="1" Indx2="0" />
<CheckIndxTemp Temp1="ZhuangBei" Temp2="DescId" Indx1="2" Indx2="0" />
<CheckIndxTemp Temp1="ZhuangBei" Temp2="GongjiType" Indx1="18" Indx2="0" />
<CheckIndxTemp Temp1="ZhuangBei" Temp2="ExpTemp" Indx1="22" Indx2="1" />
<CheckIndxTemp Temp1="ZhuangBei" Temp2="QiangHua" Indx1="23" Indx2="1" />
<CheckIndxTemp Temp1="ZhuangBei" Temp2="CommonItem" Indx1="26" Indx2="0" />
<CheckIndxTemp Temp1="ZhuangBei" Temp2="ZhuangBei" Indx1="28" Indx2="0" />
<CheckIndxTemp Temp1="ZhuangBei" Temp2="SkillTemplate" Indx1="31" Indx2="0" />
<CheckIndxTemp Temp1="ZhuangBei" Temp2="ModelId" Indx1="32" Indx2="0" />
<CheckIndxTemp Temp1="ZhuceRenwu" Temp2="DescId" Indx1="4" Indx2="0" />
<CheckIndxTemp Temp1="YouxiaOpenTime" Temp2="YouxiaPveTemp" Indx1="0" Indx2="3" />
<CheckIndxTemp Temp1="YouxiaOpenTime" Temp2="NameId" Indx1="5" Indx2="0" />
</dataset>