<?xml version="1.0" encoding="UTF-8"?>
<dataset>
<ChonglouPveTemp id="400001" layer="1" Name="420001" Desc="420001" monarchLevel="0" awardId="730011=100" firstAwardID="720011=100" npcId="400010" power="0" icon="0" soundId="300101" sceneId="506" time="120" maxTime="3" RenWuLimit="0" configId="400201" frontPoint="0" wanfaType="乱战模式" recZhanli="3000" recMibaoSkill="250101" previewable="0" awardShow="0:900001:55724" />
<ChonglouPveTemp id="400002" layer="2" Name="420002" Desc="420002" monarchLevel="0" awardId="730021=100" firstAwardID="720021=100" npcId="400020" power="0" icon="0" soundId="300102" sceneId="100" time="120" maxTime="3" RenWuLimit="0" configId="400202" frontPoint="400001" wanfaType="乱战模式" recZhanli="5000" recMibaoSkill="250101" previewable="0" awardShow="0:900001:63308" />
<ChonglouPveTemp id="400003" layer="3" Name="420003" Desc="420003" monarchLevel="0" awardId="730031=100" firstAwardID="720031=100,720032=100" npcId="400030" power="0" icon="0" soundId="300103" sceneId="506" time="120" maxTime="3" RenWuLimit="0" configId="400201" frontPoint="400002" wanfaType="乱战模式" recZhanli="38300" recMibaoSkill="250101" previewable="0" awardShow="0:900001:71312" />
<ChonglouPveTemp id="400004" layer="4" Name="420004" Desc="420004" monarchLevel="0" awardId="730041=100" firstAwardID="720041=100,720042=100" npcId="400040" power="0" icon="0" soundId="300104" sceneId="100" time="120" maxTime="3" RenWuLimit="0" configId="400202" frontPoint="400003" wanfaType="乱战模式" recZhanli="95100" recMibaoSkill="250101" previewable="0" awardShow="0:900001:79736" />
<ChonglouPveTemp id="400005" layer="5" Name="420005" Desc="420005" monarchLevel="0" awardId="730051=100,730052=100" firstAwardID="720051=100,720052=100" npcId="400050" power="0" icon="0" soundId="300105" sceneId="102" time="120" maxTime="3" RenWuLimit="0" configId="400101" frontPoint="400004" wanfaType="乱战模式" recZhanli="160000" recMibaoSkill="250101" previewable="1" awardShow="0:900001:88660" />
<ChonglouPveTemp id="400006" layer="6" Name="420006" Desc="420006" monarchLevel="0" awardId="730061=100" firstAwardID="720061=100" npcId="400060" power="0" icon="0" soundId="300106" sceneId="506" time="120" maxTime="3" RenWuLimit="0" configId="400201" frontPoint="400005" wanfaType="乱战模式" recZhanli="247600" recMibaoSkill="250101" previewable="0" awardShow="0:900001:96512" />
<ChonglouPveTemp id="400007" layer="7" Name="420007" Desc="420007" monarchLevel="0" awardId="730071=100" firstAwardID="720071=100" npcId="400070" power="0" icon="0" soundId="300107" sceneId="100" time="120" maxTime="3" RenWuLimit="0" configId="400202" frontPoint="400006" wanfaType="乱战模式" recZhanli="404800" recMibaoSkill="250101" previewable="0" awardShow="0:900001:103328" />
<ChonglouPveTemp id="400008" layer="8" Name="420008" Desc="420008" monarchLevel="0" awardId="730081=100" firstAwardID="720081=100,720082=100" npcId="400080" power="0" icon="0" soundId="300108" sceneId="506" time="120" maxTime="3" RenWuLimit="0" configId="400201" frontPoint="400007" wanfaType="乱战模式" recZhanli="501200" recMibaoSkill="250101" previewable="0" awardShow="0:900001:110376" />
<ChonglouPveTemp id="400009" layer="9" Name="420009" Desc="420009" monarchLevel="0" awardId="730091=100" firstAwardID="720091=100,720092=100" npcId="400090" power="0" icon="0" soundId="300109" sceneId="100" time="120" maxTime="3" RenWuLimit="0" configId="400202" frontPoint="400008" wanfaType="乱战模式" recZhanli="634900" recMibaoSkill="250101" previewable="0" awardShow="0:900001:117576" />
<ChonglouPveTemp id="400010" layer="10" Name="420010" Desc="420010" monarchLevel="0" awardId="730101=100,730102=100" firstAwardID="720101=100,720102=100,720103=100" npcId="400100" power="0" icon="0" soundId="300110" sceneId="103" time="120" maxTime="3" RenWuLimit="0" configId="400102" frontPoint="400009" wanfaType="乱战模式" recZhanli="777700" recMibaoSkill="250103" previewable="1" awardShow="0:900001:132548" />
<ChonglouPveTemp id="400011" layer="11" Name="420011" Desc="420011" monarchLevel="0" awardId="730111=100" firstAwardID="720111=100" npcId="400110" power="0" icon="0" soundId="300201" sceneId="506" time="120" maxTime="3" RenWuLimit="0" configId="400201" frontPoint="400010" wanfaType="乱战模式" recZhanli="9800" recMibaoSkill="250101" previewable="0" awardShow="0:900001:55724" />
<ChonglouPveTemp id="400012" layer="12" Name="420012" Desc="420012" monarchLevel="0" awardId="730121=100" firstAwardID="720121=100,720122=100" npcId="400120" power="0" icon="0" soundId="300202" sceneId="100" time="120" maxTime="3" RenWuLimit="0" configId="400202" frontPoint="400011" wanfaType="乱战模式" recZhanli="10700" recMibaoSkill="250101" previewable="0" awardShow="0:900001:63308" />
<ChonglouPveTemp id="400013" layer="13" Name="420013" Desc="420013" monarchLevel="0" awardId="730131=100" firstAwardID="720131=100,720132=100" npcId="400130" power="0" icon="0" soundId="300203" sceneId="506" time="120" maxTime="3" RenWuLimit="0" configId="400201" frontPoint="400012" wanfaType="乱战模式" recZhanli="18300" recMibaoSkill="250101" previewable="0" awardShow="0:900001:71312" />
<ChonglouPveTemp id="400014" layer="14" Name="420014" Desc="420014" monarchLevel="0" awardId="730141=100" firstAwardID="720141=100" npcId="400140" power="0" icon="0" soundId="300204" sceneId="100" time="120" maxTime="3" RenWuLimit="0" configId="400202" frontPoint="400013" wanfaType="乱战模式" recZhanli="29400" recMibaoSkill="250101" previewable="0" awardShow="0:900001:79736" />
<ChonglouPveTemp id="400015" layer="15" Name="420015" Desc="420015" monarchLevel="0" awardId="730151=100,730152=100" firstAwardID="720151=100" npcId="400150" power="0" icon="0" soundId="300205" sceneId="100" time="120" maxTime="3" RenWuLimit="0" configId="400103" frontPoint="400014" wanfaType="乱战模式" recZhanli="40200" recMibaoSkill="250101" previewable="1" awardShow="0:900001:88660" />
<ChonglouPveTemp id="400016" layer="16" Name="420016" Desc="420016" monarchLevel="0" awardId="730161=100" firstAwardID="720161=100" npcId="400160" power="0" icon="0" soundId="300206" sceneId="506" time="120" maxTime="3" RenWuLimit="0" configId="400201" frontPoint="400015" wanfaType="乱战模式" recZhanli="49100" recMibaoSkill="250101" previewable="0" awardShow="0:900001:96512" />
<ChonglouPveTemp id="400017" layer="17" Name="420017" Desc="420017" monarchLevel="0" awardId="730171=100" firstAwardID="720171=100,720172=100" npcId="400170" power="0" icon="0" soundId="300207" sceneId="100" time="120" maxTime="3" RenWuLimit="0" configId="400202" frontPoint="400016" wanfaType="乱战模式" recZhanli="59800" recMibaoSkill="250101" previewable="0" awardShow="0:900001:103328" />
<ChonglouPveTemp id="400018" layer="18" Name="420018" Desc="420018" monarchLevel="0" awardId="730181=100" firstAwardID="720181=100,720182=100" npcId="400180" power="0" icon="0" soundId="300208" sceneId="506" time="120" maxTime="3" RenWuLimit="0" configId="400201" frontPoint="400017" wanfaType="乱战模式" recZhanli="82900" recMibaoSkill="250101" previewable="0" awardShow="0:900001:110376" />
<ChonglouPveTemp id="400019" layer="19" Name="420019" Desc="420019" monarchLevel="0" awardId="730191=100" firstAwardID="720191=100" npcId="400190" power="0" icon="0" soundId="300209" sceneId="100" time="120" maxTime="3" RenWuLimit="0" configId="400202" frontPoint="400018" wanfaType="乱战模式" recZhanli="105200" recMibaoSkill="250101" previewable="0" awardShow="0:900001:117576" />
<ChonglouPveTemp id="400020" layer="20" Name="420020" Desc="420020" monarchLevel="0" awardId="730201=100,730202=100" firstAwardID="720201=100" npcId="400200" power="0" icon="0" soundId="300210" sceneId="102" time="120" maxTime="3" RenWuLimit="0" configId="400104" frontPoint="400019" wanfaType="乱战模式" recZhanli="124200" recMibaoSkill="250103" previewable="1" awardShow="0:900001:132548" />
<ChonglouPveTemp id="400021" layer="21" Name="420021" Desc="420021" monarchLevel="0" awardId="730211=100" firstAwardID="720211=100" npcId="400210" power="0" icon="0" soundId="300301" sceneId="506" time="120" maxTime="3" RenWuLimit="0" configId="400201" frontPoint="400020" wanfaType="乱战模式" recZhanli="1300" recMibaoSkill="250101" previewable="0" awardShow="0:900001:55724" />
<ChonglouPveTemp id="400022" layer="22" Name="420022" Desc="420022" monarchLevel="0" awardId="730221=100" firstAwardID="720221=100,720222=100" npcId="400220" power="0" icon="0" soundId="300302" sceneId="100" time="120" maxTime="3" RenWuLimit="0" configId="400202" frontPoint="400021" wanfaType="乱战模式" recZhanli="4600" recMibaoSkill="250101" previewable="0" awardShow="0:900001:63308" />
<ChonglouPveTemp id="400023" layer="23" Name="420023" Desc="420023" monarchLevel="0" awardId="730231=100" firstAwardID="720231=100,720232=100" npcId="400230" power="0" icon="0" soundId="300303" sceneId="506" time="120" maxTime="3" RenWuLimit="0" configId="400201" frontPoint="400022" wanfaType="乱战模式" recZhanli="6400" recMibaoSkill="250101" previewable="0" awardShow="0:900001:71312" />
<ChonglouPveTemp id="400024" layer="24" Name="420024" Desc="420024" monarchLevel="0" awardId="730241=100" firstAwardID="720241=100" npcId="400240" power="0" icon="0" soundId="300304" sceneId="100" time="120" maxTime="3" RenWuLimit="0" configId="400202" frontPoint="400023" wanfaType="乱战模式" recZhanli="10200" recMibaoSkill="250101" previewable="0" awardShow="0:900001:79736" />
<ChonglouPveTemp id="400025" layer="25" Name="420025" Desc="420025" monarchLevel="0" awardId="730251=100,730252=100" firstAwardID="720251=100" npcId="400250" power="0" icon="0" soundId="300305" sceneId="104" time="120" maxTime="3" RenWuLimit="0" configId="400105" frontPoint="400024" wanfaType="追击模式" recZhanli="18400" recMibaoSkill="250104" previewable="1" awardShow="0:900001:88660" />
<ChonglouPveTemp id="400026" layer="26" Name="420026" Desc="420026" monarchLevel="0" awardId="730261=100" firstAwardID="720261=100" npcId="400260" power="0" icon="0" soundId="300306" sceneId="506" time="120" maxTime="3" RenWuLimit="0" configId="400201" frontPoint="400025" wanfaType="乱战模式" recZhanli="39600" recMibaoSkill="250101" previewable="0" awardShow="0:900001:96512" />
<ChonglouPveTemp id="400027" layer="27" Name="420027" Desc="420027" monarchLevel="0" awardId="730271=100" firstAwardID="720271=100,720272=100" npcId="400270" power="0" icon="0" soundId="300307" sceneId="100" time="120" maxTime="3" RenWuLimit="0" configId="400202" frontPoint="400026" wanfaType="乱战模式" recZhanli="50000" recMibaoSkill="250101" previewable="0" awardShow="0:900001:103328" />
<ChonglouPveTemp id="400028" layer="28" Name="420028" Desc="420028" monarchLevel="0" awardId="730281=100" firstAwardID="720281=100,720282=100" npcId="400280" power="0" icon="0" soundId="300308" sceneId="506" time="120" maxTime="3" RenWuLimit="0" configId="400201" frontPoint="400027" wanfaType="乱战模式" recZhanli="59100" recMibaoSkill="250101" previewable="0" awardShow="0:900001:110376" />
<ChonglouPveTemp id="400029" layer="29" Name="420029" Desc="420029" monarchLevel="0" awardId="730291=100" firstAwardID="720291=100" npcId="400290" power="0" icon="0" soundId="300309" sceneId="100" time="120" maxTime="3" RenWuLimit="0" configId="400202" frontPoint="400028" wanfaType="乱战模式" recZhanli="89400" recMibaoSkill="250101" previewable="0" awardShow="0:900001:117576" />
<ChonglouPveTemp id="400030" layer="30" Name="420030" Desc="420030" monarchLevel="0" awardId="730301=100,730302=100" firstAwardID="720301=100,720302=100" npcId="400300" power="0" icon="0" soundId="300310" sceneId="100" time="120" maxTime="3" RenWuLimit="0" configId="400106" frontPoint="400029" wanfaType="乱战模式" recZhanli="106700" recMibaoSkill="250102" previewable="1" awardShow="0:900001:132548" />
<ChonglouPveTemp id="400031" layer="31" Name="420031" Desc="420031" monarchLevel="0" awardId="730311=100" firstAwardID="720311=100,720312=100" npcId="400310" power="0" icon="0" soundId="300401" sceneId="506" time="180" maxTime="3" RenWuLimit="0" configId="400201" frontPoint="400030" wanfaType="乱战模式" recZhanli="2000" recMibaoSkill="250101" previewable="0" awardShow="0:900001:55724" />
<ChonglouPveTemp id="400032" layer="32" Name="420032" Desc="420032" monarchLevel="0" awardId="730321=100" firstAwardID="720321=100,720322=100" npcId="400320" power="0" icon="0" soundId="300402" sceneId="100" time="180" maxTime="3" RenWuLimit="0" configId="400202" frontPoint="400031" wanfaType="乱战模式" recZhanli="5300" recMibaoSkill="250101" previewable="0" awardShow="0:900001:63308" />
<ChonglouPveTemp id="400033" layer="33" Name="420033" Desc="420033" monarchLevel="0" awardId="730331=100" firstAwardID="720331=100" npcId="400330" power="0" icon="0" soundId="300403" sceneId="506" time="180" maxTime="3" RenWuLimit="0" configId="400201" frontPoint="400032" wanfaType="乱战模式" recZhanli="7000" recMibaoSkill="250101" previewable="0" awardShow="0:900001:71312" />
<ChonglouPveTemp id="400034" layer="34" Name="420034" Desc="420034" monarchLevel="0" awardId="730341=100" firstAwardID="720341=100" npcId="400340" power="0" icon="0" soundId="300404" sceneId="100" time="180" maxTime="3" RenWuLimit="0" configId="400202" frontPoint="400033" wanfaType="乱战模式" recZhanli="10900" recMibaoSkill="250101" previewable="0" awardShow="0:900001:79736" />
<ChonglouPveTemp id="400035" layer="35" Name="420035" Desc="420035" monarchLevel="0" awardId="730351=100,730352=100" firstAwardID="720351=100" npcId="400350" power="0" icon="0" soundId="300405" sceneId="506" time="180" maxTime="3" RenWuLimit="0" configId="400107" frontPoint="400034" wanfaType="守护模式" recZhanli="18000" recMibaoSkill="250106" previewable="1" awardShow="0:900001:88660" />
<ChonglouPveTemp id="400036" layer="36" Name="420036" Desc="420036" monarchLevel="0" awardId="730361=100" firstAwardID="720361=100,720362=100" npcId="400360" power="0" icon="0" soundId="300406" sceneId="506" time="180" maxTime="3" RenWuLimit="0" configId="400201" frontPoint="400035" wanfaType="乱战模式" recZhanli="40000" recMibaoSkill="250101" previewable="0" awardShow="0:900001:96512" />
<ChonglouPveTemp id="400037" layer="37" Name="420037" Desc="420037" monarchLevel="0" awardId="730371=100" firstAwardID="720371=100,720372=100" npcId="400370" power="0" icon="0" soundId="300407" sceneId="100" time="180" maxTime="3" RenWuLimit="0" configId="400202" frontPoint="400036" wanfaType="乱战模式" recZhanli="49600" recMibaoSkill="250101" previewable="0" awardShow="0:900001:103328" />
<ChonglouPveTemp id="400038" layer="38" Name="420038" Desc="420038" monarchLevel="0" awardId="730381=100" firstAwardID="720381=100" npcId="400380" power="0" icon="0" soundId="300408" sceneId="506" time="180" maxTime="3" RenWuLimit="0" configId="400201" frontPoint="400037" wanfaType="乱战模式" recZhanli="71000" recMibaoSkill="250101" previewable="0" awardShow="0:900001:110376" />
<ChonglouPveTemp id="400039" layer="39" Name="420039" Desc="420039" monarchLevel="0" awardId="730391=100" firstAwardID="720391=100" npcId="400390" power="0" icon="0" soundId="300409" sceneId="100" time="180" maxTime="3" RenWuLimit="0" configId="400202" frontPoint="400038" wanfaType="乱战模式" recZhanli="90300" recMibaoSkill="250101" previewable="0" awardShow="0:900001:117576" />
<ChonglouPveTemp id="400040" layer="40" Name="420040" Desc="420040" monarchLevel="0" awardId="730401=100,730402=100" firstAwardID="720401=100,720402=100" npcId="400400" power="0" icon="0" soundId="300410" sceneId="102" time="180" maxTime="3" RenWuLimit="0" configId="400108" frontPoint="400039" wanfaType="乱战模式" recZhanli="117600" recMibaoSkill="250104" previewable="1" awardShow="0:900001:132548" />
<ChonglouPveTemp id="400041" layer="41" Name="420041" Desc="420041" monarchLevel="0" awardId="730411=100" firstAwardID="720411=100" npcId="400410" power="0" icon="0" soundId="300501" sceneId="506" time="120" maxTime="3" RenWuLimit="0" configId="400201" frontPoint="400040" wanfaType="乱战模式" recZhanli="9700" recMibaoSkill="250101" previewable="0" awardShow="0:900001:55724" />
<ChonglouPveTemp id="400042" layer="42" Name="420042" Desc="420042" monarchLevel="0" awardId="730421=100" firstAwardID="720421=100,720422=100" npcId="400420" power="0" icon="0" soundId="300502" sceneId="100" time="120" maxTime="3" RenWuLimit="0" configId="400202" frontPoint="400041" wanfaType="乱战模式" recZhanli="28300" recMibaoSkill="250101" previewable="0" awardShow="0:900001:63308" />
<ChonglouPveTemp id="400043" layer="43" Name="420043" Desc="420043" monarchLevel="0" awardId="730431=100" firstAwardID="720431=100,720432=100" npcId="400430" power="0" icon="0" soundId="300503" sceneId="506" time="120" maxTime="3" RenWuLimit="0" configId="400201" frontPoint="400042" wanfaType="乱战模式" recZhanli="31700" recMibaoSkill="250101" previewable="0" awardShow="0:900001:71312" />
<ChonglouPveTemp id="400044" layer="44" Name="420044" Desc="420044" monarchLevel="0" awardId="730441=100" firstAwardID="720441=100" npcId="400440" power="0" icon="0" soundId="300504" sceneId="100" time="120" maxTime="3" RenWuLimit="0" configId="400202" frontPoint="400043" wanfaType="乱战模式" recZhanli="40700" recMibaoSkill="250101" previewable="0" awardShow="0:900001:79736" />
<ChonglouPveTemp id="400045" layer="45" Name="420045" Desc="420045" monarchLevel="0" awardId="730451=100,730452=100" firstAwardID="720451=100" npcId="400450" power="0" icon="0" soundId="300505" sceneId="104" time="120" maxTime="3" RenWuLimit="0" configId="400105" frontPoint="400044" wanfaType="追击模式" recZhanli="58100" recMibaoSkill="250102" previewable="1" awardShow="0:900001:88660" />
<ChonglouPveTemp id="400046" layer="46" Name="420046" Desc="420046" monarchLevel="0" awardId="730461=100" firstAwardID="720461=100,720462=100" npcId="400460" power="0" icon="0" soundId="300505" sceneId="506" time="120" maxTime="3" RenWuLimit="0" configId="400201" frontPoint="400045" wanfaType="乱战模式" recZhanli="72300" recMibaoSkill="250101" previewable="0" awardShow="0:900001:96512" />
<ChonglouPveTemp id="400047" layer="47" Name="420047" Desc="420047" monarchLevel="0" awardId="730471=100" firstAwardID="720471=100" npcId="400470" power="0" icon="0" soundId="300505" sceneId="100" time="120" maxTime="3" RenWuLimit="0" configId="400202" frontPoint="400046" wanfaType="乱战模式" recZhanli="91500" recMibaoSkill="250101" previewable="0" awardShow="0:900001:103328" />
<ChonglouPveTemp id="400048" layer="48" Name="420048" Desc="420048" monarchLevel="0" awardId="730481=100" firstAwardID="720481=100,720482=100" npcId="400480" power="0" icon="0" soundId="300505" sceneId="506" time="120" maxTime="3" RenWuLimit="0" configId="400201" frontPoint="400047" wanfaType="乱战模式" recZhanli="116500" recMibaoSkill="250101" previewable="0" awardShow="0:900001:110376" />
<ChonglouPveTemp id="400049" layer="49" Name="420049" Desc="420049" monarchLevel="0" awardId="730491=100" firstAwardID="720491=100" npcId="400490" power="0" icon="0" soundId="300505" sceneId="100" time="120" maxTime="3" RenWuLimit="0" configId="400202" frontPoint="400048" wanfaType="乱战模式" recZhanli="129800" recMibaoSkill="250101" previewable="0" awardShow="0:900001:117576" />
<ChonglouPveTemp id="400050" layer="50" Name="420050" Desc="420050" monarchLevel="0" awardId="730501=100,730502=100" firstAwardID="720501=100" npcId="400500" power="0" icon="0" soundId="300505" sceneId="103" time="120" maxTime="3" RenWuLimit="0" configId="400109" frontPoint="400049" wanfaType="乱战模式" recZhanli="141500" recMibaoSkill="250105" previewable="1" awardShow="0:900001:132548" />
<ChonglouPveTemp id="400051" layer="51" Name="420051" Desc="420051" monarchLevel="0" awardId="730511=100" firstAwardID="720511=100" npcId="400510" power="0" icon="0" soundId="300505" sceneId="506" time="120" maxTime="3" RenWuLimit="0" configId="400201" frontPoint="400050" wanfaType="乱战模式" recZhanli="163330" recMibaoSkill="250101" previewable="0" awardShow="0:900001:55724" />
<ChonglouPveTemp id="400052" layer="52" Name="420052" Desc="420052" monarchLevel="0" awardId="730521=100" firstAwardID="720521=100" npcId="400520" power="0" icon="0" soundId="300505" sceneId="100" time="120" maxTime="3" RenWuLimit="0" configId="400202" frontPoint="400051" wanfaType="乱战模式" recZhanli="181000" recMibaoSkill="250101" previewable="0" awardShow="0:900001:63308" />
<ChonglouPveTemp id="400053" layer="53" Name="420053" Desc="420053" monarchLevel="0" awardId="730531=100" firstAwardID="720531=100" npcId="400530" power="0" icon="0" soundId="300505" sceneId="506" time="120" maxTime="3" RenWuLimit="0" configId="400201" frontPoint="400052" wanfaType="乱战模式" recZhanli="198670" recMibaoSkill="250101" previewable="0" awardShow="0:900001:71312" />
<ChonglouPveTemp id="400054" layer="54" Name="420054" Desc="420054" monarchLevel="0" awardId="730541=100" firstAwardID="720541=100,720542=100" npcId="400540" power="0" icon="0" soundId="300505" sceneId="100" time="120" maxTime="3" RenWuLimit="0" configId="400202" frontPoint="400053" wanfaType="乱战模式" recZhanli="216340" recMibaoSkill="250101" previewable="0" awardShow="0:900001:79736" />
<ChonglouPveTemp id="400055" layer="55" Name="420055" Desc="420055" monarchLevel="0" awardId="730551=100,730552=100" firstAwardID="720551=100,720552=100" npcId="400550" power="0" icon="0" soundId="300505" sceneId="100" time="120" maxTime="3" RenWuLimit="0" configId="400106" frontPoint="400054" wanfaType="乱战模式" recZhanli="234010" recMibaoSkill="250106" previewable="1" awardShow="0:900001:88660" />
<ChonglouPveTemp id="400056" layer="56" Name="420056" Desc="420056" monarchLevel="0" awardId="730561=100" firstAwardID="720561=100" npcId="400560" power="0" icon="0" soundId="300505" sceneId="506" time="120" maxTime="3" RenWuLimit="0" configId="400201" frontPoint="400055" wanfaType="乱战模式" recZhanli="251680" recMibaoSkill="250101" previewable="0" awardShow="0:900001:96512" />
<ChonglouPveTemp id="400057" layer="57" Name="420057" Desc="420057" monarchLevel="0" awardId="730571=100" firstAwardID="720571=100" npcId="400570" power="0" icon="0" soundId="300505" sceneId="100" time="120" maxTime="3" RenWuLimit="0" configId="400202" frontPoint="400056" wanfaType="乱战模式" recZhanli="269350" recMibaoSkill="250101" previewable="0" awardShow="0:900001:103328" />
<ChonglouPveTemp id="400058" layer="58" Name="420058" Desc="420058" monarchLevel="0" awardId="730581=100" firstAwardID="720581=100" npcId="400580" power="0" icon="0" soundId="300505" sceneId="506" time="120" maxTime="3" RenWuLimit="0" configId="400201" frontPoint="400057" wanfaType="乱战模式" recZhanli="287020" recMibaoSkill="250101" previewable="0" awardShow="0:900001:110376" />
<ChonglouPveTemp id="400059" layer="59" Name="420059" Desc="420059" monarchLevel="0" awardId="730591=100" firstAwardID="720591=100,720592=100" npcId="400590" power="0" icon="0" soundId="300505" sceneId="100" time="120" maxTime="3" RenWuLimit="0" configId="400202" frontPoint="400058" wanfaType="乱战模式" recZhanli="304690" recMibaoSkill="250101" previewable="0" awardShow="0:900001:117576" />
<ChonglouPveTemp id="400060" layer="60" Name="420060" Desc="420060" monarchLevel="0" awardId="730601=100,730602=100" firstAwardID="720601=100" npcId="400600" power="0" icon="0" soundId="300505" sceneId="105" time="120" maxTime="3" RenWuLimit="0" configId="400110" frontPoint="400059" wanfaType="乱战模式" recZhanli="322360" recMibaoSkill="250107" previewable="1" awardShow="0:900001:132548" />
<ChonglouPveTemp id="400061" layer="61" Name="420061" Desc="420061" monarchLevel="0" awardId="730611=100" firstAwardID="720611=100" npcId="400610" power="0" icon="0" soundId="300505" sceneId="506" time="120" maxTime="3" RenWuLimit="0" configId="400201" frontPoint="400060" wanfaType="乱战模式" recZhanli="340030" recMibaoSkill="250101" previewable="0" awardShow="0:900001:55724" />
<ChonglouPveTemp id="400062" layer="62" Name="420062" Desc="420062" monarchLevel="0" awardId="730621=100" firstAwardID="720621=100" npcId="400620" power="0" icon="0" soundId="300505" sceneId="100" time="120" maxTime="3" RenWuLimit="0" configId="400202" frontPoint="400061" wanfaType="乱战模式" recZhanli="357700" recMibaoSkill="250101" previewable="0" awardShow="0:900001:63308" />
<ChonglouPveTemp id="400063" layer="63" Name="420063" Desc="420063" monarchLevel="0" awardId="730631=100" firstAwardID="720631=100,720632=100" npcId="400630" power="0" icon="0" soundId="300505" sceneId="506" time="120" maxTime="3" RenWuLimit="0" configId="400201" frontPoint="400062" wanfaType="乱战模式" recZhanli="375370" recMibaoSkill="250101" previewable="0" awardShow="0:900001:71312" />
<ChonglouPveTemp id="400064" layer="64" Name="420064" Desc="420064" monarchLevel="0" awardId="730641=100" firstAwardID="720641=100,720642=100" npcId="400640" power="0" icon="0" soundId="300505" sceneId="100" time="120" maxTime="3" RenWuLimit="0" configId="400202" frontPoint="400063" wanfaType="乱战模式" recZhanli="393040" recMibaoSkill="250101" previewable="0" awardShow="0:900001:79736" />
<ChonglouPveTemp id="400065" layer="65" Name="420065" Desc="420065" monarchLevel="0" awardId="730651=100,730652=100" firstAwardID="720651=100" npcId="400650" power="0" icon="0" soundId="300505" sceneId="102" time="120" maxTime="3" RenWuLimit="0" configId="400108" frontPoint="400064" wanfaType="乱战模式" recZhanli="410710" recMibaoSkill="250104" previewable="1" awardShow="0:900001:88660" />
<ChonglouPveTemp id="400066" layer="66" Name="420066" Desc="420066" monarchLevel="0" awardId="730661=100" firstAwardID="720661=100,720662=100" npcId="400660" power="0" icon="0" soundId="300505" sceneId="202" time="120" maxTime="3" RenWuLimit="0" configId="400166" frontPoint="400065" wanfaType="乱战模式" recZhanli="428380" recMibaoSkill="250101" previewable="0" awardShow="0:900001:96512" />
<ChonglouPveTemp id="400067" layer="67" Name="420067" Desc="420067" monarchLevel="0" awardId="730671=100" firstAwardID="720671=100" npcId="400670" power="0" icon="0" soundId="300505" sceneId="100" time="120" maxTime="3" RenWuLimit="0" configId="400167" frontPoint="400066" wanfaType="乱战模式" recZhanli="446050" recMibaoSkill="250101" previewable="0" awardShow="0:900001:103328" />
<ChonglouPveTemp id="400068" layer="68" Name="420068" Desc="420068" monarchLevel="0" awardId="730681=100" firstAwardID="720681=100" npcId="400680" power="0" icon="0" soundId="300505" sceneId="203" time="120" maxTime="3" RenWuLimit="0" configId="400168" frontPoint="400067" wanfaType="乱战模式" recZhanli="463720" recMibaoSkill="250101" previewable="0" awardShow="0:900001:110376" />
<ChonglouPveTemp id="400069" layer="69" Name="420069" Desc="420069" monarchLevel="0" awardId="730691=100" firstAwardID="720691=100,720692=100" npcId="400690" power="0" icon="0" soundId="300505" sceneId="206" time="120" maxTime="3" RenWuLimit="0" configId="400169" frontPoint="400068" wanfaType="乱战模式" recZhanli="481390" recMibaoSkill="250101" previewable="0" awardShow="0:900001:117576" />
<ChonglouPveTemp id="400070" layer="70" Name="420070" Desc="420070" monarchLevel="0" awardId="730701=100,730702=100" firstAwardID="720701=100" npcId="400700" power="0" icon="0" soundId="300505" sceneId="103" time="120" maxTime="3" RenWuLimit="0" configId="400109" frontPoint="400069" wanfaType="乱战模式" recZhanli="499060" recMibaoSkill="250105" previewable="1" awardShow="0:900001:132548" />
<ChonglouPveTemp id="400071" layer="71" Name="420071" Desc="420071" monarchLevel="0" awardId="730711=100" firstAwardID="720711=100" npcId="400710" power="0" icon="0" soundId="300505" sceneId="302" time="120" maxTime="3" RenWuLimit="0" configId="400171" frontPoint="400070" wanfaType="乱战模式" recZhanli="516730" recMibaoSkill="250101" previewable="0" awardShow="0:900001:55724" />
<ChonglouPveTemp id="400072" layer="72" Name="420072" Desc="420072" monarchLevel="0" awardId="730721=100" firstAwardID="720721=100,720722=100" npcId="400720" power="0" icon="0" soundId="300505" sceneId="506" time="120" maxTime="3" RenWuLimit="0" configId="400172" frontPoint="400071" wanfaType="乱战模式" recZhanli="534400" recMibaoSkill="250101" previewable="0" awardShow="0:900001:63308" />
<ChonglouPveTemp id="400073" layer="73" Name="420073" Desc="420073" monarchLevel="0" awardId="730731=100" firstAwardID="720731=100,720732=100,720733=100" npcId="400730" power="0" icon="0" soundId="300505" sceneId="304" time="120" maxTime="3" RenWuLimit="0" configId="400173" frontPoint="400072" wanfaType="乱战模式" recZhanli="552070" recMibaoSkill="250101" previewable="0" awardShow="0:900001:71312" />
<ChonglouPveTemp id="400074" layer="74" Name="420074" Desc="420074" monarchLevel="0" awardId="730741=100" firstAwardID="720741=100" npcId="400740" power="0" icon="0" soundId="300505" sceneId="506" time="120" maxTime="3" RenWuLimit="0" configId="400174" frontPoint="400073" wanfaType="乱战模式" recZhanli="569740" recMibaoSkill="250101" previewable="0" awardShow="0:900001:79736" />
<ChonglouPveTemp id="400075" layer="75" Name="420075" Desc="420075" monarchLevel="0" awardId="730751=100,730752=100" firstAwardID="720751=100" npcId="400750" power="0" icon="0" soundId="300505" sceneId="100" time="120" maxTime="3" RenWuLimit="0" configId="400111" frontPoint="400074" wanfaType="乱战模式" recZhanli="587410" recMibaoSkill="250107" previewable="1" awardShow="0:900001:88660" />
<ChonglouPveTemp id="400076" layer="76" Name="420076" Desc="420076" monarchLevel="0" awardId="730761=100" firstAwardID="720761=100,720762=100" npcId="400760" power="0" icon="0" soundId="300505" sceneId="203" time="120" maxTime="3" RenWuLimit="0" configId="400176" frontPoint="400075" wanfaType="乱战模式" recZhanli="605080" recMibaoSkill="250101" previewable="0" awardShow="0:900001:96512" />
<ChonglouPveTemp id="400077" layer="77" Name="420077" Desc="420077" monarchLevel="0" awardId="730771=100" firstAwardID="720771=100" npcId="400770" power="0" icon="0" soundId="300505" sceneId="506" time="120" maxTime="3" RenWuLimit="0" configId="400177" frontPoint="400076" wanfaType="乱战模式" recZhanli="622750" recMibaoSkill="250101" previewable="0" awardShow="0:900001:103328" />
<ChonglouPveTemp id="400078" layer="78" Name="420078" Desc="420078" monarchLevel="0" awardId="730781=100" firstAwardID="720781=100" npcId="400780" power="0" icon="0" soundId="300505" sceneId="704" time="120" maxTime="3" RenWuLimit="0" configId="400178" frontPoint="400077" wanfaType="乱战模式" recZhanli="640420" recMibaoSkill="250101" previewable="0" awardShow="0:900001:110376" />
<ChonglouPveTemp id="400079" layer="79" Name="420079" Desc="420079" monarchLevel="0" awardId="730791=100" firstAwardID="720791=100,720792=100" npcId="400790" power="0" icon="0" soundId="300505" sceneId="203" time="120" maxTime="3" RenWuLimit="0" configId="400179" frontPoint="400078" wanfaType="乱战模式" recZhanli="658090" recMibaoSkill="250101" previewable="0" awardShow="0:900001:117576" />
<ChonglouPveTemp id="400080" layer="80" Name="420080" Desc="420080" monarchLevel="0" awardId="730801=100,730802=100" firstAwardID="720801=100,720802=100,720803=100" npcId="400800" power="0" icon="0" soundId="300505" sceneId="203" time="120" maxTime="3" RenWuLimit="0" configId="400180" frontPoint="400079" wanfaType="乱战模式" recZhanli="675760" recMibaoSkill="250101" previewable="1" awardShow="0:900001:132548" />
<ChonglouPveTemp id="400081" layer="81" Name="420081" Desc="420081" monarchLevel="0" awardId="730811=100" firstAwardID="720811=100" npcId="400810" power="0" icon="0" soundId="300505" sceneId="207" time="120" maxTime="3" RenWuLimit="0" configId="400181" frontPoint="400080" wanfaType="乱战模式" recZhanli="693430" recMibaoSkill="250101" previewable="0" awardShow="0:900001:55724" />
<ChonglouPveTemp id="400082" layer="82" Name="420082" Desc="420082" monarchLevel="0" awardId="730821=100" firstAwardID="720821=100" npcId="400820" power="0" icon="0" soundId="300505" sceneId="302" time="120" maxTime="3" RenWuLimit="0" configId="400182" frontPoint="400081" wanfaType="乱战模式" recZhanli="711100" recMibaoSkill="250101" previewable="0" awardShow="0:900001:63308" />
<ChonglouPveTemp id="400083" layer="83" Name="420083" Desc="420083" monarchLevel="0" awardId="730831=100" firstAwardID="720831=100,720832=100" npcId="400830" power="0" icon="0" soundId="300505" sceneId="207" time="120" maxTime="3" RenWuLimit="0" configId="400183" frontPoint="400082" wanfaType="乱战模式" recZhanli="728770" recMibaoSkill="250101" previewable="0" awardShow="0:900001:71312" />
<ChonglouPveTemp id="400084" layer="84" Name="420084" Desc="420084" monarchLevel="0" awardId="730841=100" firstAwardID="720841=100" npcId="400840" power="0" icon="0" soundId="300505" sceneId="201" time="120" maxTime="3" RenWuLimit="0" configId="400184" frontPoint="400083" wanfaType="乱战模式" recZhanli="746440" recMibaoSkill="250101" previewable="0" awardShow="0:900001:79736" />
<ChonglouPveTemp id="400085" layer="85" Name="420085" Desc="420085" monarchLevel="0" awardId="730851=100,730852=100" firstAwardID="720851=100,720852=100" npcId="400850" power="0" icon="0" soundId="300505" sceneId="201" time="120" maxTime="3" RenWuLimit="0" configId="400185" frontPoint="400084" wanfaType="乱战模式" recZhanli="764110" recMibaoSkill="250101" previewable="1" awardShow="0:900001:88660" />
<ChonglouPveTemp id="400086" layer="86" Name="420086" Desc="420086" monarchLevel="0" awardId="730861=100" firstAwardID="720861=100,720862=100" npcId="400860" power="0" icon="0" soundId="300505" sceneId="302" time="120" maxTime="3" RenWuLimit="0" configId="400186" frontPoint="400085" wanfaType="乱战模式" recZhanli="781780" recMibaoSkill="250101" previewable="0" awardShow="0:900001:96512" />
<ChonglouPveTemp id="400087" layer="87" Name="420087" Desc="420087" monarchLevel="0" awardId="730871=100" firstAwardID="720871=100" npcId="400870" power="0" icon="0" soundId="300505" sceneId="301" time="120" maxTime="3" RenWuLimit="0" configId="400187" frontPoint="400086" wanfaType="乱战模式" recZhanli="799450" recMibaoSkill="250101" previewable="0" awardShow="0:900001:103328" />
<ChonglouPveTemp id="400088" layer="88" Name="420088" Desc="420088" monarchLevel="0" awardId="730881=100" firstAwardID="720881=100" npcId="400880" power="0" icon="0" soundId="300505" sceneId="301" time="120" maxTime="3" RenWuLimit="0" configId="400188" frontPoint="400087" wanfaType="乱战模式" recZhanli="817120" recMibaoSkill="250101" previewable="0" awardShow="0:900001:110376" />
<ChonglouPveTemp id="400089" layer="89" Name="420089" Desc="420089" monarchLevel="0" awardId="730891=100" firstAwardID="720891=100,720892=100,720893=100" npcId="400890" power="0" icon="0" soundId="300505" sceneId="406" time="120" maxTime="3" RenWuLimit="0" configId="400189" frontPoint="400088" wanfaType="乱战模式" recZhanli="834790" recMibaoSkill="250101" previewable="0" awardShow="0:900001:117576" />
<ChonglouPveTemp id="400090" layer="90" Name="420090" Desc="420090" monarchLevel="0" awardId="730901=100,730902=100" firstAwardID="720901=100" npcId="400900" power="0" icon="0" soundId="300505" sceneId="202" time="120" maxTime="3" RenWuLimit="0" configId="400190" frontPoint="400089" wanfaType="乱战模式" recZhanli="852460" recMibaoSkill="250101" previewable="1" awardShow="0:900001:132548" />
<ChonglouPveTemp id="400091" layer="91" Name="420091" Desc="420091" monarchLevel="0" awardId="730911=100" firstAwardID="720911=100,720912=100" npcId="400910" power="0" icon="0" soundId="300505" sceneId="202" time="120" maxTime="3" RenWuLimit="0" configId="400191" frontPoint="400090" wanfaType="乱战模式" recZhanli="870130" recMibaoSkill="250101" previewable="0" awardShow="0:900001:55724" />
<ChonglouPveTemp id="400092" layer="92" Name="420092" Desc="420092" monarchLevel="0" awardId="730921=100" firstAwardID="720921=100,720922=100" npcId="400920" power="0" icon="0" soundId="300505" sceneId="406" time="120" maxTime="3" RenWuLimit="0" configId="400192" frontPoint="400091" wanfaType="乱战模式" recZhanli="887800" recMibaoSkill="250101" previewable="0" awardShow="0:900001:63308" />
<ChonglouPveTemp id="400093" layer="93" Name="420093" Desc="420093" monarchLevel="0" awardId="730931=100" firstAwardID="720931=100,720932=100" npcId="400930" power="0" icon="0" soundId="300505" sceneId="406" time="120" maxTime="3" RenWuLimit="0" configId="400193" frontPoint="400092" wanfaType="乱战模式" recZhanli="905470" recMibaoSkill="250101" previewable="0" awardShow="0:900001:71312" />
<ChonglouPveTemp id="400094" layer="94" Name="420094" Desc="420094" monarchLevel="0" awardId="730941=100" firstAwardID="720941=100" npcId="400940" power="0" icon="0" soundId="300505" sceneId="406" time="120" maxTime="3" RenWuLimit="0" configId="400194" frontPoint="400093" wanfaType="乱战模式" recZhanli="923140" recMibaoSkill="250101" previewable="0" awardShow="0:900001:79736" />
<ChonglouPveTemp id="400095" layer="95" Name="420095" Desc="420095" monarchLevel="0" awardId="730951=100,730952=100" firstAwardID="720951=100" npcId="400950" power="0" icon="0" soundId="300505" sceneId="1503" time="120" maxTime="3" RenWuLimit="0" configId="400195" frontPoint="400094" wanfaType="乱战模式" recZhanli="940810" recMibaoSkill="250101" previewable="1" awardShow="0:900001:88660" />
<ChonglouPveTemp id="400096" layer="96" Name="420096" Desc="420096" monarchLevel="0" awardId="730961=100" firstAwardID="720961=100" npcId="400960" power="0" icon="0" soundId="300505" sceneId="704" time="120" maxTime="3" RenWuLimit="0" configId="400196" frontPoint="400095" wanfaType="乱战模式" recZhanli="958480" recMibaoSkill="250101" previewable="0" awardShow="0:900001:96512" />
<ChonglouPveTemp id="400097" layer="97" Name="420097" Desc="420097" monarchLevel="0" awardId="730971=100" firstAwardID="720971=100,720972=100" npcId="400970" power="0" icon="0" soundId="300505" sceneId="704" time="120" maxTime="3" RenWuLimit="0" configId="400197" frontPoint="400096" wanfaType="乱战模式" recZhanli="976150" recMibaoSkill="250101" previewable="0" awardShow="0:900001:103328" />
<ChonglouPveTemp id="400098" layer="98" Name="420098" Desc="420098" monarchLevel="0" awardId="730981=100" firstAwardID="720981=100,720982=100" npcId="400980" power="0" icon="0" soundId="300505" sceneId="2008" time="120" maxTime="3" RenWuLimit="0" configId="400198" frontPoint="400097" wanfaType="乱战模式" recZhanli="993820" recMibaoSkill="250101" previewable="0" awardShow="0:900001:110376" />
<ChonglouPveTemp id="400099" layer="99" Name="420099" Desc="420099" monarchLevel="0" awardId="730991=100" firstAwardID="720991=100" npcId="400990" power="0" icon="0" soundId="300505" sceneId="2008" time="120" maxTime="3" RenWuLimit="0" configId="400199" frontPoint="400098" wanfaType="乱战模式" recZhanli="1011490" recMibaoSkill="250101" previewable="0" awardShow="0:900001:117576" />
<ChonglouPveTemp id="400100" layer="100" Name="420100" Desc="420100" monarchLevel="0" awardId="731001=100,731002=100" firstAwardID="721001=100" npcId="401000" power="0" icon="0" soundId="300505" sceneId="2008" time="120" maxTime="3" RenWuLimit="0" configId="400200" frontPoint="400099" wanfaType="乱战模式" recZhanli="1029160" recMibaoSkill="250101" previewable="1" awardShow="0:900001:132548" />
</dataset>