<?xml version="1.0" encoding="UTF-8"?>
<dataset>
<ChuShiNuQi num="1" nuqiValue="0" nuqiRatioc="0" />
<ChuShiNuQi num="2" nuqiValue="0" nuqiRatioc="0" />
<ChuShiNuQi num="3" nuqiValue="0" nuqiRatioc="0" />
<ChuShiNuQi num="4" nuqiValue="1400" nuqiRatioc="30" />
<ChuShiNuQi num="5" nuqiValue="2100" nuqiRatioc="45" />
<ChuShiNuQi num="6" nuqiValue="2800" nuqiRatioc="60" />
<ChuShiNuQi num="7" nuqiValue="3500" nuqiRatioc="75" />
<ChuShiNuQi num="8" nuqiValue="4200" nuqiRatioc="90" />
<ChuShiNuQi num="9" nuqiValue="4900" nuqiRatioc="105" />
<ChuShiNuQi num="10" nuqiValue="5400" nuqiRatioc="116" />
<ChuShiNuQi num="11" nuqiValue="5800" nuqiRatioc="124" />
<ChuShiNuQi num="12" nuqiValue="6200" nuqiRatioc="133" />
<ChuShiNuQi num="13" nuqiValue="6600" nuqiRatioc="141" />
<ChuShiNuQi num="14" nuqiValue="7000" nuqiRatioc="150" />
<ChuShiNuQi num="15" nuqiValue="7400" nuqiRatioc="159" />
<ChuShiNuQi num="16" nuqiValue="7800" nuqiRatioc="167" />
<ChuShiNuQi num="17" nuqiValue="8200" nuqiRatioc="176" />
<ChuShiNuQi num="18" nuqiValue="8600" nuqiRatioc="184" />
<ChuShiNuQi num="19" nuqiValue="9000" nuqiRatioc="193" />
<ChuShiNuQi num="20" nuqiValue="9400" nuqiRatioc="200" />
<ChuShiNuQi num="21" nuqiValue="9800" nuqiRatioc="210" />
</dataset>
