<?xml version="1.0" encoding="UTF-8"?>
<dataset>
<DiaoLuo itemId="960101" PveId="0:100105|1:100105" />
<DiaoLuo itemId="960102" PveId="0:100303|1:100303" />
<DiaoLuo itemId="960103" PveId="第2日登录游戏可获得" />
<DiaoLuo itemId="960111" PveId="通关1-1可获得" />
<DiaoLuo itemId="960112" PveId="通关第1章即可获得" />
<DiaoLuo itemId="960113" PveId="通关2-6进阶获得" />
<DiaoLuo itemId="960114" PveId="0:100307|1:100307" />
<DiaoLuo itemId="960115" PveId="0:100305|1:100305" />
<DiaoLuo itemId="960116" PveId="通关第2章即可获得" />
<DiaoLuo itemId="960201" PveId="通关第3章即可获得" />
<DiaoLuo itemId="960202" PveId="0:100509|1:100509" />
<DiaoLuo itemId="960203" PveId="第2日登录游戏可获得" />
<DiaoLuo itemId="960211" PveId="通关第4章即可获得" />
<DiaoLuo itemId="960212" PveId="0:100403|1:100403" />
<DiaoLuo itemId="960213" PveId="0:100406|1:100406" />
<DiaoLuo itemId="960214" PveId="0:100409|1:100409" />
<DiaoLuo itemId="960215" PveId="0:100503|1:100503" />
<DiaoLuo itemId="960216" PveId="0:100506|1:100506" />
<DiaoLuo itemId="960301" PveId="通关第5章即可获得" />
<DiaoLuo itemId="960302" PveId="0:100709|1:100709" />
<DiaoLuo itemId="960303" PveId="第2日登录游戏可获得" />
<DiaoLuo itemId="960311" PveId="通关第6章即可获得" />
<DiaoLuo itemId="960312" PveId="0:100603|1:100603" />
<DiaoLuo itemId="960313" PveId="0:100606|1:100606" />
<DiaoLuo itemId="960314" PveId="0:100609|1:100609" />
<DiaoLuo itemId="960315" PveId="0:100703|1:100703" />
<DiaoLuo itemId="960316" PveId="0:100706|1:100706" />
<DiaoLuo itemId="960401" PveId="通关第8章即可获得" />
<DiaoLuo itemId="960402" PveId="0:100909|1:100909" />
<DiaoLuo itemId="960403" PveId="通关第7章即可获得" />
<DiaoLuo itemId="960411" PveId="通关第6章即可获得" />
<DiaoLuo itemId="960412" PveId="0:100803|1:100803" />
<DiaoLuo itemId="960413" PveId="0:100806|1:100806" />
<DiaoLuo itemId="960414" PveId="0:100809|1:100809" />
<DiaoLuo itemId="960415" PveId="0:100903|1:100903" />
<DiaoLuo itemId="960416" PveId="0:100906|1:100906" />
<DiaoLuo itemId="960501" PveId="通关第8章即可获得" />
<DiaoLuo itemId="960502" PveId="0:101109|1:101109" />
<DiaoLuo itemId="960503" PveId="通关第10章即可获得" />
<DiaoLuo itemId="960511" PveId="通关第9章即可获得" />
<DiaoLuo itemId="960512" PveId="0:101003|1:101003" />
<DiaoLuo itemId="960513" PveId="0:101006|1:101006" />
<DiaoLuo itemId="960514" PveId="0:101009|1:101009" />
<DiaoLuo itemId="960515" PveId="0:101103|1:101103" />
<DiaoLuo itemId="960516" PveId="0:101106|1:101106" />
<DiaoLuo itemId="960601" PveId="第7日登录游戏可获得" />
<DiaoLuo itemId="960602" PveId="0:101309|1:101309" />
<DiaoLuo itemId="960603" PveId="通关第10章即可获得" />
<DiaoLuo itemId="960611" PveId="通关第11章即可获得" />
<DiaoLuo itemId="960612" PveId="0:101203|1:101203" />
<DiaoLuo itemId="960613" PveId="0:101206|1:101206" />
<DiaoLuo itemId="960614" PveId="0:101209|1:101209" />
<DiaoLuo itemId="960615" PveId="0:101303|1:101303" />
<DiaoLuo itemId="960616" PveId="0:101306|1:101306" />
<DiaoLuo itemId="960701" PveId="第7日登录游戏可获得" />
<DiaoLuo itemId="960702" PveId="敬请期待" />
<DiaoLuo itemId="960703" PveId="通关第12章即可获得" />
<DiaoLuo itemId="960711" PveId="通关第13章即可获得" />
<DiaoLuo itemId="960712" PveId="敬请期待" />
<DiaoLuo itemId="960713" PveId="敬请期待" />
<DiaoLuo itemId="960714" PveId="敬请期待" />
<DiaoLuo itemId="960715" PveId="敬请期待" />
<DiaoLuo itemId="960716" PveId="敬请期待" />
<DiaoLuo itemId="960801" PveId="敬请期待" />
<DiaoLuo itemId="960802" PveId="敬请期待" />
<DiaoLuo itemId="960803" PveId="敬请期待" />
<DiaoLuo itemId="960811" PveId="敬请期待" />
<DiaoLuo itemId="960812" PveId="敬请期待" />
<DiaoLuo itemId="960813" PveId="敬请期待" />
<DiaoLuo itemId="960814" PveId="敬请期待" />
<DiaoLuo itemId="960815" PveId="敬请期待" />
<DiaoLuo itemId="960816" PveId="敬请期待" />
<DiaoLuo itemId="960901" PveId="0:101909|1:101909" />
<DiaoLuo itemId="960902" PveId="0:102009|1:102009" />
<DiaoLuo itemId="960903" PveId="0:102109|1:102109" />
<DiaoLuo itemId="960911" PveId="0:101903|1:101903" />
<DiaoLuo itemId="960912" PveId="0:101906|1:101906" />
<DiaoLuo itemId="960913" PveId="0:102003|1:102003" />
<DiaoLuo itemId="960914" PveId="0:102006|1:102006" />
<DiaoLuo itemId="960915" PveId="0:102103|1:102103" />
<DiaoLuo itemId="960916" PveId="0:102106|1:102106" />
<DiaoLuo itemId="961001" PveId="0:102209|1:102209" />
<DiaoLuo itemId="961002" PveId="0:102309|1:102309" />
<DiaoLuo itemId="961003" PveId="0:102409|1:102409" />
<DiaoLuo itemId="961011" PveId="0:102203|1:102203" />
<DiaoLuo itemId="961012" PveId="0:102206|1:102206" />
<DiaoLuo itemId="961013" PveId="0:102303|1:102303" />
<DiaoLuo itemId="961014" PveId="0:102306|1:102306" />
<DiaoLuo itemId="961015" PveId="0:102403|1:102403" />
<DiaoLuo itemId="961016" PveId="0:102406|1:102406" />
</dataset>