<?xml version="1.0" encoding="UTF-8"?>
<dataset>
<EffectTemplate  effectId="13" path="_3D/Fx/Prefabs/BattleEffect/BOSSchongfeng" sound="33804" position="0" ratio="0" />
<EffectTemplate  effectId="25" path="_3D/Fx/Prefabs/BattleEffect/pikan_1" sound="-1" position="0" ratio="0" />
<EffectTemplate  effectId="26" path="_3D/Fx/Prefabs/BattleEffect/pikan_2" sound="-1" position="0" ratio="0" />
<EffectTemplate  effectId="27" path="_3D/Fx/Prefabs/BattleEffect/pikan_3" sound="-1" position="0" ratio="0" />
<EffectTemplate  effectId="28" path="_3D/Fx/Prefabs/BattleEffect/pikan_4" sound="-1" position="0" ratio="0" />
<EffectTemplate  effectId="42" path="_3D/Fx/Prefabs/BattleEffect/huahen" sound="-1" position="0" ratio="0" />
<EffectTemplate  effectId="44" path="_3D/Fx/Prefabs/BattleEffect/hanbingjian" sound="-1" position="0" ratio="0" />
<EffectTemplate  effectId="48" path="_3D/Fx/FxTemporary/FT_MagicEffects_volume01/king_skill_shi_xue" sound="-1" position="0" ratio="0" />
<EffectTemplate  effectId="50" path="_3D/Fx/Prefabs/BattleEffect/pugonggongjian" sound="-1" position="0" ratio="0" />
<EffectTemplate  effectId="51" path="_3D/Models/BattleField/Char_Shadow" sound="-1" position="0" ratio="0" />
<EffectTemplate  effectId="52" path="_3D/Models/BattleField/ShadowTemple" sound="-1" position="0" ratio="0" />
<EffectTemplate  effectId="53" path="_Uis/BattleField/LabelTemple_base" sound="-1" position="0" ratio="0" />
<EffectTemplate  effectId="55" path="_Uis/BattleField/LabelTemple_default" sound="-1" position="0" ratio="0" />
<EffectTemplate  effectId="56" path="_Uis/BattleField/LabelTemple_addHp" sound="-1" position="0" ratio="0" />
<EffectTemplate  effectId="57" path="_Uis/BattleField/LabelTemple_enemy" sound="-1" position="0" ratio="0" />
<EffectTemplate  effectId="58" path="_Uis/BattleField/LabelTemple_mibao" sound="-1" position="0" ratio="0" />
<EffectTemplate  effectId="59" path="_Uis/BattleField/LabelTemple_skill" sound="-1" position="0" ratio="0" />
<EffectTemplate  effectId="60" path="_3D/Fx/Prefabs/BattleEffect/yihuangqinglongjue" sound="-1" position="0" ratio="0" />
<EffectTemplate  effectId="61" path="_3D/Fx/FxTemporary/FT_MagicEffect_vol3/qiehuanwuqi" sound="2004" position="0" ratio="0" />
<EffectTemplate  effectId="62" path="_3D/Fx/Prefabs/BattleEffect/qianlongchuhai" sound="3317" position="0" ratio="0" />
<EffectTemplate  effectId="66" path="_3D/Fx/Prefabs/BattleEffect/tianlei" sound="400000" position="0" ratio="0" />
<EffectTemplate  effectId="67" path="_3D/Fx/Prefabs/BattleEffect/junzhubaodianhengxiang" sound="3309|3310|3314|3315|3316|300001|300002|300003|300004|300005|300006|300007|300008" position="0" ratio="0" />
<EffectTemplate  effectId="68" path="_3D/Fx/Prefabs/BattleEffect/zhuixingjian" sound="400100" position="0" ratio="0" />
<EffectTemplate  effectId="6800" path="_3D/Fx/Prefabs/BattleEffect/bingjian" sound="400200" position="0" ratio="0" />
<EffectTemplate  effectId="69" path="_3D/Fx/Prefabs/BattleEffect/hudun" sound="-1" position="0" ratio="0" />
<EffectTemplate  effectId="70" path="_3D/Fx/Prefabs/BattleEffect/jiagongjili" sound="-1" position="0" ratio="0" />
<EffectTemplate  effectId="71" path="_3D/Fx/Prefabs/BattleEffect/jiaxue" sound="-1" position="0" ratio="0" />
<EffectTemplate  effectId="72" path="_3D/Fx/Prefabs/BattleEffect/chiyouqingtongyin" sound="-1" position="0" ratio="0" />
<EffectTemplate  effectId="73" path="_3D/Models/BattleField/BloodBar_red" sound="-1" position="0" ratio="0" />
<EffectTemplate  effectId="74" path="_3D/Models/BattleField/BloodBar_green" sound="-1" position="0" ratio="0" />
<EffectTemplate  effectId="75" path="_3D/Fx/Prefabs/BattleEffect/chuanyunjian" sound="-1" position="0" ratio="0" />
<EffectTemplate  effectId="76" path="_3D/Fx/Prefabs/BattleEffect/GuangQiang_2" sound="-1" position="0" ratio="0" />
<EffectTemplate  effectId="77" path="_3D/Fx/Prefabs/GuangQiang/GuangQiang_2" sound="-1" position="0" ratio="0" />
<EffectTemplate  effectId="78" path="_3D/Fx/Prefabs/GuangQiang/GuangQiang_5" sound="-1" position="0" ratio="0" />
<EffectTemplate  effectId="79" path="_3D/Fx/Prefabs/GuangQiang/GuangQiang_10" sound="-1" position="0" ratio="0" />
<EffectTemplate  effectId="80" path="_3D/Fx/Prefabs/GuangQiang/GuangQiang_20" sound="-1" position="0" ratio="0" />
<EffectTemplate  effectId="81" path="_3D/Fx/Prefabs/GuangQiang/GuangQiang_50" sound="-1" position="0" ratio="0" />
<EffectTemplate  effectId="99" path="_3D/Fx/Prefabs/BattleEffect/zhayaotong" sound="-1" position="0" ratio="0" />
<EffectTemplate  effectId="100" path="_3D/Fx/Prefabs/BattleEffect/daoguang1" sound="-1" position="0" ratio="0" />
<EffectTemplate  effectId="101" path="_3D/Fx/Prefabs/BattleEffect/daoguang2" sound="-1" position="0" ratio="0" />
<EffectTemplate  effectId="102" path="_3D/Fx/Prefabs/BattleEffect/daoguang3" sound="-1" position="0" ratio="0" />
<EffectTemplate  effectId="103" path="_3D/Fx/Prefabs/BattleEffect/zhongjizadi" sound="-1" position="0" ratio="0" />
<EffectTemplate  effectId="104" path="_3D/Fx/Prefabs/BattleEffect/xueji_laoyin" sound="-1" position="1.1" ratio="0" />
<EffectTemplate  effectId="105" path="_3D/Fx/Prefabs/BattleEffect/dadao1" sound="-1" position="1.1" ratio="0" />
<EffectTemplate  effectId="106" path="_3D/Fx/Prefabs/BattleEffect/dadao2" sound="-1" position="1.1" ratio="0" />
<EffectTemplate  effectId="107" path="_3D/Fx/Prefabs/BattleEffect/dadao3" sound="-1" position="1.1" ratio="0" />
<EffectTemplate  effectId="150" path="_3D/Fx/Prefabs/BattleEffect/BOSSchongfeng" sound="3317" position="0" ratio="0" />
<EffectTemplate  effectId="151" path="_3D/Fx/Prefabs/BattleEffect/daoguang2" sound="-1" position="0" ratio="0" />
<EffectTemplate  effectId="152" path="_3D/Fx/Prefabs/BattleEffect/bahuanglieri_" sound="-1" position="0" ratio="0" />
<EffectTemplate  effectId="200" path="_Uis/BattleField/LabelTemple_droppenCoin" sound="-1" position="0" ratio="0" />
<EffectTemplate  effectId="201" path="_Uis/BattleField/LabelTemple_droppenItem" sound="-1" position="0" ratio="0" />
<EffectTemplate  effectId="250" path="_3D/Fx/Prefabs/BattleEffect/zhanhunjuexing" sound="3319" position="0" ratio="0" />
<EffectTemplate  effectId="251" path="_3D/Fx/Prefabs/BattleEffect/zhanhunjuexing_xunhuan" sound="-1" position="0" ratio="0" />
<EffectTemplate  effectId="299" path="_3D/Fx/Prefabs/BattleEffect/jishe2" sound="-1" position="0" ratio="0" />
<EffectTemplate  effectId="300" path="_3D/Fx/Prefabs/BattleEffect/jishe" sound="-1" position="0" ratio="0" />
<EffectTemplate  effectId="301" path="_3D/Fx/Prefabs/BattleEffect/hanbingjian" sound="400200" position="0" ratio="0" />
<EffectTemplate  effectId="302" path="_3D/Fx/Prefabs/BattleEffect/zhuixingjian" sound="400100" position="0" ratio="0" />
<EffectTemplate  effectId="303" path="_3D/Fx/Prefabs/BattleEffect/jiansu" sound="400220" position="0" ratio="0" />
<EffectTemplate  effectId="1000" path="_3D/Fx/FxTemporary/ExtremeFXvol1/Slash_Normal" sound="-1" position="0" ratio="0" />
<EffectTemplate  effectId="1010" path="_3D/Fx/FxTemporary/ExtremeFXvol1/Slash_Fire" sound="-1" position="0" ratio="0" />
<EffectTemplate  effectId="1020" path="_3D/Fx/FxTemporary/MagicEffectsLightningVol01/fx_magic_lightning_ball_projectile/jitui" sound="-1" position="0" ratio="0" />
<EffectTemplate  effectId="1030" path="_3D/Fx/Prefabs/BattleEffect/SignShadow" sound="-1" position="0" ratio="0" />
<EffectTemplate  effectId="1031" path="_3D/Fx/Prefabs/BattleEffect/wanjiajiasu" sound="-1" position="0" ratio="0" />
<EffectTemplate  effectId="1032" path="_3D/Fx/Prefabs/BattleEffect/wanjiabati" sound="-1" position="0" ratio="0" />
<EffectTemplate  effectId="1050" path="_3D/Fx/Prefabs/BattleEffect/chixuliuxue" sound="-1" position="0" ratio="0" />
<EffectTemplate  effectId="1060" path="_3D/Fx/Prefabs/BattleEffect/qiehuanwuqi" sound="-1" position="0" ratio="0" />
<EffectTemplate  effectId="3000" path="_3D/Fx/Prefabs/BattleEffect/shuaguai" sound="-1" position="0" ratio="0" />
<EffectTemplate  effectId="10100" path="_3D/Fx/FxTemporary/FT_MagicEffects_volume01/king_skill_shi_xue" sound="3319" position="0" ratio="0" />
<EffectTemplate  effectId="10205" path="_3D/Fx/FxTemporary/ExtremeFXvol1/Impact_Air" sound="-1" position="0" ratio="0" />
<EffectTemplate  effectId="10206" path="_3D/Fx/Prefabs/BattleEffect/qiankundouzhuan" sound="3317" position="0" ratio="0" />
<EffectTemplate  effectId="10310" path="_3D/Fx/Prefabs/BattleEffect/hanbingjianti" sound="400200" position="0" ratio="0" />
<EffectTemplate  effectId="10315" path="_3D/Fx/FxTemporary/FT_MagicEffect_vol3/king_skill_han_bing_jian_impact" sound="400210" position="0" ratio="0" />
<EffectTemplate  effectId="10316" path="_3D/Fx/Prefabs/BattleEffect/nvzhujue_xuanren_1" sound="-1" position="0" ratio="0" />
<EffectTemplate  effectId="10317" path="_3D/Fx/Prefabs/BattleEffect/nvzhujue_xuanren_2" sound="-1" position="0" ratio="0" />
<EffectTemplate  effectId="10318" path="_3D/Fx/Prefabs/BattleEffect/xuanrenjiemian_luoli" sound="-1" position="0" ratio="0" />
<EffectTemplate  effectId="10319" path="_3D/Fx/Prefabs/BattleEffect/nanzhujue_yanwu" sound="-1" position="0" ratio="0" />
<EffectTemplate  effectId="10320" path="_3D/Fx/Prefabs/BattleEffect/xuanrenjiemian" sound="-1" position="0" ratio="0" />
<EffectTemplate  effectId="10321" path="_3D/Fx/Prefabs/BattleEffect/nanzhujue_xuanrenjiemian" sound="-1" position="0" ratio="0" />
<EffectTemplate  effectId="50000" path="_3D/Fx/Prefabs/BattleEffect/bingdongjiansu" sound="400220" position="0" ratio="0" />
<EffectTemplate  effectId="50010" path="_3D/Fx/FxTemporary/ExtremeFXvol1/skill_liedi_impact" sound="-1" position="0" ratio="0" />
<EffectTemplate  effectId="50020" path="_3D/Fx/Prefabs/BattleEffect/xuanyun" sound="-1" position="1.2" ratio="1.2" />
<EffectTemplate  effectId="50030" path="_3D/Fx/Prefabs/BattleEffect/tx_huohai" sound="400099" position="0" ratio="0" />
<EffectTemplate  effectId="50040" path="_3D/Fx/FxTemporary/MagicEffectsLightningVol01/fx_magic_lightning_ball_projectile/fx_magic_lightning_ball_proj_withLightningTrail_gold" sound="400100" position="0" ratio="0" />
<EffectTemplate  effectId="50050" path="_3D/Fx/Prefabs/BattleEffect/chuanci" sound="-1" position="0" ratio="0" />
<EffectTemplate  effectId="50060" path="_3D/Fx/Prefabs/BattleEffect/huojian" sound="400100" position="0" ratio="0" />
<EffectTemplate  effectId="50070" path="_3D/Fx/Prefabs/BattleEffect/zhongji_xuli" sound="400099" position="0" ratio="0" />
<EffectTemplate  effectId="50071" path="_3D/Fx/Prefabs/BattleEffect/zhongji_zadi" sound="-1" position="0" ratio="0" />
<EffectTemplate  effectId="50080" path="_3D/Fx/Prefabs/BattleEffect/fenshenshu_1" sound="-1" position="0" ratio="0" />
<EffectTemplate  effectId="50090" path="_3D/Fx/Prefabs/BattleEffect/jinzhongzhao_1" sound="-1" position="0" ratio="0" />
<EffectTemplate  effectId="50100" path="_3D/Fx/Prefabs/BattleEffect/liejiguidao" sound="400000" position="0" ratio="0" />
<EffectTemplate  effectId="50101" path="_3D/Fx/Prefabs/BattleEffect/BOSSwudihuo" sound="-1" position="0" ratio="0" />
<EffectTemplate  effectId="50102" path="_3D/Fx/Prefabs/BattleEffect/jiandundunfang" sound="-1" position="0" ratio="0" />
<EffectTemplate  effectId="50103" path="_3D/Fx/Prefabs/BattleEffect/xuanyunjian_jianti" sound="-1" position="0" ratio="0" />
<EffectTemplate  effectId="50104" path="_3D/Fx/Prefabs/BattleEffect/zhaohuanyuanjun" sound="-1" position="0" ratio="0" />
<EffectTemplate  effectId="50105" path="_3D/Fx/Prefabs/BattleEffect/jiandunzhongji" sound="-1" position="0" ratio="0" />
<EffectTemplate  effectId="50106" path="_3D/Fx/Prefabs/BattleEffect/qiangbingzhongji" sound="-1" position="0" ratio="0" />
<EffectTemplate  effectId="50107" path="_3D/Fx/Prefabs/BattleEffect/shuangshoufuzhongji" sound="-1" position="0" ratio="0" />
<EffectTemplate  effectId="50108" path="_3D/Fx/Prefabs/BattleEffect/jinzhongzhao" sound="-1" position="0" ratio="0" />
<EffectTemplate  effectId="50109" path="_3D/Fx/Prefabs/BattleEffect/zuoji_zj" sound="-1" position="0" ratio="0" />
<EffectTemplate  effectId="50110" path="_3D/Fx/Prefabs/BattleEffect/jiaxue" sound="-1" position="0" ratio="0" />
<EffectTemplate  effectId="50111" path="_3D/Fx/Prefabs/BattleEffect/jiaxueshifang" sound="420160" position="0" ratio="0" />
<EffectTemplate  effectId="50112" path="_3D/Fx/Prefabs/BattleEffect/zuoji_xl" sound="400120" position="0.3" ratio="0.3" />
<EffectTemplate  effectId="50113" path="_3D/Fx/Prefabs/BattleEffect/xuanzhuangongji" sound="33803" position="0" ratio="0" />
<EffectTemplate  effectId="50114" path="_3D/Fx/Prefabs/BattleEffect/dunji" sound="-1" position="0" ratio="0" />
<EffectTemplate  effectId="50115" path="_3D/Fx/Prefabs/BattleEffect/dunji_1" sound="-1" position="0" ratio="0" />
<EffectTemplate  effectId="50120" path="_3D/Fx/Prefabs/BattleEffect/qiangbing" sound="-1" position="0" ratio="0" />
<EffectTemplate  effectId="50121" path="_3D/Fx/Prefabs/BattleEffect/qiangbing2" sound="-1" position="0" ratio="0" />
<EffectTemplate  effectId="50122" path="_3D/Fx/Prefabs/BattleEffect/qiangbing3" sound="-1" position="0" ratio="0" />
<EffectTemplate  effectId="51000" path="_3D/Fx/Prefabs/BattleEffect/yujingguangquan_juxing" sound="410000" position="0" ratio="0" />
<EffectTemplate  effectId="51010" path="_3D/Fx/Prefabs/BattleEffect/yujingguangquan_xian" sound="410000" position="0" ratio="0" />
<EffectTemplate  effectId="51020" path="_3D/Fx/Prefabs/BattleEffect/yujingguangquan_yuanxing" sound="410000" position="0" ratio="0" />
<EffectTemplate  effectId="51021" path="_3D/Fx/Prefabs/BattleEffect/d_caustic" sound="-1" position="0" ratio="0" />
<EffectTemplate  effectId="51022" path="_3D/Fx/Prefabs/BattleEffect/BOSSwudi" sound="-1" position="0" ratio="0" />
<EffectTemplate  effectId="51023" path="_3D/Fx/Prefabs/BattleEffect/nvfangshi_saotangtui_01" sound="-1" position="0" ratio="0" />
<EffectTemplate  effectId="51024" path="_3D/Fx/Prefabs/BattleEffect/gaowuqikangxing" sound="-1" position="0" ratio="0" />
<EffectTemplate  effectId="51025" path="_3D/Fx/Prefabs/BattleEffect/gaojinengkangxing" sound="-1" position="0" ratio="0" />
<EffectTemplate  effectId="100000" path="_3D/Fx/Prefabs/UiEffect/xinshouyindao_top" sound="-1" position="0" ratio="0" />
<EffectTemplate  effectId="110000" path="_3D/Fx/Prefabs/UiEffect/Cdtishi" sound="-1" position="0" ratio="0" />
<EffectTemplate  effectId="100001" path="_3D/Fx/Prefabs/UiEffect/xinshouzhiyinguanbianniu_mid" sound="-1" position="0" ratio="0" />
<EffectTemplate  effectId="100002" path="_3D/Fx/Prefabs/UiEffect/enxiu4" sound="-1" position="0" ratio="0" />
<EffectTemplate  effectId="100003" path="_3D/Fx/Prefabs/UiEffect/enxiu7" sound="-1" position="0" ratio="0" />
<EffectTemplate  effectId="100004" path="_3D/Fx/Prefabs/UiEffect/enxiu5" sound="-1" position="0" ratio="0" />
<EffectTemplate  effectId="100005" path="_3D/Fx/Prefabs/UiEffect/enxiu6" sound="-1" position="0" ratio="0" />
<EffectTemplate  effectId="100006" path="_3D/Fx/Prefabs/UiEffect/enxiu10" sound="-1" position="0" ratio="0" />
<EffectTemplate  effectId="110006" path="_3D/Fx/Prefabs/UiEffect/xinrenwutishi_small_top_mibaotishi" sound="-1" position="0" ratio="0" />
<EffectTemplate  effectId="100007" path="_3D/Fx/Prefabs/UiEffect/enxiu8" sound="-1" position="0" ratio="0" />
<EffectTemplate  effectId="100008" path="_3D/Fx/Prefabs/UiEffect/enxiu9" sound="-1" position="0" ratio="0" />
<EffectTemplate  effectId="110008" path="_3D/Fx/Prefabs/UiEffect/xunlu" sound="-1" position="0" ratio="0" />
<EffectTemplate  effectId="100009" path="_3D/Fx/Prefabs/UiEffect/jinengjiesuo" sound="-1" position="0" ratio="0" />
<EffectTemplate  effectId="100010" path="_3D/Fx/Prefabs/UiEffect/xinrenwutishi_top" sound="-1" position="0" ratio="0" />
<EffectTemplate  effectId="100011" path="_3D/Fx/Prefabs/UiEffect/xinshouzhiyinrenwu_mid" sound="-1" position="0" ratio="0" />
<EffectTemplate  effectId="100012" path="_3D/Fx/Prefabs/UiEffect/UIsaoguang" sound="-1" position="0" ratio="0" />
<EffectTemplate  effectId="100020" path="_3D/Fx/Prefabs/UiEffect/shengji" sound="210550" position="0" ratio="0" />
<EffectTemplate  effectId="100021" path="_3D/Fx/Prefabs/UiEffect/chuanzhuangbei_top" sound="-1" position="0" ratio="0" />
<EffectTemplate  effectId="100030" path="_3D/Fx/Prefabs/UiEffect/huodeqiandaojiangli_top" sound="-1" position="0" ratio="0" />
<EffectTemplate  effectId="100100" path="_3D/Fx/Prefabs/UiEffect/shenglihuamian_mid" sound="-1" position="0" ratio="0" />
<EffectTemplate  effectId="100101" path="_3D/Fx/Prefabs/UiEffect/xingji_mid" sound="-1" position="0" ratio="0" />
<EffectTemplate  effectId="100102" path="_3D/Fx/Prefabs/UiEffect/shenglitexiaoxuying_Top" sound="210957" position="0" ratio="0" />
<EffectTemplate  effectId="100103" path="_3D/Fx/Prefabs/UiEffect/shenglitexiaoxuying_xiao" sound="-1" position="0" ratio="0" />
<EffectTemplate  effectId="100104" path="_3D/Fx/Prefabs/UiEffect/shibaitexiaoxuying" sound="-1" position="0" ratio="0" />
<EffectTemplate  effectId="100105" path="_3D/Fx/Prefabs/UiEffect/shenglitexiaoxuying_Bottom" sound="-1" position="0" ratio="0" />
<EffectTemplate  effectId="100106" path="_3D/Fx/Prefabs/UiEffect/UI_xingongnengkaiqi_fang" sound="-1" position="0" ratio="0" />
<EffectTemplate  effectId="100107" path="_3D/Fx/Prefabs/UiEffect/haosaigei" sound="-1" position="0" ratio="0" />
<EffectTemplate  effectId="100108" path="_3D/Fx/Prefabs/UiEffect/junxiantisheng" sound="210957" position="0" ratio="0" />
<EffectTemplate  effectId="100110" path="_3D/Fx/Prefabs/UiEffect/jianglitexiao_top" sound="-1" position="0" ratio="0" />
<EffectTemplate  effectId="100111" path="_3D/Fx/Prefabs/UiEffect/jiangliku_top" sound="-1" position="0" ratio="0" />
<EffectTemplate  effectId="100112" path="_3D/Fx/Prefabs/UiEffect/huoqujingyanzhi_top" sound="-1" position="0" ratio="0" />
<EffectTemplate  effectId="100113" path="_3D/Fx/Prefabs/UiEffect/UI_xingongnengkaiqi_yuan" sound="-1" position="0" ratio="0" />
<EffectTemplate  effectId="100140" path="_3D/Fx/Prefabs/UiEffect/jingyuanshituowei_mid" sound="-1" position="0" ratio="0" />
<EffectTemplate  effectId="100141" path="_3D/Fx/Prefabs/UiEffect/kapaimianxiaolizi" sound="210310" position="0" ratio="0" />
<EffectTemplate  effectId="100142" path="_3D/Fx/Prefabs/UiEffect/kapaibeibutexiaobaishang" sound="-1" position="0" ratio="0" />
<EffectTemplate  effectId="100143" path="_3D/Fx/Prefabs/UiEffect/kapaibeibutexiaolvshang" sound="-1" position="0" ratio="0" />
<EffectTemplate  effectId="100144" path="_3D/Fx/Prefabs/UiEffect/kapaibeibutexiaolanshang" sound="-1" position="0" ratio="0" />
<EffectTemplate  effectId="100145" path="_3D/Fx/Prefabs/UiEffect/kapaibeibutexiaozishang" sound="-1" position="0" ratio="0" />
<EffectTemplate  effectId="100146" path="_3D/Fx/Prefabs/UiEffect/kapaibeibutexiaochengshang" sound="-1" position="0" ratio="0" />
<EffectTemplate  effectId="100147" path="_3D/Fx/Prefabs/UiEffect/kapaibeibutexiaojinseshang" sound="-1" position="0" ratio="0" />
<EffectTemplate  effectId="100148" path="_3D/Fx/Prefabs/UiEffect/kapaibiankuangtexiaoshang" sound="-1" position="0" ratio="0" />
<EffectTemplate  effectId="100150" path="_3D/Fx/Prefabs/UiEffect/kapaibeibutexiaobai" sound="-1" position="0" ratio="0" />
<EffectTemplate  effectId="100151" path="_3D/Fx/Prefabs/UiEffect/kapaibeibutexiaolv" sound="-1" position="0" ratio="0" />
<EffectTemplate  effectId="100152" path="_3D/Fx/Prefabs/UiEffect/kapaibeibutexiaolan" sound="-1" position="0" ratio="0" />
<EffectTemplate  effectId="100153" path="_3D/Fx/Prefabs/UiEffect/kapaibeibutexiaozi" sound="-1" position="0" ratio="0" />
<EffectTemplate  effectId="100154" path="_3D/Fx/Prefabs/UiEffect/kapaibeibutexiaocheng" sound="-1" position="0" ratio="0" />
<EffectTemplate  effectId="100155" path="_3D/Fx/Prefabs/UiEffect/kapaibeibutexiao" sound="210310" position="0" ratio="0" />
<EffectTemplate  effectId="100156" path="_3D/Fx/Prefabs/UiEffect/kapaibeibutexiaojin" sound="210320" position="0" ratio="0" />
<EffectTemplate  effectId="100157" path="_3D/Fx/Prefabs/UiEffect/kapaibiankuangtexiao" sound="210500" position="0" ratio="0" />
<EffectTemplate  effectId="100160" path="_3D/Fx/Prefabs/UiEffect/hecheng_top" sound="-1" position="0" ratio="0" />
<EffectTemplate  effectId="100161" path="_3D/Fx/Prefabs/UiEffect/chengsebaoshi" sound="-1" position="0" ratio="0" />
<EffectTemplate  effectId="100162" path="_3D/Fx/Prefabs/UiEffect/lvsebaoshi" sound="-1" position="0" ratio="0" />
<EffectTemplate  effectId="100163" path="_3D/Fx/Prefabs/UiEffect/lansebaoshi" sound="-1" position="0" ratio="0" />
<EffectTemplate  effectId="100164" path="_3D/Fx/Prefabs/UiEffect/hongsebaoshi" sound="-1" position="0" ratio="0" />
<EffectTemplate  effectId="100165" path="_3D/Fx/Prefabs/UiEffect/UI_feijianhuoxing" sound="-1" position="0" ratio="0" />
<EffectTemplate  effectId="100166" path="_3D/Fx/Prefabs/UiEffect/UI_jinengkaiqi_baofa" sound="210950" position="0" ratio="0" />
<EffectTemplate  effectId="100167" path="_3D/Fx/Prefabs/UiEffect/UI_jinengkaiqi_chixu_fang" sound="-1" position="0" ratio="0" />
<EffectTemplate  effectId="100168" path="_3D/Fx/Prefabs/UiEffect/UI_jinengkaiqi_chixu_yuan" sound="-1" position="0" ratio="0" />
<EffectTemplate  effectId="100169" path="_3D/Fx/Prefabs/UiEffect/jinengsuoding" sound="210957" position="0" ratio="0" />
<EffectTemplate  effectId="100170" path="_3D/Fx/Prefabs/UiEffect/jinengjiesuo_bottom" sound="-1" position="0" ratio="0" />
<EffectTemplate  effectId="100171" path="_3D/Fx/Prefabs/UiEffect/jian" sound="-1" position="0" ratio="0" />
<EffectTemplate  effectId="100172" path="_3D/Fx/Prefabs/UiEffect/dun" sound="-1" position="0" ratio="0" />
<EffectTemplate  effectId="100173" path="_3D/Fx/Prefabs/UiEffect/lianyi" sound="-1" position="0" ratio="0" />
<EffectTemplate  effectId="100174" path="_3D/Fx/Prefabs/UiEffect/lianyidanci" sound="-1" position="0" ratio="0" />
<EffectTemplate  effectId="100175" path="_3D/Fx/Prefabs/UiEffect/xuanzhong" sound="-1" position="0" ratio="0" />
<EffectTemplate  effectId="100176" path="_3D/Fx/Prefabs/UiEffect/zhandoulitisheng" sound="-1" position="0" ratio="0" />
<EffectTemplate  effectId="100177" path="_3D/Fx/Prefabs/UiEffect/renwushuaxin" sound="-1" position="0" ratio="0" />
<EffectTemplate  effectId="100178" path="_3D/Fx/Prefabs/UiEffect/UI_mibaochengzhang" sound="210950" position="0" ratio="0" />
<EffectTemplate  effectId="100179" path="_3D/Fx/Prefabs/UiEffect/zhandoushenglisuduxian" sound="-1" position="0" ratio="0" />
<EffectTemplate  effectId="100180" path="_3D/Fx/Prefabs/UiEffect/renwuwancheng" sound="210510" position="0" ratio="0" />
<EffectTemplate  effectId="100181" path="_3D/Fx/Prefabs/UiEffect/mibaoshanguangtexiao" sound="-1" position="0" ratio="0" />
<EffectTemplate  effectId="100182" path="_3D/Fx/Prefabs/UiEffect/UI_qianghuawuqi_chixu_fang" sound="-1" position="0" ratio="0" />
<EffectTemplate  effectId="100183" path="_3D/Fx/Prefabs/UiEffect/MiBaoStarUpEffect" sound="-1" position="0" ratio="0" />
<EffectTemplate  effectId="100184" path="_3D/Fx/Prefabs/UiEffect/renwutishi" sound="-1" position="0" ratio="0" />
<EffectTemplate  effectId="100185" path="_3D/Fx/Prefabs/UiEffect/zhuanquan" sound="-1" position="0" ratio="0" />
<EffectTemplate  effectId="100186" path="_3D/Fx/Prefabs/UiEffect/UI_zhuangbei_tihuan_fang" sound="-1" position="0" ratio="0" />
<EffectTemplate  effectId="100189" path="_3D/Fx/Prefabs/UiEffect/haosaigeiha" sound="-1" position="0" ratio="0" />
<EffectTemplate  effectId="100190" path="_3D/Fx/Prefabs/UiEffect/shengjitexiao" sound="210957" position="0" ratio="0" />
<EffectTemplate  effectId="100191" path="_3D/Fx/Prefabs/UiEffect/zhanlitisheng" sound="210310" position="0" ratio="0" />
<EffectTemplate  effectId="100200" path="_3D/Fx/Prefabs/BattleEffect/chuansongmen" sound="-1" position="0" ratio="0" />
<EffectTemplate  effectId="100201" path="_3D/Fx/Prefabs/BattleEffect/chuansongmen11" sound="-1" position="0" ratio="0" />
<EffectTemplate  effectId="100202" path="_3D/Fx/Prefabs/BattleEffect/chuansongmen22" sound="-1" position="0" ratio="0" />
<EffectTemplate  effectId="200000" path="_3D/Fx/Prefabs/BattleEffect/jinbifeichu" sound="310100|310101|310102" position="0" ratio="0" />
<EffectTemplate  effectId="200001" path="_3D/Fx/Prefabs/BattleEffect/jinbifei" sound="-1" position="0" ratio="0" />
<EffectTemplate  effectId="200002" path="_3D/Fx/Prefabs/BattleEffect/zhanchangBUFFCD" sound="-1" position="0" ratio="0" />
<EffectTemplate  effectId="200003" path="_3D/Fx/Prefabs/BattleEffect/zhanchangBUFFjiagong" sound="-1" position="0" ratio="0" />
<EffectTemplate  effectId="200004" path="_3D/Fx/Prefabs/BattleEffect/zhanchangBUFFjiasu" sound="-1" position="0" ratio="0" />
<EffectTemplate  effectId="200005" path="_3D/Fx/Prefabs/BattleEffect/zhanchangBUFFjiaxue" sound="-1" position="0" ratio="0" />
<EffectTemplate  effectId="200006" path="_3D/Fx/Prefabs/BattleEffect/zhanchangBUFFjineng" sound="-1" position="0" ratio="0" />
<EffectTemplate  effectId="200007" path="_3D/Fx/Prefabs/BattleEffect/zhanchangBUFFwudi" sound="-1" position="0" ratio="0" />
<EffectTemplate  effectId="200008" path="_3D/Fx/Prefabs/BattleEffect/quanping" sound="-1" position="0" ratio="0" />
<EffectTemplate  effectId="200009" path="_3D/Fx/Prefabs/BattleEffect/huoyanqiu" sound="-1" position="0" ratio="0" />
<EffectTemplate  effectId="200010" path="_3D/Fx/Prefabs/BattleEffect/huoyanqiubaozha" sound="-1" position="0" ratio="0" />
<EffectTemplate  effectId="200011" path="_3D/Fx/Prefabs/BattleEffect/xuliqiu" sound="-1" position="0" ratio="0" />
<EffectTemplate  effectId="260101" path="_3D/Fx/FxTemporary/MagicEffectsLightningVol01/fx_magic_lightning_falling/fx_magic_lightning_falling_blue" sound="400000" position="0" ratio="0" />
<EffectTemplate  effectId="260102" path="_3D/Fx/FxTemporary/FT_MagicEffect_vol3/LineSphereFX" sound="-1" position="0" ratio="0" />
<EffectTemplate  effectId="260103" path="_3D/Fx/FxTemporary/MagicEffectsLightningVol01/fx_magic_lightning_summon/fx_magic_lightning_summon_red" sound="-1" position="0" ratio="0" />
<EffectTemplate  effectId="260201" path="_3D/Fx/Prefabs/BattleEffect/HitFX_Fire" sound="400110" position="0" ratio="0" />
<EffectTemplate  effectId="260202" path="_3D/Fx/FxTemporary/ExtremeFXvol1/Impact_Spark" sound="-1" position="0" ratio="0" />
<EffectTemplate  effectId="260203" path="_3D/Fx/FxTemporary/FT_MagicEffect_vol3/CircleFX_Fire" sound="400120" position="0" ratio="0" />
<EffectTemplate  effectId="260301" path="_3D/Fx/FxTemporary/FT_MagicEffects_volume01/DarkSmoke_OneShot" sound="-1" position="0" ratio="0" />
<EffectTemplate  effectId="260302" path="_3D/Fx/Prefabs/BattleEffect/bingdongjiansu" sound="400210" position="0" ratio="0" />
<EffectTemplate  effectId="260303" path="_3D/Fx/FxTemporary/FT_MagicEffect_vol3/ChargeFX_Normal" sound="-1" position="0" ratio="0" />
<EffectTemplate  effectId="260401" path="_3D/Fx/FxTemporary/MEGA_512/ParticleFX01/Magic/zhongdu" sound="-1" position="0" ratio="0" />
<EffectTemplate  effectId="260402" path="_3D/Fx/FxTemporary/ExtremeFXvol1/Impact_Spark" sound="-1" position="0" ratio="0" />
<EffectTemplate  effectId="260403" path="_3D/Fx/FxTemporary/FT_MagicEffects_volume01/ShockWave_OneShot" sound="-1" position="0" ratio="0" />
<EffectTemplate  effectId="260501" path="_3D/Fx/FxTemporary/FT_MagicEffect_vol3/HitFX_Dark" sound="-1" position="0" ratio="0" />
<EffectTemplate  effectId="260502" path="_3D/Fx/FxTemporary/MagicEffectsLightningVol01/fx_magic_lightning_surround_3balls/fx_magic_lightning_surround_3balls_red" sound="-1" position="0" ratio="0" />
<EffectTemplate  effectId="260503" path="_3D/Fx/FxTemporary/MagicEffectsLightningVol01/fx_magic_lightning_surround_3balls/fx_magic_lightning_surround_3balls_gold" sound="-1" position="0" ratio="0" />
<EffectTemplate  effectId="260601" path="_3D/Fx/FxTemporary/MagicEffectsLightningVol01/fx_magic_lightning_summon/fx_magic_lightning_summon_gold" sound="-1" position="0" ratio="0" />
<EffectTemplate  effectId="260602" path="_3D/Fx/FxTemporary/MagicEffectsLightningVol01/fx_magic_lightning_falling_SpreadEffector/fx_magic_lightning_falling_SpreadEffector_complex" sound="-1" position="0" ratio="0" />
<EffectTemplate  effectId="260603" path="_3D/Fx/FxTemporary/FT_MagicEffect_vol3/GroundFX_Fire02" sound="400110" position="0" ratio="0" />
<EffectTemplate  effectId="260701" path="_3D/Fx/FxTemporary/ExtremeFXvol1/GhostSpawn" sound="-1" position="0" ratio="0" />
<EffectTemplate  effectId="260702" path="_3D/Fx/FxTemporary/FT_MagicEffects_volume01/BlueExplosion" sound="-1" position="0" ratio="0" />
<EffectTemplate  effectId="260703" path="_3D/Fx/FxTemporary/FT_MagicEffects_volume01/ShockWave_OneShot" sound="-1" position="0" ratio="0" />
<EffectTemplate  effectId="360101" path="_3D/Fx/FxTemporary/FT_MagicEffect_vol3/BarrierFX" sound="-1" position="0" ratio="0" />
<EffectTemplate  effectId="360102" path="_3D/Fx/FxTemporary/FT_MagicEffect_vol3/xuli" sound="-1" position="0" ratio="0" />
<EffectTemplate  effectId="360103" path="_3D/Fx/FxTemporary/FT_MagicEffect_vol3/BarrierFX2" sound="-1" position="0" ratio="0" />
<EffectTemplate  effectId="360202" path="_3D/Fx/Prefabs/BattleEffect/huoyanchixu" sound="400120" position="0" ratio="0" />
<EffectTemplate  effectId="500000" path="_3D/Fx/Prefabs/BattleEffect/shennongianluojuefanwei" sound="-1" position="0" ratio="0" />
<EffectTemplate  effectId="500001" path="_3D/Fx/Prefabs/BattleEffect/shennongianluojuefanwei_1" sound="420140" position="0" ratio="0" />
<EffectTemplate  effectId="600000" path="_3D/Fx/FxTemporary/Particle_Effects_Package_V1/Base_explosion" sound="-1" position="0" ratio="0" />
<EffectTemplate  effectId="600001" path="_3D/Fx/FxTemporary/Particle_Effects_Package_V1/Dark_Meteor" sound="-1" position="0" ratio="0" />
<EffectTemplate  effectId="600002" path="_3D/Fx/FxTemporary/Particle_Effects_Package_V1/Electrical_Vortex" sound="-1" position="0" ratio="0" />
<EffectTemplate  effectId="600003" path="_3D/Fx/FxTemporary/Particle_Effects_Package_V1/Fire_ground_3" sound="-1" position="0" ratio="0" />
<EffectTemplate  effectId="600004" path="_3D/Fx/FxTemporary/Particle_Effects_Package_V1/Fire_projectile_Small" sound="-1" position="0" ratio="0" />
<EffectTemplate  effectId="600005" path="_3D/Fx/FxTemporary/Particle_Effects_Package_V1/flarePiller" sound="-1" position="0" ratio="0" />
<EffectTemplate  effectId="600006" path="_3D/Fx/FxTemporary/Particle_Effects_Package_V1/Necro_Projectile_Small" sound="-1" position="0" ratio="0" />
<EffectTemplate  effectId="600007" path="_3D/Fx/FxTemporary/Particle_Effects_Package_V1/powerCircle" sound="-1" position="0" ratio="0" />
<EffectTemplate  effectId="600008" path="_3D/Fx/FxTemporary/Particle_Effects_Package_V1/pulseShock" sound="-1" position="0" ratio="0" />
<EffectTemplate  effectId="600009" path="_3D/Fx/FxTemporary/Particle_Effects_Package_V1/sparkAura" sound="-1" position="0" ratio="0" />
<EffectTemplate  effectId="600010" path="_3D/Fx/FxTemporary/Particle_Effects_Package_V1/spirit" sound="-1" position="0" ratio="0" />
<EffectTemplate  effectId="600011" path="_3D/Fx/FxTemporary/Particle_Effects_Package_V1/windCircle5" sound="-1" position="0" ratio="0" />
<EffectTemplate  effectId="600012" path="_3D/Fx/FxTemporary/Particle_Effects_Package_V1/windImpact" sound="-1" position="0" ratio="0" />
<EffectTemplate  effectId="600110" path="_3D/Fx/Prefabs/BattleEffect/kongzhushenghuojue" sound="420120" position="0" ratio="0" />
<EffectTemplate  effectId="600115" path="_3D/Fx/Prefabs/BattleEffect/kongzhushenghuojueBUFF" sound="-1" position="0" ratio="0" />
<EffectTemplate  effectId="600120" path="_3D/Fx/Prefabs/BattleEffect/qinglongjue" sound="420110" position="0" ratio="0" />
<EffectTemplate  effectId="600125" path="_3D/Fx/Prefabs/BattleEffect/qinglongjuebeiji" sound="-1" position="0" ratio="0" />
<EffectTemplate  effectId="600130" path="_3D/Fx/Prefabs/BattleEffect/xuanyuantiangangjueshifang" sound="420150" position="0" ratio="0" />
<EffectTemplate  effectId="600140" path="_3D/Fx/Prefabs/BattleEffect/zhuanxuxuanwujue_sf" sound="420130" position="0" ratio="0" />
<EffectTemplate  effectId="600145" path="_3D/Fx/Prefabs/BattleEffect/zhuanxuxuanwujue_buff" sound="-1" position="0" ratio="0" />
<EffectTemplate  effectId="600146" path="_3D/Fx/Prefabs/UiEffect/enxiu1" sound="-1" position="0" ratio="0" />
<EffectTemplate  effectId="600147" path="_3D/Fx/Prefabs/UiEffect/enxiu2" sound="-1" position="0" ratio="0" />
<EffectTemplate  effectId="600148" path="_3D/Fx/Prefabs/UiEffect/enxiu3" sound="-1" position="0" ratio="0" />
<EffectTemplate  effectId="600149" path="_3D/Fx/Prefabs/UiEffect/enxiu11" sound="-1" position="0" ratio="0" />
<EffectTemplate  effectId="600150" path="_3D/Fx/Prefabs/UiEffect/enxiu12" sound="-1" position="0" ratio="0" />
<EffectTemplate  effectId="600151" path="_3D/Fx/Prefabs/UiEffect/enxiu13" sound="-1" position="0" ratio="0" />
<EffectTemplate  effectId="600152" path="_3D/Fx/Prefabs/UiEffect/enxiu14" sound="-1" position="0" ratio="0" />
<EffectTemplate  effectId="600153" path="_3D/Fx/Prefabs/UiEffect/enxiu15" sound="-1" position="0" ratio="0" />
<EffectTemplate  effectId="600154" path="_3D/Fx/Prefabs/UiEffect/xiaobaoxiang" sound="-1" position="0" ratio="0" />
<EffectTemplate  effectId="600155" path="_3D/Fx/Prefabs/UiEffect/UI_jinengkaiqi_chixu_JinJie" sound="210230" position="0" ratio="0" />
<EffectTemplate  effectId="600156" path="_3D/Fx/Prefabs/BattleEffect/pugongshejian" sound="-1" position="0" ratio="0" />
<EffectTemplate  effectId="600157" path="_3D/Fx/Prefabs/BattleEffect/zhongdiantexiao" sound="-1" position="0" ratio="0" />
<EffectTemplate  effectId="600158" path="_3D/Fx/Prefabs/BattleEffect/qinwang_attack01" sound="-1" position="0" ratio="0" />
<EffectTemplate  effectId="600159" path="_3D/Fx/Prefabs/BattleEffect/qinwangattack01_shentihuoyan" sound="-1" position="0" ratio="0" />
<EffectTemplate  effectId="600160" path="_3D/Fx/Prefabs/BattleEffect/qinwangchongfeng" sound="-1" position="0" ratio="0" />
<EffectTemplate  effectId="600161" path="_3D/Fx/Prefabs/BattleEffect/qinwangjineng3" sound="-1" position="0" ratio="0" />
<EffectTemplate  effectId="600162" path="_3D/Fx/Prefabs/BattleEffect/xueji_laoyin_biaoji" sound="-1" position="0.8" ratio="0.8" />
<EffectTemplate  effectId="600163" path="_3D/Fx/Prefabs/BattleEffect/xueji_laoyin_liuxuexiaoguo" sound="-1" position="0.8" ratio="0.8" />
<EffectTemplate  effectId="600164" path="_3D/Fx/Prefabs/BattleEffect/gongjianwuqikangxing" sound="-1" position="0.6" ratio="0.6" />
<EffectTemplate  effectId="600165" path="_3D/Fx/Prefabs/BattleEffect/qingwuqikangxing" sound="-1" position="0.6" ratio="0.6" />
<EffectTemplate  effectId="600166" path="_3D/Fx/Prefabs/BattleEffect/zhongwuqikangxing" sound="-1" position="0.6" ratio="0.6" />
<EffectTemplate  effectId="600167" path="_3D/Fx/Prefabs/BattleEffect/elingchongjibo_shangyang_xuli" sound="210957" position="1.1" ratio="1.1" />
<EffectTemplate  effectId="600168" path="_3D/Fx/Prefabs/BattleEffect/elingchongjibo_shangyang_shifa" sound="400100" position="0" ratio="0" />
<EffectTemplate  effectId="600169" path="_3D/Fx/Prefabs/BattleEffect/Anquanqiang" sound="-1" position="0" ratio="0" />
<EffectTemplate  effectId="600170" path="_3D/Fx/Prefabs/BattleEffect/qinwangbaozha" sound="-1" position="0" ratio="0" />
<EffectTemplate  effectId="600171" path="_3D/Fx/Prefabs/BattleEffect/putongbiaomasiwanglan" sound="-1" position="0" ratio="0" />
<EffectTemplate  effectId="600172" path="_3D/Fx/Prefabs/BattleEffect/putongbiaomasiwanglv" sound="-1" position="0" ratio="0" />
<EffectTemplate  effectId="600173" path="_3D/Fx/Prefabs/BattleEffect/putongbiaomasiwanglvbai" sound="-1" position="0" ratio="0" />
<EffectTemplate  effectId="600174" path="_3D/Fx/Prefabs/BattleEffect/putongbiaomasiwanglvcheng" sound="-1" position="0" ratio="0" />
<EffectTemplate  effectId="600175" path="_3D/Fx/Prefabs/BattleEffect/putongbiaomasiwangzi" sound="-1" position="0" ratio="0" />
<EffectTemplate  effectId="600176" path="_3D/Fx/Prefabs/BattleEffect/shangyang_dubao_effect" sound="400100" position="0" ratio="0" />
<EffectTemplate  effectId="600177" path="_3D/Fx/Prefabs/BattleEffect/shangyang_fazhang_effect" sound="-1" position="1.2" ratio="1.2" />
<EffectTemplate  effectId="600178" path="_3D/Fx/Prefabs/BattleEffect/mibaojineng" sound="420170" position="0" ratio="0" />
<EffectTemplate  effectId="600179" path="_3D/Fx/Prefabs/BattleEffect/mibaojinnengchixu" sound="-1" position="0" ratio="0" />
<EffectTemplate  effectId="600180" path="_3D/Fx/Prefabs/BattleEffect/mibaojinnengdaji" sound="-1" position="0" ratio="0" />
<EffectTemplate  effectId="600181" path="_3D/Fx/Prefabs/BattleEffect/Boss_tianji_sanlianzhan" sound="-1" position="0" ratio="0" />
<EffectTemplate  effectId="600182" path="_3D/Fx/Prefabs/BattleEffect/duwuzhadan" sound="33801" position="0" ratio="0" />
<EffectTemplate  effectId="600183" path="_3D/Fx/Prefabs/BattleEffect/duwuzhadanfeixing" sound="33802" position="0" ratio="0" />
<EffectTemplate  effectId="600184" path="_3D/Fx/Prefabs/BattleEffect/zhuirigong_shifa" sound="-1" position="0" ratio="0" />
<EffectTemplate  effectId="600185" path="_3D/Fx/Prefabs/BattleEffect/zhuirigong_shouji" sound="-1" position="0" ratio="0" />
<EffectTemplate  effectId="600186" path="_3D/Fx/Prefabs/BattleEffect/jujianxuanfeng" sound="33803" position="0" ratio="0" />
<EffectTemplate  effectId="600187" path="_3D/Fx/Prefabs/BattleEffect/jujianxuanfeng_xh" sound="33803" position="0" ratio="0" />
<EffectTemplate  effectId="600188" path="_3D/Fx/Prefabs/BattleEffect/xiezifenshen" sound="-1" position="0" ratio="0" />
<EffectTemplate  effectId="600189" path="_3D/Fx/Prefabs/BattleEffect/Boss_mengchangjun_siwangduwu_shifa" sound="-1" position="0" ratio="0" />
<EffectTemplate  effectId="600190" path="_3D/Fx/Prefabs/BattleEffect/Boss_mengchangjun_siwangduwu_gongjian" sound="-1" position="0" ratio="0" />
<EffectTemplate  effectId="600191" path="_3D/Fx/Prefabs/BattleEffect/Boss_mengchangjun_siwangduwu_dubao" sound="-1" position="0" ratio="0" />
<EffectTemplate  effectId="600192" path="_3D/Fx/Prefabs/BattleEffect/pangjuan_didongshanyao_taotichongfeng" sound="33804" position="0" ratio="0" />
<EffectTemplate  effectId="600193" path="_3D/Fx/Prefabs/BattleEffect/pangjuan_didongshanyao" sound="33801" position="0.1" ratio="0.1" />
<EffectTemplate  effectId="600194" path="_3D/Fx/Prefabs/BattleEffect/lianzhujian_1" sound="-1" position="0" ratio="0" />
<EffectTemplate  effectId="600195" path="_3D/Fx/Prefabs/BattleEffect/lianzhujian_2" sound="-1" position="0" ratio="0" />
<EffectTemplate  effectId="600196" path="_3D/Fx/Prefabs/BattleEffect/pangjuan_zhendangbo (shifang)" sound="400100" position="0.3" ratio="0.3" />
<EffectTemplate  effectId="600197" path="_3D/Fx/Prefabs/BattleEffect/bianfujianyu" sound="-1" position="0" ratio="0" />
<EffectTemplate  effectId="600198" path="_3D/Fx/Prefabs/BattleEffect/bianfujianyusheji" sound="-1" position="0" ratio="0" />
<EffectTemplate  effectId="600199" path="_3D/Fx/Prefabs/BattleEffect/shangyangheidong" sound="420140" position="0" ratio="0" />
<EffectTemplate  effectId="600200" path="_3D/Fx/Prefabs/BattleEffect/shangyangbaozha" sound="33801" position="0" ratio="0" />
<EffectTemplate  effectId="600201" path="_3D/Fx/Prefabs/BattleEffect/jiguangzhu" sound="-1" position="0.2" ratio="0.2" />
<EffectTemplate  effectId="600202" path="_3D/Fx/Prefabs/BattleEffect/youxia2" sound="33801" position="0" ratio="0" />
<EffectTemplate  effectId="600203" path="_3D/Fx/Prefabs/BattleEffect/tianjiniutou" sound="33804" position="0" ratio="0" />
<EffectTemplate  effectId="600204" path="_3D/Fx/Prefabs/BattleEffect/pangjuan_jineng1_shifang" sound="-1" position="0" ratio="0" />
<EffectTemplate  effectId="600205" path="_3D/Fx/Prefabs/BattleEffect/pangjuan_jineng1_chuxian" sound="-1" position="0" ratio="0" />
<EffectTemplate  effectId="600206" path="_3D/Fx/Prefabs/UiEffect/lingqujiangli" sound="-1" position="0" ratio="0" />
<EffectTemplate  effectId="600207" path="_3D/Fx/Prefabs/UiEffect/liuguang" sound="-1" position="0" ratio="0" />
<EffectTemplate  effectId="600208" path="_3D/Fx/Prefabs/BattleEffect/qinwangbaozha2" sound="33801" position="0" ratio="0" />
<EffectTemplate  effectId="600209" path="_3D/Fx/Prefabs/BattleEffect/qinwangbaozha3" sound="33801" position="0" ratio="0" />
<EffectTemplate  effectId="600210" path="_3D/Fx/Prefabs/BattleEffect/jueyingxingguangbeiji" sound="-1" position="0.7" ratio="0.7" />
<EffectTemplate  effectId="600211" path="_3D/Fx/Prefabs/BattleEffect/jueyingxingguangchongci" sound="-1" position="0" ratio="0" />
<EffectTemplate  effectId="600212" path="_3D/Fx/Prefabs/BattleEffect/Boss_xinlingjun_xiezituci" sound="-1" position="0" ratio="0" />
<EffectTemplate  effectId="600213" path="_3D/Fx/Prefabs/BattleEffect/xinlinjun_xiezibaiwei" sound="-1" position="0" ratio="0" />
<EffectTemplate  effectId="600214" path="_3D/Fx/Prefabs/BattleEffect/xiezituci_xiazha" sound="-1" position="0" ratio="0" />
<EffectTemplate  effectId="600215" path="_3D/Fx/Prefabs/BattleEffect/pangjuan_zhendangbo (xuli)" sound="400099" position="0.7" ratio="0.7" />
<EffectTemplate  effectId="600216" path="_3D/Fx/Prefabs/BattleEffect/bahuanlieri_1" sound="-1" position="0" ratio="0" />
<EffectTemplate  effectId="600217" path="_3D/Fx/Prefabs/BattleEffect/yunbiao_bai" sound="-1" position="0" ratio="0" />
<EffectTemplate  effectId="600218" path="_3D/Fx/Prefabs/BattleEffect/yunbiao_lv" sound="-1" position="0" ratio="0" />
<EffectTemplate  effectId="600219" path="_3D/Fx/Prefabs/BattleEffect/yunbiao_lan" sound="-1" position="0" ratio="0" />
<EffectTemplate  effectId="600220" path="_3D/Fx/Prefabs/BattleEffect/yunbiao_zi" sound="-1" position="0" ratio="0" />
<EffectTemplate  effectId="600221" path="_3D/Fx/Prefabs/BattleEffect/yunbiao_cheng" sound="-1" position="0" ratio="0" />
<EffectTemplate  effectId="600222" path="_3D/Fx/Prefabs/BattleEffect/biaoma_dead_bai" sound="-1" position="0" ratio="0" />
<EffectTemplate  effectId="600223" path="_3D/Fx/Prefabs/BattleEffect/biaoma_dead_lv" sound="-1" position="0" ratio="0" />
<EffectTemplate  effectId="600224" path="_3D/Fx/Prefabs/BattleEffect/biaoma_dead_lan" sound="-1" position="0" ratio="0" />
<EffectTemplate  effectId="600225" path="_3D/Fx/Prefabs/BattleEffect/biaoma_dead_zi" sound="-1" position="0" ratio="0" />
<EffectTemplate  effectId="600226" path="_3D/Fx/Prefabs/BattleEffect/biaoma_dead_cheng" sound="-1" position="0" ratio="0" />
<EffectTemplate  effectId="600227" path="_3D/Fx/Prefabs/BattleEffect/beiciyiduan" sound="-1" position="0" ratio="0" />
<EffectTemplate  effectId="600228" path="_3D/Fx/Prefabs/BattleEffect/beicierduan" sound="-1" position="0" ratio="0" />
<EffectTemplate  effectId="600229" path="_3D/Fx/Prefabs/BattleEffect/beici_shouji" sound="-1" position="0" ratio="0" />
<EffectTemplate  effectId="600230" path="_3D/Fx/Prefabs/BattleEffect/xiaoshi" sound="-1" position="0" ratio="0" />
<EffectTemplate  effectId="600231" path="_3D/Fx/Prefabs/BattleEffect/4002_attack_01" sound="-1" position="0" ratio="0" />
<EffectTemplate  effectId="600232" path="_3D/Fx/Prefabs/BattleEffect/4002_attack_02" sound="-1" position="0" ratio="0" />
<EffectTemplate  effectId="600233" path="_3D/Fx/Prefabs/BattleEffect/4003_gongji" sound="-1" position="0" ratio="0" />
<EffectTemplate  effectId="600234" path="_3D/Fx/Prefabs/BattleEffect/4004_attack_01" sound="-1" position="0" ratio="0" />
<EffectTemplate  effectId="600235" path="_3D/Fx/Prefabs/BattleEffect/4004_attack_02" sound="-1" position="0" ratio="0" />
<EffectTemplate  effectId="600236" path="_3D/Fx/Prefabs/BattleEffect/4001_skill_01_mingzhong" sound="-1" position="0" ratio="0" />
<EffectTemplate  effectId="600237" path="_3D/Fx/Prefabs/BattleEffect/4001_skill_01_shifa" sound="-1" position="0" ratio="0" />
<EffectTemplate  effectId="600238" path="_3D/Fx/Prefabs/BattleEffect/4001attack_01" sound="-1" position="0" ratio="0" />
<EffectTemplate  effectId="600239" path="_3D/Fx/Prefabs/BattleEffect/4020_attack_mingzhong" sound="-1" position="0" ratio="0" />
<EffectTemplate  effectId="600240" path="_3D/Fx/Prefabs/BattleEffect/4020_wuqiguang" sound="-1" position="0" ratio="0" />
<EffectTemplate  effectId="600241" path="_3D/Fx/Prefabs/BattleEffect/bibaozhandou" sound="-1" position="0" ratio="0" />
<EffectTemplate  effectId="600242" path="_3D/Fx/Prefabs/BattleEffect/qishihuangpugong" sound="-1" position="0" ratio="0" />
<EffectTemplate  effectId="600243" path="_3D/Fx/Prefabs/BattleEffect/qinshihuangpugong2" sound="-1" position="0" ratio="0" />
<EffectTemplate  effectId="600244" path="_3D/Fx/Prefabs/BattleEffect/qinshihuangpugong3" sound="-1" position="0" ratio="0" />
<EffectTemplate  effectId="600245" path="_3D/Fx/Prefabs/BattleEffect/biaoshi" sound="-1" position="0" ratio="0" />
<EffectTemplate  effectId="600246" path="_3D/Fx/Prefabs/BattleEffect/baoxiang" sound="-1" position="0" ratio="0" />
<EffectTemplate  effectId="600247" path="_3D/Fx/Prefabs/BattleEffect/yuanbaofei" sound="-1" position="0" ratio="0" />
<EffectTemplate  effectId="600248" path="_3D/Fx/Prefabs/BattleEffect/baoxiangchixu" sound="-1" position="0" ratio="0" />
<EffectTemplate  effectId="600249" path="_3D/Fx/Prefabs/BattleEffect/zhadantishi" sound="-1" position="0" ratio="0" />
<EffectTemplate  effectId="600250" path="_3D/Fx/Prefabs/BattleEffect/luoli_attack_1" sound="-1" position="0" ratio="0" />
<EffectTemplate  effectId="600251" path="_3D/Fx/Prefabs/BattleEffect/luoli_attack_2" sound="-1" position="0" ratio="0" />
<EffectTemplate  effectId="600252" path="_3D/Fx/Prefabs/BattleEffect/luoli_attack_3" sound="-1" position="0" ratio="0" />
<EffectTemplate  effectId="600253" path="_3D/Fx/Prefabs/BattleEffect/luoli_attack_4" sound="-1" position="0" ratio="0" />
<EffectTemplate  effectId="600254" path="_3D/Fx/Prefabs/BattleEffect/qiangweidadao1" sound="-1" position="0" ratio="0" />
<EffectTemplate  effectId="600255" path="_3D/Fx/Prefabs/BattleEffect/qiangweidadao2" sound="-1" position="0" ratio="0" />
<EffectTemplate  effectId="600256" path="_3D/Fx/Prefabs/BattleEffect/qiangweidadao3" sound="-1" position="0" ratio="0" />
<EffectTemplate  effectId="600257" path="_3D/Fx/Prefabs/BattleEffect/qiangweidadao4" sound="-1" position="0" ratio="0" />
<EffectTemplate  effectId="600258" path="_3D/Fx/Prefabs/BattleEffect/qiangweixiguai" sound="3317" position="0" ratio="0" />
<EffectTemplate  effectId="600259" path="_3D/Fx/Prefabs/BattleEffect/qiangweixuanfengzhan" sound="-1" position="0" ratio="0" />
<EffectTemplate  effectId="600260" path="_3D/Fx/Prefabs/BattleEffect/luolidadao1" sound="-1" position="0" ratio="0" />
<EffectTemplate  effectId="600261" path="_3D/Fx/Prefabs/BattleEffect/luolidadao2" sound="-1" position="0" ratio="0" />
<EffectTemplate  effectId="600262" path="_3D/Fx/Prefabs/BattleEffect/luolidadao3" sound="-1" position="0" ratio="0" />
<EffectTemplate  effectId="600263" path="_3D/Fx/Prefabs/BattleEffect/luolidadao4" sound="-1" position="0" ratio="0" />
<EffectTemplate  effectId="600264" path="_3D/Fx/Prefabs/BattleEffect/beici_shouji_luoli" sound="-1" position="0" ratio="0" />
<EffectTemplate  effectId="600265" path="_3D/Fx/Prefabs/BattleEffect/beiciyiduan_luoli" sound="-1" position="0" ratio="0" />
<EffectTemplate  effectId="600266" path="_3D/Fx/Prefabs/BattleEffect/jueyingxingguangbeiji_luoli" sound="-1" position="0" ratio="0" />
<EffectTemplate  effectId="600267" path="_3D/Fx/Prefabs/BattleEffect/jueyingxingguangchongci_luoli" sound="-1" position="0" ratio="0" />
<EffectTemplate  effectId="600268" path="_3D/Fx/Prefabs/BattleEffect/luolixiguai" sound="3317" position="0" ratio="0" />
<EffectTemplate  effectId="600269" path="_3D/Fx/Prefabs/BattleEffect/luolixuanfengzhan" sound="-1" position="0" ratio="0" />
<EffectTemplate  effectId="600270" path="_3D/Fx/Prefabs/BattleEffect/luolishejian1" sound="-1" position="0" ratio="0" />
<EffectTemplate  effectId="600271" path="_3D/Fx/Prefabs/BattleEffect/luolishejian2" sound="-1" position="0" ratio="0" />
<EffectTemplate  effectId="600272" path="_3D/Fx/Prefabs/BattleEffect/luolishejian3" sound="-1" position="0" ratio="0" />
<EffectTemplate  effectId="600273" path="_3D/Fx/Prefabs/BattleEffect/luolishejian4" sound="-1" position="0" ratio="0" />
<EffectTemplate  effectId="600274" path="_3D/Fx/Prefabs/BattleEffect/haojieshuangdao1" sound="-1" position="0" ratio="0" />
<EffectTemplate  effectId="600275" path="_3D/Fx/Prefabs/BattleEffect/haojieshuangdao2" sound="-1" position="0" ratio="0" />
<EffectTemplate  effectId="600276" path="_3D/Fx/Prefabs/BattleEffect/haojieshuangdao3" sound="-1" position="0" ratio="0" />
<EffectTemplate  effectId="600277" path="_3D/Fx/Prefabs/BattleEffect/haojieshuangdao4" sound="-1" position="0" ratio="0" />
<EffectTemplate  effectId="600278" path="_3D/Fx/Prefabs/BattleEffect/haojiexiuluozhan1duan" sound="-1" position="0" ratio="0" />
<EffectTemplate  effectId="600279" path="_3D/Fx/Prefabs/BattleEffect/haojiexiuluozhan2duan" sound="-1" position="0" ratio="0" />
<EffectTemplate  effectId="600280" path="_3D/Fx/Prefabs/BattleEffect/haojiejueyingxingguangzhanbeiji" sound="-1" position="0" ratio="0" />
<EffectTemplate  effectId="600281" path="_3D/Fx/Prefabs/BattleEffect/haojiejueyingxingguang" sound="-1" position="0" ratio="0" />
<EffectTemplate  effectId="600282" path="_3D/Fx/Prefabs/BattleEffect/haojiedadao1" sound="-1" position="0" ratio="0" />
<EffectTemplate  effectId="600283" path="_3D/Fx/Prefabs/BattleEffect/haojiedadao2" sound="-1" position="0" ratio="0" />
<EffectTemplate  effectId="600284" path="_3D/Fx/Prefabs/BattleEffect/haojiedadao3" sound="-1" position="0" ratio="0" />
<EffectTemplate  effectId="600285" path="_3D/Fx/Prefabs/BattleEffect/haojiedadao4" sound="-1" position="0" ratio="0" />
<EffectTemplate  effectId="600286" path="_3D/Fx/Prefabs/BattleEffect/qiankundouzhuan_haojie" sound="3317" position="0" ratio="0" />
<EffectTemplate  effectId="600287" path="_3D/Fx/Prefabs/BattleEffect/haojieshenjian1" sound="-1" position="0" ratio="0" />
<EffectTemplate  effectId="600288" path="_3D/Fx/Prefabs/BattleEffect/haojieshenjian2" sound="-1" position="0" ratio="0" />
<EffectTemplate  effectId="600289" path="_3D/Fx/Prefabs/BattleEffect/haojieshenjian3" sound="-1" position="0" ratio="0" />
<EffectTemplate  effectId="600290" path="_3D/Fx/Prefabs/BattleEffect/haojieshenjian4" sound="-1" position="0" ratio="0" />
<EffectTemplate  effectId="600291" path="_3D/Fx/Prefabs/BattleEffect/haojiepugonggongjian" sound="-1" position="0" ratio="0" />
<EffectTemplate  effectId="600292" path="_3D/Fx/Prefabs/BattleEffect/haojiezhuixingjian" sound="400200" position="0" ratio="0" />
<EffectTemplate  effectId="600293" path="_3D/Fx/Prefabs/BattleEffect/haojiezhuixingjianti" sound="-1" position="0" ratio="0" />
<EffectTemplate  effectId="600294" path="_3D/Fx/Prefabs/BattleEffect/qiangweishejian1" sound="-1" position="0" ratio="0" />
<EffectTemplate  effectId="600295" path="_3D/Fx/Prefabs/BattleEffect/qiangweishejian2" sound="-1" position="0" ratio="0" />
<EffectTemplate  effectId="600296" path="_3D/Fx/Prefabs/BattleEffect/qiangweishejian3" sound="-1" position="0" ratio="0" />
<EffectTemplate  effectId="600297" path="_3D/Fx/Prefabs/BattleEffect/qiangweishejian4" sound="-1" position="0" ratio="0" />
<EffectTemplate  effectId="600298" path="_3D/Fx/Prefabs/BattleEffect/qiangweizhuixingjian" sound="400200" position="0" ratio="0" />
<EffectTemplate  effectId="600299" path="_3D/Fx/Prefabs/BattleEffect/qiangweizhuixingjianti" sound="-1" position="0" ratio="0" />
<EffectTemplate  effectId="600300" path="_3D/Fx/Prefabs/BattleEffect/qinglandadao1" sound="-1" position="0" ratio="0" />
<EffectTemplate  effectId="600301" path="_3D/Fx/Prefabs/BattleEffect/qinglandadao2" sound="-1" position="0" ratio="0" />
<EffectTemplate  effectId="600302" path="_3D/Fx/Prefabs/BattleEffect/qinglandadao3" sound="-1" position="0" ratio="0" />
<EffectTemplate  effectId="600303" path="_3D/Fx/Prefabs/BattleEffect/qinglandadao4" sound="-1" position="0" ratio="0" />
<EffectTemplate  effectId="600304" path="_3D/Fx/Prefabs/BattleEffect/qinglanxiguai" sound="-1" position="0" ratio="0" />
<EffectTemplate  effectId="600305" path="_3D/Fx/Prefabs/BattleEffect/qinglanshuangdao1" sound="-1" position="0" ratio="0" />
<EffectTemplate  effectId="600306" path="_3D/Fx/Prefabs/BattleEffect/qinglanshuangdao2" sound="-1" position="0" ratio="0" />
<EffectTemplate  effectId="600307" path="_3D/Fx/Prefabs/BattleEffect/qinglanshuangdao3" sound="-1" position="0" ratio="0" />
<EffectTemplate  effectId="600308" path="_3D/Fx/Prefabs/BattleEffect/qinglanshuangdao4" sound="-1" position="0" ratio="0" />
<EffectTemplate  effectId="600309" path="_3D/Fx/Prefabs/BattleEffect/qinglanjueyingxingguangzhanbeiji" sound="-1" position="0" ratio="0" />
<EffectTemplate  effectId="600310" path="_3D/Fx/Prefabs/BattleEffect/qinglanxingguangchongci" sound="-1" position="0" ratio="0" />
<EffectTemplate  effectId="600311" path="_3D/Fx/Prefabs/BattleEffect/qinglanxiuluozhan1duan" sound="-1" position="0" ratio="0" />
<EffectTemplate  effectId="600312" path="_3D/Fx/Prefabs/BattleEffect/qinglanxiuluozhan2duan" sound="-1" position="0" ratio="0" />
<EffectTemplate  effectId="600313" path="_3D/Fx/Prefabs/BattleEffect/qinglanshenjian1" sound="-1" position="0" ratio="0" />
<EffectTemplate  effectId="600314" path="_3D/Fx/Prefabs/BattleEffect/qinglanshenjian2" sound="-1" position="0" ratio="0" />
<EffectTemplate  effectId="600315" path="_3D/Fx/Prefabs/BattleEffect/qinglanshenjian3" sound="-1" position="0" ratio="0" />
<EffectTemplate  effectId="600316" path="_3D/Fx/Prefabs/BattleEffect/qinglanshenjian4" sound="-1" position="0" ratio="0" />
<EffectTemplate  effectId="600317" path="_3D/Fx/Prefabs/BattleEffect/qinglanpugonggongjian" sound="-1" position="0" ratio="0" />
<EffectTemplate  effectId="600318" path="_3D/Fx/Prefabs/BattleEffect/qinglanzhuixingjian" sound="-1" position="0" ratio="0" />
<EffectTemplate  effectId="600319" path="_3D/Fx/Prefabs/BattleEffect/qinglanxuanfengzhan" sound="-1" position="0" ratio="0" />
<EffectTemplate  effectId="600321" path="_3D/Fx/Prefabs/BattleEffect/zibaobingbaozha" sound="-1" position="0" ratio="0" />
<EffectTemplate  effectId="600322" path="_3D/Fx/Prefabs/BattleEffect/zibaobingyujingquan" sound="-1" position="0" ratio="0" />
<EffectTemplate  effectId="600323" path="_3D/Fx/Prefabs/BattleEffect/luolizhongji_zadi" sound="-1" position="0" ratio="0" />
<EffectTemplate  effectId="600324" path="_3D/Fx/Prefabs/BattleEffect/qinglanzhongji_zadi" sound="-1" position="0" ratio="0" />
<EffectTemplate  effectId="600325" path="_3D/Fx/Prefabs/BattleEffect/qiangweizhongji_zadi" sound="-1" position="0" ratio="0" />
<EffectTemplate  effectId="601000" path="_3D/Fx/Prefabs/BattleEffect/taizisheng_xuanfengzhan" sound="-1" position="0" ratio="0" />
<EffectTemplate  effectId="601001" path="_3D/Fx/Prefabs/BattleEffect/taizisheng_zhaohuanxiong" sound="-1" position="0" ratio="0" />
<EffectTemplate  effectId="601002" path="_3D/Fx/Prefabs/BattleEffect/taizishen_qianjingzhui" sound="-1" position="0" ratio="0" />
<EffectTemplate  effectId="601003" path="_3D/Fx/Prefabs/BattleEffect/taizishen_gongji01" sound="-1" position="0" ratio="0" />
<EffectTemplate  effectId="601004" path="_3D/Fx/Prefabs/BattleEffect/gongsunyan_hengzhan" sound="-1" position="0" ratio="0" />
<EffectTemplate  effectId="601005" path="_3D/Fx/Prefabs/BattleEffect/gongsunyan_pikan" sound="-1" position="0" ratio="0" />
<EffectTemplate  effectId="601006" path="_3D/Fx/Prefabs/BattleEffect/gongsunyan_yingjibaozha" sound="-1" position="0" ratio="0" />
<EffectTemplate  effectId="601007" path="_3D/Fx/Prefabs/BattleEffect/pingyuanjun_nujirufeng" sound="-1" position="0" ratio="0" />
<EffectTemplate  effectId="601008" path="_3D/Fx/Prefabs/BattleEffect/pingyuanjun_shengguiyiji" sound="-1" position="0" ratio="0" />
<EffectTemplate  effectId="601009" path="_3D/Fx/Prefabs/BattleEffect/pingyuanjun_shenhuotianjiang_huoyu" sound="-1" position="0" ratio="0" />
<EffectTemplate  effectId="601010" path="_3D/Fx/Prefabs/BattleEffect/leyi_huanghua" sound="-1" position="0" ratio="0" />
<EffectTemplate  effectId="601011" path="_3D/Fx/Prefabs/BattleEffect/leyi_shixue" sound="-1" position="0" ratio="0" />
<EffectTemplate  effectId="601012" path="_3D/Fx/Prefabs/BattleEffect/leyi_xuanfengzhan" sound="-1" position="0" ratio="0" />
<EffectTemplate  effectId="601013" path="_3D/Fx/Prefabs/BattleEffect/yingjishifa" sound="-1" position="0" ratio="0" />
<EffectTemplate  effectId="601014" path="_3D/Fx/Prefabs/BattleEffect/pingyuanjun_shenhuotianjiang_xuli" sound="-1" position="0" ratio="0" />
<EffectTemplate  effectId="601254" path="_3D/Fx/Prefabs/BattleEffect/pofang" sound="210917" position="0" ratio="0" />
<EffectTemplate  effectId="601255" path="_3D/Fx/Prefabs/BattleEffect/junchengzhan_dianjimubiao" sound="-1" position="0" ratio="0" />
<EffectTemplate  effectId="601256" path="_3D/Fx/Prefabs/BattleEffect/xinbaizhan_xuanzhong" sound="-1" position="0" ratio="0" />
<EffectTemplate  effectId="601257" path="_3D/Fx/Prefabs/BattleEffect/xuanzhongmubiao_lan" sound="-1" position="0" ratio="0" />
<EffectTemplate  effectId="601258" path="_3D/Fx/Prefabs/BattleEffect/huoyanxinxing" sound="-1" position="0" ratio="0" />
<EffectTemplate  effectId="601259" path="_3D/Fx/Prefabs/BattleEffect/siwangyizhi" sound="-1" position="0" ratio="0" />
<EffectTemplate  effectId="601260" path="_3D/Fx/Prefabs/BattleEffect/tianlei_qianchonglou" sound="-1" position="0" ratio="0" />
<EffectTemplate  effectId="601261" path="_3D/Fx/Prefabs/BattleEffect/xuanfengzhan_qianchonglou" sound="-1" position="0" ratio="0" />
<EffectTemplate  effectId="601262" path="_3D/Fx/Prefabs/BattleEffect/duwu_qianchoglou" sound="-1" position="0" ratio="0" />
<EffectTemplate  effectId="601263" path="_3D/Fx/Prefabs/BattleEffect/siwangyizhi_debuff" sound="-1" position="0" ratio="0" />
<EffectTemplate  effectId="601264" path="_3D/Fx/Prefabs/BattleEffect/taizishen_xuanfengzhan_qianchonglou" sound="-1" position="0" ratio="0" />
<EffectTemplate  effectId="601265" path="_3D/Fx/Prefabs/BattleEffect/zhongdu_debuff_qianchonglou" sound="-1" position="0" ratio="0" />
<EffectTemplate  effectId="601266" path="_3D/Fx/Prefabs/BattleEffect/luolizhuixingjianti" sound="-1" position="0" ratio="0" />
<EffectTemplate  effectId="601267" path="_3D/Fx/Prefabs/BattleEffect/luolipugonggongjian" sound="-1" position="0" ratio="0" />
<EffectTemplate  effectId="601268" path="_3D/Fx/Prefabs/BattleEffect/qiangweipugonggongjian" sound="-1" position="0" ratio="0" />
<EffectTemplate  effectId="601269" path="_3D/Fx/Prefabs/BattleEffect/duwu" sound="-1" position="0" ratio="0" />
<EffectTemplate  effectId="620211" path="_3D/Fx/Prefabs/UiEffect/dangriqiandao" sound="-1" position="0" ratio="0" />
<EffectTemplate  effectId="620212" path="_3D/Fx/Prefabs/UiEffect/liuguangtexiao_1 1" sound="-1" position="0" ratio="0" />
<EffectTemplate  effectId="620213" path="_3D/Fx/Prefabs/UiEffect/liuguangtexiao_2 1" sound="-1" position="0" ratio="0" />
<EffectTemplate  effectId="620214" path="_3D/Fx/Prefabs/UiEffect/jiesuo" sound="210500" position="0" ratio="0" />
<EffectTemplate  effectId="620215" path="_3D/Fx/Prefabs/UiEffect/v_tequan" sound="-1" position="0" ratio="0" />
<EffectTemplate  effectId="620216" path="_3D/Fx/Prefabs/UiEffect/jinbifeijiemian" sound="-1" position="0" ratio="0" />
<EffectTemplate  effectId="620217" path="_3D/Fx/Prefabs/UiEffect/denglu_dutiao" sound="-1" position="0" ratio="0" />
<EffectTemplate  effectId="620218" path="_3D/Fx/Prefabs/UiEffect/zidong_zhandou" sound="-1" position="0" ratio="0" />
<EffectTemplate  effectId="620219" path="_3D/Fx/Prefabs/UiEffect/zhanchangmibao" sound="-1" position="0" ratio="0" />
<EffectTemplate  effectId="620220" path="_3D/Fx/Prefabs/UiEffect/taozhuangdianji" sound="-1" position="0" ratio="0" />
<EffectTemplate  effectId="620221" path="_3D/Fx/Prefabs/UiEffect/zhishishouzhi" sound="-1" position="0" ratio="0" />
<EffectTemplate  effectId="620222" path="_3D/Fx/Prefabs/UiEffect/jinengxiaza" sound="-1" position="0" ratio="0" />
<EffectTemplate  effectId="620223" path="_3D/Fx/Prefabs/UiEffect/jinengpiaofu" sound="-1" position="0" ratio="0" />
<EffectTemplate  effectId="620224" path="_3D/Fx/Prefabs/UiEffect/jiesuotexiaochixu" sound="-1" position="0" ratio="0" />
<EffectTemplate  effectId="620225" path="_3D/Fx/Prefabs/UiEffect/xuanguantexiao" sound="-1" position="0" ratio="0" />
<EffectTemplate  effectId="620226" path="_3D/Fx/Prefabs/UiEffect/tuituzhishi" sound="-1" position="0" ratio="0" />
<EffectTemplate  effectId="620227" path="_3D/Fx/Prefabs/UiEffect/xinbaizhan_bairenzhan_UI" sound="-1" position="0" ratio="0" />
<EffectTemplate  effectId="620228" path="_3D/Fx/Prefabs/UiEffect/xinbaizhan_jinggao" sound="-1" position="0" ratio="0" />
<EffectTemplate  effectId="620229" path="_3D/Fx/Prefabs/UiEffect/UI_mibao_da" sound="-1" position="0" ratio="0" />
<EffectTemplate  effectId="620230" path="_3D/Fx/Prefabs/UiEffect/UI_mibao_xiao" sound="-1" position="0" ratio="0" />
<EffectTemplate  effectId="620231" path="_3D/Fx/Prefabs/UiEffect/UI_mibao_tuowei" sound="-1" position="0" ratio="0" />
<EffectTemplate  effectId="620232" path="_3D/Fx/Prefabs/UiEffect/liefuxiangqian" sound="-1" position="0" ratio="0" />
<EffectTemplate  effectId="620233" path="_3D/Fx/Prefabs/UiEffect/qiehuanmiji" sound="-1" position="0" ratio="0" />
<EffectTemplate  effectId="620234" path="_3D/Fx/Prefabs/UiEffect/xinbaizhan_bairenzhan_UI_xiong" sound="-1" position="0" ratio="0" />
<EffectTemplate  effectId="620235" path="_3D/Fx/Prefabs/UiEffect/xinbaizhan_bairenzhan_UI_zuen" sound="-1" position="0" ratio="0" />
<EffectTemplate  effectId="620236" path="_3D/Fx/Prefabs/UiEffect/xinbaizhan_bairenzhan_UI_hun" sound="-1" position="0" ratio="0" />
<EffectTemplate  effectId="620237" path="_3D/Fx/Prefabs/UiEffect/xinbaizhan_bairenzhan_UI_mo" sound="-1" position="0" ratio="0" />
<EffectTemplate  effectId="620238" path="_3D/Fx/Prefabs/UiEffect/xinbaizhan_bairenzhan_UI_shen" sound="-1" position="0" ratio="0" />
<EffectTemplate  effectId="620239" path="_3D/Fx/Prefabs/UiEffect/pofangtiao" sound="-1" position="0" ratio="0" />
<EffectTemplate  effectId="620240" path="_3D/Fx/Prefabs/UiEffect/reqitengteng" sound="-1" position="0" ratio="0" />
<EffectTemplate  effectId="620241" path="_3D/Fx/Prefabs/UiEffect/qunchengzhan_xiaoditu_shouji" sound="-1" position="0" ratio="0" />
<EffectTemplate  effectId="620242" path="_3D/Fx/Prefabs/UiEffect/qunchengzhan_xiaoditu_huanqi" sound="-1" position="0" ratio="0" />
<EffectTemplate  effectId="620243" path="_3D/Fx/Prefabs/UiEffect/shouchongdali" sound="-1" position="0" ratio="0" />
<EffectTemplate  effectId="620244" path="_3D/Fx/Prefabs/UiEffect/lianmengxiaowu_chixu" sound="-1" position="0" ratio="0" />
<EffectTemplate  effectId="620245" path="_3D/Fx/Prefabs/UiEffect/lianmengxiaowu_jiaohuan" sound="-1" position="0" ratio="0" />
<EffectTemplate  effectId="620246" path="_3D/Fx/Prefabs/UiEffect/newshengji" sound="210510" position="0" ratio="0" />
<EffectTemplate  effectId="620247" path="_3D/Fx/Prefabs/UiEffect/getreward" sound="-1" position="0" ratio="0" />
<EffectTemplate  effectId="700000" path="Video/x7.mp4" sound="-1" position="0" ratio="0" />
<EffectTemplate  effectId="700001" path="Video/x7_1.mp4" sound="-1" position="0" ratio="0" />
<EffectTemplate  effectId="700002" path="_3D/Fx/Prefabs/BattleEffect/shejiandianying" sound="-1" position="0" ratio="0" />
<EffectTemplate  effectId="700003" path="Video/JCZ.mp4" sound="-1" position="0" ratio="0" />
</dataset>