<?xml version="1.0" encoding="UTF-8"?>
<dataset>
<EventTriggerTemp ID="1010001" type="1" EventID="1" DescId="1010001" DicType="0" />
<EventTriggerTemp ID="1020001" type="2" EventID="2" DescId="1020001" DicType="0" />
<EventTriggerTemp ID="1030001" type="3" EventID="3" DescId="0" DicType="0" />
<EventTriggerTemp ID="1040001" type="4" EventID="4" DescId="0" DicType="0" />
<EventTriggerTemp ID="1050001" type="5" EventID="5" DescId="1050001" DicType="0" />
<EventTriggerTemp ID="1060001" type="6" EventID="6" DescId="0" DicType="0" />
<EventTriggerTemp ID="1070001" type="7" EventID="7" DescId="0" DicType="0" />
<EventTriggerTemp ID="1080001" type="8" EventID="8" DescId="1080001" DicType="0" />
<EventTriggerTemp ID="1080002" type="8" EventID="9" DescId="1080002" DicType="0" />
<EventTriggerTemp ID="1080003" type="8" EventID="10" DescId="1080003" DicType="0" />
<EventTriggerTemp ID="1080004" type="8" EventID="11" DescId="1080004" DicType="0" />
<EventTriggerTemp ID="1080005" type="8" EventID="12" DescId="1080005" DicType="0" />
<EventTriggerTemp ID="1080006" type="8" EventID="13" DescId="1080006" DicType="0" />
<EventTriggerTemp ID="1080007" type="8" EventID="14" DescId="1080007" DicType="0" />
<EventTriggerTemp ID="1080008" type="8" EventID="15" DescId="1080008" DicType="0" />
<EventTriggerTemp ID="1080009" type="8" EventID="16" DescId="1080009" DicType="0" />
<EventTriggerTemp ID="1080010" type="8" EventID="17" DescId="1080010" DicType="0" />
<EventTriggerTemp ID="1080011" type="8" EventID="18" DescId="1080011" DicType="0" />
<EventTriggerTemp ID="1080012" type="8" EventID="19" DescId="1080012" DicType="0" />
<EventTriggerTemp ID="1080013" type="8" EventID="20" DescId="1080013" DicType="0" />
<EventTriggerTemp ID="1080014" type="8" EventID="21" DescId="1080014" DicType="0" />
<EventTriggerTemp ID="1080015" type="8" EventID="22" DescId="1080015" DicType="0" />
<EventTriggerTemp ID="1080016" type="8" EventID="23" DescId="1080016" DicType="0" />
<EventTriggerTemp ID="1080017" type="8" EventID="24" DescId="1080017" DicType="0" />
<EventTriggerTemp ID="1080018" type="8" EventID="25" DescId="1080018" DicType="0" />
<EventTriggerTemp ID="1080101" type="8" EventID="101" DescId="1080101" DicType="0" />
<EventTriggerTemp ID="1080102" type="8" EventID="102" DescId="1080102" DicType="0" />
<EventTriggerTemp ID="1080103" type="8" EventID="103" DescId="1080103" DicType="0" />
<EventTriggerTemp ID="1080104" type="8" EventID="104" DescId="1080104" DicType="0" />
<EventTriggerTemp ID="1080111" type="8" EventID="101" DescId="1080111" DicType="0" />
<EventTriggerTemp ID="1080112" type="8" EventID="102" DescId="1080112" DicType="0" />
<EventTriggerTemp ID="1080113" type="8" EventID="103" DescId="1080113" DicType="0" />
<EventTriggerTemp ID="1080114" type="8" EventID="104" DescId="1080114" DicType="0" />
<EventTriggerTemp ID="1080121" type="8" EventID="101" DescId="1080121" DicType="0" />
<EventTriggerTemp ID="1080122" type="8" EventID="102" DescId="1080122" DicType="0" />
<EventTriggerTemp ID="1080123" type="8" EventID="103" DescId="1080123" DicType="0" />
<EventTriggerTemp ID="1080124" type="8" EventID="104" DescId="1080124" DicType="0" />
<EventTriggerTemp ID="1080131" type="8" EventID="105" DescId="1080131" DicType="0" />
<EventTriggerTemp ID="1080132" type="8" EventID="106" DescId="1080132" DicType="0" />
<EventTriggerTemp ID="1080133" type="8" EventID="107" DescId="1080133" DicType="0" />
<EventTriggerTemp ID="1080134" type="8" EventID="108" DescId="1080134" DicType="0" />
<EventTriggerTemp ID="1080141" type="8" EventID="109" DescId="1080141" DicType="0" />
<EventTriggerTemp ID="1080142" type="8" EventID="110" DescId="1080142" DicType="0" />
<EventTriggerTemp ID="1080143" type="8" EventID="111" DescId="1080143" DicType="0" />
<EventTriggerTemp ID="1080144" type="8" EventID="112" DescId="1080144" DicType="0" />
<EventTriggerTemp ID="1080151" type="8" EventID="113" DescId="1080151" DicType="0" />
<EventTriggerTemp ID="1080152" type="8" EventID="114" DescId="1080152" DicType="0" />
<EventTriggerTemp ID="1080153" type="8" EventID="115" DescId="1080153" DicType="0" />
<EventTriggerTemp ID="1080154" type="8" EventID="116" DescId="1080154" DicType="0" />
<EventTriggerTemp ID="1080161" type="8" EventID="101" DescId="1080161" DicType="0" />
<EventTriggerTemp ID="1080162" type="8" EventID="102" DescId="1080162" DicType="0" />
<EventTriggerTemp ID="1080163" type="8" EventID="103" DescId="1080163" DicType="0" />
<EventTriggerTemp ID="1080164" type="8" EventID="104" DescId="1080164" DicType="0" />
<EventTriggerTemp ID="1080171" type="8" EventID="105" DescId="1080171" DicType="0" />
<EventTriggerTemp ID="1080172" type="8" EventID="106" DescId="1080172" DicType="0" />
<EventTriggerTemp ID="1080173" type="8" EventID="107" DescId="1080173" DicType="0" />
<EventTriggerTemp ID="1080174" type="8" EventID="108" DescId="1080174" DicType="0" />
<EventTriggerTemp ID="1080181" type="8" EventID="109" DescId="1080181" DicType="0" />
<EventTriggerTemp ID="1080182" type="8" EventID="110" DescId="1080182" DicType="0" />
<EventTriggerTemp ID="1080183" type="8" EventID="111" DescId="1080183" DicType="0" />
<EventTriggerTemp ID="1080184" type="8" EventID="112" DescId="1080184" DicType="0" />
<EventTriggerTemp ID="1080191" type="8" EventID="113" DescId="1080191" DicType="0" />
<EventTriggerTemp ID="1080192" type="8" EventID="114" DescId="1080192" DicType="0" />
<EventTriggerTemp ID="1080193" type="8" EventID="115" DescId="1080193" DicType="0" />
<EventTriggerTemp ID="1080194" type="8" EventID="116" DescId="1080194" DicType="0" />
<EventTriggerTemp ID="1090001" type="9" EventID="16" DescId="1090001" DicType="0" />
<EventTriggerTemp ID="1100001" type="10" EventID="17" DescId="1100001" DicType="0" />
<EventTriggerTemp ID="1110001" type="11" EventID="18" DescId="1110001" DicType="0" />
<EventTriggerTemp ID="1120001" type="12" EventID="19" DescId="1120001" DicType="0" />
</dataset>