<?xml version="1.0" encoding="UTF-8"?>
<dataset>
<FangWuInformation id="101" type="101" name="龍霆阁" desc1="龍霆阁坐落于城门东北，" desc2="由{0}始建于{1}，" desc3="毗邻凌霄阁、潇湘阁。该房屋位于城池繁华地段，经过精心修缮，雕梁玉柱，金碧辉煌，宝物堆积如山，是城中数一数二的顶级豪宅，是成王霸业的风水宝穴。" desc4="龍霆阁坐落于城门东北，" desc5="由{0}始建于{1}，" desc6="毗邻凌霄阁、潇湘阁。该房屋暂无主人，年久失修，但高品味的装修和名贵的藏品依旧显露出这栋房屋辉煌的曾经。" />
<FangWuInformation id="102" type="101" name="凌霄阁" desc1="凌霄阁坐落于城门东北，" desc2="由{0}始建于{1}，" desc3="毗邻龍庭阁、潇湘阁。该房屋位于城中繁华地段，经过精心修缮，高屋建瓴，视野开阔，是城中数一数二的顶级豪宅，是傲视群雄的风水宝斋。" desc4="凌霄阁坐落于城门东北，" desc5="由{0}始建于{1}，" desc6="毗邻龍庭阁、潇湘阁。该房屋暂无主人，年久失修，但高品味的装修和名贵的藏品依旧显露出这栋房屋辉煌的曾经。" />
<FangWuInformation id="103" type="101" name="潇湘阁" desc1="潇湘阁坐落于城门东北，" desc2="由{0}始建于{1}，" desc3="毗邻龍庭阁、凌霄阁。该房屋位于城中繁华地段，经过精心修缮，水榭楼台，清雅别致，是城中数一数二的顶级豪宅，是贤臣名将的安居之所。" desc4="潇湘阁坐落于城门东北，" desc5="由{0}始建于{1}，" desc6="毗邻龍庭阁、凌霄阁。该房屋暂无主人，年久失修，但高品味的装修和名贵的藏品依旧显露出这栋房屋辉煌的曾经。" />
<FangWuInformation id="104" type="101" name="栖凰阁" desc1="栖凰阁坐落于城门西北，" desc2="由{0}始建于{1}，" desc3="毗邻麒麟阁、云梦斋。该房屋位于城中繁华地段，经过精心修缮，品位高雅，超凡脱俗，是城中数一数二的顶级豪宅，是当世雄才的安居之所。" desc4="栖凰阁坐落于城门西北，" desc5="由{0}始建于{1}，" desc6="毗邻麒麟阁、云梦斋。该房屋暂无主人，年久失修，但高品味的装修和名贵的藏品依旧显露出这栋房屋辉煌的曾经。" />
<FangWuInformation id="105" type="101" name="麒麟阁" desc1="麒麟阁坐落于城门西北，" desc2="由{0}始建于{1}，" desc3="毗邻栖凰阁、摘星居。该房屋位于城中繁华地段，经过精心修缮，威风八面，气势恢宏，是城中数一数二的顶级豪宅，是英雄豪杰的安居之所。" desc4="麒麟阁坐落于城门西北，" desc5="由{0}始建于{1}，" desc6="毗邻栖凰阁、摘星居。该房屋暂无主人，年久失修，但高品味的装修和名贵的藏品依旧显露出这栋房屋辉煌的曾经。" />
<FangWuInformation id="106" type="101" name="上林苑" desc1="上林苑坐落于城池东南，" desc2="由{0}始建于{1}，" desc3="毗邻凌霄阁、锦书轩。该房屋地段良好，经过精心修缮，内饰奢华，藏品无数，是安居乐业的不二选择。" desc4="上林苑坐落于城池东南，" desc5="由{0}始建于{1}，" desc6="毗邻凌霄阁、锦书轩。该房屋暂无主人，年久失修，但高品味的装修和名贵的藏品依旧显露出这栋房屋辉煌的曾经。" />
<FangWuInformation id="107" type="101" name="锦书轩" desc1="锦书轩坐落于城池东南，" desc2="由{0}始建于{1}，" desc3="毗邻雨幽轩、上林苑。该房屋地段良好，经过精心修缮，内饰奢华，藏品无数，是安居乐业的不二选择。" desc4="锦书轩坐落于城池东南，" desc5="由{0}始建于{1}，" desc6="毗邻雨幽轩、上林苑。该房屋暂无主人，年久失修，但高品味的装修和名贵的藏品依旧显露出这栋房屋辉煌的曾经。" />
<FangWuInformation id="108" type="101" name="雨幽轩" desc1="雨幽轩坐落于城池正东，" desc2="由{0}始建于{1}，" desc3="毗邻兰若轩、锦书轩。该房屋地段良好，经过精心修缮，内饰奢华，藏品无数，是安居乐业的不二选择。" desc4="雨幽轩坐落于城池正东，" desc5="由{0}始建于{1}，" desc6="毗邻兰若轩、锦书轩。该房屋暂无主人，年久失修，但高品味的装修和名贵的藏品依旧显露出这栋房屋辉煌的曾经。" />
<FangWuInformation id="109" type="101" name="兰若轩" desc1="兰若轩坐落于城池正东，" desc2="由{0}始建于{1}，" desc3="毗邻雨幽轩、虎啸堂。该房屋地段良好，经过精心修缮，内饰奢华，藏品无数，是安居乐业的不二选择。" desc4="兰若轩坐落于城池正东，" desc5="由{0}始建于{1}，" desc6="毗邻雨幽轩、虎啸堂。该房屋暂无主人，年久失修，但高品味的装修和名贵的藏品依旧显露出这栋房屋辉煌的曾经。" />
<FangWuInformation id="110" type="101" name="虎啸堂" desc1="虎啸堂坐落于城池东北，" desc2="由{0}始建于{1}，" desc3="毗邻兰若轩、阳春堂。该房屋地段良好，经过精心修缮，内饰奢华，藏品无数，是安居乐业的不二选择。" desc4="虎啸堂坐落于城池东北，" desc5="由{0}始建于{1}，" desc6="毗邻兰若轩、阳春堂。该房屋暂无主人，年久失修，但高品味的装修和名贵的藏品依旧显露出这栋房屋辉煌的曾经。" />
<FangWuInformation id="111" type="101" name="阳春堂" desc1="阳春堂坐落于城池东北，" desc2="由{0}始建于{1}，" desc3="毗邻玉漱轩、虎啸堂。该房屋地段良好，经过精心修缮，内饰奢华，藏品无数，是安居乐业的不二选择。" desc4="阳春堂坐落于城池东北，" desc5="由{0}始建于{1}，" desc6="毗邻玉漱轩、虎啸堂。该房屋暂无主人，年久失修，但高品味的装修和名贵的藏品依旧显露出这栋房屋辉煌的曾经。" />
<FangWuInformation id="112" type="101" name="玉漱轩" desc1="玉漱轩坐落于城池东北，" desc2="由{0}始建于{1}，" desc3="毗邻清茗苑、阳春堂。该房屋地段良好，经过精心修缮，内饰奢华，藏品无数，是安居乐业的不二选择。" desc4="玉漱轩坐落于城池东北，" desc5="由{0}始建于{1}，" desc6="毗邻清茗苑、阳春堂。该房屋暂无主人，年久失修，但高品味的装修和名贵的藏品依旧显露出这栋房屋辉煌的曾经。" />
<FangWuInformation id="113" type="101" name="清茗苑" desc1="清茗苑坐落于城池正北，" desc2="由{0}始建于{1}，" desc3="毗邻玉漱轩、酒仙居。该房屋地段良好，经过精心修缮，内饰奢华，藏品无数，是安居乐业的不二选择。" desc4="清茗苑坐落于城池正北，" desc5="由{0}始建于{1}，" desc6="毗邻玉漱轩、酒仙居。该房屋暂无主人，年久失修，但高品味的装修和名贵的藏品依旧显露出这栋房屋辉煌的曾经。" />
<FangWuInformation id="114" type="101" name="酒仙居" desc1="酒仙居坐落于城池正北，" desc2="由{0}始建于{1}，" desc3="毗邻清茗苑、吟风轩。该房屋地段良好，经过精心修缮，内饰奢华，藏品无数，是安居乐业的不二选择。" desc4="酒仙居坐落于城池正北，" desc5="由{0}始建于{1}，" desc6="毗邻清茗苑、吟风轩。该房屋暂无主人，年久失修，但高品味的装修和名贵的藏品依旧显露出这栋房屋辉煌的曾经。" />
<FangWuInformation id="115" type="101" name="吟风轩" desc1="吟风轩坐落于城池正北，" desc2="由{0}始建于{1}，" desc3="毗邻酒仙居、秋水斋。该房屋地段良好，经过精心修缮，内饰奢华，藏品无数，是安居乐业的不二选择。" desc4="吟风轩坐落于城池正北，" desc5="由{0}始建于{1}，" desc6="毗邻酒仙居、秋水斋。该房屋暂无主人，年久失修，但高品味的装修和名贵的藏品依旧显露出这栋房屋辉煌的曾经。" />
<FangWuInformation id="116" type="101" name="秋水斋" desc1="秋水斋坐落于城池西北，" desc2="由{0}始建于{1}，" desc3="毗邻吟风轩、逸阳居。该房屋地段良好，经过精心修缮，内饰奢华，藏品无数，是安居乐业的不二选择。" desc4="秋水斋坐落于城池西北，" desc5="由{0}始建于{1}，" desc6="毗邻吟风轩、逸阳居。该房屋暂无主人，年久失修，但高品味的装修和名贵的藏品依旧显露出这栋房屋辉煌的曾经。" />
<FangWuInformation id="117" type="101" name="逸阳居" desc1="逸阳居坐落于城池西北，" desc2="由{0}始建于{1}，" desc3="毗邻秋水斋、净空斋。该房屋地段良好，经过精心修缮，内饰奢华，藏品无数，是安居乐业的不二选择。" desc4="逸阳居坐落于城池西北，" desc5="由{0}始建于{1}，" desc6="毗邻秋水斋、净空斋。该房屋暂无主人，年久失修，但高品味的装修和名贵的藏品依旧显露出这栋房屋辉煌的曾经。" />
<FangWuInformation id="118" type="101" name="净空斋" desc1="净空斋坐落于城池西北，" desc2="由{0}始建于{1}，" desc3="毗邻逸阳居、秋水斋。该房屋地段良好，经过精心修缮，内饰奢华，藏品无数，是安居乐业的不二选择。" desc4="净空斋坐落于城池西北，" desc5="由{0}始建于{1}，" desc6="毗邻逸阳居、秋水斋。该房屋暂无主人，年久失修，但高品味的装修和名贵的藏品依旧显露出这栋房屋辉煌的曾经。" />
<FangWuInformation id="119" type="101" name="摘星居" desc1="摘星居坐落于城池西南，" desc2="由{0}始建于{1}，" desc3="毗邻麒麟阁、云梦斋。该房屋地段良好，经过精心修缮，内饰奢华，藏品无数，是安居乐业的不二选择。" desc4="摘星居坐落于城池西南，" desc5="由{0}始建于{1}，" desc6="毗邻麒麟阁、云梦斋。该房屋暂无主人，年久失修，但高品味的装修和名贵的藏品依旧显露出这栋房屋辉煌的曾经。" />
<FangWuInformation id="120" type="101" name="云梦斋" desc1="云梦斋坐落于城池西南，" desc2="由{0}始建于{1}，" desc3="毗邻栖凰阁、摘星居。该房屋地段良好，经过精心修缮，内饰奢华，藏品无数，是安居乐业的不二选择。" desc4="云梦斋坐落于城池西南，" desc5="由{0}始建于{1}，" desc6="毗邻栖凰阁、摘星居。该房屋暂无主人，年久失修，但高品味的装修和名贵的藏品依旧显露出这栋房屋辉煌的曾经。" />
</dataset>