<?xml version="1.0" encoding="UTF-8"?>
<dataset>
<FunctionUnlock id="300000" funName="剧情玩法，可获得经验、装备进阶材料、强化材料等奖励。" icon="300000" funDesc="[FF0000]与鬼谷子对话[-]" rank="1" descID="890010" />
<FunctionUnlock id="12" funName="可提升装备的属性，包含强化、进阶、镶嵌、洗练功能。" icon="12" funDesc="[FF0000]穿上铠甲后[-]" rank="2" descID="890007" />
<FunctionUnlock id="11" funName="可以随机抽取将魂的功能。\n每隔一段时间可以免费探宝一次。" icon="11" funDesc="[FF0000]通关1-5[-]" rank="3" descID="890003" />
<FunctionUnlock id="6" funName="升级将魂，可迅速提升战力。\n收集满一定数量即可解锁无双技。" icon="6" funDesc="[FF0000]获得首个将魂[-]" rank="4" descID="890002" />
<FunctionUnlock id="300100" funName="PVP单人对战玩法。通过提升\n排名，可以获取大量威望与元宝。" icon="300100" funDesc="[FF0000]探望孙膑[-]" rank="5" descID="890011" />
<FunctionUnlock id="104" funName="玩家社交公会系统，\n加入或者创建联盟即可拥有自己的房屋。" icon="104" funDesc="[FF0000]领元宝首抽成就[-]" rank="6" descID="890001" />
<FunctionUnlock id="210" funName="查阅玩家、联盟的详细排名。\n主人加油提升排名吧！" icon="210" funDesc="[FF0000]了解联盟后[-]" rank="7" descID="890027" />
<FunctionUnlock id="500007" funName="技能突破可提升君主的武器技能效果。" icon="500007" funDesc="[FF0000]通关2-2[-]" rank="8" descID="890025" />
<FunctionUnlock id="303" funName="PVE趣味关卡玩法，\n宝石关。" icon="303" funDesc="[FF0000]激活首个秘术[-]" rank="13" descID="890027" />
<FunctionUnlock id="500000" funName="提升相关天赋可增强君主各方面战斗属性。" icon="500000" funDesc="[FF0000]完成首次试练[-]" rank="10" descID="890004" />
<FunctionUnlock id="3000010" funName="已完胜通关的关卡可以一键重复扫荡。" icon="3000010" funDesc="[FF0000]通关2-7[-]" rank="11" descID="890014" />
<FunctionUnlock id="300" funName="PVE趣味关卡玩法，\n无尽的楼。" icon="300" funDesc="[FF0000]道贺升迁[-]" rank="12" descID="890027" />
<FunctionUnlock id="301" funName="PVE趣味关卡玩法，\n精气值关。" icon="301" funDesc="[FF0000]通关3-1[-]" rank="9" descID="890016" />
<FunctionUnlock id="9" funName="可使用元宝购买各种物品。" icon="9" funDesc="[FF0000]通关3-3[-]" rank="14" descID="890015" />
<FunctionUnlock id="310" funName="PVP多人战斗玩法，通过运送或劫杀镖马，可获大量铜币。" icon="310" funDesc="[FF0000]通关3-5[-]" rank="15" descID="890027" />
<FunctionUnlock id="109" funName="过关斩将玩法的高难度模式。\n成功挑战后可获珍贵的秘宝碎片。" icon="109" funDesc="[FF0000]通关3-7[-]" rank="16" descID="890013" />
<FunctionUnlock id="500010" funName="通过猎取高级符文可以快速提升君主属性和战力。" icon="500010" funDesc="[FF0000]通关4-6[-]" rank="17" descID="890005" />
<FunctionUnlock id="302" funName="PVE趣味关卡玩法，\n铜币关。" icon="302" funDesc="[FF0000]等级达到25级[-]" rank="18" descID="890027" />
<FunctionUnlock id="304" funName="PVE趣味关卡玩法，\n强化石关。" icon="304" funDesc="[FF0000]等级达到28级[-]" rank="19" descID="890027" />
<FunctionUnlock id="211" funName="PVP对战玩法，掠夺更多积分可以兑换丰富奖励。" icon="211" funDesc="[FF0000]等级达到29级[-]" rank="20" descID="890018" />
<FunctionUnlock id="1210" funName="装备里的二级功能，\n可随机提升或降低装备的属性。" icon="1210" funDesc="[FF0000]通关6-9[-]" rank="21" descID="890008" />
<FunctionUnlock id="305" funName="PVE趣味关卡玩法，\n装备关。" icon="305" funDesc="[FF0000]等级达到32级[-]" rank="22" descID="890027" />
</dataset>