<?xml version="1.0" encoding="UTF-8"?>
<dataset>
<FunctionOpen id="-1" MenuID="-1" usePushData="false" DestroyUI="true" fx="0" key="Empty" play="0" Type="-1" desc="空" show="0" Rank="-1" npcid="-1" SenceTpye="100" lv="0" RenWuID="-1" RenWuIDAward="-1" doneCond="-1" descID="-1" LockWarning="-1" x="84" y="84" />
<FunctionOpen id="22" MenuID="-1" usePushData="true" DestroyUI="true" fx="4" key="YouXiang" play="1" Type="4" desc="邮箱" show="0" Rank="10" npcid="801" SenceTpye="100" lv="0" RenWuID="-1" RenWuIDAward="-1" doneCond="-1" descID="-1" LockWarning="-1" x="40" y="45" />
<FunctionOpen id="10" MenuID="22" usePushData="true" DestroyUI="true" fx="0" key="SiXin" play="0" Type="10" desc="邮箱-私信" show="0" Rank="-1" npcid="-1" SenceTpye="100" lv="0" RenWuID="-1" RenWuIDAward="-1" doneCond="-1" descID="-1" LockWarning="-1" x="84" y="84" />
<FunctionOpen id="41" MenuID="22" usePushData="true" DestroyUI="true" fx="0" key="XiTong" play="0" Type="10" desc="邮箱-系统" show="0" Rank="-1" npcid="-1" SenceTpye="100" lv="0" RenWuID="-1" RenWuIDAward="-1" doneCond="-1" descID="-1" LockWarning="-1" x="84" y="84" />
<FunctionOpen id="20" MenuID="22" usePushData="true" DestroyUI="true" fx="0" key="XieXin" play="0" Type="10" desc="邮箱-写信" show="0" Rank="-1" npcid="-1" SenceTpye="100" lv="0" RenWuID="-1" RenWuIDAward="-1" doneCond="-1" descID="-1" LockWarning="-1" x="84" y="84" />
<FunctionOpen id="600100" MenuID="-1" usePushData="true" DestroyUI="true" fx="4" key="Power" play="1" Type="4" desc="我要变强" show="0" Rank="20" npcid="-1" SenceTpye="100" lv="0" RenWuID="-1" RenWuIDAward="-1" doneCond="-1" descID="-1" LockWarning="-1" x="40" y="45" />
<FunctionOpen id="13" MenuID="-1" usePushData="false" DestroyUI="true" fx="4" key="ChongZhi" play="1" Type="4" desc="充值（小图标）" show="0" Rank="30" npcid="-1" SenceTpye="100" lv="0" RenWuID="-1" RenWuIDAward="-1" doneCond="-1" descID="-1" LockWarning="[FF0000]本功能暂未开启[-]" x="40" y="45" />
<FunctionOpen id="1300" MenuID="-1" usePushData="false" DestroyUI="true" fx="4" key="ChongZhi" play="1" Type="10" desc="充值（大图标）" show="0" Rank="30" npcid="-1" SenceTpye="100" lv="0" RenWuID="-1" RenWuIDAward="-1" doneCond="-1" descID="-1" LockWarning="[FF0000]本功能暂未开启[-]" x="80" y="80" />
<FunctionOpen id="140" MenuID="-1" usePushData="true" DestroyUI="true" fx="4" key="QianDao" play="1" Type="4" desc="签到（小图标）" show="0" Rank="40" npcid="-1" SenceTpye="100" lv="0" RenWuID="-1" RenWuIDAward="-1" doneCond="-1" descID="-1" LockWarning="-1" x="40" y="45" />
<FunctionOpen id="1400" MenuID="-1" usePushData="true" DestroyUI="true" fx="0" key="QianDao" play="1" Type="10" desc="签到（大图标）" show="0" Rank="40" npcid="-1" SenceTpye="100" lv="0" RenWuID="-1" RenWuIDAward="-1" doneCond="-1" descID="-1" LockWarning="-1" x="80" y="80" />
<FunctionOpen id="1420" MenuID="-1" usePushData="true" DestroyUI="true" fx="4" key="GongNeng" play="1" Type="5" desc="功能（背包好友设置）" show="0" Rank="-1" npcid="-1" SenceTpye="100" lv="0" RenWuID="-1" RenWuIDAward="-1" doneCond="-1" descID="-1" LockWarning="-1" x="48" y="48" />
<FunctionOpen id="3" MenuID="1420" usePushData="true" DestroyUI="true" fx="0" key="BeiBao" play="0" Type="10" desc="背包" show="0" Rank="10" npcid="-1" SenceTpye="100" lv="0" RenWuID="-1" RenWuIDAward="-1" doneCond="-1" descID="-1" LockWarning="-1" x="80" y="80" />
<FunctionOpen id="4" MenuID="1420" usePushData="true" DestroyUI="true" fx="0" key="HaoYou" play="0" Type="10" desc="好友" show="0" Rank="20" npcid="-1" SenceTpye="100" lv="0" RenWuID="-1" RenWuIDAward="-1" doneCond="-1" descID="-1" LockWarning="-1" x="80" y="80" />
<FunctionOpen id="212" MenuID="1420" usePushData="true" DestroyUI="true" fx="0" key="GuoJia" play="0" Type="10" desc="国家" show="0" Rank="25" npcid="802" SenceTpye="100" lv="0" RenWuID="-1" RenWuIDAward="-1" doneCond="-1" descID="-1" LockWarning="-1" x="80" y="80" />
<FunctionOpen id="500020" MenuID="212" usePushData="true" DestroyUI="true" fx="0" key="ShangJiao" play="0" Type="10" desc="国家-上缴" show="0" Rank="-1" npcid="-1" SenceTpye="100" lv="0" RenWuID="-1" RenWuIDAward="-1" doneCond="-1" descID="890020" LockWarning="-1" x="80" y="80" />
<FunctionOpen id="500022" MenuID="212" usePushData="true" DestroyUI="true" fx="0" key="GuoJiaJiangLi" play="0" Type="10" desc="国家-奖励" show="0" Rank="-1" npcid="-1" SenceTpye="100" lv="0" RenWuID="-1" RenWuIDAward="-1" doneCond="-1" descID="890020" LockWarning="-1" x="80" y="80" />
<FunctionOpen id="1421" MenuID="1420" usePushData="true" DestroyUI="true" fx="0" key="SheZhi" play="0" Type="10" desc="设置" show="0" Rank="30" npcid="-1" SenceTpye="100" lv="0" RenWuID="-1" RenWuIDAward="-1" doneCond="-1" descID="-1" LockWarning="-1" x="80" y="80" />
<FunctionOpen id="5" MenuID="-1" usePushData="false" DestroyUI="true" fx="0" key="RenWuZhuXian" play="0" Type="10" desc="任务主线" show="0" Rank="-1" npcid="-1" SenceTpye="100" lv="0" RenWuID="-1" RenWuIDAward="-1" doneCond="-1" descID="-1" LockWarning="-1" x="80" y="80" />
<FunctionOpen id="107" MenuID="5" usePushData="false" DestroyUI="true" fx="0" key="ZhiXian" play="0" Type="10" desc="盟务（支线）" show="0" Rank="-1" npcid="-1" SenceTpye="100" lv="0" RenWuID="-1" RenWuIDAward="-1" doneCond="-1" descID="-1" LockWarning="[FF0000]本功能暂未开启[-]" x="80" y="80" />
<FunctionOpen id="30" MenuID="-1" usePushData="false" DestroyUI="true" fx="0" key="RenWuKuaiJie" play="0" Type="10" desc="主界面任务快捷栏" show="0" Rank="-1" npcid="-1" SenceTpye="100" lv="0" RenWuID="-1" RenWuIDAward="-1" doneCond="-1" descID="-1" LockWarning="-1" x="80" y="80" />
<FunctionOpen id="40" MenuID="-1" usePushData="false" DestroyUI="true" fx="0" key="LiaoTianKuaiJie" play="0" Type="10" desc="聊天快捷栏" show="0" Rank="-1" npcid="-1" SenceTpye="100" lv="0" RenWuID="-1" RenWuIDAward="-1" doneCond="-1" descID="-1" LockWarning="-1" x="80" y="80" />
<FunctionOpen id="600400" MenuID="-1" usePushData="true" DestroyUI="true" fx="0" key="TongZhi" play="0" Type="10" desc="通知" show="0" Rank="-1" npcid="-1" SenceTpye="100" lv="1000" RenWuID="-1" RenWuIDAward="-1" doneCond="-1" descID="-1" LockWarning="-1" x="80" y="80" />
<FunctionOpen id="17" MenuID="-1" usePushData="true" DestroyUI="true" fx="0" key="JiJiangJieSuo" play="0" Type="10" desc="即将解锁" show="0" Rank="-1" npcid="-1" SenceTpye="100" lv="0" RenWuID="-1" RenWuIDAward="-1" doneCond="-1" descID="-1" LockWarning="-1" x="80" y="80" />
<FunctionOpen id="14" MenuID="-1" usePushData="true" DestroyUI="true" fx="0" key="HuoDong" play="1" Type="1" desc="活动" show="0" Rank="-1" npcid="-1" SenceTpye="100" lv="0" RenWuID="-1" RenWuIDAward="-1" doneCond="-1" descID="-1" LockWarning="-1" x="80" y="80" />
<FunctionOpen id="1422" MenuID="14" usePushData="true" DestroyUI="true" fx="1" key="ShouChonghuodong" play="0" Type="10" desc="首充奖励（活动内）" show="0" Rank="10" npcid="-1" SenceTpye="100" lv="0" RenWuID="-1" RenWuIDAward="-1" doneCond="-1" descID="-1" LockWarning="-1" x="80" y="80" />
<FunctionOpen id="1393" MenuID="14" usePushData="true" DestroyUI="true" fx="0" key="YueKa" play="0" Type="10" desc="月卡与终身卡" show="0" Rank="15" npcid="-1" SenceTpye="100" lv="0" RenWuID="-1" RenWuIDAward="-1" doneCond="-1" descID="-1" LockWarning="-1" x="80" y="80" />
<FunctionOpen id="1394" MenuID="14" usePushData="true" DestroyUI="true" fx="0" key="ChengZhangJiJin" play="0" Type="10" desc="成长基金" show="0" Rank="17" npcid="-1" SenceTpye="100" lv="0" RenWuID="-1" RenWuIDAward="-1" doneCond="-1" descID="-1" LockWarning="-1" x="80" y="80" />
<FunctionOpen id="1391" MenuID="14" usePushData="true" DestroyUI="true" fx="0" key="TiLi" play="0" Type="10" desc="体力定时赠送" show="0" Rank="20" npcid="-1" SenceTpye="100" lv="0" RenWuID="-1" RenWuIDAward="-1" doneCond="-1" descID="-1" LockWarning="-1" x="80" y="80" />
<FunctionOpen id="600200" MenuID="14" usePushData="true" DestroyUI="true" fx="0" key="LevelAward" play="0" Type="10" desc="等级奖励" show="0" Rank="30" npcid="-1" SenceTpye="100" lv="0" RenWuID="-1" RenWuIDAward="-1" doneCond="-1" descID="-1" LockWarning="-1" x="80" y="80" />
<FunctionOpen id="144" MenuID="14" usePushData="true" DestroyUI="true" fx="0" key="XianShiHuoDong" play="1" Type="1" desc="成就" show="0" Rank="40" npcid="-1" SenceTpye="100" lv="-1" RenWuID="-1" RenWuIDAward="100330" doneCond="-1" descID="-1" LockWarning="-1" x="80" y="80" />
<FunctionOpen id="1395" MenuID="14" usePushData="true" DestroyUI="true" fx="0" key="GuanFangQQun" play="0" Type="10" desc="官方Q群" show="0" Rank="50" npcid="-1" SenceTpye="100" lv="0" RenWuID="-1" RenWuIDAward="-1" doneCond="-1" descID="-1" LockWarning="-1" x="80" y="80" />
<FunctionOpen id="1396" MenuID="14" usePushData="true" DestroyUI="true" fx="0" key="ChengZhangJiJin" play="0" Type="10" desc="常见问题" show="0" Rank="60" npcid="-1" SenceTpye="100" lv="0" RenWuID="-1" RenWuIDAward="-1" doneCond="-1" descID="-1" LockWarning="-1" x="80" y="80" />
<FunctionOpen id="16" MenuID="-1" usePushData="false" DestroyUI="true" fx="1" key="QiRiLiBao" play="1" Type="1" desc="新手七日礼包" show="0" Rank="20" npcid="-1" SenceTpye="100" lv="0" RenWuID="-1" RenWuIDAward="-1" doneCond="-1" descID="-1" LockWarning="-1" x="80" y="80" />
<FunctionOpen id="15" MenuID="-1" usePushData="false" DestroyUI="true" fx="0" key="ZaiXianLiBao" play="1" Type="1" desc="新手在线礼包" show="0" Rank="30" npcid="-1" SenceTpye="100" lv="0" RenWuID="-1" RenWuIDAward="-1" doneCond="-1" descID="-1" LockWarning="-1" x="80" y="80" />
<FunctionOpen id="142" MenuID="-1" usePushData="true" DestroyUI="true" fx="1" key="ShouChong" play="1" Type="1" desc="首充奖励（活动外）" show="0" Rank="35" npcid="-1" SenceTpye="100" lv="1000" RenWuID="-1" RenWuIDAward="-1" doneCond="-1" descID="-1" LockWarning="-1" x="80" y="80" />
<FunctionOpen id="139" MenuID="-1" usePushData="true" DestroyUI="true" fx="0" key="FuLi" play="1" Type="1" desc="封测福利" show="0" Rank="35" npcid="-1" SenceTpye="100" lv="1000" RenWuID="-1" RenWuIDAward="-1" doneCond="-1" descID="-1" LockWarning="-1" x="80" y="80" />
<FunctionOpen id="1390" MenuID="139" usePushData="true" DestroyUI="true" fx="0" key="HongBao" play="0" Type="10" desc="封测红包" show="0" Rank="-1" npcid="-1" SenceTpye="100" lv="1000" RenWuID="-1" RenWuIDAward="-1" doneCond="-1" descID="-1" LockWarning="-1" x="80" y="80" />
<FunctionOpen id="143" MenuID="-1" usePushData="true" DestroyUI="true" fx="1" key="KaiFuHuoDong" play="0" Type="1" desc="开服活动" show="0" Rank="40" npcid="-1" SenceTpye="100" lv="1000" RenWuID="-1" RenWuIDAward="-1" doneCond="-1" descID="-1" LockWarning="-1" x="80" y="80" />
<FunctionOpen id="1430" MenuID="143" usePushData="true" DestroyUI="true" fx="0" key="QieYe" play="0" Type="10" desc="开服活动-切页" show="0" Rank="-1" npcid="-1" SenceTpye="100" lv="0" RenWuID="-1" RenWuIDAward="-1" doneCond="-1" descID="-1" LockWarning="-1" x="80" y="80" />
<FunctionOpen id="141" MenuID="-1" usePushData="true" DestroyUI="true" fx="0" key="BaoZang" play="1" Type="1" desc="抢宝箱" show="0" Rank="65" npcid="-1" SenceTpye="100" lv="1000" RenWuID="-1" RenWuIDAward="-1" doneCond="-1" descID="-1" LockWarning="开启探宝之后可抢宝箱" x="80" y="80" />
<FunctionOpen id="311" MenuID="-1" usePushData="true" DestroyUI="true" fx="1" key="FuLiShiDuan" play="1" Type="1" desc="运镖福利" show="1" Rank="80" npcid="-1" SenceTpye="100" lv="1000" RenWuID="-1" RenWuIDAward="-1" doneCond="-1" descID="-1" LockWarning="多人实时对战PVP玩法，通关[FF0000]关卡3-5[-]后开启" x="65" y="75" />
<FunctionOpen id="300000" MenuID="-1" usePushData="true" DestroyUI="true" fx="0" key="GuoGuanZhanJiang" play="1" Type="3" desc="过关斩将" show="0" Rank="10" npcid="-1" SenceTpye="100" lv="-1" RenWuID="-1" RenWuIDAward="100010" doneCond="-1" descID="-1" LockWarning="完成[FF8000]主线：拜见老师[-]后开启" x="80" y="80" />
<FunctionOpen id="300001" MenuID="300000" usePushData="true" DestroyUI="true" fx="0" key="TongZhangJiangLi" play="0" Type="10" desc="过关斩将-通章奖励" show="0" Rank="-1" npcid="-1" SenceTpye="100" lv="-1" RenWuID="-1" RenWuIDAward="100010" doneCond="-1" descID="-1" LockWarning="-1" x="80" y="80" />
<FunctionOpen id="105" MenuID="300000" usePushData="false" DestroyUI="true" fx="0" key="ChongFuTiaoZhan" play="0" Type="10" desc="可重复挑战精英关" show="0" Rank="-1" npcid="-1" SenceTpye="100" lv="0" RenWuID="-1" RenWuIDAward="-1" doneCond="-1" descID="-1" LockWarning="-1" x="80" y="80" />
<FunctionOpen id="109" MenuID="300000" usePushData="false" DestroyUI="true" fx="0" key="ChuanQi" play="1" Type="3" desc="过关斩将-传奇关卡" show="0" Rank="-1" npcid="-1" SenceTpye="100" lv="-1" RenWuID="-1" RenWuIDAward="100450" doneCond="-1" descID="890013" LockWarning="通关[FF0000]关卡3-7[-]后开启" x="80" y="80" />
<FunctionOpen id="3000010" MenuID="300000" usePushData="false" DestroyUI="true" fx="0" key="SaoDang" play="1" Type="3" desc="扫荡" show="0" Rank="-1" npcid="-1" SenceTpye="100" lv="-1" RenWuID="-1" RenWuIDAward="100300" doneCond="-1" descID="890014" LockWarning="通关[FF0000]关卡2-7[-]后开启" x="80" y="80" />
<FunctionOpen id="11" MenuID="-1" usePushData="true" DestroyUI="true" fx="0" key="TanBao" play="1" Type="3" desc="探宝" show="0" Rank="20" npcid="-1" SenceTpye="100" lv="-1" RenWuID="-1" RenWuIDAward="100090" doneCond="-1" descID="890003" LockWarning="通关[FF0000]关卡1-5[-]后开启" x="80" y="80" />
<FunctionOpen id="1101" MenuID="11" usePushData="true" DestroyUI="true" fx="0" key="TanBao_1" play="0" Type="10" desc="矿洞探宝" show="0" Rank="-1" npcid="-1" SenceTpye="100" lv="-1" RenWuID="-1" RenWuIDAward="100090" doneCond="-1" descID="-1" LockWarning="-1" x="80" y="80" />
<FunctionOpen id="1102" MenuID="11" usePushData="true" DestroyUI="true" fx="0" key="TanBao_2" play="0" Type="10" desc="矿井探宝" show="0" Rank="-1" npcid="-1" SenceTpye="100" lv="-1" RenWuID="-1" RenWuIDAward="100090" doneCond="-1" descID="-1" LockWarning="-1" x="80" y="80" />
<FunctionOpen id="1103" MenuID="11" usePushData="true" DestroyUI="true" fx="0" key="TanBao_3" play="0" Type="10" desc="元宝十连抽" show="0" Rank="-1" npcid="-1" SenceTpye="100" lv="-1" RenWuID="-1" RenWuIDAward="100090" doneCond="-1" descID="-1" LockWarning="完成[FF0000]主线：二次竞技[-]后开启" x="80" y="80" />
<FunctionOpen id="9" MenuID="-1" usePushData="true" DestroyUI="true" fx="0" key="DangPu" play="1" Type="3" desc="商铺" show="0" Rank="30" npcid="6" SenceTpye="100" lv="-1" RenWuID="-1" RenWuIDAward="100400" doneCond="-1" descID="890015" LockWarning="通关[FF0000]关卡3-3[-]后开启" x="80" y="80" />
<FunctionOpen id="900" MenuID="9" usePushData="true" DestroyUI="true" fx="0" key="WuBeiFang" play="0" Type="10" desc="武备坊（祭祀抽奖）" show="0" Rank="-1" npcid="6" SenceTpye="100" lv="-1" RenWuID="-1" RenWuIDAward="100400" doneCond="-1" descID="-1" LockWarning="通关[FF0000]关卡3-3[-]后开启武备坊" x="80" y="80" />
<FunctionOpen id="902" MenuID="9" usePushData="true" DestroyUI="true" fx="0" key="GongXunShangDian" play="0" Type="10" desc="功勋商店" show="0" Rank="-1" npcid="6" SenceTpye="100" lv="-1" RenWuID="-1" RenWuIDAward="100400" doneCond="-1" descID="-1" LockWarning="创建或加入任意联盟后开启功勋商店" x="80" y="80" />
<FunctionOpen id="106" MenuID="-1" usePushData="false" DestroyUI="true" fx="0" key="MeirRiRenWu" play="0" Type="2" desc="每日任务" show="0" Rank="10" npcid="-1" SenceTpye="100" lv="0" RenWuID="-1" RenWuIDAward="-1" doneCond="-1" descID="890006" LockWarning="完成[FF0000]主线：购买符文[-]后开启" x="80" y="80" />
<FunctionOpen id="250" MenuID="106" usePushData="true" DestroyUI="true" fx="0" key="ShiLian" play="0" Type="10" desc="试练" show="0" Rank="-1" npcid="-1" SenceTpye="100" lv="0" RenWuID="-1" RenWuIDAward="-1" doneCond="-1" descID="890016" LockWarning="-1" x="80" y="80" />
<FunctionOpen id="300" MenuID="106" usePushData="true" DestroyUI="true" fx="0" key="YouXia" play="1" Type="2" desc="试练-勇闯重楼" show="0" Rank="10" npcid="-1" SenceTpye="100" lv="-1" RenWuID="-1" RenWuIDAward="100305" doneCond="-1" descID="-1" LockWarning="通关[FF0000]关卡2-7[-]并完成[FF0000]主线：道贺升迁[-]后开启" x="80" y="80" />
<FunctionOpen id="301" MenuID="106" usePushData="true" DestroyUI="true" fx="0" key="YouXia" play="1" Type="2" desc="试练-剿灭叛军" show="0" Rank="20" npcid="-1" SenceTpye="100" lv="-1" RenWuID="-1" RenWuIDAward="100380" doneCond="-1" descID="-1" LockWarning="通关[FF0000]关卡3-1[-]后开启" x="80" y="80" />
<FunctionOpen id="302" MenuID="106" usePushData="true" DestroyUI="true" fx="0" key="YouXia" play="1" Type="2" desc="试练-洗劫权贵" show="0" Rank="30" npcid="-1" SenceTpye="100" lv="-1" RenWuID="-1" RenWuIDAward="200070" doneCond="-1" descID="-1" LockWarning="完成[FF0000]主线：升级至25级[-]后开启" x="80" y="80" />
<FunctionOpen id="303" MenuID="106" usePushData="true" DestroyUI="true" fx="0" key="YouXia" play="1" Type="2" desc="试练-完璧归赵" show="0" Rank="40" npcid="-1" SenceTpye="100" lv="-1" RenWuID="-1" RenWuIDAward="200010" doneCond="-1" descID="-1" LockWarning="激活首个秘术后开启" x="80" y="80" />
<FunctionOpen id="304" MenuID="106" usePushData="true" DestroyUI="true" fx="0" key="YouXia" play="1" Type="2" desc="试练-讨伐山贼" show="0" Rank="50" npcid="-1" SenceTpye="100" lv="-1" RenWuID="-1" RenWuIDAward="200080" doneCond="-1" descID="-1" LockWarning="完成[FF0000]主线：升级至28级[-]后开启" x="80" y="80" />
<FunctionOpen id="305" MenuID="106" usePushData="true" DestroyUI="true" fx="0" key="YouXia" play="1" Type="2" desc="试练-横扫六合" show="0" Rank="60" npcid="-1" SenceTpye="100" lv="-1" RenWuID="-1" RenWuIDAward="100820" doneCond="-1" descID="-1" LockWarning="完成[FF0000]主线：升级至32级[-]后开启" x="80" y="80" />
<FunctionOpen id="8" MenuID="106" usePushData="true" DestroyUI="true" fx="0" key="ZhanDou" play="0" Type="10" desc="战争" show="0" Rank="40" npcid="-1" SenceTpye="100" lv="0" RenWuID="-1" RenWuIDAward="100145" doneCond="-1" descID="890010" LockWarning="-1" x="80" y="80" />
<FunctionOpen id="300100" MenuID="106" usePushData="true" DestroyUI="true" fx="0" key="BaiZhan" play="1" Type="2" desc="百战千军" show="0" Rank="10" npcid="-1" SenceTpye="100" lv="-1" RenWuID="-1" RenWuIDAward="100145" doneCond="-1" descID="890011" LockWarning="竞技场PVP玩法，通关[FF0000]关卡1-7[-]并探望孙膑后开启" x="80" y="80" />
<FunctionOpen id="300103" MenuID="300100" usePushData="true" DestroyUI="true" fx="0" key="BaiZhanCiShu" play="0" Type="10" desc="百战-有剩余次数并且不在冷却期" show="0" Rank="23" npcid="-1" SenceTpye="100" lv="-1" RenWuID="-1" RenWuIDAward="100145" doneCond="-1" descID="-1" LockWarning="-1" x="80" y="80" />
<FunctionOpen id="300105" MenuID="300100" usePushData="true" DestroyUI="true" fx="0" key="BaiZhanJiLu" play="0" Type="10" desc="百战-有新的未读记录" show="0" Rank="25" npcid="-1" SenceTpye="100" lv="-1" RenWuID="-1" RenWuIDAward="100145" doneCond="-1" descID="-1" LockWarning="-1" x="80" y="80" />
<FunctionOpen id="300107" MenuID="9" usePushData="true" DestroyUI="true" fx="0" key="BaiZhanShangDian" play="0" Type="10" desc="百战-威望商店" show="0" Rank="27" npcid="-1" SenceTpye="100" lv="-1" RenWuID="-1" RenWuIDAward="100145" doneCond="-1" descID="-1" LockWarning="-1" x="80" y="80" />
<FunctionOpen id="310" MenuID="106" usePushData="true" DestroyUI="true" fx="0" key="XingBiao" play="1" Type="2" desc="战争-行镖" show="0" Rank="20" npcid="3" SenceTpye="100" lv="-1" RenWuID="-1" RenWuIDAward="100430" doneCond="-1" descID="890017" LockWarning="多人实时对战PVP玩法，通关[FF0000]关卡3-5[-]后开启" x="80" y="80" />
<FunctionOpen id="312" MenuID="310" usePushData="true" DestroyUI="true" fx="0" key="XingBiaoCiShu" play="0" Type="10" desc="战争-行镖-剩余次数" show="0" Rank="-1" npcid="-1" SenceTpye="100" lv="-1" RenWuID="-1" RenWuIDAward="100430" doneCond="-1" descID="-1" LockWarning="-1" x="80" y="80" />
<FunctionOpen id="313" MenuID="310" usePushData="true" DestroyUI="true" fx="0" key="XingBiaoLiShi" play="0" Type="10" desc="战争-行镖-历史记录" show="0" Rank="-1" npcid="-1" SenceTpye="100" lv="-1" RenWuID="-1" RenWuIDAward="100430" doneCond="-1" descID="-1" LockWarning="-1" x="80" y="80" />
<FunctionOpen id="315" MenuID="310" usePushData="true" DestroyUI="true" fx="0" key="XingBiaoChouRen" play="0" Type="10" desc="战争-行镖-仇人" show="0" Rank="-1" npcid="-1" SenceTpye="100" lv="-1" RenWuID="-1" RenWuIDAward="100430" doneCond="-1" descID="-1" LockWarning="-1" x="80" y="80" />
<FunctionOpen id="211" MenuID="106" usePushData="true" DestroyUI="true" fx="0" key="LueDuo" play="0" Type="10" desc="战争-掠夺" show="0" Rank="30" npcid="803" SenceTpye="100" lv="29" RenWuID="-1" RenWuIDAward="-1" doneCond="-1" descID="890018" LockWarning="等级达到29级时开启" x="80" y="80" />
<FunctionOpen id="215" MenuID="211" usePushData="true" DestroyUI="true" fx="0" key="LueDuoCiShu" play="0" Type="10" desc="战争-掠夺-剩余次数" show="0" Rank="-1" npcid="-1" SenceTpye="100" lv="29" RenWuID="-1" RenWuIDAward="-1" doneCond="-1" descID="-1" LockWarning="-1" x="80" y="80" />
<FunctionOpen id="220" MenuID="211" usePushData="true" DestroyUI="true" fx="0" key="LueDuoJiLu" play="0" Type="10" desc="战争-掠夺-历史记录" show="0" Rank="-1" npcid="-1" SenceTpye="100" lv="29" RenWuID="-1" RenWuIDAward="-1" doneCond="-1" descID="-1" LockWarning="-1" x="80" y="80" />
<FunctionOpen id="200" MenuID="-1" usePushData="true" DestroyUI="true" fx="0" key="JunZhu" play="1" Type="2" desc="君主" show="0" Rank="15" npcid="-1" SenceTpye="100" lv="0" RenWuID="-1" RenWuIDAward="-1" doneCond="-1" descID="-1" LockWarning="-1" x="80" y="80" />
<FunctionOpen id="701" MenuID="200" usePushData="true" DestroyUI="true" fx="0" key="JunZhuMiBao" play="0" Type="10" desc="君主-新秘宝" show="0" Rank="-1" npcid="-1" SenceTpye="100" lv="0" RenWuID="-1" RenWuIDAward="-1" doneCond="-1" descID="-1" LockWarning="-1" x="80" y="80" />
<FunctionOpen id="500000" MenuID="200" usePushData="true" DestroyUI="true" fx="0" key="TianFu" play="1" Type="2" desc="君主-天赋" show="0" Rank="-1" npcid="-1" SenceTpye="100" lv="-1" RenWuID="-1" RenWuIDAward="100315" doneCond="-1" descID="890004" LockWarning="[FF0000]首次【试练】[-]后开启" x="80" y="80" />
<FunctionOpen id="500005" MenuID="200" usePushData="false" DestroyUI="true" fx="0" key="JunZhuZhungBei" play="0" Type="10" desc="君主-穿装备" show="0" Rank="-1" npcid="-1" SenceTpye="100" lv="0" RenWuID="-1" RenWuIDAward="-1" doneCond="-1" descID="-1" LockWarning="-1" x="80" y="80" />
<FunctionOpen id="500007" MenuID="200" usePushData="true" DestroyUI="true" fx="0" key="JiNengJinJie" play="1" Type="2" desc="君主-技能进阶" show="0" Rank="-1" npcid="-1" SenceTpye="100" lv="-1" RenWuID="-1" RenWuIDAward="100190" doneCond="-1" descID="-1" LockWarning="通关[FF0000]关卡2-2[-]后开启" x="80" y="80" />
<FunctionOpen id="500015" MenuID="200" usePushData="true" DestroyUI="true" fx="0" key="ChengHao" play="0" Type="10" desc="君主-称号" show="0" Rank="-1" npcid="-1" SenceTpye="100" lv="0" RenWuID="-1" RenWuIDAward="-1" doneCond="-1" descID="-1" LockWarning="-1" x="80" y="80" />
<FunctionOpen id="510015" MenuID="500015" usePushData="true" DestroyUI="true" fx="0" key="ChengHaoJunCheng" play="0" Type="10" desc="君主-称号-郡城战" show="0" Rank="-1" npcid="-1" SenceTpye="100" lv="0" RenWuID="-1" RenWuIDAward="-1" doneCond="-1" descID="-1" LockWarning="-1" x="80" y="80" />
<FunctionOpen id="520015" MenuID="500015" usePushData="true" DestroyUI="true" fx="0" key="ChengHaoBaiZhan" play="0" Type="10" desc="君主-称号-百战" show="0" Rank="-1" npcid="-1" SenceTpye="100" lv="0" RenWuID="-1" RenWuIDAward="-1" doneCond="-1" descID="-1" LockWarning="-1" x="80" y="80" />
<FunctionOpen id="12" MenuID="-1" usePushData="true" DestroyUI="true" fx="0" key="TieJiang" play="1" Type="2" desc="装备" show="0" Rank="20" npcid="1" SenceTpye="100" lv="-1" RenWuID="-1" RenWuIDAward="100060" doneCond="-1" descID="890007" LockWarning="穿上铠甲后开启功能" x="80" y="80" />
<FunctionOpen id="1212" MenuID="12" usePushData="true" DestroyUI="true" fx="0" key="QiangHua" play="0" Type="10" desc="【装备】-强化" show="0" Rank="-1" npcid="-1" SenceTpye="100" lv="-1" RenWuID="-1" RenWuIDAward="100060" doneCond="-1" descID="-1" LockWarning="-1" x="80" y="80" />
<FunctionOpen id="1211" MenuID="12" usePushData="true" DestroyUI="true" fx="0" key="Jinjie" play="0" Type="10" desc="【装备】-进阶" show="0" Rank="-1" npcid="-1" SenceTpye="100" lv="0" RenWuID="-1" RenWuIDAward="-1" doneCond="-1" descID="890009" LockWarning="-1" x="80" y="80" />
<FunctionOpen id="1213" MenuID="12" usePushData="true" DestroyUI="true" fx="0" key="XiangQian" play="0" Type="10" desc="【装备】-镶嵌" show="0" Rank="-1" npcid="-1" SenceTpye="100" lv="0" RenWuID="-1" RenWuIDAward="-1" doneCond="-1" descID="890009" LockWarning="-1" x="80" y="80" />
<FunctionOpen id="1210" MenuID="12" usePushData="true" DestroyUI="true" fx="0" key="XiLian" play="0" Type="10" desc="装备（铁匠）-洗练" show="0" Rank="-1" npcid="-1" SenceTpye="100" lv="-1" RenWuID="-1" RenWuIDAward="100790" doneCond="-1" descID="890008" LockWarning="通关[FF0000]关卡6-9[-]后开启" x="80" y="80" />
<FunctionOpen id="6" MenuID="-1" usePushData="true" DestroyUI="true" fx="0" key="MiBao" play="1" Type="2" desc="将魂" show="0" Rank="30" npcid="-1" SenceTpye="100" lv="-1" RenWuID="-1" RenWuIDAward="100160" doneCond="-1" descID="890002" LockWarning="首次探宝后开启" x="80" y="80" />
<FunctionOpen id="600" MenuID="6" usePushData="true" DestroyUI="true" fx="0" key="MiBaoShengJi" play="0" Type="10" desc="将魂升级" show="0" Rank="-1" npcid="-1" SenceTpye="100" lv="-1" RenWuID="-1" RenWuIDAward="100160" doneCond="-1" descID="-1" LockWarning="-1" x="80" y="80" />
<FunctionOpen id="602" MenuID="6" usePushData="true" DestroyUI="true" fx="0" key="MiBaoShengXing" play="0" Type="10" desc="将魂升星" show="0" Rank="-1" npcid="-1" SenceTpye="100" lv="-1" RenWuID="-1" RenWuIDAward="100160" doneCond="-1" descID="-1" LockWarning="-1" x="80" y="80" />
<FunctionOpen id="605" MenuID="6" usePushData="true" DestroyUI="true" fx="0" key="MiBaoHeCheng" play="0" Type="10" desc="将魂合成" show="0" Rank="-1" npcid="-1" SenceTpye="100" lv="-1" RenWuID="-1" RenWuIDAward="100160" doneCond="-1" descID="-1" LockWarning="-1" x="80" y="80" />
<FunctionOpen id="610" MenuID="6" usePushData="true" DestroyUI="true" fx="0" key="MiBaoJiNeng" play="0" Type="10" desc="将魂技能激活" show="0" Rank="-1" npcid="-1" SenceTpye="100" lv="-1" RenWuID="-1" RenWuIDAward="100160" doneCond="-1" descID="-1" LockWarning="-1" x="80" y="80" />
<FunctionOpen id="500010" MenuID="-1" usePushData="true" DestroyUI="true" fx="0" key="FuShi" play="1" Type="2" desc="符文" show="0" Rank="40" npcid="-1" SenceTpye="100" lv="-1" RenWuID="-1" RenWuIDAward="100550" doneCond="-1" descID="890005" LockWarning="挑战[FF0000]试练-剿灭叛军[-]后开启" x="80" y="80" />
<FunctionOpen id="500012" MenuID="500010" usePushData="true" DestroyUI="true" fx="0" key="LieMing" play="0" Type="10" desc="猎符" show="0" Rank="-1" npcid="-1" SenceTpye="100" lv="-1" RenWuID="-1" RenWuIDAward="100550" doneCond="-1" descID="890005" LockWarning="挑战[FF0000]试练-剿灭叛军[-]后开启" x="80" y="80" />
<FunctionOpen id="500014" MenuID="500010" usePushData="true" DestroyUI="true" fx="0" key="HongDianZhuanYong" play="0" Type="10" desc="符文（红点专用：可穿戴）" show="0" Rank="-1" npcid="-1" SenceTpye="100" lv="-1" RenWuID="-1" RenWuIDAward="100550" doneCond="-1" descID="890005" LockWarning="挑战[FF0000]试练-剿灭叛军[-]后开启" x="80" y="80" />
<FunctionOpen id="500016" MenuID="500010" usePushData="true" DestroyUI="true" fx="0" key="HongDianZhuanYong" play="0" Type="10" desc="符文（红点专用：可升级）" show="0" Rank="-1" npcid="-1" SenceTpye="100" lv="-1" RenWuID="-1" RenWuIDAward="100550" doneCond="-1" descID="890005" LockWarning="挑战[FF0000]试练-剿灭叛军[-]后开启" x="80" y="80" />
<FunctionOpen id="500017" MenuID="500010" usePushData="true" DestroyUI="true" fx="0" key="HongDianZhuanYong" play="0" Type="10" desc="符文（红点专用：可替换）" show="0" Rank="-1" npcid="-1" SenceTpye="100" lv="-1" RenWuID="-1" RenWuIDAward="100550" doneCond="-1" descID="890005" LockWarning="挑战[FF0000]试练-剿灭叛军[-]后开启" x="80" y="80" />
<FunctionOpen id="104" MenuID="-1" usePushData="true" DestroyUI="true" fx="0" key="LianMeng" play="1" Type="2" desc="联盟" show="0" Rank="50" npcid="-1" SenceTpye="100" lv="-1" RenWuID="-1" RenWuIDAward="100173" doneCond="100307" descID="890001" LockWarning="创建或加入任意联盟后开启功能" x="80" y="80" />
<FunctionOpen id="410000" MenuID="104" usePushData="true" DestroyUI="true" fx="0" key="LianMengShenQing" play="0" Type="10" desc="联盟申请" show="0" Rank="-1" npcid="-1" SenceTpye="100" lv="-1" RenWuID="-1" RenWuIDAward="100173" doneCond="-1" descID="-1" LockWarning="-1" x="80" y="80" />
<FunctionOpen id="410010" MenuID="104" usePushData="true" DestroyUI="true" fx="0" key="LianMengJunQing" play="0" Type="10" desc="联盟军情" show="0" Rank="-1" npcid="-1" SenceTpye="100" lv="-1" RenWuID="-1" RenWuIDAward="100173" doneCond="-1" descID="-1" LockWarning="-1" x="80" y="80" />
<FunctionOpen id="410012" MenuID="410010" usePushData="true" DestroyUI="true" fx="0" key="LianMengJunQingLUEDUO" play="0" Type="10" desc="联盟军情-掠夺" show="0" Rank="-1" npcid="-1" SenceTpye="100" lv="-1" RenWuID="-1" RenWuIDAward="100173" doneCond="-1" descID="-1" LockWarning="-1" x="80" y="80" />
<FunctionOpen id="410015" MenuID="410010" usePushData="true" DestroyUI="true" fx="0" key="LianMengJunQingYABIAO" play="0" Type="10" desc="联盟军情-押镖" show="0" Rank="-1" npcid="-1" SenceTpye="100" lv="-1" RenWuID="-1" RenWuIDAward="100173" doneCond="-1" descID="-1" LockWarning="-1" x="80" y="80" />
<FunctionOpen id="600500" MenuID="104" usePushData="true" DestroyUI="true" fx="0" key="LianMengKeZhan" play="0" Type="10" desc="联盟客栈" show="0" Rank="-1" npcid="-1" SenceTpye="100" lv="-1" RenWuID="-1" RenWuIDAward="100173" doneCond="-1" descID="-1" LockWarning="-1" x="80" y="80" />
<FunctionOpen id="600505" MenuID="600500" usePushData="true" DestroyUI="true" fx="0" key="LianMengKeZhanDongTai" play="0" Type="10" desc="联盟客栈（联盟动态）" show="0" Rank="-1" npcid="-1" SenceTpye="100" lv="-1" RenWuID="-1" RenWuIDAward="100173" doneCond="-1" descID="-1" LockWarning="-1" x="80" y="80" />
<FunctionOpen id="600600" MenuID="104" usePushData="true" DestroyUI="true" fx="0" key="LianMengShuYuanKiJi" play="0" Type="10" desc="联盟书院（科技）" show="0" Rank="-1" npcid="-1" SenceTpye="100" lv="-1" RenWuID="-1" RenWuIDAward="100173" doneCond="-1" descID="-1" LockWarning="-1" x="80" y="80" />
<FunctionOpen id="600700" MenuID="9" usePushData="true" DestroyUI="true" fx="0" key="LianMengShangPu" play="0" Type="10" desc="联盟-贡献商店" show="0" Rank="-1" npcid="-1" SenceTpye="100" lv="-1" RenWuID="-1" RenWuIDAward="100173" doneCond="-1" descID="-1" LockWarning="创建或加入任意联盟后开启贡献商店" x="80" y="80" />
<FunctionOpen id="600750" MenuID="104" usePushData="true" DestroyUI="true" fx="0" key="LianMengXiaoWu" play="0" Type="10" desc="联盟-小屋" show="0" Rank="-1" npcid="-1" SenceTpye="100" lv="-1" RenWuID="-1" RenWuIDAward="100173" doneCond="-1" descID="-1" LockWarning="完成[FF0000]主线：道贺升迁[-]后与[f5aa29]联盟[-]同时开启" x="80" y="80" />
<FunctionOpen id="600800" MenuID="600750" usePushData="true" DestroyUI="true" fx="0" key="LianMengHouse" play="0" Type="10" desc="小屋领经验" show="0" Rank="-1" npcid="-1" SenceTpye="100" lv="-1" RenWuID="-1" RenWuIDAward="100173" doneCond="-1" descID="-1" LockWarning="-1" x="80" y="80" />
<FunctionOpen id="500050" MenuID="600750" usePushData="true" DestroyUI="true" fx="0" key="GuJuan" play="0" Type="10" desc="小屋换卡" show="0" Rank="-1" npcid="-1" SenceTpye="100" lv="0" RenWuID="-1" RenWuIDAward="100173" doneCond="-1" descID="-1" LockWarning="-1" x="80" y="80" />
<FunctionOpen id="600850" MenuID="104" usePushData="true" DestroyUI="true" fx="0" key="LianMengZongMiao" play="0" Type="10" desc="联盟宗庙" show="0" Rank="-1" npcid="-1" SenceTpye="100" lv="-1" RenWuID="-1" RenWuIDAward="100173" doneCond="-1" descID="-1" LockWarning="完成[FF0000]主线：道贺升迁[-]后与[f5aa29]联盟[-]同时开启" x="80" y="80" />
<FunctionOpen id="600900" MenuID="600850" usePushData="true" DestroyUI="true" fx="0" key="LianMengJiBai" play="0" Type="10" desc="联盟祭拜（抽奖，使用中）" show="0" Rank="-1" npcid="-1" SenceTpye="100" lv="-1" RenWuID="-1" RenWuIDAward="100173" doneCond="-1" descID="-1" LockWarning="-1" x="80" y="80" />
<FunctionOpen id="600905" MenuID="600850" usePushData="true" DestroyUI="true" fx="0" key="YiJianJiBai" play="0" Type="10" desc="联盟祭拜（一键祭拜）" show="0" Rank="-1" npcid="-1" SenceTpye="100" lv="-1" RenWuID="-1" RenWuIDAward="100173" doneCond="-1" descID="-1" LockWarning="-1" x="80" y="80" />
<FunctionOpen id="300200" MenuID="104" usePushData="true" DestroyUI="true" fx="0" key="HuangYeQiuSheng" play="0" Type="10" desc="联盟-荒野求生" show="0" Rank="-1" npcid="-1" SenceTpye="100" lv="-1" RenWuID="-1" RenWuIDAward="100173" doneCond="-1" descID="890012" LockWarning="所处联盟达到2级时开启功能" x="80" y="80" />
<FunctionOpen id="300300" MenuID="104" usePushData="true" DestroyUI="true" fx="0" key="LianMengTuTeng" play="0" Type="10" desc="联盟-图腾" show="0" Rank="-1" npcid="-1" SenceTpye="100" lv="-1" RenWuID="-1" RenWuIDAward="100173" doneCond="-1" descID="-1" LockWarning="完成[FF0000]主线：道贺升迁[-]后与[f5aa29]联盟[-]同时开启" x="80" y="80" />
<FunctionOpen id="300400" MenuID="104" usePushData="true" DestroyUI="true" fx="0" key="JunChengZhan" play="0" Type="10" desc="联盟-郡城战" show="0" Rank="-1" npcid="-1" SenceTpye="100" lv="-1" RenWuID="-1" RenWuIDAward="100173" doneCond="-1" descID="-1" LockWarning="完成[FF0000]主线：道贺升迁[-]后与[f5aa29]联盟[-]同时开启" x="80" y="80" />
<FunctionOpen id="300500" MenuID="104" usePushData="true" DestroyUI="true" fx="0" key="JunChengZhanJinRuZhanChang" play="0" Type="10" desc="联盟-郡城战-有战场可进" show="0" Rank="-1" npcid="-1" SenceTpye="100" lv="-1" RenWuID="-1" RenWuIDAward="100173" doneCond="-1" descID="-1" LockWarning="完成[FF0000]主线：道贺升迁[-]后与[f5aa29]联盟[-]同时开启" x="80" y="80" />
<FunctionOpen id="310400" MenuID="300400" usePushData="true" DestroyUI="true" fx="0" key="JunChengZhanReward" play="0" Type="10" desc="联盟-郡城战-奖励" show="0" Rank="-1" npcid="-1" SenceTpye="100" lv="-1" RenWuID="-1" RenWuIDAward="100173" doneCond="-1" descID="-1" LockWarning="完成[FF0000]主线：道贺升迁[-]后与[f5aa29]联盟[-]同时开启" x="80" y="80" />
<FunctionOpen id="310410" MenuID="310400" usePushData="true" DestroyUI="true" fx="0" key="JunChengZhanRewardL" play="0" Type="10" desc="联盟-郡城战-奖励-联盟切页" show="0" Rank="-1" npcid="-1" SenceTpye="100" lv="-1" RenWuID="-1" RenWuIDAward="100173" doneCond="-1" descID="-1" LockWarning="完成[FF0000]主线：道贺升迁[-]后与[f5aa29]联盟[-]同时开启" x="80" y="80" />
<FunctionOpen id="310420" MenuID="310400" usePushData="true" DestroyUI="true" fx="0" key="JunChengZhanRewardG" play="0" Type="10" desc="联盟-郡城战-奖励-个人切页" show="0" Rank="-1" npcid="-1" SenceTpye="100" lv="-1" RenWuID="-1" RenWuIDAward="100173" doneCond="-1" descID="-1" LockWarning="完成[FF0000]主线：道贺升迁[-]后与[f5aa29]联盟[-]同时开启" x="80" y="80" />
<FunctionOpen id="300900" MenuID="300300" usePushData="true" DestroyUI="true" fx="0" key="QianChengZhi" play="0" Type="10" desc="虔诚值" show="0" Rank="-1" npcid="-1" SenceTpye="100" lv="-1" RenWuID="-1" RenWuIDAward="100173" doneCond="-1" descID="-1" LockWarning="-1" x="80" y="80" />
<FunctionOpen id="400000" MenuID="300300" usePushData="true" DestroyUI="true" fx="0" key="MoBai" play="0" Type="10" desc="图腾-膜拜" show="0" Rank="-1" npcid="-1" SenceTpye="100" lv="-1" RenWuID="-1" RenWuIDAward="100173" doneCond="-1" descID="890019" LockWarning="-1" x="80" y="80" />
<FunctionOpen id="400010" MenuID="400000" usePushData="true" DestroyUI="true" fx="0" key="MianFeiMoBai" play="0" Type="10" desc="膜拜-免费膜拜" show="0" Rank="-1" npcid="-1" SenceTpye="100" lv="-1" RenWuID="-1" RenWuIDAward="100173" doneCond="-1" descID="-1" LockWarning="-1" x="80" y="80" />
<FunctionOpen id="400012" MenuID="400000" usePushData="true" DestroyUI="true" fx="0" key="YuanBaoMoBai" play="0" Type="10" desc="膜拜-元宝膜拜" show="0" Rank="-1" npcid="-1" SenceTpye="100" lv="-1" RenWuID="-1" RenWuIDAward="100173" doneCond="-1" descID="-1" LockWarning="-1" x="80" y="80" />
<FunctionOpen id="400015" MenuID="400000" usePushData="true" DestroyUI="true" fx="0" key="YuJueMoBai" play="0" Type="10" desc="膜拜-玉珏膜拜" show="0" Rank="-1" npcid="-1" SenceTpye="100" lv="-1" RenWuID="-1" RenWuIDAward="100173" doneCond="-1" descID="-1" LockWarning="-1" x="80" y="80" />
<FunctionOpen id="400017" MenuID="300300" usePushData="true" DestroyUI="true" fx="0" key="FengShan" play="0" Type="10" desc="联盟-封禅" show="0" Rank="-1" npcid="-1" SenceTpye="100" lv="-1" RenWuID="-1" RenWuIDAward="100173" doneCond="-1" descID="-1" LockWarning="-1" x="80" y="80" />
<FunctionOpen id="400100" MenuID="400017" usePushData="true" DestroyUI="true" fx="0" key="FengShanDaDian" play="0" Type="10" desc="封禅-封禅大典" show="0" Rank="-1" npcid="-1" SenceTpye="100" lv="-1" RenWuID="-1" RenWuIDAward="100173" doneCond="-1" descID="-1" LockWarning="-1" x="80" y="80" />
<FunctionOpen id="400110" MenuID="400017" usePushData="true" DestroyUI="true" fx="0" key="FengShanShengDian" play="0" Type="10" desc="封禅-封禅盛典（99贡献值）" show="0" Rank="-1" npcid="-1" SenceTpye="100" lv="-1" RenWuID="-1" RenWuIDAward="100173" doneCond="-1" descID="-1" LockWarning="-1" x="80" y="80" />
<FunctionOpen id="400018" MenuID="104" usePushData="true" DestroyUI="true" fx="0" key="JiBai" play="0" Type="10" desc="联盟-祭拜（不使用）" show="0" Rank="-1" npcid="-1" SenceTpye="100" lv="-1" RenWuID="-1" RenWuIDAward="100173" doneCond="-1" descID="-1" LockWarning="-1" x="80" y="80" />
<FunctionOpen id="210" MenuID="-1" usePushData="false" DestroyUI="true" fx="0" key="PaiHangBang" play="1" Type="2" desc="排行榜" show="0" Rank="60" npcid="-1" SenceTpye="100" lv="-1" RenWuID="-1" RenWuIDAward="100307" doneCond="-1" descID="-1" LockWarning="[FF0000]主线：了解联盟[-]后开启" x="80" y="80" />
<FunctionOpen id="2100" MenuID="-1" usePushData="true" DestroyUI="true" fx="0" key="GouMaiTiLi" play="0" Type="10" desc="购买体力" show="0" Rank="60" npcid="-1" SenceTpye="100" lv="0" RenWuID="-1" RenWuIDAward="-1" doneCond="-1" descID="-1" LockWarning="-1" x="80" y="80" />
<FunctionOpen id="2101" MenuID="-1" usePushData="true" DestroyUI="true" fx="0" key="GouMaiTongBi" play="0" Type="10" desc="购买铜币" show="0" Rank="60" npcid="-1" SenceTpye="100" lv="0" RenWuID="-1" RenWuIDAward="-1" doneCond="-1" descID="-1" LockWarning="-1" x="80" y="80" />
</dataset>