<?xml version="1.0" encoding="UTF-8"?>
<dataset>
<FuwenDuihuan ID="940118" num="1" itemID="910003" cost="25" />
<FuwenDuihuan ID="940128" num="1" itemID="910003" cost="25" />
<FuwenDuihuan ID="940138" num="1" itemID="910003" cost="25" />
<FuwenDuihuan ID="940148" num="1" itemID="910003" cost="25" />
<FuwenDuihuan ID="940158" num="1" itemID="910003" cost="25" />
<FuwenDuihuan ID="940168" num="1" itemID="910003" cost="25" />
<FuwenDuihuan ID="940178" num="1" itemID="910003" cost="25" />
<FuwenDuihuan ID="940188" num="1" itemID="910003" cost="25" />
</dataset>