<?xml version="1.0" encoding="UTF-8"?>
<dataset>
<FuwenOpen id="101" tab="1" level="20" inlayColor="11" background="刺" />
<FuwenOpen id="102" tab="1" level="20" inlayColor="12" background="血" />
<FuwenOpen id="103" tab="1" level="20" inlayColor="13" background="技" />
<FuwenOpen id="104" tab="1" level="20" inlayColor="14" background="狂" />
<FuwenOpen id="105" tab="1" level="20" inlayColor="15" background="盾" />
<FuwenOpen id="106" tab="1" level="20" inlayColor="16" background="坚" />
<FuwenOpen id="107" tab="1" level="20" inlayColor="17" background="挡" />
<FuwenOpen id="108" tab="1" level="20" inlayColor="18" background="勇" />
<FuwenOpen id="201" tab="2" level="40" inlayColor="11" background="刺" />
<FuwenOpen id="202" tab="2" level="40" inlayColor="12" background="血" />
<FuwenOpen id="203" tab="2" level="40" inlayColor="13" background="技" />
<FuwenOpen id="204" tab="2" level="40" inlayColor="14" background="狂" />
<FuwenOpen id="205" tab="2" level="40" inlayColor="15" background="盾" />
<FuwenOpen id="206" tab="2" level="40" inlayColor="16" background="坚" />
<FuwenOpen id="207" tab="2" level="40" inlayColor="17" background="挡" />
<FuwenOpen id="208" tab="2" level="40" inlayColor="18" background="勇" />
<FuwenOpen id="301" tab="3" level="60" inlayColor="11" background="刺" />
<FuwenOpen id="302" tab="3" level="60" inlayColor="12" background="血" />
<FuwenOpen id="303" tab="3" level="60" inlayColor="13" background="技" />
<FuwenOpen id="304" tab="3" level="60" inlayColor="14" background="狂" />
<FuwenOpen id="305" tab="3" level="60" inlayColor="15" background="盾" />
<FuwenOpen id="306" tab="3" level="60" inlayColor="16" background="坚" />
<FuwenOpen id="307" tab="3" level="60" inlayColor="17" background="挡" />
<FuwenOpen id="308" tab="3" level="60" inlayColor="18" background="勇" />
</dataset>