<?xml version="1.0" encoding="UTF-8"?>
<dataset>
<Fuwen fuwenID="901017" name="901017" desc="901017" type="7" icon="901017" color="1" fuwenLevel="1" shuxing="1" shuxingValue="20" fuwenFront="-1" fuwenNext="902017" shuxingName="2101" inlayColor="1" exp="5" lvlupExp="15" levelMax="9" suipianID="-1" suipianNum="0" pinzhi="1" />
<Fuwen fuwenID="901027" name="901027" desc="901027" type="7" icon="901027" color="1" fuwenLevel="1" shuxing="2" shuxingValue="20" fuwenFront="-1" fuwenNext="902027" shuxingName="2102" inlayColor="2" exp="5" lvlupExp="15" levelMax="9" suipianID="-1" suipianNum="0" pinzhi="1" />
<Fuwen fuwenID="901037" name="901037" desc="901037" type="7" icon="901037" color="1" fuwenLevel="1" shuxing="3" shuxingValue="400" fuwenFront="-1" fuwenNext="902037" shuxingName="2103" inlayColor="3" exp="5" lvlupExp="15" levelMax="9" suipianID="-1" suipianNum="0" pinzhi="1" />
<Fuwen fuwenID="902017" name="902017" desc="902017" type="7" icon="902017" color="2" fuwenLevel="2" shuxing="1" shuxingValue="40" fuwenFront="901017" fuwenNext="903017" shuxingName="2101" inlayColor="1" exp="20" lvlupExp="60" levelMax="9" suipianID="-1" suipianNum="0" pinzhi="1" />
<Fuwen fuwenID="902027" name="902027" desc="902027" type="7" icon="902027" color="2" fuwenLevel="2" shuxing="2" shuxingValue="40" fuwenFront="901027" fuwenNext="903027" shuxingName="2102" inlayColor="2" exp="20" lvlupExp="60" levelMax="9" suipianID="-1" suipianNum="0" pinzhi="1" />
<Fuwen fuwenID="902037" name="902037" desc="902037" type="7" icon="902037" color="2" fuwenLevel="2" shuxing="3" shuxingValue="800" fuwenFront="901037" fuwenNext="903037" shuxingName="2103" inlayColor="3" exp="20" lvlupExp="60" levelMax="9" suipianID="-1" suipianNum="0" pinzhi="1" />
<Fuwen fuwenID="903017" name="903017" desc="903017" type="7" icon="903017" color="3" fuwenLevel="3" shuxing="1" shuxingValue="80" fuwenFront="902017" fuwenNext="904017" shuxingName="2101" inlayColor="1" exp="80" lvlupExp="240" levelMax="9" suipianID="-1" suipianNum="0" pinzhi="1" />
<Fuwen fuwenID="903027" name="903027" desc="903027" type="7" icon="903027" color="3" fuwenLevel="3" shuxing="2" shuxingValue="80" fuwenFront="902027" fuwenNext="904027" shuxingName="2102" inlayColor="2" exp="80" lvlupExp="240" levelMax="9" suipianID="-1" suipianNum="0" pinzhi="1" />
<Fuwen fuwenID="903037" name="903037" desc="903037" type="7" icon="903037" color="3" fuwenLevel="3" shuxing="3" shuxingValue="1600" fuwenFront="902037" fuwenNext="904037" shuxingName="2103" inlayColor="3" exp="80" lvlupExp="240" levelMax="9" suipianID="-1" suipianNum="0" pinzhi="1" />
<Fuwen fuwenID="904017" name="904017" desc="904017" type="7" icon="904017" color="4" fuwenLevel="4" shuxing="1" shuxingValue="160" fuwenFront="903017" fuwenNext="905017" shuxingName="2101" inlayColor="1" exp="320" lvlupExp="960" levelMax="9" suipianID="-1" suipianNum="0" pinzhi="1" />
<Fuwen fuwenID="904027" name="904027" desc="904027" type="7" icon="904027" color="4" fuwenLevel="4" shuxing="2" shuxingValue="160" fuwenFront="903027" fuwenNext="905027" shuxingName="2102" inlayColor="2" exp="320" lvlupExp="960" levelMax="9" suipianID="-1" suipianNum="0" pinzhi="1" />
<Fuwen fuwenID="904037" name="904037" desc="904037" type="7" icon="904037" color="4" fuwenLevel="4" shuxing="3" shuxingValue="3200" fuwenFront="903037" fuwenNext="905037" shuxingName="2103" inlayColor="3" exp="320" lvlupExp="960" levelMax="9" suipianID="-1" suipianNum="0" pinzhi="1" />
<Fuwen fuwenID="905017" name="905017" desc="905017" type="7" icon="905017" color="5" fuwenLevel="5" shuxing="1" shuxingValue="320" fuwenFront="904017" fuwenNext="906017" shuxingName="2101" inlayColor="1" exp="1280" lvlupExp="3840" levelMax="9" suipianID="-1" suipianNum="0" pinzhi="1" />
<Fuwen fuwenID="905027" name="905027" desc="905027" type="7" icon="905027" color="5" fuwenLevel="5" shuxing="2" shuxingValue="320" fuwenFront="904027" fuwenNext="906027" shuxingName="2102" inlayColor="2" exp="1280" lvlupExp="3840" levelMax="9" suipianID="-1" suipianNum="0" pinzhi="1" />
<Fuwen fuwenID="905037" name="905037" desc="905037" type="7" icon="905037" color="5" fuwenLevel="5" shuxing="3" shuxingValue="6400" fuwenFront="904037" fuwenNext="906037" shuxingName="2103" inlayColor="3" exp="1280" lvlupExp="3840" levelMax="9" suipianID="-1" suipianNum="0" pinzhi="1" />
<Fuwen fuwenID="906017" name="906017" desc="906017" type="7" icon="906017" color="6" fuwenLevel="6" shuxing="1" shuxingValue="640" fuwenFront="905017" fuwenNext="907017" shuxingName="2101" inlayColor="1" exp="5120" lvlupExp="15360" levelMax="9" suipianID="-1" suipianNum="0" pinzhi="1" />
<Fuwen fuwenID="906027" name="906027" desc="906027" type="7" icon="906027" color="6" fuwenLevel="6" shuxing="2" shuxingValue="640" fuwenFront="905027" fuwenNext="907027" shuxingName="2102" inlayColor="2" exp="5120" lvlupExp="15360" levelMax="9" suipianID="-1" suipianNum="0" pinzhi="1" />
<Fuwen fuwenID="906037" name="906037" desc="906037" type="7" icon="906037" color="6" fuwenLevel="6" shuxing="3" shuxingValue="12800" fuwenFront="905037" fuwenNext="907037" shuxingName="2103" inlayColor="3" exp="5120" lvlupExp="15360" levelMax="9" suipianID="-1" suipianNum="0" pinzhi="1" />
<Fuwen fuwenID="907017" name="907017" desc="907017" type="7" icon="907017" color="7" fuwenLevel="7" shuxing="1" shuxingValue="1280" fuwenFront="906017" fuwenNext="908017" shuxingName="2101" inlayColor="1" exp="20480" lvlupExp="61440" levelMax="9" suipianID="-1" suipianNum="0" pinzhi="1" />
<Fuwen fuwenID="907027" name="907027" desc="907027" type="7" icon="907027" color="7" fuwenLevel="7" shuxing="2" shuxingValue="1280" fuwenFront="906027" fuwenNext="908027" shuxingName="2102" inlayColor="2" exp="20480" lvlupExp="61440" levelMax="9" suipianID="-1" suipianNum="0" pinzhi="1" />
<Fuwen fuwenID="907037" name="907037" desc="907037" type="7" icon="907037" color="7" fuwenLevel="7" shuxing="3" shuxingValue="25600" fuwenFront="906037" fuwenNext="908037" shuxingName="2103" inlayColor="3" exp="20480" lvlupExp="61440" levelMax="9" suipianID="-1" suipianNum="0" pinzhi="1" />
<Fuwen fuwenID="908017" name="908017" desc="908017" type="7" icon="908017" color="8" fuwenLevel="8" shuxing="1" shuxingValue="2560" fuwenFront="907017" fuwenNext="909017" shuxingName="2101" inlayColor="1" exp="81920" lvlupExp="245760" levelMax="9" suipianID="-1" suipianNum="0" pinzhi="1" />
<Fuwen fuwenID="908027" name="908027" desc="908027" type="7" icon="908027" color="8" fuwenLevel="8" shuxing="2" shuxingValue="2560" fuwenFront="907027" fuwenNext="909027" shuxingName="2102" inlayColor="2" exp="81920" lvlupExp="245760" levelMax="9" suipianID="-1" suipianNum="0" pinzhi="1" />
<Fuwen fuwenID="908037" name="908037" desc="908037" type="7" icon="908037" color="8" fuwenLevel="8" shuxing="3" shuxingValue="51200" fuwenFront="907037" fuwenNext="909037" shuxingName="2103" inlayColor="3" exp="81920" lvlupExp="245760" levelMax="9" suipianID="-1" suipianNum="0" pinzhi="1" />
<Fuwen fuwenID="909017" name="909017" desc="909017" type="7" icon="909017" color="9" fuwenLevel="9" shuxing="1" shuxingValue="5120" fuwenFront="908017" fuwenNext="-1" shuxingName="2101" inlayColor="1" exp="327680" lvlupExp="-1" levelMax="9" suipianID="-1" suipianNum="0" pinzhi="1" />
<Fuwen fuwenID="909027" name="909027" desc="909027" type="7" icon="909027" color="9" fuwenLevel="9" shuxing="2" shuxingValue="5120" fuwenFront="908027" fuwenNext="-1" shuxingName="2102" inlayColor="2" exp="327680" lvlupExp="-1" levelMax="9" suipianID="-1" suipianNum="0" pinzhi="1" />
<Fuwen fuwenID="909037" name="909037" desc="909037" type="7" icon="909037" color="9" fuwenLevel="9" shuxing="3" shuxingValue="102400" fuwenFront="908037" fuwenNext="-1" shuxingName="2103" inlayColor="3" exp="327680" lvlupExp="-1" levelMax="9" suipianID="-1" suipianNum="0" pinzhi="1" />
<Fuwen fuwenID="910118" name="910118" desc="20001" type="8" icon="910118" color="2" fuwenLevel="1" shuxing="4" shuxingValue="5" fuwenFront="-1" fuwenNext="910218" shuxingName="2104" inlayColor="11" exp="5" lvlupExp="10" levelMax="9" suipianID="-1" suipianNum="0" pinzhi="1" />
<Fuwen fuwenID="910128" name="910128" desc="20002" type="8" icon="910128" color="2" fuwenLevel="1" shuxing="6" shuxingValue="5" fuwenFront="-1" fuwenNext="910228" shuxingName="2105" inlayColor="12" exp="5" lvlupExp="10" levelMax="9" suipianID="-1" suipianNum="0" pinzhi="1" />
<Fuwen fuwenID="910138" name="910138" desc="20003" type="8" icon="910138" color="2" fuwenLevel="1" shuxing="8" shuxingValue="5" fuwenFront="-1" fuwenNext="910238" shuxingName="2106" inlayColor="13" exp="5" lvlupExp="10" levelMax="9" suipianID="-1" suipianNum="0" pinzhi="1" />
<Fuwen fuwenID="910148" name="910148" desc="20004" type="8" icon="910148" color="2" fuwenLevel="1" shuxing="10" shuxingValue="5" fuwenFront="-1" fuwenNext="910248" shuxingName="2107" inlayColor="14" exp="5" lvlupExp="10" levelMax="9" suipianID="-1" suipianNum="0" pinzhi="1" />
<Fuwen fuwenID="910158" name="910158" desc="20005" type="8" icon="910158" color="2" fuwenLevel="1" shuxing="5" shuxingValue="5" fuwenFront="-1" fuwenNext="910258" shuxingName="2108" inlayColor="15" exp="5" lvlupExp="10" levelMax="9" suipianID="-1" suipianNum="0" pinzhi="1" />
<Fuwen fuwenID="910168" name="910168" desc="20006" type="8" icon="910168" color="2" fuwenLevel="1" shuxing="7" shuxingValue="5" fuwenFront="-1" fuwenNext="910268" shuxingName="2109" inlayColor="16" exp="5" lvlupExp="10" levelMax="9" suipianID="-1" suipianNum="0" pinzhi="1" />
<Fuwen fuwenID="910178" name="910178" desc="20007" type="8" icon="910178" color="2" fuwenLevel="1" shuxing="9" shuxingValue="5" fuwenFront="-1" fuwenNext="910278" shuxingName="2110" inlayColor="17" exp="5" lvlupExp="10" levelMax="9" suipianID="-1" suipianNum="0" pinzhi="1" />
<Fuwen fuwenID="910188" name="910188" desc="20008" type="8" icon="910188" color="2" fuwenLevel="1" shuxing="11" shuxingValue="5" fuwenFront="-1" fuwenNext="910288" shuxingName="2111" inlayColor="18" exp="5" lvlupExp="10" levelMax="9" suipianID="-1" suipianNum="0" pinzhi="1" />
<Fuwen fuwenID="910218" name="910218" desc="20001" type="8" icon="910218" color="2" fuwenLevel="2" shuxing="4" shuxingValue="10" fuwenFront="910118" fuwenNext="910318" shuxingName="2104" inlayColor="11" exp="15" lvlupExp="30" levelMax="9" suipianID="-1" suipianNum="0" pinzhi="1" />
<Fuwen fuwenID="910228" name="910228" desc="20002" type="8" icon="910228" color="2" fuwenLevel="2" shuxing="6" shuxingValue="10" fuwenFront="910128" fuwenNext="910328" shuxingName="2105" inlayColor="12" exp="15" lvlupExp="30" levelMax="9" suipianID="-1" suipianNum="0" pinzhi="1" />
<Fuwen fuwenID="910238" name="910238" desc="20003" type="8" icon="910238" color="2" fuwenLevel="2" shuxing="8" shuxingValue="10" fuwenFront="910138" fuwenNext="910338" shuxingName="2106" inlayColor="13" exp="15" lvlupExp="30" levelMax="9" suipianID="-1" suipianNum="0" pinzhi="1" />
<Fuwen fuwenID="910248" name="910248" desc="20004" type="8" icon="910248" color="2" fuwenLevel="2" shuxing="10" shuxingValue="10" fuwenFront="910148" fuwenNext="910348" shuxingName="2107" inlayColor="14" exp="15" lvlupExp="30" levelMax="9" suipianID="-1" suipianNum="0" pinzhi="1" />
<Fuwen fuwenID="910258" name="910258" desc="20005" type="8" icon="910258" color="2" fuwenLevel="2" shuxing="5" shuxingValue="10" fuwenFront="910158" fuwenNext="910358" shuxingName="2108" inlayColor="15" exp="15" lvlupExp="30" levelMax="9" suipianID="-1" suipianNum="0" pinzhi="1" />
<Fuwen fuwenID="910268" name="910268" desc="20006" type="8" icon="910268" color="2" fuwenLevel="2" shuxing="7" shuxingValue="10" fuwenFront="910168" fuwenNext="910368" shuxingName="2109" inlayColor="16" exp="15" lvlupExp="30" levelMax="9" suipianID="-1" suipianNum="0" pinzhi="1" />
<Fuwen fuwenID="910278" name="910278" desc="20007" type="8" icon="910278" color="2" fuwenLevel="2" shuxing="9" shuxingValue="10" fuwenFront="910178" fuwenNext="910378" shuxingName="2110" inlayColor="17" exp="15" lvlupExp="30" levelMax="9" suipianID="-1" suipianNum="0" pinzhi="1" />
<Fuwen fuwenID="910288" name="910288" desc="20008" type="8" icon="910288" color="2" fuwenLevel="2" shuxing="11" shuxingValue="10" fuwenFront="910188" fuwenNext="910388" shuxingName="2111" inlayColor="18" exp="15" lvlupExp="30" levelMax="9" suipianID="-1" suipianNum="0" pinzhi="1" />
<Fuwen fuwenID="910318" name="910318" desc="20001" type="8" icon="910318" color="2" fuwenLevel="3" shuxing="4" shuxingValue="20" fuwenFront="910218" fuwenNext="910418" shuxingName="2104" inlayColor="11" exp="45" lvlupExp="135" levelMax="9" suipianID="-1" suipianNum="0" pinzhi="1" />
<Fuwen fuwenID="910328" name="910328" desc="20002" type="8" icon="910328" color="2" fuwenLevel="3" shuxing="6" shuxingValue="20" fuwenFront="910228" fuwenNext="910428" shuxingName="2105" inlayColor="12" exp="45" lvlupExp="135" levelMax="9" suipianID="-1" suipianNum="0" pinzhi="1" />
<Fuwen fuwenID="910338" name="910338" desc="20003" type="8" icon="910338" color="2" fuwenLevel="3" shuxing="8" shuxingValue="20" fuwenFront="910238" fuwenNext="910438" shuxingName="2106" inlayColor="13" exp="45" lvlupExp="135" levelMax="9" suipianID="-1" suipianNum="0" pinzhi="1" />
<Fuwen fuwenID="910348" name="910348" desc="20004" type="8" icon="910348" color="2" fuwenLevel="3" shuxing="10" shuxingValue="20" fuwenFront="910248" fuwenNext="910448" shuxingName="2107" inlayColor="14" exp="45" lvlupExp="135" levelMax="9" suipianID="-1" suipianNum="0" pinzhi="1" />
<Fuwen fuwenID="910358" name="910358" desc="20005" type="8" icon="910358" color="2" fuwenLevel="3" shuxing="5" shuxingValue="20" fuwenFront="910258" fuwenNext="910458" shuxingName="2108" inlayColor="15" exp="45" lvlupExp="135" levelMax="9" suipianID="-1" suipianNum="0" pinzhi="1" />
<Fuwen fuwenID="910368" name="910368" desc="20006" type="8" icon="910368" color="2" fuwenLevel="3" shuxing="7" shuxingValue="20" fuwenFront="910268" fuwenNext="910468" shuxingName="2109" inlayColor="16" exp="45" lvlupExp="135" levelMax="9" suipianID="-1" suipianNum="0" pinzhi="1" />
<Fuwen fuwenID="910378" name="910378" desc="20007" type="8" icon="910378" color="2" fuwenLevel="3" shuxing="9" shuxingValue="20" fuwenFront="910278" fuwenNext="910478" shuxingName="2110" inlayColor="17" exp="45" lvlupExp="135" levelMax="9" suipianID="-1" suipianNum="0" pinzhi="1" />
<Fuwen fuwenID="910388" name="910388" desc="20008" type="8" icon="910388" color="2" fuwenLevel="3" shuxing="11" shuxingValue="20" fuwenFront="910288" fuwenNext="910488" shuxingName="2111" inlayColor="18" exp="45" lvlupExp="135" levelMax="9" suipianID="-1" suipianNum="0" pinzhi="1" />
<Fuwen fuwenID="910418" name="910418" desc="20001" type="8" icon="910418" color="2" fuwenLevel="4" shuxing="4" shuxingValue="40" fuwenFront="910318" fuwenNext="910518" shuxingName="2104" inlayColor="11" exp="180" lvlupExp="540" levelMax="9" suipianID="-1" suipianNum="0" pinzhi="1" />
<Fuwen fuwenID="910428" name="910428" desc="20002" type="8" icon="910428" color="2" fuwenLevel="4" shuxing="6" shuxingValue="40" fuwenFront="910328" fuwenNext="910528" shuxingName="2105" inlayColor="12" exp="180" lvlupExp="540" levelMax="9" suipianID="-1" suipianNum="0" pinzhi="1" />
<Fuwen fuwenID="910438" name="910438" desc="20003" type="8" icon="910438" color="2" fuwenLevel="4" shuxing="8" shuxingValue="40" fuwenFront="910338" fuwenNext="910538" shuxingName="2106" inlayColor="13" exp="180" lvlupExp="540" levelMax="9" suipianID="-1" suipianNum="0" pinzhi="1" />
<Fuwen fuwenID="910448" name="910448" desc="20004" type="8" icon="910448" color="2" fuwenLevel="4" shuxing="10" shuxingValue="40" fuwenFront="910348" fuwenNext="910548" shuxingName="2107" inlayColor="14" exp="180" lvlupExp="540" levelMax="9" suipianID="-1" suipianNum="0" pinzhi="1" />
<Fuwen fuwenID="910458" name="910458" desc="20005" type="8" icon="910458" color="2" fuwenLevel="4" shuxing="5" shuxingValue="40" fuwenFront="910358" fuwenNext="910558" shuxingName="2108" inlayColor="15" exp="180" lvlupExp="540" levelMax="9" suipianID="-1" suipianNum="0" pinzhi="1" />
<Fuwen fuwenID="910468" name="910468" desc="20006" type="8" icon="910468" color="2" fuwenLevel="4" shuxing="7" shuxingValue="40" fuwenFront="910368" fuwenNext="910568" shuxingName="2109" inlayColor="16" exp="180" lvlupExp="540" levelMax="9" suipianID="-1" suipianNum="0" pinzhi="1" />
<Fuwen fuwenID="910478" name="910478" desc="20007" type="8" icon="910478" color="2" fuwenLevel="4" shuxing="9" shuxingValue="40" fuwenFront="910378" fuwenNext="910578" shuxingName="2110" inlayColor="17" exp="180" lvlupExp="540" levelMax="9" suipianID="-1" suipianNum="0" pinzhi="1" />
<Fuwen fuwenID="910488" name="910488" desc="20008" type="8" icon="910488" color="2" fuwenLevel="4" shuxing="11" shuxingValue="40" fuwenFront="910388" fuwenNext="910588" shuxingName="2111" inlayColor="18" exp="180" lvlupExp="540" levelMax="9" suipianID="-1" suipianNum="0" pinzhi="1" />
<Fuwen fuwenID="910518" name="910518" desc="20001" type="8" icon="910518" color="2" fuwenLevel="5" shuxing="4" shuxingValue="80" fuwenFront="910418" fuwenNext="910618" shuxingName="2104" inlayColor="11" exp="720" lvlupExp="1440" levelMax="9" suipianID="-1" suipianNum="0" pinzhi="1" />
<Fuwen fuwenID="910528" name="910528" desc="20002" type="8" icon="910528" color="2" fuwenLevel="5" shuxing="6" shuxingValue="80" fuwenFront="910428" fuwenNext="910628" shuxingName="2105" inlayColor="12" exp="720" lvlupExp="1440" levelMax="9" suipianID="-1" suipianNum="0" pinzhi="1" />
<Fuwen fuwenID="910538" name="910538" desc="20003" type="8" icon="910538" color="2" fuwenLevel="5" shuxing="8" shuxingValue="80" fuwenFront="910438" fuwenNext="910638" shuxingName="2106" inlayColor="13" exp="720" lvlupExp="1440" levelMax="9" suipianID="-1" suipianNum="0" pinzhi="1" />
<Fuwen fuwenID="910548" name="910548" desc="20004" type="8" icon="910548" color="2" fuwenLevel="5" shuxing="10" shuxingValue="80" fuwenFront="910448" fuwenNext="910648" shuxingName="2107" inlayColor="14" exp="720" lvlupExp="1440" levelMax="9" suipianID="-1" suipianNum="0" pinzhi="1" />
<Fuwen fuwenID="910558" name="910558" desc="20005" type="8" icon="910558" color="2" fuwenLevel="5" shuxing="5" shuxingValue="80" fuwenFront="910458" fuwenNext="910658" shuxingName="2108" inlayColor="15" exp="720" lvlupExp="1440" levelMax="9" suipianID="-1" suipianNum="0" pinzhi="1" />
<Fuwen fuwenID="910568" name="910568" desc="20006" type="8" icon="910568" color="2" fuwenLevel="5" shuxing="7" shuxingValue="80" fuwenFront="910468" fuwenNext="910668" shuxingName="2109" inlayColor="16" exp="720" lvlupExp="1440" levelMax="9" suipianID="-1" suipianNum="0" pinzhi="1" />
<Fuwen fuwenID="910578" name="910578" desc="20007" type="8" icon="910578" color="2" fuwenLevel="5" shuxing="9" shuxingValue="80" fuwenFront="910478" fuwenNext="910678" shuxingName="2110" inlayColor="17" exp="720" lvlupExp="1440" levelMax="9" suipianID="-1" suipianNum="0" pinzhi="1" />
<Fuwen fuwenID="910588" name="910588" desc="20008" type="8" icon="910588" color="2" fuwenLevel="5" shuxing="11" shuxingValue="80" fuwenFront="910488" fuwenNext="910688" shuxingName="2111" inlayColor="18" exp="720" lvlupExp="1440" levelMax="9" suipianID="-1" suipianNum="0" pinzhi="1" />
<Fuwen fuwenID="910618" name="910618" desc="20001" type="8" icon="910618" color="2" fuwenLevel="6" shuxing="4" shuxingValue="120" fuwenFront="910518" fuwenNext="910718" shuxingName="2104" inlayColor="11" exp="2160" lvlupExp="4320" levelMax="9" suipianID="-1" suipianNum="0" pinzhi="1" />
<Fuwen fuwenID="910628" name="910628" desc="20002" type="8" icon="910628" color="2" fuwenLevel="6" shuxing="6" shuxingValue="120" fuwenFront="910528" fuwenNext="910728" shuxingName="2105" inlayColor="12" exp="2160" lvlupExp="4320" levelMax="9" suipianID="-1" suipianNum="0" pinzhi="1" />
<Fuwen fuwenID="910638" name="910638" desc="20003" type="8" icon="910638" color="2" fuwenLevel="6" shuxing="8" shuxingValue="120" fuwenFront="910538" fuwenNext="910738" shuxingName="2106" inlayColor="13" exp="2160" lvlupExp="4320" levelMax="9" suipianID="-1" suipianNum="0" pinzhi="1" />
<Fuwen fuwenID="910648" name="910648" desc="20004" type="8" icon="910648" color="2" fuwenLevel="6" shuxing="10" shuxingValue="120" fuwenFront="910548" fuwenNext="910748" shuxingName="2107" inlayColor="14" exp="2160" lvlupExp="4320" levelMax="9" suipianID="-1" suipianNum="0" pinzhi="1" />
<Fuwen fuwenID="910658" name="910658" desc="20005" type="8" icon="910658" color="2" fuwenLevel="6" shuxing="5" shuxingValue="120" fuwenFront="910558" fuwenNext="910758" shuxingName="2108" inlayColor="15" exp="2160" lvlupExp="4320" levelMax="9" suipianID="-1" suipianNum="0" pinzhi="1" />
<Fuwen fuwenID="910668" name="910668" desc="20006" type="8" icon="910668" color="2" fuwenLevel="6" shuxing="7" shuxingValue="120" fuwenFront="910568" fuwenNext="910768" shuxingName="2109" inlayColor="16" exp="2160" lvlupExp="4320" levelMax="9" suipianID="-1" suipianNum="0" pinzhi="1" />
<Fuwen fuwenID="910678" name="910678" desc="20007" type="8" icon="910678" color="2" fuwenLevel="6" shuxing="9" shuxingValue="120" fuwenFront="910578" fuwenNext="910778" shuxingName="2110" inlayColor="17" exp="2160" lvlupExp="4320" levelMax="9" suipianID="-1" suipianNum="0" pinzhi="1" />
<Fuwen fuwenID="910688" name="910688" desc="20008" type="8" icon="910688" color="2" fuwenLevel="6" shuxing="11" shuxingValue="120" fuwenFront="910588" fuwenNext="910788" shuxingName="2111" inlayColor="18" exp="2160" lvlupExp="4320" levelMax="9" suipianID="-1" suipianNum="0" pinzhi="1" />
<Fuwen fuwenID="910718" name="910718" desc="20001" type="8" icon="910718" color="2" fuwenLevel="7" shuxing="4" shuxingValue="180" fuwenFront="910618" fuwenNext="910818" shuxingName="2104" inlayColor="11" exp="6480" lvlupExp="19440" levelMax="9" suipianID="-1" suipianNum="0" pinzhi="1" />
<Fuwen fuwenID="910728" name="910728" desc="20002" type="8" icon="910728" color="2" fuwenLevel="7" shuxing="6" shuxingValue="180" fuwenFront="910628" fuwenNext="910828" shuxingName="2105" inlayColor="12" exp="6480" lvlupExp="19440" levelMax="9" suipianID="-1" suipianNum="0" pinzhi="1" />
<Fuwen fuwenID="910738" name="910738" desc="20003" type="8" icon="910738" color="2" fuwenLevel="7" shuxing="8" shuxingValue="180" fuwenFront="910638" fuwenNext="910838" shuxingName="2106" inlayColor="13" exp="6480" lvlupExp="19440" levelMax="9" suipianID="-1" suipianNum="0" pinzhi="1" />
<Fuwen fuwenID="910748" name="910748" desc="20004" type="8" icon="910748" color="2" fuwenLevel="7" shuxing="10" shuxingValue="180" fuwenFront="910648" fuwenNext="910848" shuxingName="2107" inlayColor="14" exp="6480" lvlupExp="19440" levelMax="9" suipianID="-1" suipianNum="0" pinzhi="1" />
<Fuwen fuwenID="910758" name="910758" desc="20005" type="8" icon="910758" color="2" fuwenLevel="7" shuxing="5" shuxingValue="180" fuwenFront="910658" fuwenNext="910858" shuxingName="2108" inlayColor="15" exp="6480" lvlupExp="19440" levelMax="9" suipianID="-1" suipianNum="0" pinzhi="1" />
<Fuwen fuwenID="910768" name="910768" desc="20006" type="8" icon="910768" color="2" fuwenLevel="7" shuxing="7" shuxingValue="180" fuwenFront="910668" fuwenNext="910868" shuxingName="2109" inlayColor="16" exp="6480" lvlupExp="19440" levelMax="9" suipianID="-1" suipianNum="0" pinzhi="1" />
<Fuwen fuwenID="910778" name="910778" desc="20007" type="8" icon="910778" color="2" fuwenLevel="7" shuxing="9" shuxingValue="180" fuwenFront="910678" fuwenNext="910878" shuxingName="2110" inlayColor="17" exp="6480" lvlupExp="19440" levelMax="9" suipianID="-1" suipianNum="0" pinzhi="1" />
<Fuwen fuwenID="910788" name="910788" desc="20008" type="8" icon="910788" color="2" fuwenLevel="7" shuxing="11" shuxingValue="180" fuwenFront="910688" fuwenNext="910888" shuxingName="2111" inlayColor="18" exp="6480" lvlupExp="19440" levelMax="9" suipianID="-1" suipianNum="0" pinzhi="1" />
<Fuwen fuwenID="910818" name="910818" desc="20001" type="8" icon="910818" color="2" fuwenLevel="8" shuxing="4" shuxingValue="270" fuwenFront="910718" fuwenNext="910918" shuxingName="2104" inlayColor="11" exp="25920" lvlupExp="77760" levelMax="9" suipianID="-1" suipianNum="0" pinzhi="1" />
<Fuwen fuwenID="910828" name="910828" desc="20002" type="8" icon="910828" color="2" fuwenLevel="8" shuxing="6" shuxingValue="270" fuwenFront="910728" fuwenNext="910928" shuxingName="2105" inlayColor="12" exp="25920" lvlupExp="77760" levelMax="9" suipianID="-1" suipianNum="0" pinzhi="1" />
<Fuwen fuwenID="910838" name="910838" desc="20003" type="8" icon="910838" color="2" fuwenLevel="8" shuxing="8" shuxingValue="270" fuwenFront="910738" fuwenNext="910938" shuxingName="2106" inlayColor="13" exp="25920" lvlupExp="77760" levelMax="9" suipianID="-1" suipianNum="0" pinzhi="1" />
<Fuwen fuwenID="910848" name="910848" desc="20004" type="8" icon="910848" color="2" fuwenLevel="8" shuxing="10" shuxingValue="270" fuwenFront="910748" fuwenNext="910948" shuxingName="2107" inlayColor="14" exp="25920" lvlupExp="77760" levelMax="9" suipianID="-1" suipianNum="0" pinzhi="1" />
<Fuwen fuwenID="910858" name="910858" desc="20005" type="8" icon="910858" color="2" fuwenLevel="8" shuxing="5" shuxingValue="270" fuwenFront="910758" fuwenNext="910958" shuxingName="2108" inlayColor="15" exp="25920" lvlupExp="77760" levelMax="9" suipianID="-1" suipianNum="0" pinzhi="1" />
<Fuwen fuwenID="910868" name="910868" desc="20006" type="8" icon="910868" color="2" fuwenLevel="8" shuxing="7" shuxingValue="270" fuwenFront="910768" fuwenNext="910968" shuxingName="2109" inlayColor="16" exp="25920" lvlupExp="77760" levelMax="9" suipianID="-1" suipianNum="0" pinzhi="1" />
<Fuwen fuwenID="910878" name="910878" desc="20007" type="8" icon="910878" color="2" fuwenLevel="8" shuxing="9" shuxingValue="270" fuwenFront="910778" fuwenNext="910978" shuxingName="2110" inlayColor="17" exp="25920" lvlupExp="77760" levelMax="9" suipianID="-1" suipianNum="0" pinzhi="1" />
<Fuwen fuwenID="910888" name="910888" desc="20008" type="8" icon="910888" color="2" fuwenLevel="8" shuxing="11" shuxingValue="270" fuwenFront="910788" fuwenNext="910988" shuxingName="2111" inlayColor="18" exp="25920" lvlupExp="77760" levelMax="9" suipianID="-1" suipianNum="0" pinzhi="1" />
<Fuwen fuwenID="910918" name="910918" desc="20001" type="8" icon="910918" color="2" fuwenLevel="9" shuxing="4" shuxingValue="405" fuwenFront="910818" fuwenNext="-1" shuxingName="2104" inlayColor="11" exp="103680" lvlupExp="-1" levelMax="9" suipianID="-1" suipianNum="0" pinzhi="1" />
<Fuwen fuwenID="910928" name="910928" desc="20002" type="8" icon="910928" color="2" fuwenLevel="9" shuxing="6" shuxingValue="405" fuwenFront="910828" fuwenNext="-1" shuxingName="2105" inlayColor="12" exp="103680" lvlupExp="-1" levelMax="9" suipianID="-1" suipianNum="0" pinzhi="1" />
<Fuwen fuwenID="910938" name="910938" desc="20003" type="8" icon="910938" color="2" fuwenLevel="9" shuxing="8" shuxingValue="405" fuwenFront="910838" fuwenNext="-1" shuxingName="2106" inlayColor="13" exp="103680" lvlupExp="-1" levelMax="9" suipianID="-1" suipianNum="0" pinzhi="1" />
<Fuwen fuwenID="910948" name="910948" desc="20004" type="8" icon="910948" color="2" fuwenLevel="9" shuxing="10" shuxingValue="405" fuwenFront="910848" fuwenNext="-1" shuxingName="2107" inlayColor="14" exp="103680" lvlupExp="-1" levelMax="9" suipianID="-1" suipianNum="0" pinzhi="1" />
<Fuwen fuwenID="910958" name="910958" desc="20005" type="8" icon="910958" color="2" fuwenLevel="9" shuxing="5" shuxingValue="405" fuwenFront="910858" fuwenNext="-1" shuxingName="2108" inlayColor="15" exp="103680" lvlupExp="-1" levelMax="9" suipianID="-1" suipianNum="0" pinzhi="1" />
<Fuwen fuwenID="910968" name="910968" desc="20006" type="8" icon="910968" color="2" fuwenLevel="9" shuxing="7" shuxingValue="405" fuwenFront="910868" fuwenNext="-1" shuxingName="2109" inlayColor="16" exp="103680" lvlupExp="-1" levelMax="9" suipianID="-1" suipianNum="0" pinzhi="1" />
<Fuwen fuwenID="910978" name="910978" desc="20007" type="8" icon="910978" color="2" fuwenLevel="9" shuxing="9" shuxingValue="405" fuwenFront="910878" fuwenNext="-1" shuxingName="2110" inlayColor="17" exp="103680" lvlupExp="-1" levelMax="9" suipianID="-1" suipianNum="0" pinzhi="1" />
<Fuwen fuwenID="910988" name="910988" desc="20008" type="8" icon="910988" color="2" fuwenLevel="9" shuxing="11" shuxingValue="405" fuwenFront="910888" fuwenNext="-1" shuxingName="2111" inlayColor="18" exp="103680" lvlupExp="-1" levelMax="9" suipianID="-1" suipianNum="0" pinzhi="1" />
<Fuwen fuwenID="920118" name="920118" desc="20001" type="8" icon="920118" color="4" fuwenLevel="1" shuxing="4" shuxingValue="10" fuwenFront="-1" fuwenNext="920218" shuxingName="2104" inlayColor="11" exp="10" lvlupExp="20" levelMax="9" suipianID="-1" suipianNum="0" pinzhi="2" />
<Fuwen fuwenID="920128" name="920128" desc="20002" type="8" icon="920128" color="4" fuwenLevel="1" shuxing="6" shuxingValue="10" fuwenFront="-1" fuwenNext="920228" shuxingName="2105" inlayColor="12" exp="10" lvlupExp="20" levelMax="9" suipianID="-1" suipianNum="0" pinzhi="2" />
<Fuwen fuwenID="920138" name="920138" desc="20003" type="8" icon="920138" color="4" fuwenLevel="1" shuxing="8" shuxingValue="10" fuwenFront="-1" fuwenNext="920238" shuxingName="2106" inlayColor="13" exp="10" lvlupExp="20" levelMax="9" suipianID="-1" suipianNum="0" pinzhi="2" />
<Fuwen fuwenID="920148" name="920148" desc="20004" type="8" icon="920148" color="4" fuwenLevel="1" shuxing="10" shuxingValue="10" fuwenFront="-1" fuwenNext="920248" shuxingName="2107" inlayColor="14" exp="10" lvlupExp="20" levelMax="9" suipianID="-1" suipianNum="0" pinzhi="2" />
<Fuwen fuwenID="920158" name="920158" desc="20005" type="8" icon="920158" color="4" fuwenLevel="1" shuxing="5" shuxingValue="10" fuwenFront="-1" fuwenNext="920258" shuxingName="2108" inlayColor="15" exp="10" lvlupExp="20" levelMax="9" suipianID="-1" suipianNum="0" pinzhi="2" />
<Fuwen fuwenID="920168" name="920168" desc="20006" type="8" icon="920168" color="4" fuwenLevel="1" shuxing="7" shuxingValue="10" fuwenFront="-1" fuwenNext="920268" shuxingName="2109" inlayColor="16" exp="10" lvlupExp="20" levelMax="9" suipianID="-1" suipianNum="0" pinzhi="2" />
<Fuwen fuwenID="920178" name="920178" desc="20007" type="8" icon="920178" color="4" fuwenLevel="1" shuxing="9" shuxingValue="10" fuwenFront="-1" fuwenNext="920278" shuxingName="2110" inlayColor="17" exp="10" lvlupExp="20" levelMax="9" suipianID="-1" suipianNum="0" pinzhi="2" />
<Fuwen fuwenID="920188" name="920188" desc="20008" type="8" icon="920188" color="4" fuwenLevel="1" shuxing="11" shuxingValue="10" fuwenFront="-1" fuwenNext="920288" shuxingName="2111" inlayColor="18" exp="10" lvlupExp="20" levelMax="9" suipianID="-1" suipianNum="0" pinzhi="2" />
<Fuwen fuwenID="920218" name="920218" desc="20001" type="8" icon="920218" color="4" fuwenLevel="2" shuxing="4" shuxingValue="20" fuwenFront="920118" fuwenNext="920318" shuxingName="2104" inlayColor="11" exp="30" lvlupExp="60" levelMax="9" suipianID="-1" suipianNum="0" pinzhi="2" />
<Fuwen fuwenID="920228" name="920228" desc="20002" type="8" icon="920228" color="4" fuwenLevel="2" shuxing="6" shuxingValue="20" fuwenFront="920128" fuwenNext="920328" shuxingName="2105" inlayColor="12" exp="30" lvlupExp="60" levelMax="9" suipianID="-1" suipianNum="0" pinzhi="2" />
<Fuwen fuwenID="920238" name="920238" desc="20003" type="8" icon="920238" color="4" fuwenLevel="2" shuxing="8" shuxingValue="20" fuwenFront="920138" fuwenNext="920338" shuxingName="2106" inlayColor="13" exp="30" lvlupExp="60" levelMax="9" suipianID="-1" suipianNum="0" pinzhi="2" />
<Fuwen fuwenID="920248" name="920248" desc="20004" type="8" icon="920248" color="4" fuwenLevel="2" shuxing="10" shuxingValue="20" fuwenFront="920148" fuwenNext="920348" shuxingName="2107" inlayColor="14" exp="30" lvlupExp="60" levelMax="9" suipianID="-1" suipianNum="0" pinzhi="2" />
<Fuwen fuwenID="920258" name="920258" desc="20005" type="8" icon="920258" color="4" fuwenLevel="2" shuxing="5" shuxingValue="20" fuwenFront="920158" fuwenNext="920358" shuxingName="2108" inlayColor="15" exp="30" lvlupExp="60" levelMax="9" suipianID="-1" suipianNum="0" pinzhi="2" />
<Fuwen fuwenID="920268" name="920268" desc="20006" type="8" icon="920268" color="4" fuwenLevel="2" shuxing="7" shuxingValue="20" fuwenFront="920168" fuwenNext="920368" shuxingName="2109" inlayColor="16" exp="30" lvlupExp="60" levelMax="9" suipianID="-1" suipianNum="0" pinzhi="2" />
<Fuwen fuwenID="920278" name="920278" desc="20007" type="8" icon="920278" color="4" fuwenLevel="2" shuxing="9" shuxingValue="20" fuwenFront="920178" fuwenNext="920378" shuxingName="2110" inlayColor="17" exp="30" lvlupExp="60" levelMax="9" suipianID="-1" suipianNum="0" pinzhi="2" />
<Fuwen fuwenID="920288" name="920288" desc="20008" type="8" icon="920288" color="4" fuwenLevel="2" shuxing="11" shuxingValue="20" fuwenFront="920188" fuwenNext="920388" shuxingName="2111" inlayColor="18" exp="30" lvlupExp="60" levelMax="9" suipianID="-1" suipianNum="0" pinzhi="2" />
<Fuwen fuwenID="920318" name="920318" desc="20001" type="8" icon="920318" color="4" fuwenLevel="3" shuxing="4" shuxingValue="40" fuwenFront="920218" fuwenNext="920418" shuxingName="2104" inlayColor="11" exp="90" lvlupExp="270" levelMax="9" suipianID="-1" suipianNum="0" pinzhi="2" />
<Fuwen fuwenID="920328" name="920328" desc="20002" type="8" icon="920328" color="4" fuwenLevel="3" shuxing="6" shuxingValue="40" fuwenFront="920228" fuwenNext="920428" shuxingName="2105" inlayColor="12" exp="90" lvlupExp="270" levelMax="9" suipianID="-1" suipianNum="0" pinzhi="2" />
<Fuwen fuwenID="920338" name="920338" desc="20003" type="8" icon="920338" color="4" fuwenLevel="3" shuxing="8" shuxingValue="40" fuwenFront="920238" fuwenNext="920438" shuxingName="2106" inlayColor="13" exp="90" lvlupExp="270" levelMax="9" suipianID="-1" suipianNum="0" pinzhi="2" />
<Fuwen fuwenID="920348" name="920348" desc="20004" type="8" icon="920348" color="4" fuwenLevel="3" shuxing="10" shuxingValue="40" fuwenFront="920248" fuwenNext="920448" shuxingName="2107" inlayColor="14" exp="90" lvlupExp="270" levelMax="9" suipianID="-1" suipianNum="0" pinzhi="2" />
<Fuwen fuwenID="920358" name="920358" desc="20005" type="8" icon="920358" color="4" fuwenLevel="3" shuxing="5" shuxingValue="40" fuwenFront="920258" fuwenNext="920458" shuxingName="2108" inlayColor="15" exp="90" lvlupExp="270" levelMax="9" suipianID="-1" suipianNum="0" pinzhi="2" />
<Fuwen fuwenID="920368" name="920368" desc="20006" type="8" icon="920368" color="4" fuwenLevel="3" shuxing="7" shuxingValue="40" fuwenFront="920268" fuwenNext="920468" shuxingName="2109" inlayColor="16" exp="90" lvlupExp="270" levelMax="9" suipianID="-1" suipianNum="0" pinzhi="2" />
<Fuwen fuwenID="920378" name="920378" desc="20007" type="8" icon="920378" color="4" fuwenLevel="3" shuxing="9" shuxingValue="40" fuwenFront="920278" fuwenNext="920478" shuxingName="2110" inlayColor="17" exp="90" lvlupExp="270" levelMax="9" suipianID="-1" suipianNum="0" pinzhi="2" />
<Fuwen fuwenID="920388" name="920388" desc="20008" type="8" icon="920388" color="4" fuwenLevel="3" shuxing="11" shuxingValue="40" fuwenFront="920288" fuwenNext="920488" shuxingName="2111" inlayColor="18" exp="90" lvlupExp="270" levelMax="9" suipianID="-1" suipianNum="0" pinzhi="2" />
<Fuwen fuwenID="920418" name="920418" desc="20001" type="8" icon="920418" color="4" fuwenLevel="4" shuxing="4" shuxingValue="80" fuwenFront="920318" fuwenNext="920518" shuxingName="2104" inlayColor="11" exp="360" lvlupExp="1080" levelMax="9" suipianID="-1" suipianNum="0" pinzhi="2" />
<Fuwen fuwenID="920428" name="920428" desc="20002" type="8" icon="920428" color="4" fuwenLevel="4" shuxing="6" shuxingValue="80" fuwenFront="920328" fuwenNext="920528" shuxingName="2105" inlayColor="12" exp="360" lvlupExp="1080" levelMax="9" suipianID="-1" suipianNum="0" pinzhi="2" />
<Fuwen fuwenID="920438" name="920438" desc="20003" type="8" icon="920438" color="4" fuwenLevel="4" shuxing="8" shuxingValue="80" fuwenFront="920338" fuwenNext="920538" shuxingName="2106" inlayColor="13" exp="360" lvlupExp="1080" levelMax="9" suipianID="-1" suipianNum="0" pinzhi="2" />
<Fuwen fuwenID="920448" name="920448" desc="20004" type="8" icon="920448" color="4" fuwenLevel="4" shuxing="10" shuxingValue="80" fuwenFront="920348" fuwenNext="920548" shuxingName="2107" inlayColor="14" exp="360" lvlupExp="1080" levelMax="9" suipianID="-1" suipianNum="0" pinzhi="2" />
<Fuwen fuwenID="920458" name="920458" desc="20005" type="8" icon="920458" color="4" fuwenLevel="4" shuxing="5" shuxingValue="80" fuwenFront="920358" fuwenNext="920558" shuxingName="2108" inlayColor="15" exp="360" lvlupExp="1080" levelMax="9" suipianID="-1" suipianNum="0" pinzhi="2" />
<Fuwen fuwenID="920468" name="920468" desc="20006" type="8" icon="920468" color="4" fuwenLevel="4" shuxing="7" shuxingValue="80" fuwenFront="920368" fuwenNext="920568" shuxingName="2109" inlayColor="16" exp="360" lvlupExp="1080" levelMax="9" suipianID="-1" suipianNum="0" pinzhi="2" />
<Fuwen fuwenID="920478" name="920478" desc="20007" type="8" icon="920478" color="4" fuwenLevel="4" shuxing="9" shuxingValue="80" fuwenFront="920378" fuwenNext="920578" shuxingName="2110" inlayColor="17" exp="360" lvlupExp="1080" levelMax="9" suipianID="-1" suipianNum="0" pinzhi="2" />
<Fuwen fuwenID="920488" name="920488" desc="20008" type="8" icon="920488" color="4" fuwenLevel="4" shuxing="11" shuxingValue="80" fuwenFront="920388" fuwenNext="920588" shuxingName="2111" inlayColor="18" exp="360" lvlupExp="1080" levelMax="9" suipianID="-1" suipianNum="0" pinzhi="2" />
<Fuwen fuwenID="920518" name="920518" desc="20001" type="8" icon="920518" color="4" fuwenLevel="5" shuxing="4" shuxingValue="160" fuwenFront="920418" fuwenNext="920618" shuxingName="2104" inlayColor="11" exp="1440" lvlupExp="2880" levelMax="9" suipianID="-1" suipianNum="0" pinzhi="2" />
<Fuwen fuwenID="920528" name="920528" desc="20002" type="8" icon="920528" color="4" fuwenLevel="5" shuxing="6" shuxingValue="160" fuwenFront="920428" fuwenNext="920628" shuxingName="2105" inlayColor="12" exp="1440" lvlupExp="2880" levelMax="9" suipianID="-1" suipianNum="0" pinzhi="2" />
<Fuwen fuwenID="920538" name="920538" desc="20003" type="8" icon="920538" color="4" fuwenLevel="5" shuxing="8" shuxingValue="160" fuwenFront="920438" fuwenNext="920638" shuxingName="2106" inlayColor="13" exp="1440" lvlupExp="2880" levelMax="9" suipianID="-1" suipianNum="0" pinzhi="2" />
<Fuwen fuwenID="920548" name="920548" desc="20004" type="8" icon="920548" color="4" fuwenLevel="5" shuxing="10" shuxingValue="160" fuwenFront="920448" fuwenNext="920648" shuxingName="2107" inlayColor="14" exp="1440" lvlupExp="2880" levelMax="9" suipianID="-1" suipianNum="0" pinzhi="2" />
<Fuwen fuwenID="920558" name="920558" desc="20005" type="8" icon="920558" color="4" fuwenLevel="5" shuxing="5" shuxingValue="160" fuwenFront="920458" fuwenNext="920658" shuxingName="2108" inlayColor="15" exp="1440" lvlupExp="2880" levelMax="9" suipianID="-1" suipianNum="0" pinzhi="2" />
<Fuwen fuwenID="920568" name="920568" desc="20006" type="8" icon="920568" color="4" fuwenLevel="5" shuxing="7" shuxingValue="160" fuwenFront="920468" fuwenNext="920668" shuxingName="2109" inlayColor="16" exp="1440" lvlupExp="2880" levelMax="9" suipianID="-1" suipianNum="0" pinzhi="2" />
<Fuwen fuwenID="920578" name="920578" desc="20007" type="8" icon="920578" color="4" fuwenLevel="5" shuxing="9" shuxingValue="160" fuwenFront="920478" fuwenNext="920678" shuxingName="2110" inlayColor="17" exp="1440" lvlupExp="2880" levelMax="9" suipianID="-1" suipianNum="0" pinzhi="2" />
<Fuwen fuwenID="920588" name="920588" desc="20008" type="8" icon="920588" color="4" fuwenLevel="5" shuxing="11" shuxingValue="160" fuwenFront="920488" fuwenNext="920688" shuxingName="2111" inlayColor="18" exp="1440" lvlupExp="2880" levelMax="9" suipianID="-1" suipianNum="0" pinzhi="2" />
<Fuwen fuwenID="920618" name="920618" desc="20001" type="8" icon="920618" color="4" fuwenLevel="6" shuxing="4" shuxingValue="240" fuwenFront="920518" fuwenNext="920718" shuxingName="2104" inlayColor="11" exp="4320" lvlupExp="8640" levelMax="9" suipianID="-1" suipianNum="0" pinzhi="2" />
<Fuwen fuwenID="920628" name="920628" desc="20002" type="8" icon="920628" color="4" fuwenLevel="6" shuxing="6" shuxingValue="240" fuwenFront="920528" fuwenNext="920728" shuxingName="2105" inlayColor="12" exp="4320" lvlupExp="8640" levelMax="9" suipianID="-1" suipianNum="0" pinzhi="2" />
<Fuwen fuwenID="920638" name="920638" desc="20003" type="8" icon="920638" color="4" fuwenLevel="6" shuxing="8" shuxingValue="240" fuwenFront="920538" fuwenNext="920738" shuxingName="2106" inlayColor="13" exp="4320" lvlupExp="8640" levelMax="9" suipianID="-1" suipianNum="0" pinzhi="2" />
<Fuwen fuwenID="920648" name="920648" desc="20004" type="8" icon="920648" color="4" fuwenLevel="6" shuxing="10" shuxingValue="240" fuwenFront="920548" fuwenNext="920748" shuxingName="2107" inlayColor="14" exp="4320" lvlupExp="8640" levelMax="9" suipianID="-1" suipianNum="0" pinzhi="2" />
<Fuwen fuwenID="920658" name="920658" desc="20005" type="8" icon="920658" color="4" fuwenLevel="6" shuxing="5" shuxingValue="240" fuwenFront="920558" fuwenNext="920758" shuxingName="2108" inlayColor="15" exp="4320" lvlupExp="8640" levelMax="9" suipianID="-1" suipianNum="0" pinzhi="2" />
<Fuwen fuwenID="920668" name="920668" desc="20006" type="8" icon="920668" color="4" fuwenLevel="6" shuxing="7" shuxingValue="240" fuwenFront="920568" fuwenNext="920768" shuxingName="2109" inlayColor="16" exp="4320" lvlupExp="8640" levelMax="9" suipianID="-1" suipianNum="0" pinzhi="2" />
<Fuwen fuwenID="920678" name="920678" desc="20007" type="8" icon="920678" color="4" fuwenLevel="6" shuxing="9" shuxingValue="240" fuwenFront="920578" fuwenNext="920778" shuxingName="2110" inlayColor="17" exp="4320" lvlupExp="8640" levelMax="9" suipianID="-1" suipianNum="0" pinzhi="2" />
<Fuwen fuwenID="920688" name="920688" desc="20008" type="8" icon="920688" color="4" fuwenLevel="6" shuxing="11" shuxingValue="240" fuwenFront="920588" fuwenNext="920788" shuxingName="2111" inlayColor="18" exp="4320" lvlupExp="8640" levelMax="9" suipianID="-1" suipianNum="0" pinzhi="2" />
<Fuwen fuwenID="920718" name="920718" desc="20001" type="8" icon="920718" color="4" fuwenLevel="7" shuxing="4" shuxingValue="360" fuwenFront="920618" fuwenNext="920818" shuxingName="2104" inlayColor="11" exp="12960" lvlupExp="38880" levelMax="9" suipianID="-1" suipianNum="0" pinzhi="2" />
<Fuwen fuwenID="920728" name="920728" desc="20002" type="8" icon="920728" color="4" fuwenLevel="7" shuxing="6" shuxingValue="360" fuwenFront="920628" fuwenNext="920828" shuxingName="2105" inlayColor="12" exp="12960" lvlupExp="38880" levelMax="9" suipianID="-1" suipianNum="0" pinzhi="2" />
<Fuwen fuwenID="920738" name="920738" desc="20003" type="8" icon="920738" color="4" fuwenLevel="7" shuxing="8" shuxingValue="360" fuwenFront="920638" fuwenNext="920838" shuxingName="2106" inlayColor="13" exp="12960" lvlupExp="38880" levelMax="9" suipianID="-1" suipianNum="0" pinzhi="2" />
<Fuwen fuwenID="920748" name="920748" desc="20004" type="8" icon="920748" color="4" fuwenLevel="7" shuxing="10" shuxingValue="360" fuwenFront="920648" fuwenNext="920848" shuxingName="2107" inlayColor="14" exp="12960" lvlupExp="38880" levelMax="9" suipianID="-1" suipianNum="0" pinzhi="2" />
<Fuwen fuwenID="920758" name="920758" desc="20005" type="8" icon="920758" color="4" fuwenLevel="7" shuxing="5" shuxingValue="360" fuwenFront="920658" fuwenNext="920858" shuxingName="2108" inlayColor="15" exp="12960" lvlupExp="38880" levelMax="9" suipianID="-1" suipianNum="0" pinzhi="2" />
<Fuwen fuwenID="920768" name="920768" desc="20006" type="8" icon="920768" color="4" fuwenLevel="7" shuxing="7" shuxingValue="360" fuwenFront="920668" fuwenNext="920868" shuxingName="2109" inlayColor="16" exp="12960" lvlupExp="38880" levelMax="9" suipianID="-1" suipianNum="0" pinzhi="2" />
<Fuwen fuwenID="920778" name="920778" desc="20007" type="8" icon="920778" color="4" fuwenLevel="7" shuxing="9" shuxingValue="360" fuwenFront="920678" fuwenNext="920878" shuxingName="2110" inlayColor="17" exp="12960" lvlupExp="38880" levelMax="9" suipianID="-1" suipianNum="0" pinzhi="2" />
<Fuwen fuwenID="920788" name="920788" desc="20008" type="8" icon="920788" color="4" fuwenLevel="7" shuxing="11" shuxingValue="360" fuwenFront="920688" fuwenNext="920888" shuxingName="2111" inlayColor="18" exp="12960" lvlupExp="38880" levelMax="9" suipianID="-1" suipianNum="0" pinzhi="2" />
<Fuwen fuwenID="920818" name="920818" desc="20001" type="8" icon="920818" color="4" fuwenLevel="8" shuxing="4" shuxingValue="540" fuwenFront="920718" fuwenNext="920918" shuxingName="2104" inlayColor="11" exp="51840" lvlupExp="155520" levelMax="9" suipianID="-1" suipianNum="0" pinzhi="2" />
<Fuwen fuwenID="920828" name="920828" desc="20002" type="8" icon="920828" color="4" fuwenLevel="8" shuxing="6" shuxingValue="540" fuwenFront="920728" fuwenNext="920928" shuxingName="2105" inlayColor="12" exp="51840" lvlupExp="155520" levelMax="9" suipianID="-1" suipianNum="0" pinzhi="2" />
<Fuwen fuwenID="920838" name="920838" desc="20003" type="8" icon="920838" color="4" fuwenLevel="8" shuxing="8" shuxingValue="540" fuwenFront="920738" fuwenNext="920938" shuxingName="2106" inlayColor="13" exp="51840" lvlupExp="155520" levelMax="9" suipianID="-1" suipianNum="0" pinzhi="2" />
<Fuwen fuwenID="920848" name="920848" desc="20004" type="8" icon="920848" color="4" fuwenLevel="8" shuxing="10" shuxingValue="540" fuwenFront="920748" fuwenNext="920948" shuxingName="2107" inlayColor="14" exp="51840" lvlupExp="155520" levelMax="9" suipianID="-1" suipianNum="0" pinzhi="2" />
<Fuwen fuwenID="920858" name="920858" desc="20005" type="8" icon="920858" color="4" fuwenLevel="8" shuxing="5" shuxingValue="540" fuwenFront="920758" fuwenNext="920958" shuxingName="2108" inlayColor="15" exp="51840" lvlupExp="155520" levelMax="9" suipianID="-1" suipianNum="0" pinzhi="2" />
<Fuwen fuwenID="920868" name="920868" desc="20006" type="8" icon="920868" color="4" fuwenLevel="8" shuxing="7" shuxingValue="540" fuwenFront="920768" fuwenNext="920968" shuxingName="2109" inlayColor="16" exp="51840" lvlupExp="155520" levelMax="9" suipianID="-1" suipianNum="0" pinzhi="2" />
<Fuwen fuwenID="920878" name="920878" desc="20007" type="8" icon="920878" color="4" fuwenLevel="8" shuxing="9" shuxingValue="540" fuwenFront="920778" fuwenNext="920978" shuxingName="2110" inlayColor="17" exp="51840" lvlupExp="155520" levelMax="9" suipianID="-1" suipianNum="0" pinzhi="2" />
<Fuwen fuwenID="920888" name="920888" desc="20008" type="8" icon="920888" color="4" fuwenLevel="8" shuxing="11" shuxingValue="540" fuwenFront="920788" fuwenNext="920988" shuxingName="2111" inlayColor="18" exp="51840" lvlupExp="155520" levelMax="9" suipianID="-1" suipianNum="0" pinzhi="2" />
<Fuwen fuwenID="920918" name="920918" desc="20001" type="8" icon="920918" color="4" fuwenLevel="9" shuxing="4" shuxingValue="810" fuwenFront="920818" fuwenNext="-1" shuxingName="2104" inlayColor="11" exp="207360" lvlupExp="-1" levelMax="9" suipianID="-1" suipianNum="0" pinzhi="2" />
<Fuwen fuwenID="920928" name="920928" desc="20002" type="8" icon="920928" color="4" fuwenLevel="9" shuxing="6" shuxingValue="810" fuwenFront="920828" fuwenNext="-1" shuxingName="2105" inlayColor="12" exp="207360" lvlupExp="-1" levelMax="9" suipianID="-1" suipianNum="0" pinzhi="2" />
<Fuwen fuwenID="920938" name="920938" desc="20003" type="8" icon="920938" color="4" fuwenLevel="9" shuxing="8" shuxingValue="810" fuwenFront="920838" fuwenNext="-1" shuxingName="2106" inlayColor="13" exp="207360" lvlupExp="-1" levelMax="9" suipianID="-1" suipianNum="0" pinzhi="2" />
<Fuwen fuwenID="920948" name="920948" desc="20004" type="8" icon="920948" color="4" fuwenLevel="9" shuxing="10" shuxingValue="810" fuwenFront="920848" fuwenNext="-1" shuxingName="2107" inlayColor="14" exp="207360" lvlupExp="-1" levelMax="9" suipianID="-1" suipianNum="0" pinzhi="2" />
<Fuwen fuwenID="920958" name="920958" desc="20005" type="8" icon="920958" color="4" fuwenLevel="9" shuxing="5" shuxingValue="810" fuwenFront="920858" fuwenNext="-1" shuxingName="2108" inlayColor="15" exp="207360" lvlupExp="-1" levelMax="9" suipianID="-1" suipianNum="0" pinzhi="2" />
<Fuwen fuwenID="920968" name="920968" desc="20006" type="8" icon="920968" color="4" fuwenLevel="9" shuxing="7" shuxingValue="810" fuwenFront="920868" fuwenNext="-1" shuxingName="2109" inlayColor="16" exp="207360" lvlupExp="-1" levelMax="9" suipianID="-1" suipianNum="0" pinzhi="2" />
<Fuwen fuwenID="920978" name="920978" desc="20007" type="8" icon="920978" color="4" fuwenLevel="9" shuxing="9" shuxingValue="810" fuwenFront="920878" fuwenNext="-1" shuxingName="2110" inlayColor="17" exp="207360" lvlupExp="-1" levelMax="9" suipianID="-1" suipianNum="0" pinzhi="2" />
<Fuwen fuwenID="920988" name="920988" desc="20008" type="8" icon="920988" color="4" fuwenLevel="9" shuxing="11" shuxingValue="810" fuwenFront="920888" fuwenNext="-1" shuxingName="2111" inlayColor="18" exp="207360" lvlupExp="-1" levelMax="9" suipianID="-1" suipianNum="0" pinzhi="2" />
<Fuwen fuwenID="930118" name="930118" desc="20001" type="8" icon="930118" color="7" fuwenLevel="1" shuxing="4" shuxingValue="15" fuwenFront="-1" fuwenNext="930218" shuxingName="2104" inlayColor="11" exp="15" lvlupExp="30" levelMax="9" suipianID="-1" suipianNum="0" pinzhi="3" />
<Fuwen fuwenID="930128" name="930128" desc="20002" type="8" icon="930128" color="7" fuwenLevel="1" shuxing="6" shuxingValue="15" fuwenFront="-1" fuwenNext="930228" shuxingName="2105" inlayColor="12" exp="15" lvlupExp="30" levelMax="9" suipianID="-1" suipianNum="0" pinzhi="3" />
<Fuwen fuwenID="930138" name="930138" desc="20003" type="8" icon="930138" color="7" fuwenLevel="1" shuxing="8" shuxingValue="15" fuwenFront="-1" fuwenNext="930238" shuxingName="2106" inlayColor="13" exp="15" lvlupExp="30" levelMax="9" suipianID="-1" suipianNum="0" pinzhi="3" />
<Fuwen fuwenID="930148" name="930148" desc="20004" type="8" icon="930148" color="7" fuwenLevel="1" shuxing="10" shuxingValue="15" fuwenFront="-1" fuwenNext="930248" shuxingName="2107" inlayColor="14" exp="15" lvlupExp="30" levelMax="9" suipianID="-1" suipianNum="0" pinzhi="3" />
<Fuwen fuwenID="930158" name="930158" desc="20005" type="8" icon="930158" color="7" fuwenLevel="1" shuxing="5" shuxingValue="15" fuwenFront="-1" fuwenNext="930258" shuxingName="2108" inlayColor="15" exp="15" lvlupExp="30" levelMax="9" suipianID="-1" suipianNum="0" pinzhi="3" />
<Fuwen fuwenID="930168" name="930168" desc="20006" type="8" icon="930168" color="7" fuwenLevel="1" shuxing="7" shuxingValue="15" fuwenFront="-1" fuwenNext="930268" shuxingName="2109" inlayColor="16" exp="15" lvlupExp="30" levelMax="9" suipianID="-1" suipianNum="0" pinzhi="3" />
<Fuwen fuwenID="930178" name="930178" desc="20007" type="8" icon="930178" color="7" fuwenLevel="1" shuxing="9" shuxingValue="15" fuwenFront="-1" fuwenNext="930278" shuxingName="2110" inlayColor="17" exp="15" lvlupExp="30" levelMax="9" suipianID="-1" suipianNum="0" pinzhi="3" />
<Fuwen fuwenID="930188" name="930188" desc="20008" type="8" icon="930188" color="7" fuwenLevel="1" shuxing="11" shuxingValue="15" fuwenFront="-1" fuwenNext="930288" shuxingName="2111" inlayColor="18" exp="15" lvlupExp="30" levelMax="9" suipianID="-1" suipianNum="0" pinzhi="3" />
<Fuwen fuwenID="930218" name="930218" desc="20001" type="8" icon="930218" color="7" fuwenLevel="2" shuxing="4" shuxingValue="30" fuwenFront="930118" fuwenNext="930318" shuxingName="2104" inlayColor="11" exp="45" lvlupExp="90" levelMax="9" suipianID="-1" suipianNum="0" pinzhi="3" />
<Fuwen fuwenID="930228" name="930228" desc="20002" type="8" icon="930228" color="7" fuwenLevel="2" shuxing="6" shuxingValue="30" fuwenFront="930128" fuwenNext="930328" shuxingName="2105" inlayColor="12" exp="45" lvlupExp="90" levelMax="9" suipianID="-1" suipianNum="0" pinzhi="3" />
<Fuwen fuwenID="930238" name="930238" desc="20003" type="8" icon="930238" color="7" fuwenLevel="2" shuxing="8" shuxingValue="30" fuwenFront="930138" fuwenNext="930338" shuxingName="2106" inlayColor="13" exp="45" lvlupExp="90" levelMax="9" suipianID="-1" suipianNum="0" pinzhi="3" />
<Fuwen fuwenID="930248" name="930248" desc="20004" type="8" icon="930248" color="7" fuwenLevel="2" shuxing="10" shuxingValue="30" fuwenFront="930148" fuwenNext="930348" shuxingName="2107" inlayColor="14" exp="45" lvlupExp="90" levelMax="9" suipianID="-1" suipianNum="0" pinzhi="3" />
<Fuwen fuwenID="930258" name="930258" desc="20005" type="8" icon="930258" color="7" fuwenLevel="2" shuxing="5" shuxingValue="30" fuwenFront="930158" fuwenNext="930358" shuxingName="2108" inlayColor="15" exp="45" lvlupExp="90" levelMax="9" suipianID="-1" suipianNum="0" pinzhi="3" />
<Fuwen fuwenID="930268" name="930268" desc="20006" type="8" icon="930268" color="7" fuwenLevel="2" shuxing="7" shuxingValue="30" fuwenFront="930168" fuwenNext="930368" shuxingName="2109" inlayColor="16" exp="45" lvlupExp="90" levelMax="9" suipianID="-1" suipianNum="0" pinzhi="3" />
<Fuwen fuwenID="930278" name="930278" desc="20007" type="8" icon="930278" color="7" fuwenLevel="2" shuxing="9" shuxingValue="30" fuwenFront="930178" fuwenNext="930378" shuxingName="2110" inlayColor="17" exp="45" lvlupExp="90" levelMax="9" suipianID="-1" suipianNum="0" pinzhi="3" />
<Fuwen fuwenID="930288" name="930288" desc="20008" type="8" icon="930288" color="7" fuwenLevel="2" shuxing="11" shuxingValue="30" fuwenFront="930188" fuwenNext="930388" shuxingName="2111" inlayColor="18" exp="45" lvlupExp="90" levelMax="9" suipianID="-1" suipianNum="0" pinzhi="3" />
<Fuwen fuwenID="930318" name="930318" desc="20001" type="8" icon="930318" color="7" fuwenLevel="3" shuxing="4" shuxingValue="60" fuwenFront="930218" fuwenNext="930418" shuxingName="2104" inlayColor="11" exp="135" lvlupExp="405" levelMax="9" suipianID="-1" suipianNum="0" pinzhi="3" />
<Fuwen fuwenID="930328" name="930328" desc="20002" type="8" icon="930328" color="7" fuwenLevel="3" shuxing="6" shuxingValue="60" fuwenFront="930228" fuwenNext="930428" shuxingName="2105" inlayColor="12" exp="135" lvlupExp="405" levelMax="9" suipianID="-1" suipianNum="0" pinzhi="3" />
<Fuwen fuwenID="930338" name="930338" desc="20003" type="8" icon="930338" color="7" fuwenLevel="3" shuxing="8" shuxingValue="60" fuwenFront="930238" fuwenNext="930438" shuxingName="2106" inlayColor="13" exp="135" lvlupExp="405" levelMax="9" suipianID="-1" suipianNum="0" pinzhi="3" />
<Fuwen fuwenID="930348" name="930348" desc="20004" type="8" icon="930348" color="7" fuwenLevel="3" shuxing="10" shuxingValue="60" fuwenFront="930248" fuwenNext="930448" shuxingName="2107" inlayColor="14" exp="135" lvlupExp="405" levelMax="9" suipianID="-1" suipianNum="0" pinzhi="3" />
<Fuwen fuwenID="930358" name="930358" desc="20005" type="8" icon="930358" color="7" fuwenLevel="3" shuxing="5" shuxingValue="60" fuwenFront="930258" fuwenNext="930458" shuxingName="2108" inlayColor="15" exp="135" lvlupExp="405" levelMax="9" suipianID="-1" suipianNum="0" pinzhi="3" />
<Fuwen fuwenID="930368" name="930368" desc="20006" type="8" icon="930368" color="7" fuwenLevel="3" shuxing="7" shuxingValue="60" fuwenFront="930268" fuwenNext="930468" shuxingName="2109" inlayColor="16" exp="135" lvlupExp="405" levelMax="9" suipianID="-1" suipianNum="0" pinzhi="3" />
<Fuwen fuwenID="930378" name="930378" desc="20007" type="8" icon="930378" color="7" fuwenLevel="3" shuxing="9" shuxingValue="60" fuwenFront="930278" fuwenNext="930478" shuxingName="2110" inlayColor="17" exp="135" lvlupExp="405" levelMax="9" suipianID="-1" suipianNum="0" pinzhi="3" />
<Fuwen fuwenID="930388" name="930388" desc="20008" type="8" icon="930388" color="7" fuwenLevel="3" shuxing="11" shuxingValue="60" fuwenFront="930288" fuwenNext="930488" shuxingName="2111" inlayColor="18" exp="135" lvlupExp="405" levelMax="9" suipianID="-1" suipianNum="0" pinzhi="3" />
<Fuwen fuwenID="930418" name="930418" desc="20001" type="8" icon="930418" color="7" fuwenLevel="4" shuxing="4" shuxingValue="120" fuwenFront="930318" fuwenNext="930518" shuxingName="2104" inlayColor="11" exp="540" lvlupExp="1620" levelMax="9" suipianID="-1" suipianNum="0" pinzhi="3" />
<Fuwen fuwenID="930428" name="930428" desc="20002" type="8" icon="930428" color="7" fuwenLevel="4" shuxing="6" shuxingValue="120" fuwenFront="930328" fuwenNext="930528" shuxingName="2105" inlayColor="12" exp="540" lvlupExp="1620" levelMax="9" suipianID="-1" suipianNum="0" pinzhi="3" />
<Fuwen fuwenID="930438" name="930438" desc="20003" type="8" icon="930438" color="7" fuwenLevel="4" shuxing="8" shuxingValue="120" fuwenFront="930338" fuwenNext="930538" shuxingName="2106" inlayColor="13" exp="540" lvlupExp="1620" levelMax="9" suipianID="-1" suipianNum="0" pinzhi="3" />
<Fuwen fuwenID="930448" name="930448" desc="20004" type="8" icon="930448" color="7" fuwenLevel="4" shuxing="10" shuxingValue="120" fuwenFront="930348" fuwenNext="930548" shuxingName="2107" inlayColor="14" exp="540" lvlupExp="1620" levelMax="9" suipianID="-1" suipianNum="0" pinzhi="3" />
<Fuwen fuwenID="930458" name="930458" desc="20005" type="8" icon="930458" color="7" fuwenLevel="4" shuxing="5" shuxingValue="120" fuwenFront="930358" fuwenNext="930558" shuxingName="2108" inlayColor="15" exp="540" lvlupExp="1620" levelMax="9" suipianID="-1" suipianNum="0" pinzhi="3" />
<Fuwen fuwenID="930468" name="930468" desc="20006" type="8" icon="930468" color="7" fuwenLevel="4" shuxing="7" shuxingValue="120" fuwenFront="930368" fuwenNext="930568" shuxingName="2109" inlayColor="16" exp="540" lvlupExp="1620" levelMax="9" suipianID="-1" suipianNum="0" pinzhi="3" />
<Fuwen fuwenID="930478" name="930478" desc="20007" type="8" icon="930478" color="7" fuwenLevel="4" shuxing="9" shuxingValue="120" fuwenFront="930378" fuwenNext="930578" shuxingName="2110" inlayColor="17" exp="540" lvlupExp="1620" levelMax="9" suipianID="-1" suipianNum="0" pinzhi="3" />
<Fuwen fuwenID="930488" name="930488" desc="20008" type="8" icon="930488" color="7" fuwenLevel="4" shuxing="11" shuxingValue="120" fuwenFront="930388" fuwenNext="930588" shuxingName="2111" inlayColor="18" exp="540" lvlupExp="1620" levelMax="9" suipianID="-1" suipianNum="0" pinzhi="3" />
<Fuwen fuwenID="930518" name="930518" desc="20001" type="8" icon="930518" color="7" fuwenLevel="5" shuxing="4" shuxingValue="240" fuwenFront="930418" fuwenNext="930618" shuxingName="2104" inlayColor="11" exp="2160" lvlupExp="4320" levelMax="9" suipianID="-1" suipianNum="0" pinzhi="3" />
<Fuwen fuwenID="930528" name="930528" desc="20002" type="8" icon="930528" color="7" fuwenLevel="5" shuxing="6" shuxingValue="240" fuwenFront="930428" fuwenNext="930628" shuxingName="2105" inlayColor="12" exp="2160" lvlupExp="4320" levelMax="9" suipianID="-1" suipianNum="0" pinzhi="3" />
<Fuwen fuwenID="930538" name="930538" desc="20003" type="8" icon="930538" color="7" fuwenLevel="5" shuxing="8" shuxingValue="240" fuwenFront="930438" fuwenNext="930638" shuxingName="2106" inlayColor="13" exp="2160" lvlupExp="4320" levelMax="9" suipianID="-1" suipianNum="0" pinzhi="3" />
<Fuwen fuwenID="930548" name="930548" desc="20004" type="8" icon="930548" color="7" fuwenLevel="5" shuxing="10" shuxingValue="240" fuwenFront="930448" fuwenNext="930648" shuxingName="2107" inlayColor="14" exp="2160" lvlupExp="4320" levelMax="9" suipianID="-1" suipianNum="0" pinzhi="3" />
<Fuwen fuwenID="930558" name="930558" desc="20005" type="8" icon="930558" color="7" fuwenLevel="5" shuxing="5" shuxingValue="240" fuwenFront="930458" fuwenNext="930658" shuxingName="2108" inlayColor="15" exp="2160" lvlupExp="4320" levelMax="9" suipianID="-1" suipianNum="0" pinzhi="3" />
<Fuwen fuwenID="930568" name="930568" desc="20006" type="8" icon="930568" color="7" fuwenLevel="5" shuxing="7" shuxingValue="240" fuwenFront="930468" fuwenNext="930668" shuxingName="2109" inlayColor="16" exp="2160" lvlupExp="4320" levelMax="9" suipianID="-1" suipianNum="0" pinzhi="3" />
<Fuwen fuwenID="930578" name="930578" desc="20007" type="8" icon="930578" color="7" fuwenLevel="5" shuxing="9" shuxingValue="240" fuwenFront="930478" fuwenNext="930678" shuxingName="2110" inlayColor="17" exp="2160" lvlupExp="4320" levelMax="9" suipianID="-1" suipianNum="0" pinzhi="3" />
<Fuwen fuwenID="930588" name="930588" desc="20008" type="8" icon="930588" color="7" fuwenLevel="5" shuxing="11" shuxingValue="240" fuwenFront="930488" fuwenNext="930688" shuxingName="2111" inlayColor="18" exp="2160" lvlupExp="4320" levelMax="9" suipianID="-1" suipianNum="0" pinzhi="3" />
<Fuwen fuwenID="930618" name="930618" desc="20001" type="8" icon="930618" color="7" fuwenLevel="6" shuxing="4" shuxingValue="360" fuwenFront="930518" fuwenNext="930718" shuxingName="2104" inlayColor="11" exp="6480" lvlupExp="12960" levelMax="9" suipianID="-1" suipianNum="0" pinzhi="3" />
<Fuwen fuwenID="930628" name="930628" desc="20002" type="8" icon="930628" color="7" fuwenLevel="6" shuxing="6" shuxingValue="360" fuwenFront="930528" fuwenNext="930728" shuxingName="2105" inlayColor="12" exp="6480" lvlupExp="12960" levelMax="9" suipianID="-1" suipianNum="0" pinzhi="3" />
<Fuwen fuwenID="930638" name="930638" desc="20003" type="8" icon="930638" color="7" fuwenLevel="6" shuxing="8" shuxingValue="360" fuwenFront="930538" fuwenNext="930738" shuxingName="2106" inlayColor="13" exp="6480" lvlupExp="12960" levelMax="9" suipianID="-1" suipianNum="0" pinzhi="3" />
<Fuwen fuwenID="930648" name="930648" desc="20004" type="8" icon="930648" color="7" fuwenLevel="6" shuxing="10" shuxingValue="360" fuwenFront="930548" fuwenNext="930748" shuxingName="2107" inlayColor="14" exp="6480" lvlupExp="12960" levelMax="9" suipianID="-1" suipianNum="0" pinzhi="3" />
<Fuwen fuwenID="930658" name="930658" desc="20005" type="8" icon="930658" color="7" fuwenLevel="6" shuxing="5" shuxingValue="360" fuwenFront="930558" fuwenNext="930758" shuxingName="2108" inlayColor="15" exp="6480" lvlupExp="12960" levelMax="9" suipianID="-1" suipianNum="0" pinzhi="3" />
<Fuwen fuwenID="930668" name="930668" desc="20006" type="8" icon="930668" color="7" fuwenLevel="6" shuxing="7" shuxingValue="360" fuwenFront="930568" fuwenNext="930768" shuxingName="2109" inlayColor="16" exp="6480" lvlupExp="12960" levelMax="9" suipianID="-1" suipianNum="0" pinzhi="3" />
<Fuwen fuwenID="930678" name="930678" desc="20007" type="8" icon="930678" color="7" fuwenLevel="6" shuxing="9" shuxingValue="360" fuwenFront="930578" fuwenNext="930778" shuxingName="2110" inlayColor="17" exp="6480" lvlupExp="12960" levelMax="9" suipianID="-1" suipianNum="0" pinzhi="3" />
<Fuwen fuwenID="930688" name="930688" desc="20008" type="8" icon="930688" color="7" fuwenLevel="6" shuxing="11" shuxingValue="360" fuwenFront="930588" fuwenNext="930788" shuxingName="2111" inlayColor="18" exp="6480" lvlupExp="12960" levelMax="9" suipianID="-1" suipianNum="0" pinzhi="3" />
<Fuwen fuwenID="930718" name="930718" desc="20001" type="8" icon="930718" color="7" fuwenLevel="7" shuxing="4" shuxingValue="540" fuwenFront="930618" fuwenNext="930818" shuxingName="2104" inlayColor="11" exp="19440" lvlupExp="58320" levelMax="9" suipianID="-1" suipianNum="0" pinzhi="3" />
<Fuwen fuwenID="930728" name="930728" desc="20002" type="8" icon="930728" color="7" fuwenLevel="7" shuxing="6" shuxingValue="540" fuwenFront="930628" fuwenNext="930828" shuxingName="2105" inlayColor="12" exp="19440" lvlupExp="58320" levelMax="9" suipianID="-1" suipianNum="0" pinzhi="3" />
<Fuwen fuwenID="930738" name="930738" desc="20003" type="8" icon="930738" color="7" fuwenLevel="7" shuxing="8" shuxingValue="540" fuwenFront="930638" fuwenNext="930838" shuxingName="2106" inlayColor="13" exp="19440" lvlupExp="58320" levelMax="9" suipianID="-1" suipianNum="0" pinzhi="3" />
<Fuwen fuwenID="930748" name="930748" desc="20004" type="8" icon="930748" color="7" fuwenLevel="7" shuxing="10" shuxingValue="540" fuwenFront="930648" fuwenNext="930848" shuxingName="2107" inlayColor="14" exp="19440" lvlupExp="58320" levelMax="9" suipianID="-1" suipianNum="0" pinzhi="3" />
<Fuwen fuwenID="930758" name="930758" desc="20005" type="8" icon="930758" color="7" fuwenLevel="7" shuxing="5" shuxingValue="540" fuwenFront="930658" fuwenNext="930858" shuxingName="2108" inlayColor="15" exp="19440" lvlupExp="58320" levelMax="9" suipianID="-1" suipianNum="0" pinzhi="3" />
<Fuwen fuwenID="930768" name="930768" desc="20006" type="8" icon="930768" color="7" fuwenLevel="7" shuxing="7" shuxingValue="540" fuwenFront="930668" fuwenNext="930868" shuxingName="2109" inlayColor="16" exp="19440" lvlupExp="58320" levelMax="9" suipianID="-1" suipianNum="0" pinzhi="3" />
<Fuwen fuwenID="930778" name="930778" desc="20007" type="8" icon="930778" color="7" fuwenLevel="7" shuxing="9" shuxingValue="540" fuwenFront="930678" fuwenNext="930878" shuxingName="2110" inlayColor="17" exp="19440" lvlupExp="58320" levelMax="9" suipianID="-1" suipianNum="0" pinzhi="3" />
<Fuwen fuwenID="930788" name="930788" desc="20008" type="8" icon="930788" color="7" fuwenLevel="7" shuxing="11" shuxingValue="540" fuwenFront="930688" fuwenNext="930888" shuxingName="2111" inlayColor="18" exp="19440" lvlupExp="58320" levelMax="9" suipianID="-1" suipianNum="0" pinzhi="3" />
<Fuwen fuwenID="930818" name="930818" desc="20001" type="8" icon="930818" color="7" fuwenLevel="8" shuxing="4" shuxingValue="810" fuwenFront="930718" fuwenNext="930918" shuxingName="2104" inlayColor="11" exp="77760" lvlupExp="233280" levelMax="9" suipianID="-1" suipianNum="0" pinzhi="3" />
<Fuwen fuwenID="930828" name="930828" desc="20002" type="8" icon="930828" color="7" fuwenLevel="8" shuxing="6" shuxingValue="810" fuwenFront="930728" fuwenNext="930928" shuxingName="2105" inlayColor="12" exp="77760" lvlupExp="233280" levelMax="9" suipianID="-1" suipianNum="0" pinzhi="3" />
<Fuwen fuwenID="930838" name="930838" desc="20003" type="8" icon="930838" color="7" fuwenLevel="8" shuxing="8" shuxingValue="810" fuwenFront="930738" fuwenNext="930938" shuxingName="2106" inlayColor="13" exp="77760" lvlupExp="233280" levelMax="9" suipianID="-1" suipianNum="0" pinzhi="3" />
<Fuwen fuwenID="930848" name="930848" desc="20004" type="8" icon="930848" color="7" fuwenLevel="8" shuxing="10" shuxingValue="810" fuwenFront="930748" fuwenNext="930948" shuxingName="2107" inlayColor="14" exp="77760" lvlupExp="233280" levelMax="9" suipianID="-1" suipianNum="0" pinzhi="3" />
<Fuwen fuwenID="930858" name="930858" desc="20005" type="8" icon="930858" color="7" fuwenLevel="8" shuxing="5" shuxingValue="810" fuwenFront="930758" fuwenNext="930958" shuxingName="2108" inlayColor="15" exp="77760" lvlupExp="233280" levelMax="9" suipianID="-1" suipianNum="0" pinzhi="3" />
<Fuwen fuwenID="930868" name="930868" desc="20006" type="8" icon="930868" color="7" fuwenLevel="8" shuxing="7" shuxingValue="810" fuwenFront="930768" fuwenNext="930968" shuxingName="2109" inlayColor="16" exp="77760" lvlupExp="233280" levelMax="9" suipianID="-1" suipianNum="0" pinzhi="3" />
<Fuwen fuwenID="930878" name="930878" desc="20007" type="8" icon="930878" color="7" fuwenLevel="8" shuxing="9" shuxingValue="810" fuwenFront="930778" fuwenNext="930978" shuxingName="2110" inlayColor="17" exp="77760" lvlupExp="233280" levelMax="9" suipianID="-1" suipianNum="0" pinzhi="3" />
<Fuwen fuwenID="930888" name="930888" desc="20008" type="8" icon="930888" color="7" fuwenLevel="8" shuxing="11" shuxingValue="810" fuwenFront="930788" fuwenNext="930988" shuxingName="2111" inlayColor="18" exp="77760" lvlupExp="233280" levelMax="9" suipianID="-1" suipianNum="0" pinzhi="3" />
<Fuwen fuwenID="930918" name="930918" desc="20001" type="8" icon="930918" color="7" fuwenLevel="9" shuxing="4" shuxingValue="1215" fuwenFront="930818" fuwenNext="-1" shuxingName="2104" inlayColor="11" exp="311040" lvlupExp="-1" levelMax="9" suipianID="-1" suipianNum="0" pinzhi="3" />
<Fuwen fuwenID="930928" name="930928" desc="20002" type="8" icon="930928" color="7" fuwenLevel="9" shuxing="6" shuxingValue="1215" fuwenFront="930828" fuwenNext="-1" shuxingName="2105" inlayColor="12" exp="311040" lvlupExp="-1" levelMax="9" suipianID="-1" suipianNum="0" pinzhi="3" />
<Fuwen fuwenID="930938" name="930938" desc="20003" type="8" icon="930938" color="7" fuwenLevel="9" shuxing="8" shuxingValue="1215" fuwenFront="930838" fuwenNext="-1" shuxingName="2106" inlayColor="13" exp="311040" lvlupExp="-1" levelMax="9" suipianID="-1" suipianNum="0" pinzhi="3" />
<Fuwen fuwenID="930948" name="930948" desc="20004" type="8" icon="930948" color="7" fuwenLevel="9" shuxing="10" shuxingValue="1215" fuwenFront="930848" fuwenNext="-1" shuxingName="2107" inlayColor="14" exp="311040" lvlupExp="-1" levelMax="9" suipianID="-1" suipianNum="0" pinzhi="3" />
<Fuwen fuwenID="930958" name="930958" desc="20005" type="8" icon="930958" color="7" fuwenLevel="9" shuxing="5" shuxingValue="1215" fuwenFront="930858" fuwenNext="-1" shuxingName="2108" inlayColor="15" exp="311040" lvlupExp="-1" levelMax="9" suipianID="-1" suipianNum="0" pinzhi="3" />
<Fuwen fuwenID="930968" name="930968" desc="20006" type="8" icon="930968" color="7" fuwenLevel="9" shuxing="7" shuxingValue="1215" fuwenFront="930868" fuwenNext="-1" shuxingName="2109" inlayColor="16" exp="311040" lvlupExp="-1" levelMax="9" suipianID="-1" suipianNum="0" pinzhi="3" />
<Fuwen fuwenID="930978" name="930978" desc="20007" type="8" icon="930978" color="7" fuwenLevel="9" shuxing="9" shuxingValue="1215" fuwenFront="930878" fuwenNext="-1" shuxingName="2110" inlayColor="17" exp="311040" lvlupExp="-1" levelMax="9" suipianID="-1" suipianNum="0" pinzhi="3" />
<Fuwen fuwenID="930988" name="930988" desc="20008" type="8" icon="930988" color="7" fuwenLevel="9" shuxing="11" shuxingValue="1215" fuwenFront="930888" fuwenNext="-1" shuxingName="2111" inlayColor="18" exp="311040" lvlupExp="-1" levelMax="9" suipianID="-1" suipianNum="0" pinzhi="3" />
<Fuwen fuwenID="940118" name="940118" desc="20001" type="8" icon="940118" color="10" fuwenLevel="1" shuxing="4" shuxingValue="20" fuwenFront="-1" fuwenNext="940218" shuxingName="2104" inlayColor="11" exp="20" lvlupExp="40" levelMax="9" suipianID="910003" suipianNum="50" pinzhi="4" />
<Fuwen fuwenID="940128" name="940128" desc="20002" type="8" icon="940128" color="10" fuwenLevel="1" shuxing="6" shuxingValue="20" fuwenFront="-1" fuwenNext="940228" shuxingName="2105" inlayColor="12" exp="20" lvlupExp="40" levelMax="9" suipianID="910003" suipianNum="50" pinzhi="4" />
<Fuwen fuwenID="940138" name="940138" desc="20003" type="8" icon="940138" color="10" fuwenLevel="1" shuxing="8" shuxingValue="20" fuwenFront="-1" fuwenNext="940238" shuxingName="2106" inlayColor="13" exp="20" lvlupExp="40" levelMax="9" suipianID="910003" suipianNum="50" pinzhi="4" />
<Fuwen fuwenID="940148" name="940148" desc="20004" type="8" icon="940148" color="10" fuwenLevel="1" shuxing="10" shuxingValue="20" fuwenFront="-1" fuwenNext="940248" shuxingName="2107" inlayColor="14" exp="20" lvlupExp="40" levelMax="9" suipianID="910003" suipianNum="50" pinzhi="4" />
<Fuwen fuwenID="940158" name="940158" desc="20005" type="8" icon="940158" color="10" fuwenLevel="1" shuxing="5" shuxingValue="20" fuwenFront="-1" fuwenNext="940258" shuxingName="2108" inlayColor="15" exp="20" lvlupExp="40" levelMax="9" suipianID="910003" suipianNum="50" pinzhi="4" />
<Fuwen fuwenID="940168" name="940168" desc="20006" type="8" icon="940168" color="10" fuwenLevel="1" shuxing="7" shuxingValue="20" fuwenFront="-1" fuwenNext="940268" shuxingName="2109" inlayColor="16" exp="20" lvlupExp="40" levelMax="9" suipianID="910003" suipianNum="50" pinzhi="4" />
<Fuwen fuwenID="940178" name="940178" desc="20007" type="8" icon="940178" color="10" fuwenLevel="1" shuxing="9" shuxingValue="20" fuwenFront="-1" fuwenNext="940278" shuxingName="2110" inlayColor="17" exp="20" lvlupExp="40" levelMax="9" suipianID="910003" suipianNum="50" pinzhi="4" />
<Fuwen fuwenID="940188" name="940188" desc="20008" type="8" icon="940188" color="10" fuwenLevel="1" shuxing="11" shuxingValue="20" fuwenFront="-1" fuwenNext="940288" shuxingName="2111" inlayColor="18" exp="20" lvlupExp="40" levelMax="9" suipianID="910003" suipianNum="50" pinzhi="4" />
<Fuwen fuwenID="940218" name="940218" desc="20001" type="8" icon="940218" color="10" fuwenLevel="2" shuxing="4" shuxingValue="40" fuwenFront="940118" fuwenNext="940318" shuxingName="2104" inlayColor="11" exp="60" lvlupExp="120" levelMax="9" suipianID="-1" suipianNum="0" pinzhi="4" />
<Fuwen fuwenID="940228" name="940228" desc="20002" type="8" icon="940228" color="10" fuwenLevel="2" shuxing="6" shuxingValue="40" fuwenFront="940128" fuwenNext="940328" shuxingName="2105" inlayColor="12" exp="60" lvlupExp="120" levelMax="9" suipianID="-1" suipianNum="0" pinzhi="4" />
<Fuwen fuwenID="940238" name="940238" desc="20003" type="8" icon="940238" color="10" fuwenLevel="2" shuxing="8" shuxingValue="40" fuwenFront="940138" fuwenNext="940338" shuxingName="2106" inlayColor="13" exp="60" lvlupExp="120" levelMax="9" suipianID="-1" suipianNum="0" pinzhi="4" />
<Fuwen fuwenID="940248" name="940248" desc="20004" type="8" icon="940248" color="10" fuwenLevel="2" shuxing="10" shuxingValue="40" fuwenFront="940148" fuwenNext="940348" shuxingName="2107" inlayColor="14" exp="60" lvlupExp="120" levelMax="9" suipianID="-1" suipianNum="0" pinzhi="4" />
<Fuwen fuwenID="940258" name="940258" desc="20005" type="8" icon="940258" color="10" fuwenLevel="2" shuxing="5" shuxingValue="40" fuwenFront="940158" fuwenNext="940358" shuxingName="2108" inlayColor="15" exp="60" lvlupExp="120" levelMax="9" suipianID="-1" suipianNum="0" pinzhi="4" />
<Fuwen fuwenID="940268" name="940268" desc="20006" type="8" icon="940268" color="10" fuwenLevel="2" shuxing="7" shuxingValue="40" fuwenFront="940168" fuwenNext="940368" shuxingName="2109" inlayColor="16" exp="60" lvlupExp="120" levelMax="9" suipianID="-1" suipianNum="0" pinzhi="4" />
<Fuwen fuwenID="940278" name="940278" desc="20007" type="8" icon="940278" color="10" fuwenLevel="2" shuxing="9" shuxingValue="40" fuwenFront="940178" fuwenNext="940378" shuxingName="2110" inlayColor="17" exp="60" lvlupExp="120" levelMax="9" suipianID="-1" suipianNum="0" pinzhi="4" />
<Fuwen fuwenID="940288" name="940288" desc="20008" type="8" icon="940288" color="10" fuwenLevel="2" shuxing="11" shuxingValue="40" fuwenFront="940188" fuwenNext="940388" shuxingName="2111" inlayColor="18" exp="60" lvlupExp="120" levelMax="9" suipianID="-1" suipianNum="0" pinzhi="4" />
<Fuwen fuwenID="940318" name="940318" desc="20001" type="8" icon="940318" color="10" fuwenLevel="3" shuxing="4" shuxingValue="80" fuwenFront="940218" fuwenNext="940418" shuxingName="2104" inlayColor="11" exp="180" lvlupExp="540" levelMax="9" suipianID="-1" suipianNum="0" pinzhi="4" />
<Fuwen fuwenID="940328" name="940328" desc="20002" type="8" icon="940328" color="10" fuwenLevel="3" shuxing="6" shuxingValue="80" fuwenFront="940228" fuwenNext="940428" shuxingName="2105" inlayColor="12" exp="180" lvlupExp="540" levelMax="9" suipianID="-1" suipianNum="0" pinzhi="4" />
<Fuwen fuwenID="940338" name="940338" desc="20003" type="8" icon="940338" color="10" fuwenLevel="3" shuxing="8" shuxingValue="80" fuwenFront="940238" fuwenNext="940438" shuxingName="2106" inlayColor="13" exp="180" lvlupExp="540" levelMax="9" suipianID="-1" suipianNum="0" pinzhi="4" />
<Fuwen fuwenID="940348" name="940348" desc="20004" type="8" icon="940348" color="10" fuwenLevel="3" shuxing="10" shuxingValue="80" fuwenFront="940248" fuwenNext="940448" shuxingName="2107" inlayColor="14" exp="180" lvlupExp="540" levelMax="9" suipianID="-1" suipianNum="0" pinzhi="4" />
<Fuwen fuwenID="940358" name="940358" desc="20005" type="8" icon="940358" color="10" fuwenLevel="3" shuxing="5" shuxingValue="80" fuwenFront="940258" fuwenNext="940458" shuxingName="2108" inlayColor="15" exp="180" lvlupExp="540" levelMax="9" suipianID="-1" suipianNum="0" pinzhi="4" />
<Fuwen fuwenID="940368" name="940368" desc="20006" type="8" icon="940368" color="10" fuwenLevel="3" shuxing="7" shuxingValue="80" fuwenFront="940268" fuwenNext="940468" shuxingName="2109" inlayColor="16" exp="180" lvlupExp="540" levelMax="9" suipianID="-1" suipianNum="0" pinzhi="4" />
<Fuwen fuwenID="940378" name="940378" desc="20007" type="8" icon="940378" color="10" fuwenLevel="3" shuxing="9" shuxingValue="80" fuwenFront="940278" fuwenNext="940478" shuxingName="2110" inlayColor="17" exp="180" lvlupExp="540" levelMax="9" suipianID="-1" suipianNum="0" pinzhi="4" />
<Fuwen fuwenID="940388" name="940388" desc="20008" type="8" icon="940388" color="10" fuwenLevel="3" shuxing="11" shuxingValue="80" fuwenFront="940288" fuwenNext="940488" shuxingName="2111" inlayColor="18" exp="180" lvlupExp="540" levelMax="9" suipianID="-1" suipianNum="0" pinzhi="4" />
<Fuwen fuwenID="940418" name="940418" desc="20001" type="8" icon="940418" color="10" fuwenLevel="4" shuxing="4" shuxingValue="160" fuwenFront="940318" fuwenNext="940518" shuxingName="2104" inlayColor="11" exp="720" lvlupExp="2160" levelMax="9" suipianID="-1" suipianNum="0" pinzhi="4" />
<Fuwen fuwenID="940428" name="940428" desc="20002" type="8" icon="940428" color="10" fuwenLevel="4" shuxing="6" shuxingValue="160" fuwenFront="940328" fuwenNext="940528" shuxingName="2105" inlayColor="12" exp="720" lvlupExp="2160" levelMax="9" suipianID="-1" suipianNum="0" pinzhi="4" />
<Fuwen fuwenID="940438" name="940438" desc="20003" type="8" icon="940438" color="10" fuwenLevel="4" shuxing="8" shuxingValue="160" fuwenFront="940338" fuwenNext="940538" shuxingName="2106" inlayColor="13" exp="720" lvlupExp="2160" levelMax="9" suipianID="-1" suipianNum="0" pinzhi="4" />
<Fuwen fuwenID="940448" name="940448" desc="20004" type="8" icon="940448" color="10" fuwenLevel="4" shuxing="10" shuxingValue="160" fuwenFront="940348" fuwenNext="940548" shuxingName="2107" inlayColor="14" exp="720" lvlupExp="2160" levelMax="9" suipianID="-1" suipianNum="0" pinzhi="4" />
<Fuwen fuwenID="940458" name="940458" desc="20005" type="8" icon="940458" color="10" fuwenLevel="4" shuxing="5" shuxingValue="160" fuwenFront="940358" fuwenNext="940558" shuxingName="2108" inlayColor="15" exp="720" lvlupExp="2160" levelMax="9" suipianID="-1" suipianNum="0" pinzhi="4" />
<Fuwen fuwenID="940468" name="940468" desc="20006" type="8" icon="940468" color="10" fuwenLevel="4" shuxing="7" shuxingValue="160" fuwenFront="940368" fuwenNext="940568" shuxingName="2109" inlayColor="16" exp="720" lvlupExp="2160" levelMax="9" suipianID="-1" suipianNum="0" pinzhi="4" />
<Fuwen fuwenID="940478" name="940478" desc="20007" type="8" icon="940478" color="10" fuwenLevel="4" shuxing="9" shuxingValue="160" fuwenFront="940378" fuwenNext="940578" shuxingName="2110" inlayColor="17" exp="720" lvlupExp="2160" levelMax="9" suipianID="-1" suipianNum="0" pinzhi="4" />
<Fuwen fuwenID="940488" name="940488" desc="20008" type="8" icon="940488" color="10" fuwenLevel="4" shuxing="11" shuxingValue="160" fuwenFront="940388" fuwenNext="940588" shuxingName="2111" inlayColor="18" exp="720" lvlupExp="2160" levelMax="9" suipianID="-1" suipianNum="0" pinzhi="4" />
<Fuwen fuwenID="940518" name="940518" desc="20001" type="8" icon="940518" color="10" fuwenLevel="5" shuxing="4" shuxingValue="320" fuwenFront="940418" fuwenNext="940618" shuxingName="2104" inlayColor="11" exp="2880" lvlupExp="5760" levelMax="9" suipianID="-1" suipianNum="0" pinzhi="4" />
<Fuwen fuwenID="940528" name="940528" desc="20002" type="8" icon="940528" color="10" fuwenLevel="5" shuxing="6" shuxingValue="320" fuwenFront="940428" fuwenNext="940628" shuxingName="2105" inlayColor="12" exp="2880" lvlupExp="5760" levelMax="9" suipianID="-1" suipianNum="0" pinzhi="4" />
<Fuwen fuwenID="940538" name="940538" desc="20003" type="8" icon="940538" color="10" fuwenLevel="5" shuxing="8" shuxingValue="320" fuwenFront="940438" fuwenNext="940638" shuxingName="2106" inlayColor="13" exp="2880" lvlupExp="5760" levelMax="9" suipianID="-1" suipianNum="0" pinzhi="4" />
<Fuwen fuwenID="940548" name="940548" desc="20004" type="8" icon="940548" color="10" fuwenLevel="5" shuxing="10" shuxingValue="320" fuwenFront="940448" fuwenNext="940648" shuxingName="2107" inlayColor="14" exp="2880" lvlupExp="5760" levelMax="9" suipianID="-1" suipianNum="0" pinzhi="4" />
<Fuwen fuwenID="940558" name="940558" desc="20005" type="8" icon="940558" color="10" fuwenLevel="5" shuxing="5" shuxingValue="320" fuwenFront="940458" fuwenNext="940658" shuxingName="2108" inlayColor="15" exp="2880" lvlupExp="5760" levelMax="9" suipianID="-1" suipianNum="0" pinzhi="4" />
<Fuwen fuwenID="940568" name="940568" desc="20006" type="8" icon="940568" color="10" fuwenLevel="5" shuxing="7" shuxingValue="320" fuwenFront="940468" fuwenNext="940668" shuxingName="2109" inlayColor="16" exp="2880" lvlupExp="5760" levelMax="9" suipianID="-1" suipianNum="0" pinzhi="4" />
<Fuwen fuwenID="940578" name="940578" desc="20007" type="8" icon="940578" color="10" fuwenLevel="5" shuxing="9" shuxingValue="320" fuwenFront="940478" fuwenNext="940678" shuxingName="2110" inlayColor="17" exp="2880" lvlupExp="5760" levelMax="9" suipianID="-1" suipianNum="0" pinzhi="4" />
<Fuwen fuwenID="940588" name="940588" desc="20008" type="8" icon="940588" color="10" fuwenLevel="5" shuxing="11" shuxingValue="320" fuwenFront="940488" fuwenNext="940688" shuxingName="2111" inlayColor="18" exp="2880" lvlupExp="5760" levelMax="9" suipianID="-1" suipianNum="0" pinzhi="4" />
<Fuwen fuwenID="940618" name="940618" desc="20001" type="8" icon="940618" color="10" fuwenLevel="6" shuxing="4" shuxingValue="480" fuwenFront="940518" fuwenNext="940718" shuxingName="2104" inlayColor="11" exp="8640" lvlupExp="17280" levelMax="9" suipianID="-1" suipianNum="0" pinzhi="4" />
<Fuwen fuwenID="940628" name="940628" desc="20002" type="8" icon="940628" color="10" fuwenLevel="6" shuxing="6" shuxingValue="480" fuwenFront="940528" fuwenNext="940728" shuxingName="2105" inlayColor="12" exp="8640" lvlupExp="17280" levelMax="9" suipianID="-1" suipianNum="0" pinzhi="4" />
<Fuwen fuwenID="940638" name="940638" desc="20003" type="8" icon="940638" color="10" fuwenLevel="6" shuxing="8" shuxingValue="480" fuwenFront="940538" fuwenNext="940738" shuxingName="2106" inlayColor="13" exp="8640" lvlupExp="17280" levelMax="9" suipianID="-1" suipianNum="0" pinzhi="4" />
<Fuwen fuwenID="940648" name="940648" desc="20004" type="8" icon="940648" color="10" fuwenLevel="6" shuxing="10" shuxingValue="480" fuwenFront="940548" fuwenNext="940748" shuxingName="2107" inlayColor="14" exp="8640" lvlupExp="17280" levelMax="9" suipianID="-1" suipianNum="0" pinzhi="4" />
<Fuwen fuwenID="940658" name="940658" desc="20005" type="8" icon="940658" color="10" fuwenLevel="6" shuxing="5" shuxingValue="480" fuwenFront="940558" fuwenNext="940758" shuxingName="2108" inlayColor="15" exp="8640" lvlupExp="17280" levelMax="9" suipianID="-1" suipianNum="0" pinzhi="4" />
<Fuwen fuwenID="940668" name="940668" desc="20006" type="8" icon="940668" color="10" fuwenLevel="6" shuxing="7" shuxingValue="480" fuwenFront="940568" fuwenNext="940768" shuxingName="2109" inlayColor="16" exp="8640" lvlupExp="17280" levelMax="9" suipianID="-1" suipianNum="0" pinzhi="4" />
<Fuwen fuwenID="940678" name="940678" desc="20007" type="8" icon="940678" color="10" fuwenLevel="6" shuxing="9" shuxingValue="480" fuwenFront="940578" fuwenNext="940778" shuxingName="2110" inlayColor="17" exp="8640" lvlupExp="17280" levelMax="9" suipianID="-1" suipianNum="0" pinzhi="4" />
<Fuwen fuwenID="940688" name="940688" desc="20008" type="8" icon="940688" color="10" fuwenLevel="6" shuxing="11" shuxingValue="480" fuwenFront="940588" fuwenNext="940788" shuxingName="2111" inlayColor="18" exp="8640" lvlupExp="17280" levelMax="9" suipianID="-1" suipianNum="0" pinzhi="4" />
<Fuwen fuwenID="940718" name="940718" desc="20001" type="8" icon="940718" color="10" fuwenLevel="7" shuxing="4" shuxingValue="720" fuwenFront="940618" fuwenNext="940818" shuxingName="2104" inlayColor="11" exp="25920" lvlupExp="77760" levelMax="9" suipianID="-1" suipianNum="0" pinzhi="4" />
<Fuwen fuwenID="940728" name="940728" desc="20002" type="8" icon="940728" color="10" fuwenLevel="7" shuxing="6" shuxingValue="720" fuwenFront="940628" fuwenNext="940828" shuxingName="2105" inlayColor="12" exp="25920" lvlupExp="77760" levelMax="9" suipianID="-1" suipianNum="0" pinzhi="4" />
<Fuwen fuwenID="940738" name="940738" desc="20003" type="8" icon="940738" color="10" fuwenLevel="7" shuxing="8" shuxingValue="720" fuwenFront="940638" fuwenNext="940838" shuxingName="2106" inlayColor="13" exp="25920" lvlupExp="77760" levelMax="9" suipianID="-1" suipianNum="0" pinzhi="4" />
<Fuwen fuwenID="940748" name="940748" desc="20004" type="8" icon="940748" color="10" fuwenLevel="7" shuxing="10" shuxingValue="720" fuwenFront="940648" fuwenNext="940848" shuxingName="2107" inlayColor="14" exp="25920" lvlupExp="77760" levelMax="9" suipianID="-1" suipianNum="0" pinzhi="4" />
<Fuwen fuwenID="940758" name="940758" desc="20005" type="8" icon="940758" color="10" fuwenLevel="7" shuxing="5" shuxingValue="720" fuwenFront="940658" fuwenNext="940858" shuxingName="2108" inlayColor="15" exp="25920" lvlupExp="77760" levelMax="9" suipianID="-1" suipianNum="0" pinzhi="4" />
<Fuwen fuwenID="940768" name="940768" desc="20006" type="8" icon="940768" color="10" fuwenLevel="7" shuxing="7" shuxingValue="720" fuwenFront="940668" fuwenNext="940868" shuxingName="2109" inlayColor="16" exp="25920" lvlupExp="77760" levelMax="9" suipianID="-1" suipianNum="0" pinzhi="4" />
<Fuwen fuwenID="940778" name="940778" desc="20007" type="8" icon="940778" color="10" fuwenLevel="7" shuxing="9" shuxingValue="720" fuwenFront="940678" fuwenNext="940878" shuxingName="2110" inlayColor="17" exp="25920" lvlupExp="77760" levelMax="9" suipianID="-1" suipianNum="0" pinzhi="4" />
<Fuwen fuwenID="940788" name="940788" desc="20008" type="8" icon="940788" color="10" fuwenLevel="7" shuxing="11" shuxingValue="720" fuwenFront="940688" fuwenNext="940888" shuxingName="2111" inlayColor="18" exp="25920" lvlupExp="77760" levelMax="9" suipianID="-1" suipianNum="0" pinzhi="4" />
<Fuwen fuwenID="940818" name="940818" desc="20001" type="8" icon="940818" color="10" fuwenLevel="8" shuxing="4" shuxingValue="1080" fuwenFront="940718" fuwenNext="940918" shuxingName="2104" inlayColor="11" exp="103680" lvlupExp="311040" levelMax="9" suipianID="-1" suipianNum="0" pinzhi="4" />
<Fuwen fuwenID="940828" name="940828" desc="20002" type="8" icon="940828" color="10" fuwenLevel="8" shuxing="6" shuxingValue="1080" fuwenFront="940728" fuwenNext="940928" shuxingName="2105" inlayColor="12" exp="103680" lvlupExp="311040" levelMax="9" suipianID="-1" suipianNum="0" pinzhi="4" />
<Fuwen fuwenID="940838" name="940838" desc="20003" type="8" icon="940838" color="10" fuwenLevel="8" shuxing="8" shuxingValue="1080" fuwenFront="940738" fuwenNext="940938" shuxingName="2106" inlayColor="13" exp="103680" lvlupExp="311040" levelMax="9" suipianID="-1" suipianNum="0" pinzhi="4" />
<Fuwen fuwenID="940848" name="940848" desc="20004" type="8" icon="940848" color="10" fuwenLevel="8" shuxing="10" shuxingValue="1080" fuwenFront="940748" fuwenNext="940948" shuxingName="2107" inlayColor="14" exp="103680" lvlupExp="311040" levelMax="9" suipianID="-1" suipianNum="0" pinzhi="4" />
<Fuwen fuwenID="940858" name="940858" desc="20005" type="8" icon="940858" color="10" fuwenLevel="8" shuxing="5" shuxingValue="1080" fuwenFront="940758" fuwenNext="940958" shuxingName="2108" inlayColor="15" exp="103680" lvlupExp="311040" levelMax="9" suipianID="-1" suipianNum="0" pinzhi="4" />
<Fuwen fuwenID="940868" name="940868" desc="20006" type="8" icon="940868" color="10" fuwenLevel="8" shuxing="7" shuxingValue="1080" fuwenFront="940768" fuwenNext="940968" shuxingName="2109" inlayColor="16" exp="103680" lvlupExp="311040" levelMax="9" suipianID="-1" suipianNum="0" pinzhi="4" />
<Fuwen fuwenID="940878" name="940878" desc="20007" type="8" icon="940878" color="10" fuwenLevel="8" shuxing="9" shuxingValue="1080" fuwenFront="940778" fuwenNext="940978" shuxingName="2110" inlayColor="17" exp="103680" lvlupExp="311040" levelMax="9" suipianID="-1" suipianNum="0" pinzhi="4" />
<Fuwen fuwenID="940888" name="940888" desc="20008" type="8" icon="940888" color="10" fuwenLevel="8" shuxing="11" shuxingValue="1080" fuwenFront="940788" fuwenNext="940988" shuxingName="2111" inlayColor="18" exp="103680" lvlupExp="311040" levelMax="9" suipianID="-1" suipianNum="0" pinzhi="4" />
<Fuwen fuwenID="940918" name="940918" desc="20001" type="8" icon="940918" color="10" fuwenLevel="9" shuxing="4" shuxingValue="1620" fuwenFront="940818" fuwenNext="-1" shuxingName="2104" inlayColor="11" exp="414720" lvlupExp="-1" levelMax="9" suipianID="-1" suipianNum="0" pinzhi="4" />
<Fuwen fuwenID="940928" name="940928" desc="20002" type="8" icon="940928" color="10" fuwenLevel="9" shuxing="6" shuxingValue="1620" fuwenFront="940828" fuwenNext="-1" shuxingName="2105" inlayColor="12" exp="414720" lvlupExp="-1" levelMax="9" suipianID="-1" suipianNum="0" pinzhi="4" />
<Fuwen fuwenID="940938" name="940938" desc="20003" type="8" icon="940938" color="10" fuwenLevel="9" shuxing="8" shuxingValue="1620" fuwenFront="940838" fuwenNext="-1" shuxingName="2106" inlayColor="13" exp="414720" lvlupExp="-1" levelMax="9" suipianID="-1" suipianNum="0" pinzhi="4" />
<Fuwen fuwenID="940948" name="940948" desc="20004" type="8" icon="940948" color="10" fuwenLevel="9" shuxing="10" shuxingValue="1620" fuwenFront="940848" fuwenNext="-1" shuxingName="2107" inlayColor="14" exp="414720" lvlupExp="-1" levelMax="9" suipianID="-1" suipianNum="0" pinzhi="4" />
<Fuwen fuwenID="940958" name="940958" desc="20005" type="8" icon="940958" color="10" fuwenLevel="9" shuxing="5" shuxingValue="1620" fuwenFront="940858" fuwenNext="-1" shuxingName="2108" inlayColor="15" exp="414720" lvlupExp="-1" levelMax="9" suipianID="-1" suipianNum="0" pinzhi="4" />
<Fuwen fuwenID="940968" name="940968" desc="20006" type="8" icon="940968" color="10" fuwenLevel="9" shuxing="7" shuxingValue="1620" fuwenFront="940868" fuwenNext="-1" shuxingName="2109" inlayColor="16" exp="414720" lvlupExp="-1" levelMax="9" suipianID="-1" suipianNum="0" pinzhi="4" />
<Fuwen fuwenID="940978" name="940978" desc="20007" type="8" icon="940978" color="10" fuwenLevel="9" shuxing="9" shuxingValue="1620" fuwenFront="940878" fuwenNext="-1" shuxingName="2110" inlayColor="17" exp="414720" lvlupExp="-1" levelMax="9" suipianID="-1" suipianNum="0" pinzhi="4" />
<Fuwen fuwenID="940988" name="940988" desc="20008" type="8" icon="940988" color="10" fuwenLevel="9" shuxing="11" shuxingValue="1620" fuwenFront="940888" fuwenNext="-1" shuxingName="2111" inlayColor="18" exp="414720" lvlupExp="-1" levelMax="9" suipianID="-1" suipianNum="0" pinzhi="4" />
</dataset>