<?xml version="1.0" encoding="UTF-8"?>
<dataset>
<GongjiType typeId="1" moveSpeed="7" attackSpeed="1" attackRange="4" shiyeRange="15" baojiX="10" baojiY="2" jnbaojiX="10" jnbaojiY="2" />
<GongjiType typeId="2" moveSpeed="7" attackSpeed="1" attackRange="4" shiyeRange="15" baojiX="10" baojiY="2" jnbaojiX="10" jnbaojiY="2" />
<GongjiType typeId="3" moveSpeed="7" attackSpeed="1" attackRange="15" shiyeRange="15" baojiX="10" baojiY="2" jnbaojiX="10" jnbaojiY="2" />
<GongjiType typeId="11" moveSpeed="7" attackSpeed="1" attackRange="4" shiyeRange="12" baojiX="10" baojiY="2" jnbaojiX="10" jnbaojiY="2" />
<GongjiType typeId="12" moveSpeed="8" attackSpeed="1" attackRange="4" shiyeRange="12" baojiX="10" baojiY="2" jnbaojiX="10" jnbaojiY="2" />
<GongjiType typeId="13" moveSpeed="7" attackSpeed="1" attackRange="12" shiyeRange="12" baojiX="10" baojiY="2" jnbaojiX="10" jnbaojiY="2" />
<GongjiType typeId="14" moveSpeed="8" attackSpeed="1" attackRange="10" shiyeRange="12" baojiX="10" baojiY="2" jnbaojiX="10" jnbaojiY="2" />
<GongjiType typeId="10" moveSpeed="8" attackSpeed="90000" attackRange="12" shiyeRange="12" baojiX="10" baojiY="2" jnbaojiX="10" jnbaojiY="2" />
<GongjiType typeId="21" moveSpeed="6" attackSpeed="2" attackRange="4" shiyeRange="12" baojiX="10" baojiY="2" jnbaojiX="10" jnbaojiY="2" />
<GongjiType typeId="22" moveSpeed="8" attackSpeed="2" attackRange="4" shiyeRange="12" baojiX="10" baojiY="2" jnbaojiX="10" jnbaojiY="2" />
<GongjiType typeId="23" moveSpeed="6" attackSpeed="2" attackRange="12" shiyeRange="12" baojiX="10" baojiY="2" jnbaojiX="10" jnbaojiY="2" />
<GongjiType typeId="24" moveSpeed="8" attackSpeed="2" attackRange="10" shiyeRange="12" baojiX="10" baojiY="2" jnbaojiX="10" jnbaojiY="2" />
<GongjiType typeId="301" moveSpeed="6" attackSpeed="90000" attackRange="4" shiyeRange="12" baojiX="10" baojiY="2" jnbaojiX="10" jnbaojiY="2" />
<GongjiType typeId="30" moveSpeed="6" attackSpeed="90000" attackRange="12" shiyeRange="12" baojiX="10" baojiY="2" jnbaojiX="10" jnbaojiY="2" />
<GongjiType typeId="31" moveSpeed="6" attackSpeed="90000" attackRange="12" shiyeRange="12" baojiX="10" baojiY="2" jnbaojiX="10" jnbaojiY="2" />
<GongjiType typeId="32" moveSpeed="8" attackSpeed="1" attackRange="4" shiyeRange="12" baojiX="10" baojiY="2" jnbaojiX="10" jnbaojiY="2" />
<GongjiType typeId="33" moveSpeed="7" attackSpeed="1" attackRange="4" shiyeRange="12" baojiX="10" baojiY="2" jnbaojiX="10" jnbaojiY="2" />
<GongjiType typeId="34" moveSpeed="7" attackSpeed="1" attackRange="4" shiyeRange="12" baojiX="10" baojiY="2" jnbaojiX="10" jnbaojiY="2" />
<GongjiType typeId="35" moveSpeed="8" attackSpeed="1" attackRange="12" shiyeRange="12" baojiX="10" baojiY="2" jnbaojiX="10" jnbaojiY="2" />
<GongjiType typeId="36" moveSpeed="8" attackSpeed="1" attackRange="4" shiyeRange="12" baojiX="10" baojiY="2" jnbaojiX="10" jnbaojiY="2" />
<GongjiType typeId="37" moveSpeed="6" attackSpeed="1" attackRange="4" shiyeRange="12" baojiX="10" baojiY="2" jnbaojiX="10" jnbaojiY="2" />
<GongjiType typeId="38" moveSpeed="7" attackSpeed="1" attackRange="12" shiyeRange="12" baojiX="10" baojiY="2" jnbaojiX="10" jnbaojiY="2" />
<GongjiType typeId="44" moveSpeed="7" attackSpeed="90000" attackRange="2" shiyeRange="12" baojiX="10" baojiY="2" jnbaojiX="10" jnbaojiY="2" />
<GongjiType typeId="511" moveSpeed="10.5" attackSpeed="1" attackRange="4" shiyeRange="12" baojiX="10" baojiY="2" jnbaojiX="10" jnbaojiY="2" />
<GongjiType typeId="512" moveSpeed="12" attackSpeed="1" attackRange="4" shiyeRange="12" baojiX="10" baojiY="2" jnbaojiX="10" jnbaojiY="2" />
<GongjiType typeId="513" moveSpeed="10.5" attackSpeed="1" attackRange="12" shiyeRange="12" baojiX="10" baojiY="2" jnbaojiX="10" jnbaojiY="2" />
<GongjiType typeId="514" moveSpeed="12" attackSpeed="1" attackRange="10" shiyeRange="12" baojiX="10" baojiY="2" jnbaojiX="10" jnbaojiY="2" />
<GongjiType typeId="510" moveSpeed="12" attackSpeed="90000" attackRange="12" shiyeRange="12" baojiX="10" baojiY="2" jnbaojiX="10" jnbaojiY="2" />
<GongjiType typeId="521" moveSpeed="9" attackSpeed="2" attackRange="4" shiyeRange="12" baojiX="10" baojiY="2" jnbaojiX="10" jnbaojiY="2" />
<GongjiType typeId="522" moveSpeed="12" attackSpeed="2" attackRange="4" shiyeRange="12" baojiX="10" baojiY="2" jnbaojiX="10" jnbaojiY="2" />
<GongjiType typeId="523" moveSpeed="9" attackSpeed="2" attackRange="12" shiyeRange="12" baojiX="10" baojiY="2" jnbaojiX="10" jnbaojiY="2" />
<GongjiType typeId="524" moveSpeed="12" attackSpeed="2" attackRange="10" shiyeRange="12" baojiX="10" baojiY="2" jnbaojiX="10" jnbaojiY="2" />
<GongjiType typeId="801" moveSpeed="9" attackSpeed="90000" attackRange="4" shiyeRange="12" baojiX="10" baojiY="2" jnbaojiX="10" jnbaojiY="2" />
<GongjiType typeId="530" moveSpeed="9" attackSpeed="90000" attackRange="12" shiyeRange="12" baojiX="10" baojiY="2" jnbaojiX="10" jnbaojiY="2" />
<GongjiType typeId="531" moveSpeed="9" attackSpeed="90000" attackRange="12" shiyeRange="12" baojiX="10" baojiY="2" jnbaojiX="10" jnbaojiY="2" />
<GongjiType typeId="532" moveSpeed="12" attackSpeed="1" attackRange="4" shiyeRange="12" baojiX="10" baojiY="2" jnbaojiX="10" jnbaojiY="2" />
<GongjiType typeId="533" moveSpeed="10.5" attackSpeed="1" attackRange="4" shiyeRange="12" baojiX="10" baojiY="2" jnbaojiX="10" jnbaojiY="2" />
<GongjiType typeId="534" moveSpeed="10.5" attackSpeed="1" attackRange="4" shiyeRange="12" baojiX="10" baojiY="2" jnbaojiX="10" jnbaojiY="2" />
<GongjiType typeId="535" moveSpeed="12" attackSpeed="1" attackRange="12" shiyeRange="12" baojiX="10" baojiY="2" jnbaojiX="10" jnbaojiY="2" />
<GongjiType typeId="536" moveSpeed="12" attackSpeed="1" attackRange="4" shiyeRange="12" baojiX="10" baojiY="2" jnbaojiX="10" jnbaojiY="2" />
<GongjiType typeId="537" moveSpeed="9" attackSpeed="1" attackRange="4" shiyeRange="12" baojiX="10" baojiY="2" jnbaojiX="10" jnbaojiY="2" />
<GongjiType typeId="538" moveSpeed="10.5" attackSpeed="1" attackRange="12" shiyeRange="12" baojiX="10" baojiY="2" jnbaojiX="10" jnbaojiY="2" />
<GongjiType typeId="544" moveSpeed="10.5" attackSpeed="90000" attackRange="2" shiyeRange="12" baojiX="10" baojiY="2" jnbaojiX="10" jnbaojiY="2" />
<GongjiType typeId="1011" moveSpeed="7" attackSpeed="1" attackRange="4" shiyeRange="1000" baojiX="10" baojiY="2" jnbaojiX="10" jnbaojiY="2" />
<GongjiType typeId="1012" moveSpeed="8" attackSpeed="1" attackRange="4" shiyeRange="1000" baojiX="10" baojiY="2" jnbaojiX="10" jnbaojiY="2" />
<GongjiType typeId="1013" moveSpeed="7" attackSpeed="1" attackRange="12" shiyeRange="1000" baojiX="10" baojiY="2" jnbaojiX="10" jnbaojiY="2" />
<GongjiType typeId="1014" moveSpeed="8" attackSpeed="1" attackRange="10" shiyeRange="1000" baojiX="10" baojiY="2" jnbaojiX="10" jnbaojiY="2" />
<GongjiType typeId="1021" moveSpeed="6" attackSpeed="2" attackRange="4" shiyeRange="1000" baojiX="10" baojiY="2" jnbaojiX="10" jnbaojiY="2" />
<GongjiType typeId="1022" moveSpeed="8" attackSpeed="2" attackRange="4" shiyeRange="1000" baojiX="10" baojiY="2" jnbaojiX="10" jnbaojiY="2" />
<GongjiType typeId="1023" moveSpeed="6" attackSpeed="2" attackRange="12" shiyeRange="1000" baojiX="10" baojiY="2" jnbaojiX="10" jnbaojiY="2" />
<GongjiType typeId="1024" moveSpeed="8" attackSpeed="2" attackRange="10" shiyeRange="1000" baojiX="10" baojiY="2" jnbaojiX="10" jnbaojiY="2" />
<GongjiType typeId="10301" moveSpeed="6" attackSpeed="90000" attackRange="4" shiyeRange="1000" baojiX="10" baojiY="2" jnbaojiX="10" jnbaojiY="2" />
<GongjiType typeId="1030" moveSpeed="6" attackSpeed="90000" attackRange="12" shiyeRange="1000" baojiX="10" baojiY="2" jnbaojiX="10" jnbaojiY="2" />
<GongjiType typeId="10302" moveSpeed="0" attackSpeed="90000" attackRange="12" shiyeRange="1000" baojiX="10" baojiY="2" jnbaojiX="10" jnbaojiY="2" />
<GongjiType typeId="1031" moveSpeed="6" attackSpeed="90000" attackRange="12" shiyeRange="1000" baojiX="10" baojiY="2" jnbaojiX="10" jnbaojiY="2" />
<GongjiType typeId="1032" moveSpeed="8" attackSpeed="1" attackRange="4" shiyeRange="1000" baojiX="10" baojiY="2" jnbaojiX="10" jnbaojiY="2" />
<GongjiType typeId="1033" moveSpeed="7" attackSpeed="1" attackRange="4" shiyeRange="1000" baojiX="10" baojiY="2" jnbaojiX="10" jnbaojiY="2" />
<GongjiType typeId="1034" moveSpeed="7" attackSpeed="1" attackRange="4" shiyeRange="1000" baojiX="10" baojiY="2" jnbaojiX="10" jnbaojiY="2" />
<GongjiType typeId="1035" moveSpeed="8" attackSpeed="1" attackRange="12" shiyeRange="1000" baojiX="10" baojiY="2" jnbaojiX="10" jnbaojiY="2" />
<GongjiType typeId="1036" moveSpeed="8" attackSpeed="1" attackRange="4" shiyeRange="1000" baojiX="10" baojiY="2" jnbaojiX="10" jnbaojiY="2" />
<GongjiType typeId="1037" moveSpeed="6" attackSpeed="1" attackRange="4" shiyeRange="1000" baojiX="10" baojiY="2" jnbaojiX="10" jnbaojiY="2" />
<GongjiType typeId="1038" moveSpeed="7" attackSpeed="1" attackRange="12" shiyeRange="1000" baojiX="10" baojiY="2" jnbaojiX="10" jnbaojiY="2" />
<GongjiType typeId="1044" moveSpeed="7" attackSpeed="90000" attackRange="2" shiyeRange="1000" baojiX="10" baojiY="2" jnbaojiX="10" jnbaojiY="2" />
<GongjiType typeId="1511" moveSpeed="10.5" attackSpeed="1" attackRange="4" shiyeRange="1000" baojiX="10" baojiY="2" jnbaojiX="10" jnbaojiY="2" />
<GongjiType typeId="1512" moveSpeed="12" attackSpeed="1" attackRange="4" shiyeRange="1000" baojiX="10" baojiY="2" jnbaojiX="10" jnbaojiY="2" />
<GongjiType typeId="1513" moveSpeed="10.5" attackSpeed="1" attackRange="12" shiyeRange="1000" baojiX="10" baojiY="2" jnbaojiX="10" jnbaojiY="2" />
<GongjiType typeId="1514" moveSpeed="12" attackSpeed="1" attackRange="10" shiyeRange="1000" baojiX="10" baojiY="2" jnbaojiX="10" jnbaojiY="2" />
<GongjiType typeId="1521" moveSpeed="12" attackSpeed="90000" attackRange="12" shiyeRange="1000" baojiX="10" baojiY="2" jnbaojiX="10" jnbaojiY="2" />
<GongjiType typeId="1522" moveSpeed="9" attackSpeed="2" attackRange="4" shiyeRange="1000" baojiX="10" baojiY="2" jnbaojiX="10" jnbaojiY="2" />
<GongjiType typeId="1523" moveSpeed="12" attackSpeed="2" attackRange="4" shiyeRange="1000" baojiX="10" baojiY="2" jnbaojiX="10" jnbaojiY="2" />
<GongjiType typeId="1524" moveSpeed="9" attackSpeed="2" attackRange="12" shiyeRange="1000" baojiX="10" baojiY="2" jnbaojiX="10" jnbaojiY="2" />
<GongjiType typeId="10801" moveSpeed="12" attackSpeed="2" attackRange="10" shiyeRange="1000" baojiX="10" baojiY="2" jnbaojiX="10" jnbaojiY="2" />
<GongjiType typeId="1530" moveSpeed="9" attackSpeed="90000" attackRange="4" shiyeRange="1000" baojiX="10" baojiY="2" jnbaojiX="10" jnbaojiY="2" />
<GongjiType typeId="10802" moveSpeed="9" attackSpeed="90000" attackRange="12" shiyeRange="1000" baojiX="10" baojiY="2" jnbaojiX="10" jnbaojiY="2" />
<GongjiType typeId="1531" moveSpeed="9" attackSpeed="90000" attackRange="12" shiyeRange="1000" baojiX="10" baojiY="2" jnbaojiX="10" jnbaojiY="2" />
<GongjiType typeId="1532" moveSpeed="12" attackSpeed="1" attackRange="4" shiyeRange="1000" baojiX="10" baojiY="2" jnbaojiX="10" jnbaojiY="2" />
<GongjiType typeId="1533" moveSpeed="10.5" attackSpeed="1" attackRange="4" shiyeRange="1000" baojiX="10" baojiY="2" jnbaojiX="10" jnbaojiY="2" />
<GongjiType typeId="1534" moveSpeed="10.5" attackSpeed="1" attackRange="4" shiyeRange="1000" baojiX="10" baojiY="2" jnbaojiX="10" jnbaojiY="2" />
<GongjiType typeId="1535" moveSpeed="12" attackSpeed="1" attackRange="12" shiyeRange="1000" baojiX="10" baojiY="2" jnbaojiX="10" jnbaojiY="2" />
<GongjiType typeId="1536" moveSpeed="12" attackSpeed="1" attackRange="4" shiyeRange="1000" baojiX="10" baojiY="2" jnbaojiX="10" jnbaojiY="2" />
<GongjiType typeId="1537" moveSpeed="9" attackSpeed="1" attackRange="4" shiyeRange="1000" baojiX="10" baojiY="2" jnbaojiX="10" jnbaojiY="2" />
<GongjiType typeId="1538" moveSpeed="10.5" attackSpeed="1" attackRange="12" shiyeRange="1000" baojiX="10" baojiY="2" jnbaojiX="10" jnbaojiY="2" />
<GongjiType typeId="1544" moveSpeed="10.5" attackSpeed="90000" attackRange="2" shiyeRange="1000" baojiX="10" baojiY="2" jnbaojiX="10" jnbaojiY="2" />
<GongjiType typeId="2011" moveSpeed="7" attackSpeed="0" attackRange="0" shiyeRange="0" baojiX="0" baojiY="0" jnbaojiX="0" jnbaojiY="0" />
<GongjiType typeId="3000" moveSpeed="0" attackSpeed="0" attackRange="0" shiyeRange="1000" baojiX="10" baojiY="2" jnbaojiX="10" jnbaojiY="2" />
<GongjiType typeId="3001" moveSpeed="8" attackSpeed="1" attackRange="4" shiyeRange="1000" baojiX="10" baojiY="2" jnbaojiX="10" jnbaojiY="2" />
<GongjiType typeId="4000" moveSpeed="0" attackSpeed="0" attackRange="0" shiyeRange="1000" baojiX="10" baojiY="2" jnbaojiX="10" jnbaojiY="2" />
<GongjiType typeId="4001" moveSpeed="2" attackSpeed="0" attackRange="0" shiyeRange="-10" baojiX="10" baojiY="2" jnbaojiX="10" jnbaojiY="2" />
<GongjiType typeId="4002" moveSpeed="2" attackSpeed="0" attackRange="0" shiyeRange="-10" baojiX="10" baojiY="2" jnbaojiX="10" jnbaojiY="2" />
<GongjiType typeId="4003" moveSpeed="2" attackSpeed="0" attackRange="0" shiyeRange="-10" baojiX="10" baojiY="2" jnbaojiX="10" jnbaojiY="2" />
<GongjiType typeId="4004" moveSpeed="2" attackSpeed="0" attackRange="0" shiyeRange="-10" baojiX="10" baojiY="2" jnbaojiX="10" jnbaojiY="2" />
<GongjiType typeId="4005" moveSpeed="2" attackSpeed="0" attackRange="0" shiyeRange="-10" baojiX="10" baojiY="2" jnbaojiX="10" jnbaojiY="2" />
<GongjiType typeId="4006" moveSpeed="1.5" attackSpeed="0" attackRange="0" shiyeRange="-10" baojiX="10" baojiY="2" jnbaojiX="10" jnbaojiY="2" />
<GongjiType typeId="5000" moveSpeed="0" attackSpeed="2" attackRange="12" shiyeRange="1000" baojiX="10" baojiY="2" jnbaojiX="10" jnbaojiY="2" />
<GongjiType typeId="5001" moveSpeed="0" attackSpeed="90000" attackRange="12" shiyeRange="1000" baojiX="10" baojiY="2" jnbaojiX="10" jnbaojiY="2" />
<GongjiType typeId="5051" moveSpeed="0" attackSpeed="1" attackRange="4" shiyeRange="3" baojiX="10" baojiY="2" jnbaojiX="10" jnbaojiY="2" />
<GongjiType typeId="5052" moveSpeed="0" attackSpeed="1" attackRange="4" shiyeRange="3" baojiX="10" baojiY="2" jnbaojiX="10" jnbaojiY="2" />
<GongjiType typeId="5053" moveSpeed="0" attackSpeed="1" attackRange="4" shiyeRange="3" baojiX="10" baojiY="2" jnbaojiX="10" jnbaojiY="2" />
<GongjiType typeId="5054" moveSpeed="0" attackSpeed="2" attackRange="4" shiyeRange="3" baojiX="10" baojiY="2" jnbaojiX="10" jnbaojiY="2" />
<GongjiType typeId="5055" moveSpeed="0" attackSpeed="1" attackRange="4" shiyeRange="3" baojiX="10" baojiY="2" jnbaojiX="10" jnbaojiY="2" />
<GongjiType typeId="5056" moveSpeed="0" attackSpeed="1" attackRange="4" shiyeRange="3" baojiX="10" baojiY="2" jnbaojiX="10" jnbaojiY="2" />
<GongjiType typeId="5057" moveSpeed="0" attackSpeed="1" attackRange="4" shiyeRange="3" baojiX="10" baojiY="2" jnbaojiX="10" jnbaojiY="2" />
<GongjiType typeId="5058" moveSpeed="0" attackSpeed="2" attackRange="4" shiyeRange="3" baojiX="10" baojiY="2" jnbaojiX="10" jnbaojiY="2" />
<GongjiType typeId="6001" moveSpeed="2" attackSpeed="1" attackRange="4" shiyeRange="1000" baojiX="10" baojiY="2" jnbaojiX="10" jnbaojiY="2" />
<GongjiType typeId="6002" moveSpeed="2" attackSpeed="1" attackRange="4" shiyeRange="1000" baojiX="10" baojiY="2" jnbaojiX="10" jnbaojiY="2" />
<GongjiType typeId="6003" moveSpeed="2" attackSpeed="1" attackRange="4" shiyeRange="1000" baojiX="10" baojiY="2" jnbaojiX="10" jnbaojiY="2" />
<GongjiType typeId="6004" moveSpeed="3" attackSpeed="1" attackRange="4" shiyeRange="1000" baojiX="10" baojiY="2" jnbaojiX="10" jnbaojiY="2" />
<GongjiType typeId="6005" moveSpeed="2" attackSpeed="1" attackRange="4" shiyeRange="1000" baojiX="10" baojiY="2" jnbaojiX="10" jnbaojiY="2" />
<GongjiType typeId="6006" moveSpeed="2" attackSpeed="1" attackRange="4" shiyeRange="1000" baojiX="10" baojiY="2" jnbaojiX="10" jnbaojiY="2" />
<GongjiType typeId="7001" moveSpeed="7" attackSpeed="1" attackRange="6" shiyeRange="12" baojiX="10" baojiY="2" jnbaojiX="10" jnbaojiY="2" />
<GongjiType typeId="7002" moveSpeed="7" attackSpeed="2" attackRange="6" shiyeRange="12" baojiX="10" baojiY="2" jnbaojiX="10" jnbaojiY="2" />
<GongjiType typeId="7003" moveSpeed="7" attackSpeed="1" attackRange="6" shiyeRange="12" baojiX="10" baojiY="2" jnbaojiX="10" jnbaojiY="2" />
<GongjiType typeId="7004" moveSpeed="7" attackSpeed="1" attackRange="6" shiyeRange="12" baojiX="10" baojiY="2" jnbaojiX="10" jnbaojiY="2" />
<GongjiType typeId="7005" moveSpeed="8" attackSpeed="1" attackRange="6" shiyeRange="12" baojiX="10" baojiY="2" jnbaojiX="10" jnbaojiY="2" />
<GongjiType typeId="7006" moveSpeed="7" attackSpeed="1" attackRange="12" shiyeRange="12" baojiX="10" baojiY="2" jnbaojiX="10" jnbaojiY="2" />
<GongjiType typeId="7007" moveSpeed="6" attackSpeed="1" attackRange="8" shiyeRange="12" baojiX="10" baojiY="2" jnbaojiX="10" jnbaojiY="2" />
<GongjiType typeId="7008" moveSpeed="6" attackSpeed="1" attackRange="6" shiyeRange="12" baojiX="10" baojiY="2" jnbaojiX="10" jnbaojiY="2" />
<GongjiType typeId="7009" moveSpeed="8" attackSpeed="1" attackRange="6" shiyeRange="12" baojiX="10" baojiY="2" jnbaojiX="10" jnbaojiY="2" />
<GongjiType typeId="7010" moveSpeed="7" attackSpeed="1" attackRange="6" shiyeRange="12" baojiX="10" baojiY="2" jnbaojiX="10" jnbaojiY="2" />
<GongjiType typeId="7011" moveSpeed="9" attackSpeed="1" attackRange="6" shiyeRange="1000" baojiX="10" baojiY="2" jnbaojiX="10" jnbaojiY="2" />
<GongjiType typeId="9001" moveSpeed="4" attackSpeed="0" attackRange="0" shiyeRange="-10" baojiX="10" baojiY="2" jnbaojiX="10" jnbaojiY="2" />
<GongjiType typeId="9051" moveSpeed="4" attackSpeed="1" attackRange="4" shiyeRange="3" baojiX="10" baojiY="2" jnbaojiX="10" jnbaojiY="2" />
<GongjiType typeId="9052" moveSpeed="6" attackSpeed="1" attackRange="4" shiyeRange="3" baojiX="10" baojiY="2" jnbaojiX="10" jnbaojiY="2" />
<GongjiType typeId="9053" moveSpeed="4" attackSpeed="1" attackRange="4" shiyeRange="3" baojiX="10" baojiY="2" jnbaojiX="10" jnbaojiY="2" />
<GongjiType typeId="9054" moveSpeed="5" attackSpeed="2" attackRange="4" shiyeRange="3" baojiX="10" baojiY="2" jnbaojiX="10" jnbaojiY="2" />
<GongjiType typeId="9055" moveSpeed="4" attackSpeed="1" attackRange="4" shiyeRange="3" baojiX="10" baojiY="2" jnbaojiX="10" jnbaojiY="2" />
<GongjiType typeId="9056" moveSpeed="5" attackSpeed="2" attackRange="4" shiyeRange="3" baojiX="10" baojiY="2" jnbaojiX="10" jnbaojiY="2" />
<GongjiType typeId="9057" moveSpeed="4" attackSpeed="1" attackRange="4" shiyeRange="3" baojiX="10" baojiY="2" jnbaojiX="10" jnbaojiY="2" />
<GongjiType typeId="9058" moveSpeed="5" attackSpeed="2" attackRange="4" shiyeRange="3" baojiX="10" baojiY="2" jnbaojiX="10" jnbaojiY="2" />
<GongjiType typeId="9059" moveSpeed="5" attackSpeed="2" attackRange="4" shiyeRange="3" baojiX="10" baojiY="2" jnbaojiX="10" jnbaojiY="2" />
<GongjiType typeId="9060" moveSpeed="5" attackSpeed="1" attackRange="4" shiyeRange="3" baojiX="10" baojiY="2" jnbaojiX="10" jnbaojiY="2" />
<GongjiType typeId="9061" moveSpeed="4" attackSpeed="1" attackRange="4" shiyeRange="3" baojiX="10" baojiY="2" jnbaojiX="10" jnbaojiY="2" />
<GongjiType typeId="9062" moveSpeed="5" attackSpeed="1" attackRange="4" shiyeRange="3" baojiX="10" baojiY="2" jnbaojiX="10" jnbaojiY="2" />
<GongjiType typeId="9063" moveSpeed="4" attackSpeed="1" attackRange="4" shiyeRange="3" baojiX="10" baojiY="2" jnbaojiX="10" jnbaojiY="2" />
<GongjiType typeId="9064" moveSpeed="4" attackSpeed="1" attackRange="4" shiyeRange="3" baojiX="10" baojiY="2" jnbaojiX="10" jnbaojiY="2" />
<GongjiType typeId="9065" moveSpeed="4" attackSpeed="1" attackRange="4" shiyeRange="3" baojiX="10" baojiY="2" jnbaojiX="10" jnbaojiY="2" />
<GongjiType typeId="9066" moveSpeed="4" attackSpeed="1" attackRange="4" shiyeRange="3" baojiX="10" baojiY="2" jnbaojiX="10" jnbaojiY="2" />
</dataset>