<?xml version="1.0" encoding="UTF-8"?>
<dataset>
<GongXunDuihuan id="1001" itemType="2" itemId="102003" itemNum="1" needNum="500" weight="10000" site="1" max="2" ifRecomanded="1" />
<GongXunDuihuan id="1002" itemType="2" itemId="102102" itemNum="1" needNum="333" weight="10000" site="2" max="2" ifRecomanded="1" />
<GongXunDuihuan id="1003" itemType="2" itemId="102106" itemNum="1" needNum="1000" weight="10000" site="3" max="2" ifRecomanded="1" />
<GongXunDuihuan id="1004" itemType="5" itemId="313001" itemNum="1" needNum="600" weight="10000" site="4" max="2" ifRecomanded="1" />
<GongXunDuihuan id="1005" itemType="7" itemId="902017" itemNum="1" needNum="1600" weight="10000" site="5" max="999" ifRecomanded="0" />
<GongXunDuihuan id="1006" itemType="7" itemId="902027" itemNum="1" needNum="1600" weight="10000" site="6" max="999" ifRecomanded="0" />
<GongXunDuihuan id="1007" itemType="7" itemId="902037" itemNum="1" needNum="1600" weight="10000" site="7" max="999" ifRecomanded="0" />
<GongXunDuihuan id="1008" itemType="0" itemId="910002" itemNum="1" needNum="800" weight="10000" site="8" max="3" ifRecomanded="0" />
</dataset>