<?xml version="1.0" encoding="UTF-8"?>
<dataset>
<GuanQiaJunZhu id="500001" minRank="1000" maxRank="100" zhiye="1" level="1" gongji="12" fangyu="80" shengming="1000" wqSH="0" wqJM="0" wqBJ="0" wqRX="0" jnSH="0" jnJM="0" jnBJ="0" jnRX="0" skill1="0" skill2="0" skill3="0" skill4="0" skill5="0" power="145" mibao1="301021" mibao2="301022" mibao3="301023" mibaoLv="1" mibaoStar="1" weapon1="101001" weapon2="101002" weapon3="101003" profession="0" type="5" mibaoZuhe="1" mibaoZuheLv="1" pugongHeavy="1100" skill1Heavy="1200" skill2Heavy="1300" pugongLight="2100" skill1Light="2200" skill2Light="2300" pugongRange="3100" skill1Range="3200" skill2Range="3300" />
<GuanQiaJunZhu id="500002" minRank="990" maxRank="99" zhiye="1" level="2" gongji="22" fangyu="90" shengming="1200" wqSH="0" wqJM="0" wqBJ="0" wqRX="0" jnSH="0" jnJM="0" jnBJ="0" jnRX="0" skill1="0" skill2="0" skill3="0" skill4="0" skill5="0" power="181" mibao1="301021" mibao2="301022" mibao3="301023" mibaoLv="2" mibaoStar="1" weapon1="101001" weapon2="101002" weapon3="101003" profession="0" type="5" mibaoZuhe="1" mibaoZuheLv="1" pugongHeavy="1100" skill1Heavy="1200" skill2Heavy="1300" pugongLight="2100" skill1Light="2200" skill2Light="2300" pugongRange="3100" skill1Range="3200" skill2Range="3300" />
<GuanQiaJunZhu id="500003" minRank="980" maxRank="98" zhiye="1" level="3" gongji="42" fangyu="100" shengming="1400" wqSH="0" wqJM="0" wqBJ="0" wqRX="0" jnSH="0" jnJM="0" jnBJ="0" jnRX="0" skill1="0" skill2="0" skill3="0" skill4="0" skill5="0" power="252" mibao1="301021" mibao2="301022" mibao3="301023" mibaoLv="3" mibaoStar="1" weapon1="101001" weapon2="101002" weapon3="101003" profession="0" type="5" mibaoZuhe="1" mibaoZuheLv="1" pugongHeavy="1100" skill1Heavy="1200" skill2Heavy="1300" pugongLight="2100" skill1Light="2200" skill2Light="2300" pugongRange="3100" skill1Range="3200" skill2Range="3300" />
<GuanQiaJunZhu id="500004" minRank="970" maxRank="97" zhiye="1" level="4" gongji="88" fangyu="153" shengming="2498" wqSH="0" wqJM="0" wqBJ="0" wqRX="0" jnSH="0" jnJM="0" jnBJ="0" jnRX="0" skill1="0" skill2="0" skill3="0" skill4="0" skill5="0" power="435" mibao1="301021" mibao2="301022" mibao3="301023" mibaoLv="4" mibaoStar="1" weapon1="101001" weapon2="101002" weapon3="101003" profession="0" type="5" mibaoZuhe="1" mibaoZuheLv="1" pugongHeavy="1100" skill1Heavy="1200" skill2Heavy="1300" pugongLight="2100" skill1Light="2200" skill2Light="2300" pugongRange="3100" skill1Range="3200" skill2Range="3300" />
<GuanQiaJunZhu id="500005" minRank="960" maxRank="96" zhiye="1" level="5" gongji="72" fangyu="211" shengming="2696" wqSH="0" wqJM="0" wqBJ="0" wqRX="0" jnSH="0" jnJM="0" jnBJ="0" jnRX="0" skill1="0" skill2="0" skill3="0" skill4="0" skill5="0" power="497" mibao1="301021" mibao2="301022" mibao3="301023" mibaoLv="5" mibaoStar="1" weapon1="101001" weapon2="101002" weapon3="101003" profession="0" type="5" mibaoZuhe="1" mibaoZuheLv="1" pugongHeavy="1100" skill1Heavy="1200" skill2Heavy="1300" pugongLight="2100" skill1Light="2200" skill2Light="2300" pugongRange="3100" skill1Range="3200" skill2Range="3300" />
<GuanQiaJunZhu id="500006" minRank="950" maxRank="95" zhiye="1" level="6" gongji="94" fangyu="221" shengming="2896" wqSH="0" wqJM="0" wqBJ="0" wqRX="0" jnSH="0" jnJM="0" jnBJ="0" jnRX="0" skill1="0" skill2="0" skill3="0" skill4="0" skill5="0" power="547" mibao1="301021" mibao2="301022" mibao3="301023" mibaoLv="6" mibaoStar="1" weapon1="101001" weapon2="101002" weapon3="101003" profession="0" type="5" mibaoZuhe="1" mibaoZuheLv="1" pugongHeavy="1100" skill1Heavy="1200" skill2Heavy="1300" pugongLight="2100" skill1Light="2200" skill2Light="2300" pugongRange="3100" skill1Range="3200" skill2Range="3300" />
<GuanQiaJunZhu id="500007" minRank="940" maxRank="94" zhiye="1" level="7" gongji="82" fangyu="297" shengming="3416" wqSH="0" wqJM="0" wqBJ="0" wqRX="0" jnSH="0" jnJM="0" jnBJ="0" jnRX="0" skill1="0" skill2="0" skill3="0" skill4="0" skill5="0" power="654" mibao1="301021" mibao2="301022" mibao3="301023" mibaoLv="7" mibaoStar="1" weapon1="101001" weapon2="101002" weapon3="101003" profession="0" type="5" mibaoZuhe="1" mibaoZuheLv="1" pugongHeavy="1100" skill1Heavy="1200" skill2Heavy="1300" pugongLight="2100" skill1Light="2200" skill2Light="2300" pugongRange="3100" skill1Range="3200" skill2Range="3300" />
<GuanQiaJunZhu id="500008" minRank="930" maxRank="93" zhiye="1" level="8" gongji="146" fangyu="307" shengming="3616" wqSH="0" wqJM="0" wqBJ="0" wqRX="0" jnSH="0" jnJM="0" jnBJ="0" jnRX="0" skill1="0" skill2="0" skill3="0" skill4="0" skill5="0" power="754" mibao1="301021" mibao2="301022" mibao3="301023" mibaoLv="8" mibaoStar="1" weapon1="101001" weapon2="101002" weapon3="101003" profession="0" type="5" mibaoZuhe="1" mibaoZuheLv="1" pugongHeavy="1100" skill1Heavy="1200" skill2Heavy="1300" pugongLight="2100" skill1Light="2200" skill2Light="2300" pugongRange="3100" skill1Range="3200" skill2Range="3300" />
<GuanQiaJunZhu id="500009" minRank="920" maxRank="92" zhiye="1" level="9" gongji="170" fangyu="345" shengming="4414" wqSH="0" wqJM="0" wqBJ="0" wqRX="0" jnSH="0" jnJM="0" jnBJ="0" jnRX="0" skill1="0" skill2="0" skill3="0" skill4="0" skill5="0" power="875" mibao1="301021" mibao2="301022" mibao3="301023" mibaoLv="9" mibaoStar="1" weapon1="101001" weapon2="101002" weapon3="101003" profession="0" type="5" mibaoZuhe="1" mibaoZuheLv="1" pugongHeavy="1100" skill1Heavy="1200" skill2Heavy="1300" pugongLight="2100" skill1Light="2200" skill2Light="2300" pugongRange="3100" skill1Range="3200" skill2Range="3300" />
<GuanQiaJunZhu id="500010" minRank="910" maxRank="91" zhiye="1" level="10" gongji="193" fangyu="355" shengming="4614" wqSH="0" wqJM="0" wqBJ="0" wqRX="0" jnSH="0" jnJM="0" jnBJ="0" jnRX="0" skill1="0" skill2="0" skill3="0" skill4="0" skill5="0" power="926" mibao1="301021" mibao2="301022" mibao3="301023" mibaoLv="10" mibaoStar="1" weapon1="101001" weapon2="101002" weapon3="101003" profession="0" type="5" mibaoZuhe="1" mibaoZuheLv="1" pugongHeavy="1100" skill1Heavy="1201" skill2Heavy="1300" pugongLight="2100" skill1Light="2200" skill2Light="2300" pugongRange="3100" skill1Range="3200" skill2Range="3300" />
<GuanQiaJunZhu id="500011" minRank="900" maxRank="90" zhiye="1" level="11" gongji="221" fangyu="382" shengming="5192" wqSH="0" wqJM="0" wqBJ="0" wqRX="0" jnSH="0" jnJM="0" jnBJ="0" jnRX="0" skill1="0" skill2="0" skill3="0" skill4="0" skill5="0" power="1026" mibao1="301021" mibao2="301022" mibao3="301023" mibaoLv="11" mibaoStar="1" weapon1="101001" weapon2="101002" weapon3="101003" profession="0" type="5" mibaoZuhe="1" mibaoZuheLv="1" pugongHeavy="1100" skill1Heavy="1201" skill2Heavy="1300" pugongLight="2100" skill1Light="2200" skill2Light="2300" pugongRange="3100" skill1Range="3200" skill2Range="3300" />
<GuanQiaJunZhu id="500012" minRank="890" maxRank="89" zhiye="1" level="12" gongji="244" fangyu="420" shengming="5990" wqSH="0" wqJM="0" wqBJ="0" wqRX="0" jnSH="0" jnJM="0" jnBJ="0" jnRX="0" skill1="0" skill2="0" skill3="0" skill4="0" skill5="0" power="1146" mibao1="301021" mibao2="301022" mibao3="301023" mibaoLv="12" mibaoStar="1" weapon1="101001" weapon2="101002" weapon3="101003" profession="0" type="5" mibaoZuhe="1" mibaoZuheLv="1" pugongHeavy="1100" skill1Heavy="1201" skill2Heavy="1301" pugongLight="2100" skill1Light="2200" skill2Light="2300" pugongRange="3100" skill1Range="3200" skill2Range="3300" />
<GuanQiaJunZhu id="500013" minRank="880" maxRank="88" zhiye="1" level="13" gongji="314" fangyu="476" shengming="7110" wqSH="0" wqJM="0" wqBJ="0" wqRX="0" jnSH="0" jnJM="0" jnBJ="0" jnRX="0" skill1="0" skill2="0" skill3="0" skill4="0" skill5="0" power="1362" mibao1="301021" mibao2="301022" mibao3="301023" mibaoLv="13" mibaoStar="1" weapon1="101001" weapon2="101002" weapon3="101003" profession="0" type="5" mibaoZuhe="1" mibaoZuheLv="1" pugongHeavy="1100" skill1Heavy="1201" skill2Heavy="1301" pugongLight="2100" skill1Light="2200" skill2Light="2300" pugongRange="3100" skill1Range="3200" skill2Range="3300" />
<GuanQiaJunZhu id="500014" minRank="870" maxRank="87" zhiye="1" level="14" gongji="365" fangyu="542" shengming="8468" wqSH="0" wqJM="0" wqBJ="0" wqRX="0" jnSH="0" jnJM="0" jnBJ="0" jnRX="0" skill1="0" skill2="0" skill3="0" skill4="0" skill5="0" power="1582" mibao1="301021" mibao2="301022" mibao3="301023" mibaoLv="14" mibaoStar="1" weapon1="101001" weapon2="101002" weapon3="101003" profession="0" type="5" mibaoZuhe="1" mibaoZuheLv="1" pugongHeavy="1100" skill1Heavy="1201" skill2Heavy="1301" pugongLight="2100" skill1Light="2200" skill2Light="2300" pugongRange="3100" skill1Range="3200" skill2Range="3300" />
<GuanQiaJunZhu id="500015" minRank="860" maxRank="86" zhiye="1" level="15" gongji="431" fangyu="609" shengming="9808" wqSH="0" wqJM="0" wqBJ="0" wqRX="0" jnSH="0" jnJM="0" jnBJ="0" jnRX="0" skill1="0" skill2="0" skill3="0" skill4="0" skill5="0" power="1820" mibao1="301021" mibao2="301022" mibao3="301023" mibaoLv="15" mibaoStar="1" weapon1="101001" weapon2="101002" weapon3="101003" profession="0" type="5" mibaoZuhe="1" mibaoZuheLv="1" pugongHeavy="1100" skill1Heavy="1201" skill2Heavy="1301" pugongLight="2100" skill1Light="2200" skill2Light="2300" pugongRange="3100" skill1Range="3200" skill2Range="3300" />
<GuanQiaJunZhu id="500016" minRank="850" maxRank="85" zhiye="1" level="16" gongji="508" fangyu="634" shengming="10308" wqSH="0" wqJM="0" wqBJ="0" wqRX="0" jnSH="0" jnJM="0" jnBJ="0" jnRX="0" skill1="0" skill2="0" skill3="0" skill4="0" skill5="0" power="1971" mibao1="301021" mibao2="301022" mibao3="301023" mibaoLv="16" mibaoStar="1" weapon1="101001" weapon2="101002" weapon3="101003" profession="0" type="5" mibaoZuhe="1" mibaoZuheLv="1" pugongHeavy="1100" skill1Heavy="1201" skill2Heavy="1301" pugongLight="2100" skill1Light="2201" skill2Light="2300" pugongRange="3100" skill1Range="3200" skill2Range="3300" />
<GuanQiaJunZhu id="500017" minRank="840" maxRank="84" zhiye="1" level="17" gongji="683" fangyu="1113" shengming="19858" wqSH="0" wqJM="0" wqBJ="60" wqRX="0" jnSH="0" jnJM="0" jnBJ="0" jnRX="0" skill1="0" skill2="0" skill3="0" skill4="0" skill5="0" power="3360" mibao1="301021" mibao2="301022" mibao3="301023" mibaoLv="17" mibaoStar="1" weapon1="101001" weapon2="101002" weapon3="101003" profession="0" type="5" mibaoZuhe="1" mibaoZuheLv="1" pugongHeavy="1100" skill1Heavy="1201" skill2Heavy="1301" pugongLight="2100" skill1Light="2201" skill2Light="2300" pugongRange="3100" skill1Range="3200" skill2Range="3300" />
<GuanQiaJunZhu id="500018" minRank="830" maxRank="83" zhiye="1" level="18" gongji="770" fangyu="1168" shengming="20928" wqSH="0" wqJM="0" wqBJ="60" wqRX="0" jnSH="0" jnJM="0" jnBJ="0" jnRX="0" skill1="0" skill2="0" skill3="0" skill4="0" skill5="0" power="3595" mibao1="301021" mibao2="301022" mibao3="301023" mibaoLv="18" mibaoStar="1" weapon1="101001" weapon2="101002" weapon3="101003" profession="0" type="5" mibaoZuhe="1" mibaoZuheLv="1" pugongHeavy="1100" skill1Heavy="1201" skill2Heavy="1301" pugongLight="2100" skill1Light="2201" skill2Light="2301" pugongRange="3100" skill1Range="3200" skill2Range="3300" />
<GuanQiaJunZhu id="500019" minRank="820" maxRank="82" zhiye="1" level="19" gongji="1025" fangyu="1106" shengming="22688" wqSH="30" wqJM="0" wqBJ="60" wqRX="0" jnSH="0" jnJM="0" jnBJ="0" jnRX="0" skill1="0" skill2="0" skill3="0" skill4="0" skill5="0" power="3958" mibao1="301021" mibao2="301022" mibao3="301023" mibaoLv="19" mibaoStar="1" weapon1="101001" weapon2="101002" weapon3="101003" profession="0" type="5" mibaoZuhe="1" mibaoZuheLv="1" pugongHeavy="1100" skill1Heavy="1201" skill2Heavy="1301" pugongLight="2100" skill1Light="2201" skill2Light="2301" pugongRange="3100" skill1Range="3200" skill2Range="3300" />
<GuanQiaJunZhu id="500020" minRank="810" maxRank="81" zhiye="1" level="20" gongji="1083" fangyu="1148" shengming="23528" wqSH="70" wqJM="0" wqBJ="140" wqRX="0" jnSH="0" jnJM="0" jnBJ="0" jnRX="0" skill1="0" skill2="0" skill3="0" skill4="0" skill5="0" power="4228" mibao1="301021" mibao2="301022" mibao3="301023" mibaoLv="20" mibaoStar="1" weapon1="101001" weapon2="101002" weapon3="101003" profession="0" type="5" mibaoZuhe="1" mibaoZuheLv="1" pugongHeavy="1100" skill1Heavy="1201" skill2Heavy="1301" pugongLight="2100" skill1Light="2201" skill2Light="2301" pugongRange="3100" skill1Range="3200" skill2Range="3300" />
<GuanQiaJunZhu id="500021" minRank="800" maxRank="80" zhiye="1" level="21" gongji="1101" fangyu="1338" shengming="26528" wqSH="70" wqJM="0" wqBJ="140" wqRX="0" jnSH="0" jnJM="0" jnBJ="0" jnRX="0" skill1="0" skill2="0" skill3="0" skill4="0" skill5="0" power="4673" mibao1="301021" mibao2="301022" mibao3="301023" mibaoLv="21" mibaoStar="1" weapon1="101001" weapon2="101002" weapon3="101003" profession="0" type="5" mibaoZuhe="1" mibaoZuheLv="1" pugongHeavy="1101" skill1Heavy="1201" skill2Heavy="1301" pugongLight="2100" skill1Light="2201" skill2Light="2301" pugongRange="3100" skill1Range="3200" skill2Range="3300" />
<GuanQiaJunZhu id="500022" minRank="790" maxRank="79" zhiye="1" level="22" gongji="1119" fangyu="1356" shengming="26888" wqSH="70" wqJM="0" wqBJ="140" wqRX="0" jnSH="0" jnJM="0" jnBJ="0" jnRX="0" skill1="0" skill2="0" skill3="0" skill4="0" skill5="0" power="4740" mibao1="301021" mibao2="301022" mibao3="301023" mibaoLv="22" mibaoStar="1" weapon1="101001" weapon2="101002" weapon3="101003" profession="0" type="5" mibaoZuhe="1" mibaoZuheLv="1" pugongHeavy="1101" skill1Heavy="1201" skill2Heavy="1301" pugongLight="2100" skill1Light="2201" skill2Light="2301" pugongRange="3100" skill1Range="3200" skill2Range="3300" />
<GuanQiaJunZhu id="500023" minRank="780" maxRank="78" zhiye="1" level="23" gongji="1137" fangyu="1374" shengming="27248" wqSH="70" wqJM="0" wqBJ="140" wqRX="0" jnSH="0" jnJM="0" jnBJ="0" jnRX="0" skill1="0" skill2="0" skill3="0" skill4="0" skill5="0" power="4807" mibao1="301021" mibao2="301022" mibao3="301023" mibaoLv="23" mibaoStar="1" weapon1="101001" weapon2="101002" weapon3="101003" profession="0" type="5" mibaoZuhe="1" mibaoZuheLv="1" pugongHeavy="1101" skill1Heavy="1201" skill2Heavy="1301" pugongLight="2101" skill1Light="2201" skill2Light="2301" pugongRange="3100" skill1Range="3200" skill2Range="3300" />
<GuanQiaJunZhu id="500024" minRank="770" maxRank="77" zhiye="1" level="24" gongji="1147" fangyu="1384" shengming="28248" wqSH="70" wqJM="0" wqBJ="140" wqRX="0" jnSH="0" jnJM="0" jnBJ="0" jnRX="0" skill1="0" skill2="0" skill3="0" skill4="0" skill5="0" power="4894" mibao1="301021" mibao2="301022" mibao3="301023" mibaoLv="24" mibaoStar="1" weapon1="101001" weapon2="101002" weapon3="101003" profession="0" type="5" mibaoZuhe="1" mibaoZuheLv="1" pugongHeavy="1101" skill1Heavy="1201" skill2Heavy="1301" pugongLight="2101" skill1Light="2201" skill2Light="2301" pugongRange="3100" skill1Range="3200" skill2Range="3300" />
<GuanQiaJunZhu id="500025" minRank="760" maxRank="76" zhiye="1" level="25" gongji="1738" fangyu="1600" shengming="32568" wqSH="364" wqJM="294" wqBJ="312" wqRX="172" jnSH="160" jnJM="100" jnBJ="160" jnRX="160" skill1="0" skill2="0" skill3="0" skill4="0" skill5="0" power="7401" mibao1="301021" mibao2="301022" mibao3="301023" mibaoLv="25" mibaoStar="1" weapon1="101001" weapon2="101002" weapon3="101003" profession="0" type="5" mibaoZuhe="1" mibaoZuheLv="1" pugongHeavy="1101" skill1Heavy="1201" skill2Heavy="1301" pugongLight="2101" skill1Light="2201" skill2Light="2301" pugongRange="3100" skill1Range="3200" skill2Range="3300" />
<GuanQiaJunZhu id="500026" minRank="750" maxRank="75" zhiye="1" level="26" gongji="1748" fangyu="1610" shengming="32768" wqSH="364" wqJM="294" wqBJ="312" wqRX="172" jnSH="160" jnJM="160" jnBJ="160" jnRX="160" skill1="0" skill2="0" skill3="0" skill4="0" skill5="0" power="7468" mibao1="301021" mibao2="301022" mibao3="301023" mibaoLv="26" mibaoStar="1" weapon1="101001" weapon2="101002" weapon3="101003" profession="0" type="5" mibaoZuhe="1" mibaoZuheLv="1" pugongHeavy="1101" skill1Heavy="1201" skill2Heavy="1301" pugongLight="2101" skill1Light="2201" skill2Light="2301" pugongRange="3100" skill1Range="3200" skill2Range="3300" />
<GuanQiaJunZhu id="500027" minRank="740" maxRank="74" zhiye="1" level="27" gongji="1758" fangyu="1620" shengming="32968" wqSH="364" wqJM="294" wqBJ="312" wqRX="172" jnSH="160" jnJM="160" jnBJ="160" jnRX="160" skill1="0" skill2="0" skill3="0" skill4="0" skill5="0" power="7512" mibao1="301021" mibao2="301022" mibao3="301023" mibaoLv="27" mibaoStar="1" weapon1="101001" weapon2="101002" weapon3="101003" profession="0" type="5" mibaoZuhe="1" mibaoZuheLv="1" pugongHeavy="1101" skill1Heavy="1201" skill2Heavy="1301" pugongLight="2101" skill1Light="2201" skill2Light="2301" pugongRange="3100" skill1Range="3201" skill2Range="3300" />
<GuanQiaJunZhu id="500028" minRank="730" maxRank="73" zhiye="1" level="28" gongji="1768" fangyu="1630" shengming="33168" wqSH="364" wqJM="294" wqBJ="372" wqRX="172" jnSH="160" jnJM="160" jnBJ="160" jnRX="160" skill1="0" skill2="0" skill3="0" skill4="0" skill5="0" power="7612" mibao1="301021" mibao2="301022" mibao3="301023" mibaoLv="28" mibaoStar="1" weapon1="101001" weapon2="101002" weapon3="101003" profession="0" type="5" mibaoZuhe="1" mibaoZuheLv="1" pugongHeavy="1101" skill1Heavy="1201" skill2Heavy="1301" pugongLight="2101" skill1Light="2201" skill2Light="2301" pugongRange="3100" skill1Range="3201" skill2Range="3300" />
<GuanQiaJunZhu id="500029" minRank="720" maxRank="72" zhiye="1" level="29" gongji="1778" fangyu="1640" shengming="33368" wqSH="364" wqJM="294" wqBJ="372" wqRX="172" jnSH="160" jnJM="160" jnBJ="160" jnRX="160" skill1="0" skill2="0" skill3="0" skill4="0" skill5="0" power="7657" mibao1="301021" mibao2="301022" mibao3="301023" mibaoLv="29" mibaoStar="1" weapon1="101001" weapon2="101002" weapon3="101003" profession="0" type="5" mibaoZuhe="1" mibaoZuheLv="1" pugongHeavy="1101" skill1Heavy="1201" skill2Heavy="1301" pugongLight="2101" skill1Light="2201" skill2Light="2301" pugongRange="3100" skill1Range="3201" skill2Range="3301" />
<GuanQiaJunZhu id="500030" minRank="710" maxRank="71" zhiye="1" level="30" gongji="1788" fangyu="1650" shengming="33568" wqSH="424" wqJM="294" wqBJ="372" wqRX="172" jnSH="160" jnJM="160" jnBJ="160" jnRX="160" skill1="0" skill2="0" skill3="0" skill4="0" skill5="0" power="7766" mibao1="301021" mibao2="301022" mibao3="301023" mibaoLv="30" mibaoStar="1" weapon1="101001" weapon2="101002" weapon3="101003" profession="0" type="5" mibaoZuhe="1" mibaoZuheLv="1" pugongHeavy="1101" skill1Heavy="1201" skill2Heavy="1301" pugongLight="2101" skill1Light="2201" skill2Light="2301" pugongRange="3100" skill1Range="3201" skill2Range="3301" />
<GuanQiaJunZhu id="500031" minRank="700" maxRank="70" zhiye="1" level="31" gongji="1798" fangyu="1660" shengming="33768" wqSH="424" wqJM="294" wqBJ="372" wqRX="172" jnSH="160" jnJM="160" jnBJ="160" jnRX="160" skill1="0" skill2="0" skill3="0" skill4="0" skill5="0" power="7812" mibao1="301021" mibao2="301022" mibao3="301023" mibaoLv="31" mibaoStar="1" weapon1="101001" weapon2="101002" weapon3="101003" profession="0" type="5" mibaoZuhe="1" mibaoZuheLv="1" pugongHeavy="1101" skill1Heavy="1201" skill2Heavy="1301" pugongLight="2101" skill1Light="2201" skill2Light="2301" pugongRange="3101" skill1Range="3201" skill2Range="3301" />
<GuanQiaJunZhu id="500032" minRank="690" maxRank="69" zhiye="1" level="32" gongji="2497" fangyu="2469" shengming="49968" wqSH="710" wqJM="410" wqBJ="727" wqRX="307" jnSH="292" jnJM="292" jnBJ="160" jnRX="160" skill1="0" skill2="0" skill3="0" skill4="0" skill5="0" power="12731" mibao1="301021" mibao2="301022" mibao3="301023" mibaoLv="32" mibaoStar="1" weapon1="101001" weapon2="101002" weapon3="101003" profession="0" type="5" mibaoZuhe="1" mibaoZuheLv="2" pugongHeavy="1101" skill1Heavy="1201" skill2Heavy="1301" pugongLight="2101" skill1Light="2201" skill2Light="2301" pugongRange="3101" skill1Range="3201" skill2Range="3301" />
<GuanQiaJunZhu id="500033" minRank="680" maxRank="68" zhiye="1" level="33" gongji="2507" fangyu="2479" shengming="50168" wqSH="710" wqJM="410" wqBJ="727" wqRX="307" jnSH="292" jnJM="292" jnBJ="160" jnRX="160" skill1="0" skill2="0" skill3="0" skill4="0" skill5="0" power="12782" mibao1="301021" mibao2="301022" mibao3="301023" mibaoLv="33" mibaoStar="1" weapon1="101001" weapon2="101002" weapon3="101003" profession="0" type="5" mibaoZuhe="1" mibaoZuheLv="2" pugongHeavy="1101" skill1Heavy="1201" skill2Heavy="1302" pugongLight="2101" skill1Light="2201" skill2Light="2301" pugongRange="3101" skill1Range="3201" skill2Range="3301" />
<GuanQiaJunZhu id="500034" minRank="670" maxRank="67" zhiye="1" level="34" gongji="2517" fangyu="2489" shengming="50368" wqSH="710" wqJM="410" wqBJ="727" wqRX="367" jnSH="292" jnJM="292" jnBJ="160" jnRX="160" skill1="0" skill2="0" skill3="0" skill4="0" skill5="0" power="12928" mibao1="301021" mibao2="301022" mibao3="301023" mibaoLv="34" mibaoStar="1" weapon1="101001" weapon2="101002" weapon3="101003" profession="0" type="5" mibaoZuhe="1" mibaoZuheLv="2" pugongHeavy="1101" skill1Heavy="1201" skill2Heavy="1302" pugongLight="2101" skill1Light="2201" skill2Light="2301" pugongRange="3101" skill1Range="3201" skill2Range="3301" />
<GuanQiaJunZhu id="500035" minRank="660" maxRank="66" zhiye="1" level="35" gongji="2527" fangyu="2499" shengming="50568" wqSH="710" wqJM="410" wqBJ="727" wqRX="367" jnSH="292" jnJM="292" jnBJ="160" jnRX="160" skill1="0" skill2="0" skill3="0" skill4="0" skill5="0" power="12979" mibao1="301021" mibao2="301022" mibao3="301023" mibaoLv="35" mibaoStar="1" weapon1="101001" weapon2="101002" weapon3="101003" profession="0" type="5" mibaoZuhe="1" mibaoZuheLv="2" pugongHeavy="1101" skill1Heavy="1201" skill2Heavy="1302" pugongLight="2101" skill1Light="2201" skill2Light="2302" pugongRange="3101" skill1Range="3201" skill2Range="3301" />
<GuanQiaJunZhu id="500036" minRank="650" maxRank="65" zhiye="1" level="36" gongji="3340" fangyu="3222" shengming="65058" wqSH="1237" wqJM="997" wqBJ="1134" wqRX="774" jnSH="623" jnJM="623" jnBJ="640" jnRX="453" skill1="0" skill2="0" skill3="0" skill4="0" skill5="0" power="21507" mibao1="301021" mibao2="301022" mibao3="301023" mibaoLv="36" mibaoStar="1" weapon1="101001" weapon2="101002" weapon3="101003" profession="0" type="5" mibaoZuhe="1" mibaoZuheLv="3" pugongHeavy="1101" skill1Heavy="1201" skill2Heavy="1302" pugongLight="2101" skill1Light="2201" skill2Light="2302" pugongRange="3101" skill1Range="3201" skill2Range="3301" />
<GuanQiaJunZhu id="500037" minRank="640" maxRank="64" zhiye="1" level="37" gongji="3350" fangyu="3232" shengming="65258" wqSH="1237" wqJM="997" wqBJ="1134" wqRX="774" jnSH="623" jnJM="623" jnBJ="640" jnRX="453" skill1="0" skill2="0" skill3="0" skill4="0" skill5="0" power="21572" mibao1="301021" mibao2="301022" mibao3="301023" mibaoLv="37" mibaoStar="1" weapon1="101001" weapon2="101002" weapon3="101003" profession="0" type="5" mibaoZuhe="1" mibaoZuheLv="3" pugongHeavy="1101" skill1Heavy="1201" skill2Heavy="1302" pugongLight="2101" skill1Light="2201" skill2Light="2302" pugongRange="3101" skill1Range="3201" skill2Range="3301" />
<GuanQiaJunZhu id="500038" minRank="630" maxRank="63" zhiye="1" level="38" gongji="3360" fangyu="3322" shengming="65458" wqSH="1237" wqJM="997" wqBJ="1134" wqRX="774" jnSH="623" jnJM="623" jnBJ="640" jnRX="453" skill1="0" skill2="0" skill3="0" skill4="0" skill5="0" power="21813" mibao1="301021" mibao2="301022" mibao3="301023" mibaoLv="38" mibaoStar="1" weapon1="101001" weapon2="101002" weapon3="101003" profession="0" type="5" mibaoZuhe="1" mibaoZuheLv="3" pugongHeavy="1101" skill1Heavy="1201" skill2Heavy="1302" pugongLight="2101" skill1Light="2201" skill2Light="2302" pugongRange="3101" skill1Range="3201" skill2Range="3302" />
<GuanQiaJunZhu id="500039" minRank="620" maxRank="62" zhiye="1" level="39" gongji="3370" fangyu="3332" shengming="65658" wqSH="1237" wqJM="997" wqBJ="1134" wqRX="774" jnSH="623" jnJM="623" jnBJ="640" jnRX="453" skill1="0" skill2="0" skill3="0" skill4="0" skill5="0" power="21879" mibao1="301021" mibao2="301022" mibao3="301023" mibaoLv="39" mibaoStar="1" weapon1="101001" weapon2="101002" weapon3="101003" profession="0" type="5" mibaoZuhe="1" mibaoZuheLv="3" pugongHeavy="1101" skill1Heavy="1201" skill2Heavy="1302" pugongLight="2101" skill1Light="2201" skill2Light="2302" pugongRange="3101" skill1Range="3201" skill2Range="3302" />
<GuanQiaJunZhu id="500040" minRank="610" maxRank="61" zhiye="1" level="40" gongji="4104" fangyu="3907" shengming="77148" wqSH="1614" wqJM="1254" wqBJ="1523" wqRX="1163" jnSH="737" jnJM="917" jnBJ="946" jnRX="537" skill1="0" skill2="0" skill3="0" skill4="0" skill5="0" power="29638" mibao1="301021" mibao2="301022" mibao3="301023" mibaoLv="40" mibaoStar="1" weapon1="101001" weapon2="101002" weapon3="101003" profession="0" type="5" mibaoZuhe="1" mibaoZuheLv="4" pugongHeavy="1101" skill1Heavy="1201" skill2Heavy="1302" pugongLight="2101" skill1Light="2201" skill2Light="2302" pugongRange="3101" skill1Range="3201" skill2Range="3302" />
<GuanQiaJunZhu id="500041" minRank="600" maxRank="60" zhiye="1" level="41" gongji="4114" fangyu="3917" shengming="77348" wqSH="1614" wqJM="1254" wqBJ="1523" wqRX="1163" jnSH="737" jnJM="917" jnBJ="946" jnRX="537" skill1="0" skill2="0" skill3="0" skill4="0" skill5="0" power="29713" mibao1="301021" mibao2="301022" mibao3="301023" mibaoLv="41" mibaoStar="1" weapon1="101001" weapon2="101002" weapon3="101003" profession="0" type="5" mibaoZuhe="1" mibaoZuheLv="4" pugongHeavy="1101" skill1Heavy="1202" skill2Heavy="1302" pugongLight="2101" skill1Light="2201" skill2Light="2302" pugongRange="3101" skill1Range="3201" skill2Range="3302" />
<GuanQiaJunZhu id="500042" minRank="590" maxRank="59" zhiye="1" level="42" gongji="4124" fangyu="3927" shengming="77548" wqSH="1614" wqJM="1254" wqBJ="1523" wqRX="1163" jnSH="857" jnJM="917" jnBJ="946" jnRX="537" skill1="0" skill2="0" skill3="0" skill4="0" skill5="0" power="29993" mibao1="301021" mibao2="301022" mibao3="301023" mibaoLv="42" mibaoStar="1" weapon1="101001" weapon2="101002" weapon3="101003" profession="0" type="5" mibaoZuhe="1" mibaoZuheLv="4" pugongHeavy="1101" skill1Heavy="1202" skill2Heavy="1302" pugongLight="2101" skill1Light="2201" skill2Light="2302" pugongRange="3101" skill1Range="3201" skill2Range="3302" />
<GuanQiaJunZhu id="500043" minRank="580" maxRank="58" zhiye="1" level="43" gongji="4492" fangyu="4338" shengming="85698" wqSH="1747" wqJM="1387" wqBJ="1676" wqRX="1316" jnSH="1207" jnJM="1267" jnBJ="1316" jnRX="1196" skill1="0" skill2="0" skill3="0" skill4="0" skill5="0" power="37028" mibao1="301021" mibao2="301022" mibao3="301023" mibaoLv="43" mibaoStar="1" weapon1="101001" weapon2="101002" weapon3="101003" profession="0" type="5" mibaoZuhe="1" mibaoZuheLv="5" pugongHeavy="1101" skill1Heavy="1202" skill2Heavy="1302" pugongLight="2101" skill1Light="2201" skill2Light="2302" pugongRange="3101" skill1Range="3201" skill2Range="3302" />
<GuanQiaJunZhu id="500044" minRank="570" maxRank="57" zhiye="1" level="44" gongji="4502" fangyu="4348" shengming="87498" wqSH="1747" wqJM="1387" wqBJ="1676" wqRX="1316" jnSH="1207" jnJM="1267" jnBJ="1316" jnRX="1196" skill1="0" skill2="0" skill3="0" skill4="0" skill5="0" power="37339" mibao1="301021" mibao2="301022" mibao3="301023" mibaoLv="44" mibaoStar="1" weapon1="101001" weapon2="101002" weapon3="101003" profession="0" type="5" mibaoZuhe="1" mibaoZuheLv="5" pugongHeavy="1101" skill1Heavy="1202" skill2Heavy="1302" pugongLight="2101" skill1Light="2202" skill2Light="2302" pugongRange="3101" skill1Range="3201" skill2Range="3302" />
<GuanQiaJunZhu id="500045" minRank="560" maxRank="56" zhiye="1" level="45" gongji="4976" fangyu="4983" shengming="100183" wqSH="1900" wqJM="1720" wqBJ="1842" wqRX="1482" jnSH="1360" jnJM="1420" jnBJ="1482" jnRX="1362" skill1="0" skill2="0" skill3="0" skill4="0" skill5="0" power="45443" mibao1="301021" mibao2="301022" mibao3="301023" mibaoLv="45" mibaoStar="1" weapon1="101001" weapon2="101002" weapon3="101003" profession="0" type="5" mibaoZuhe="1" mibaoZuheLv="5" pugongHeavy="1101" skill1Heavy="1202" skill2Heavy="1302" pugongLight="2101" skill1Light="2202" skill2Light="2302" pugongRange="3101" skill1Range="3201" skill2Range="3302" />
<GuanQiaJunZhu id="500046" minRank="550" maxRank="55" zhiye="1" level="46" gongji="4986" fangyu="4993" shengming="100383" wqSH="1900" wqJM="1720" wqBJ="1842" wqRX="1482" jnSH="1360" jnJM="1420" jnBJ="1482" jnRX="1482" skill1="0" skill2="0" skill3="0" skill4="0" skill5="0" power="45764" mibao1="301021" mibao2="301022" mibao3="301023" mibaoLv="46" mibaoStar="1" weapon1="101001" weapon2="101002" weapon3="101003" profession="0" type="5" mibaoZuhe="1" mibaoZuheLv="5" pugongHeavy="1101" skill1Heavy="1202" skill2Heavy="1302" pugongLight="2101" skill1Light="2202" skill2Light="2302" pugongRange="3101" skill1Range="3202" skill2Range="3302" />
<GuanQiaJunZhu id="500047" minRank="540" maxRank="54" zhiye="1" level="47" gongji="5775" fangyu="5519" shengming="110893" wqSH="2141" wqJM="1961" wqBJ="2349" wqRX="1989" jnSH="1601" jnJM="1841" jnBJ="1759" jnRX="1759" skill1="0" skill2="0" skill3="0" skill4="0" skill5="0" power="57981" mibao1="301021" mibao2="301022" mibao3="301023" mibaoLv="47" mibaoStar="1" weapon1="101001" weapon2="101002" weapon3="101003" profession="0" type="5" mibaoZuhe="1" mibaoZuheLv="6" pugongHeavy="1101" skill1Heavy="1202" skill2Heavy="1302" pugongLight="2101" skill1Light="2202" skill2Light="2302" pugongRange="3101" skill1Range="3202" skill2Range="3302" />
<GuanQiaJunZhu id="500048" minRank="530" maxRank="53" zhiye="1" level="48" gongji="6172" fangyu="5805" shengming="116613" wqSH="2480" wqJM="2300" wqBJ="2710" wqRX="2350" jnSH="1940" jnJM="2300" jnBJ="2290" jnRX="2110" skill1="0" skill2="0" skill3="0" skill4="0" skill5="0" power="69163" mibao1="301021" mibao2="301022" mibao3="301023" mibaoLv="48" mibaoStar="1" weapon1="101001" weapon2="101002" weapon3="101003" profession="0" type="5" mibaoZuhe="1" mibaoZuheLv="6" pugongHeavy="1102" skill1Heavy="1202" skill2Heavy="1302" pugongLight="2101" skill1Light="2202" skill2Light="2302" pugongRange="3101" skill1Range="3202" skill2Range="3302" />
<GuanQiaJunZhu id="500049" minRank="520" maxRank="52" zhiye="1" level="49" gongji="6716" fangyu="6142" shengming="123358" wqSH="2570" wqJM="2390" wqBJ="2820" wqRX="2640" jnSH="2030" jnJM="2390" jnBJ="2388" jnRX="2208" skill1="0" skill2="0" skill3="0" skill4="0" skill5="0" power="76578" mibao1="301021" mibao2="301022" mibao3="301023" mibaoLv="49" mibaoStar="1" weapon1="101001" weapon2="101002" weapon3="101003" profession="0" type="5" mibaoZuhe="1" mibaoZuheLv="7" pugongHeavy="1102" skill1Heavy="1202" skill2Heavy="1302" pugongLight="2101" skill1Light="2202" skill2Light="2302" pugongRange="3101" skill1Range="3202" skill2Range="3302" />
<GuanQiaJunZhu id="500050" minRank="510" maxRank="51" zhiye="1" level="50" gongji="6726" fangyu="6152" shengming="123558" wqSH="2570" wqJM="2390" wqBJ="2820" wqRX="2640" jnSH="2030" jnJM="2390" jnBJ="2388" jnRX="2208" skill1="0" skill2="0" skill3="0" skill4="0" skill5="0" power="76699" mibao1="301021" mibao2="301022" mibao3="301023" mibaoLv="50" mibaoStar="1" weapon1="101001" weapon2="101002" weapon3="101003" profession="0" type="5" mibaoZuhe="1" mibaoZuheLv="7" pugongHeavy="1102" skill1Heavy="1202" skill2Heavy="1302" pugongLight="2102" skill1Light="2202" skill2Light="2302" pugongRange="3101" skill1Range="3202" skill2Range="3302" />
<GuanQiaJunZhu id="500051" minRank="500" maxRank="50" zhiye="1" level="51" gongji="7587" fangyu="6701" shengming="134603" wqSH="2876" wqJM="2626" wqBJ="3387" wqRX="3147" jnSH="2126" jnJM="2626" jnBJ="2633" jnRX="2383" skill1="0" skill2="0" skill3="0" skill4="0" skill5="0" power="91823" mibao1="301021" mibao2="301022" mibao3="301023" mibaoLv="51" mibaoStar="1" weapon1="101001" weapon2="101002" weapon3="101003" profession="0" type="5" mibaoZuhe="1" mibaoZuheLv="7" pugongHeavy="1102" skill1Heavy="1202" skill2Heavy="1302" pugongLight="2102" skill1Light="2202" skill2Light="2302" pugongRange="3101" skill1Range="3202" skill2Range="3302" />
<GuanQiaJunZhu id="500052" minRank="490" maxRank="49" zhiye="1" level="52" gongji="8076" fangyu="7158" shengming="143743" wqSH="3079" wqJM="2829" wqBJ="3635" wqRX="3395" jnSH="2329" jnJM="2829" jnBJ="2857" jnRX="2607" skill1="0" skill2="0" skill3="0" skill4="0" skill5="0" power="103604" mibao1="301021" mibao2="301022" mibao3="301023" mibaoLv="52" mibaoStar="1" weapon1="101001" weapon2="101002" weapon3="101003" profession="0" type="5" mibaoZuhe="1" mibaoZuheLv="7" pugongHeavy="1102" skill1Heavy="1202" skill2Heavy="1302" pugongLight="2102" skill1Light="2202" skill2Light="2302" pugongRange="3102" skill1Range="3202" skill2Range="3302" />
<GuanQiaJunZhu id="500053" minRank="480" maxRank="48" zhiye="1" level="53" gongji="8311" fangyu="7510" shengming="150733" wqSH="3244" wqJM="2994" wqBJ="3816" wqRX="3576" jnSH="2494" jnJM="2994" jnBJ="3038" jnRX="2788" skill1="0" skill2="0" skill3="0" skill4="0" skill5="0" power="112551" mibao1="301021" mibao2="301022" mibao3="301023" mibaoLv="53" mibaoStar="1" weapon1="101001" weapon2="101002" weapon3="101003" profession="0" type="5" mibaoZuhe="1" mibaoZuheLv="7" pugongHeavy="1102" skill1Heavy="1202" skill2Heavy="1302" pugongLight="2102" skill1Light="2202" skill2Light="2302" pugongRange="3102" skill1Range="3202" skill2Range="3302" />
<GuanQiaJunZhu id="500054" minRank="470" maxRank="47" zhiye="1" level="54" gongji="8560" fangyu="7742" shengming="155433" wqSH="3578" wqJM="3088" wqBJ="3927" wqRX="3687" jnSH="2588" jnJM="3088" jnBJ="3125" jnRX="2875" skill1="0" skill2="0" skill3="0" skill4="0" skill5="0" power="119302" mibao1="301021" mibao2="301022" mibao3="301023" mibaoLv="54" mibaoStar="1" weapon1="101001" weapon2="101002" weapon3="101003" profession="0" type="5" mibaoZuhe="1" mibaoZuheLv="7" pugongHeavy="1102" skill1Heavy="1202" skill2Heavy="1302" pugongLight="2102" skill1Light="2202" skill2Light="2302" pugongRange="3102" skill1Range="3202" skill2Range="3302" />
<GuanQiaJunZhu id="500055" minRank="460" maxRank="46" zhiye="1" level="55" gongji="8998" fangyu="8294" shengming="166433" wqSH="3737" wqJM="3247" wqBJ="4123" wqRX="3883" jnSH="2747" jnJM="3247" jnBJ="3309" jnRX="3059" skill1="0" skill2="0" skill3="0" skill4="0" skill5="0" power="132045" mibao1="301021" mibao2="301022" mibao3="301023" mibaoLv="55" mibaoStar="1" weapon1="101001" weapon2="101002" weapon3="101003" profession="0" type="5" mibaoZuhe="1" mibaoZuheLv="7" pugongHeavy="1102" skill1Heavy="1202" skill2Heavy="1302" pugongLight="2102" skill1Light="2202" skill2Light="2302" pugongRange="3102" skill1Range="3202" skill2Range="3302" />
<GuanQiaJunZhu id="500056" minRank="450" maxRank="45" zhiye="1" level="56" gongji="9297" fangyu="8454" shengming="169633" wqSH="3822" wqJM="3332" wqBJ="4227" wqRX="3987" jnSH="2832" jnJM="3332" jnBJ="3401" jnRX="3151" skill1="0" skill2="0" skill3="0" skill4="0" skill5="0" power="137969" mibao1="301021" mibao2="301022" mibao3="301023" mibaoLv="56" mibaoStar="1" weapon1="101001" weapon2="101002" weapon3="101003" profession="0" type="5" mibaoZuhe="1" mibaoZuheLv="7" pugongHeavy="1102" skill1Heavy="1202" skill2Heavy="1302" pugongLight="2102" skill1Light="2202" skill2Light="2302" pugongRange="3102" skill1Range="3202" skill2Range="3302" />
<GuanQiaJunZhu id="500057" minRank="440" maxRank="44" zhiye="1" level="57" gongji="9903" fangyu="8900" shengming="178553" wqSH="3934" wqJM="3444" wqBJ="4364" wqRX="4124" jnSH="2944" jnJM="3444" jnBJ="3526" jnRX="3276" skill1="0" skill2="0" skill3="0" skill4="0" skill5="0" power="149682" mibao1="301021" mibao2="301022" mibao3="301023" mibaoLv="57" mibaoStar="1" weapon1="101001" weapon2="101002" weapon3="101003" profession="0" type="5" mibaoZuhe="1" mibaoZuheLv="7" pugongHeavy="1102" skill1Heavy="1202" skill2Heavy="1302" pugongLight="2102" skill1Light="2202" skill2Light="2302" pugongRange="3102" skill1Range="3202" skill2Range="3302" />
<GuanQiaJunZhu id="500058" minRank="430" maxRank="43" zhiye="1" level="58" gongji="10181" fangyu="9151" shengming="183573" wqSH="4010" wqJM="3520" wqBJ="4465" wqRX="4225" jnSH="3020" jnJM="3520" jnBJ="3975" jnRX="3725" skill1="0" skill2="0" skill3="0" skill4="0" skill5="0" power="160175" mibao1="301021" mibao2="301022" mibao3="301023" mibaoLv="58" mibaoStar="1" weapon1="101001" weapon2="101002" weapon3="101003" profession="0" type="5" mibaoZuhe="1" mibaoZuheLv="7" pugongHeavy="1102" skill1Heavy="1202" skill2Heavy="1302" pugongLight="2102" skill1Light="2202" skill2Light="2302" pugongRange="3102" skill1Range="3202" skill2Range="3302" />
<GuanQiaJunZhu id="500059" minRank="420" maxRank="42" zhiye="1" level="59" gongji="10444" fangyu="9487" shengming="190348" wqSH="4122" wqJM="3632" wqBJ="4602" wqRX="4362" jnSH="3132" jnJM="3632" jnBJ="4112" jnRX="3862" skill1="0" skill2="0" skill3="0" skill4="0" skill5="0" power="169628" mibao1="301021" mibao2="301022" mibao3="301023" mibaoLv="59" mibaoStar="1" weapon1="101001" weapon2="101002" weapon3="101003" profession="0" type="5" mibaoZuhe="1" mibaoZuheLv="7" pugongHeavy="1102" skill1Heavy="1202" skill2Heavy="1302" pugongLight="2102" skill1Light="2202" skill2Light="2302" pugongRange="3102" skill1Range="3202" skill2Range="3302" />
<GuanQiaJunZhu id="500060" minRank="410" maxRank="41" zhiye="1" level="60" gongji="11025" fangyu="10044" shengming="201488" wqSH="4334" wqJM="3844" wqBJ="4839" wqRX="4839" jnSH="3344" jnJM="3844" jnBJ="4349" jnRX="4099" skill1="0" skill2="0" skill3="0" skill4="0" skill5="0" power="188518" mibao1="301021" mibao2="301022" mibao3="301023" mibaoLv="60" mibaoStar="1" weapon1="101001" weapon2="101002" weapon3="101003" profession="0" type="5" mibaoZuhe="1" mibaoZuheLv="7" pugongHeavy="1102" skill1Heavy="1202" skill2Heavy="1302" pugongLight="2102" skill1Light="2202" skill2Light="2302" pugongRange="3102" skill1Range="3202" skill2Range="3302" />
<GuanQiaJunZhu id="500061" minRank="400" maxRank="40" zhiye="1" level="61" gongji="11297" fangyu="10399" shengming="208563" wqSH="5369" wqJM="4559" wqBJ="5889" wqRX="5889" jnSH="3899" jnJM="4559" jnBJ="5079" jnRX="4749" skill1="0" skill2="0" skill3="0" skill4="0" skill5="0" power="223415" mibao1="301021" mibao2="301022" mibao3="301023" mibaoLv="61" mibaoStar="1" weapon1="101001" weapon2="101002" weapon3="101003" profession="0" type="5" mibaoZuhe="1" mibaoZuheLv="7" pugongHeavy="1102" skill1Heavy="1202" skill2Heavy="1302" pugongLight="2102" skill1Light="2202" skill2Light="2302" pugongRange="3102" skill1Range="3202" skill2Range="3302" />
<GuanQiaJunZhu id="500062" minRank="390" maxRank="39" zhiye="1" level="62" gongji="11829" fangyu="10910" shengming="218783" wqSH="5476" wqJM="4996" wqBJ="6020" wqRX="6020" jnSH="4006" jnJM="4666" jnBJ="5210" jnRX="4880" skill1="0" skill2="0" skill3="0" skill4="0" skill5="0" power="239943" mibao1="301021" mibao2="301022" mibao3="301023" mibaoLv="62" mibaoStar="1" weapon1="101001" weapon2="101002" weapon3="101003" profession="0" type="5" mibaoZuhe="1" mibaoZuheLv="7" pugongHeavy="1102" skill1Heavy="1202" skill2Heavy="1302" pugongLight="2102" skill1Light="2202" skill2Light="2302" pugongRange="3102" skill1Range="3202" skill2Range="3302" />
<GuanQiaJunZhu id="500063" minRank="380" maxRank="38" zhiye="1" level="63" gongji="12321" fangyu="11488" shengming="230378" wqSH="5598" wqJM="5598" wqBJ="6165" wqRX="6165" jnSH="4128" jnJM="4788" jnBJ="5355" jnRX="5025" skill1="0" skill2="0" skill3="0" skill4="0" skill5="0" power="258777" mibao1="301021" mibao2="301022" mibao3="301023" mibaoLv="63" mibaoStar="1" weapon1="101001" weapon2="101002" weapon3="101003" profession="0" type="5" mibaoZuhe="1" mibaoZuheLv="7" pugongHeavy="1102" skill1Heavy="1202" skill2Heavy="1302" pugongLight="2102" skill1Light="2202" skill2Light="2302" pugongRange="3102" skill1Range="3202" skill2Range="3302" />
<GuanQiaJunZhu id="500064" minRank="370" maxRank="37" zhiye="1" level="64" gongji="12727" fangyu="11977" shengming="240163" wqSH="5660" wqJM="5660" wqBJ="6243" wqRX="6243" jnSH="4190" jnJM="5180" jnBJ="5433" jnRX="5103" skill1="0" skill2="0" skill3="0" skill4="0" skill5="0" power="273179" mibao1="301021" mibao2="301022" mibao3="301023" mibaoLv="64" mibaoStar="1" weapon1="101001" weapon2="101002" weapon3="101003" profession="0" type="5" mibaoZuhe="1" mibaoZuheLv="7" pugongHeavy="1102" skill1Heavy="1202" skill2Heavy="1302" pugongLight="2102" skill1Light="2202" skill2Light="2302" pugongRange="3102" skill1Range="3202" skill2Range="3302" />
<GuanQiaJunZhu id="500065" minRank="360" maxRank="36" zhiye="1" level="65" gongji="13099" fangyu="12579" shengming="252193" wqSH="5782" wqJM="5782" wqBJ="6388" wqRX="6388" jnSH="4312" jnJM="5302" jnBJ="5578" jnRX="5248" skill1="0" skill2="0" skill3="0" skill4="0" skill5="0" power="290587" mibao1="301021" mibao2="301022" mibao3="301023" mibaoLv="65" mibaoStar="1" weapon1="101001" weapon2="101002" weapon3="101003" profession="0" type="5" mibaoZuhe="1" mibaoZuheLv="7" pugongHeavy="1102" skill1Heavy="1202" skill2Heavy="1302" pugongLight="2102" skill1Light="2202" skill2Light="2302" pugongRange="3102" skill1Range="3202" skill2Range="3302" />
<GuanQiaJunZhu id="500066" minRank="350" maxRank="35" zhiye="1" level="66" gongji="13655" fangyu="13391" shengming="265248" wqSH="5862" wqJM="5862" wqBJ="6484" wqRX="6484" jnSH="4392" jnJM="5382" jnBJ="6004" jnRX="5344" skill1="0" skill2="0" skill3="0" skill4="0" skill5="0" power="311997" mibao1="301021" mibao2="301022" mibao3="301023" mibaoLv="66" mibaoStar="1" weapon1="101001" weapon2="101002" weapon3="101003" profession="0" type="5" mibaoZuhe="1" mibaoZuheLv="7" pugongHeavy="1102" skill1Heavy="1202" skill2Heavy="1302" pugongLight="2102" skill1Light="2202" skill2Light="2302" pugongRange="3102" skill1Range="3202" skill2Range="3302" />
<GuanQiaJunZhu id="500067" minRank="340" maxRank="34" zhiye="1" level="67" gongji="14154" fangyu="13679" shengming="271008" wqSH="5925" wqJM="5925" wqBJ="6559" wqRX="6559" jnSH="4455" jnJM="5445" jnBJ="6079" jnRX="5419" skill1="0" skill2="0" skill3="0" skill4="0" skill5="0" power="323486" mibao1="301021" mibao2="301022" mibao3="301023" mibaoLv="67" mibaoStar="1" weapon1="101001" weapon2="101002" weapon3="101003" profession="0" type="5" mibaoZuhe="1" mibaoZuheLv="7" pugongHeavy="1102" skill1Heavy="1202" skill2Heavy="1302" pugongLight="2102" skill1Light="2202" skill2Light="2302" pugongRange="3102" skill1Range="3202" skill2Range="3302" />
<GuanQiaJunZhu id="500068" minRank="330" maxRank="33" zhiye="1" level="68" gongji="14893" fangyu="14418" shengming="282588" wqSH="6004" wqJM="6004" wqBJ="6655" wqRX="6655" jnSH="4534" jnJM="5524" jnBJ="6175" jnRX="5515" skill1="0" skill2="0" skill3="0" skill4="0" skill5="0" power="343786" mibao1="301021" mibao2="301022" mibao3="301023" mibaoLv="68" mibaoStar="1" weapon1="101001" weapon2="101002" weapon3="101003" profession="0" type="5" mibaoZuhe="1" mibaoZuheLv="7" pugongHeavy="1102" skill1Heavy="1202" skill2Heavy="1302" pugongLight="2102" skill1Light="2202" skill2Light="2302" pugongRange="3102" skill1Range="3202" skill2Range="3302" />
<GuanQiaJunZhu id="500069" minRank="320" maxRank="32" zhiye="1" level="69" gongji="15489" fangyu="15130" shengming="296818" wqSH="6168" wqJM="6168" wqBJ="6831" wqRX="6831" jnSH="4698" jnJM="5688" jnBJ="6831" jnRX="5691" skill1="0" skill2="0" skill3="0" skill4="0" skill5="0" power="371639" mibao1="301021" mibao2="301022" mibao3="301023" mibaoLv="69" mibaoStar="1" weapon1="101001" weapon2="101002" weapon3="101003" profession="0" type="5" mibaoZuhe="1" mibaoZuheLv="7" pugongHeavy="1102" skill1Heavy="1202" skill2Heavy="1302" pugongLight="2102" skill1Light="2202" skill2Light="2302" pugongRange="3102" skill1Range="3202" skill2Range="3302" />
<GuanQiaJunZhu id="500070" minRank="310" maxRank="31" zhiye="1" level="70" gongji="15983" fangyu="15565" shengming="305518" wqSH="6247" wqJM="6247" wqBJ="6927" wqRX="6927" jnSH="4777" jnJM="5767" jnBJ="6927" jnRX="5787" skill1="0" skill2="0" skill3="0" skill4="0" skill5="0" power="387326" mibao1="301021" mibao2="301022" mibao3="301023" mibaoLv="70" mibaoStar="1" weapon1="101001" weapon2="101002" weapon3="101003" profession="0" type="5" mibaoZuhe="1" mibaoZuheLv="7" pugongHeavy="1102" skill1Heavy="1202" skill2Heavy="1302" pugongLight="2102" skill1Light="2202" skill2Light="2302" pugongRange="3102" skill1Range="3202" skill2Range="3302" />
<GuanQiaJunZhu id="500071" minRank="300" maxRank="30" zhiye="1" level="71" gongji="16425" fangyu="16130" shengming="316788" wqSH="6345" wqJM="6345" wqBJ="7045" wqRX="7045" jnSH="4875" jnJM="5865" jnBJ="7045" jnRX="6235" skill1="0" skill2="0" skill3="0" skill4="0" skill5="0" power="408940" mibao1="301021" mibao2="301022" mibao3="301023" mibaoLv="71" mibaoStar="1" weapon1="101001" weapon2="101002" weapon3="101003" profession="0" type="5" mibaoZuhe="1" mibaoZuheLv="7" pugongHeavy="1102" skill1Heavy="1202" skill2Heavy="1302" pugongLight="2102" skill1Light="2202" skill2Light="2302" pugongRange="3102" skill1Range="3202" skill2Range="3302" />
<GuanQiaJunZhu id="500072" minRank="290" maxRank="29" zhiye="1" level="72" gongji="16974" fangyu="16803" shengming="330228" wqSH="6408" wqJM="6408" wqBJ="7119" wqRX="7119" jnSH="5418" jnJM="5928" jnBJ="7119" jnRX="6309" skill1="0" skill2="0" skill3="0" skill4="0" skill5="0" power="431646" mibao1="301021" mibao2="301022" mibao3="301023" mibaoLv="72" mibaoStar="1" weapon1="101001" weapon2="101002" weapon3="101003" profession="0" type="5" mibaoZuhe="1" mibaoZuheLv="7" pugongHeavy="1102" skill1Heavy="1202" skill2Heavy="1302" pugongLight="2102" skill1Light="2202" skill2Light="2302" pugongRange="3102" skill1Range="3202" skill2Range="3302" />
<GuanQiaJunZhu id="500073" minRank="280" maxRank="28" zhiye="1" level="73" gongji="17322" fangyu="17148" shengming="337158" wqSH="6474" wqJM="6474" wqBJ="7198" wqRX="7198" jnSH="5484" jnJM="5994" jnBJ="7198" jnRX="6388" skill1="0" skill2="0" skill3="0" skill4="0" skill5="0" power="444656" mibao1="301021" mibao2="301022" mibao3="301023" mibaoLv="73" mibaoStar="1" weapon1="101001" weapon2="101002" weapon3="101003" profession="0" type="5" mibaoZuhe="1" mibaoZuheLv="7" pugongHeavy="1102" skill1Heavy="1202" skill2Heavy="1302" pugongLight="2102" skill1Light="2202" skill2Light="2302" pugongRange="3102" skill1Range="3202" skill2Range="3302" />
<GuanQiaJunZhu id="500074" minRank="270" maxRank="27" zhiye="1" level="74" gongji="17589" fangyu="17546" shengming="345108" wqSH="6540" wqJM="6540" wqBJ="7276" wqRX="7276" jnSH="5550" jnJM="6060" jnBJ="7276" jnRX="6466" skill1="0" skill2="0" skill3="0" skill4="0" skill5="0" power="457995" mibao1="301021" mibao2="301022" mibao3="301023" mibaoLv="74" mibaoStar="1" weapon1="101001" weapon2="101002" weapon3="101003" profession="0" type="5" mibaoZuhe="1" mibaoZuheLv="7" pugongHeavy="1102" skill1Heavy="1202" skill2Heavy="1302" pugongLight="2102" skill1Light="2202" skill2Light="2302" pugongRange="3102" skill1Range="3202" skill2Range="3302" />
<GuanQiaJunZhu id="500075" minRank="260" maxRank="26" zhiye="1" level="75" gongji="17868" fangyu="17827" shengming="357088" wqSH="6876" wqJM="6876" wqBJ="7625" wqRX="7625" jnSH="5616" jnJM="6396" jnBJ="7625" jnRX="6725" skill1="0" skill2="0" skill3="0" skill4="0" skill5="0" power="485389" mibao1="301021" mibao2="301022" mibao3="301023" mibaoLv="75" mibaoStar="1" weapon1="101001" weapon2="101002" weapon3="101003" profession="0" type="5" mibaoZuhe="1" mibaoZuheLv="7" pugongHeavy="1102" skill1Heavy="1202" skill2Heavy="1302" pugongLight="2102" skill1Light="2202" skill2Light="2302" pugongRange="3102" skill1Range="3202" skill2Range="3302" />
<GuanQiaJunZhu id="500076" minRank="250" maxRank="25" zhiye="1" level="76" gongji="18246" fangyu="18344" shengming="367408" wqSH="6968" wqJM="6968" wqBJ="7732" wqRX="7732" jnSH="5708" jnJM="6488" jnBJ="7732" jnRX="6832" skill1="0" skill2="0" skill3="0" skill4="0" skill5="0" power="504139" mibao1="301021" mibao2="301022" mibao3="301023" mibaoLv="76" mibaoStar="1" weapon1="101001" weapon2="101002" weapon3="101003" profession="0" type="5" mibaoZuhe="1" mibaoZuheLv="7" pugongHeavy="1102" skill1Heavy="1202" skill2Heavy="1302" pugongLight="2102" skill1Light="2202" skill2Light="2302" pugongRange="3102" skill1Range="3202" skill2Range="3302" />
<GuanQiaJunZhu id="500077" minRank="240" maxRank="24" zhiye="1" level="77" gongji="18656" fangyu="18478" shengming="370088" wqSH="7034" wqJM="7034" wqBJ="7810" wqRX="7810" jnSH="5774" jnJM="6554" jnBJ="7810" jnRX="6910" skill1="0" skill2="0" skill3="0" skill4="0" skill5="0" power="514727" mibao1="301021" mibao2="301022" mibao3="301023" mibaoLv="77" mibaoStar="1" weapon1="101001" weapon2="101002" weapon3="101003" profession="0" type="5" mibaoZuhe="1" mibaoZuheLv="7" pugongHeavy="1102" skill1Heavy="1202" skill2Heavy="1302" pugongLight="2102" skill1Light="2202" skill2Light="2302" pugongRange="3102" skill1Range="3202" skill2Range="3302" />
<GuanQiaJunZhu id="500078" minRank="230" maxRank="23" zhiye="1" level="78" gongji="18875" fangyu="18697" shengming="374468" wqSH="7094" wqJM="7094" wqBJ="7885" wqRX="7885" jnSH="5834" jnJM="6614" jnBJ="7885" jnRX="7465" skill1="0" skill2="0" skill3="0" skill4="0" skill5="0" power="529553" mibao1="301021" mibao2="301022" mibao3="301023" mibaoLv="78" mibaoStar="1" weapon1="101001" weapon2="101002" weapon3="101003" profession="0" type="5" mibaoZuhe="1" mibaoZuheLv="7" pugongHeavy="1102" skill1Heavy="1202" skill2Heavy="1302" pugongLight="2102" skill1Light="2202" skill2Light="2302" pugongRange="3102" skill1Range="3202" skill2Range="3302" />
<GuanQiaJunZhu id="500079" minRank="220" maxRank="22" zhiye="1" level="79" gongji="19250" fangyu="19069" shengming="381908" wqSH="7282" wqJM="7282" wqBJ="8088" wqRX="8088" jnSH="6022" jnJM="6802" jnBJ="8088" jnRX="7668" skill1="0" skill2="0" skill3="0" skill4="0" skill5="0" power="552163" mibao1="301021" mibao2="301022" mibao3="301023" mibaoLv="79" mibaoStar="1" weapon1="101001" weapon2="101002" weapon3="101003" profession="0" type="5" mibaoZuhe="1" mibaoZuheLv="7" pugongHeavy="1102" skill1Heavy="1202" skill2Heavy="1302" pugongLight="2102" skill1Light="2202" skill2Light="2302" pugongRange="3102" skill1Range="3202" skill2Range="3302" />
<GuanQiaJunZhu id="500080" minRank="210" maxRank="21" zhiye="1" level="80" gongji="19459" fangyu="19419" shengming="388968" wqSH="7334" wqJM="7334" wqBJ="8148" wqRX="8148" jnSH="6074" jnJM="6854" jnBJ="8148" jnRX="7728" skill1="0" skill2="0" skill3="0" skill4="0" skill5="0" power="564470" mibao1="301021" mibao2="301022" mibao3="301023" mibaoLv="80" mibaoStar="1" weapon1="101001" weapon2="101002" weapon3="101003" profession="0" type="5" mibaoZuhe="1" mibaoZuheLv="7" pugongHeavy="1102" skill1Heavy="1202" skill2Heavy="1302" pugongLight="2102" skill1Light="2202" skill2Light="2302" pugongRange="3102" skill1Range="3202" skill2Range="3302" />
<GuanQiaJunZhu id="500081" minRank="200" maxRank="20" zhiye="1" level="81" gongji="19752" fangyu="19712" shengming="394828" wqSH="7391" wqJM="7391" wqBJ="8215" wqRX="8215" jnSH="6131" jnJM="7391" jnBJ="8215" jnRX="7795" skill1="0" skill2="0" skill3="0" skill4="0" skill5="0" power="579876" mibao1="301021" mibao2="301022" mibao3="301023" mibaoLv="81" mibaoStar="1" weapon1="101001" weapon2="101002" weapon3="101003" profession="0" type="5" mibaoZuhe="1" mibaoZuheLv="7" pugongHeavy="1102" skill1Heavy="1202" skill2Heavy="1302" pugongLight="2102" skill1Light="2202" skill2Light="2302" pugongRange="3102" skill1Range="3202" skill2Range="3302" />
<GuanQiaJunZhu id="500082" minRank="190" maxRank="19" zhiye="1" level="82" gongji="19963" fangyu="20074" shengming="402048" wqSH="8888" wqJM="8888" wqBJ="9722" wqRX="9722" jnSH="7628" jnJM="8888" jnBJ="9722" jnRX="9302" skill1="0" skill2="0" skill3="0" skill4="0" skill5="0" power="684737" mibao1="301021" mibao2="301022" mibao3="301023" mibaoLv="82" mibaoStar="1" weapon1="101001" weapon2="101002" weapon3="101003" profession="0" type="5" mibaoZuhe="1" mibaoZuheLv="7" pugongHeavy="1102" skill1Heavy="1202" skill2Heavy="1302" pugongLight="2102" skill1Light="2202" skill2Light="2302" pugongRange="3102" skill1Range="3202" skill2Range="3302" />
<GuanQiaJunZhu id="500083" minRank="180" maxRank="18" zhiye="1" level="83" gongji="20174" fangyu="20285" shengming="406298" wqSH="8946" wqJM="8946" wqBJ="9789" wqRX="9789" jnSH="7686" jnJM="8946" jnBJ="9789" jnRX="9369" skill1="0" skill2="0" skill3="0" skill4="0" skill5="0" power="696002" mibao1="301021" mibao2="301022" mibao3="301023" mibaoLv="83" mibaoStar="1" weapon1="101001" weapon2="101002" weapon3="101003" profession="0" type="5" mibaoZuhe="1" mibaoZuheLv="7" pugongHeavy="1102" skill1Heavy="1202" skill2Heavy="1302" pugongLight="2102" skill1Light="2202" skill2Light="2302" pugongRange="3102" skill1Range="3202" skill2Range="3302" />
<GuanQiaJunZhu id="500084" minRank="170" maxRank="17" zhiye="1" level="84" gongji="20452" fangyu="20566" shengming="411918" wqSH="9008" wqJM="9008" wqBJ="9863" wqRX="9863" jnSH="7748" jnJM="9008" jnBJ="9863" jnRX="9443" skill1="0" skill2="0" skill3="0" skill4="0" skill5="0" power="710087" mibao1="301021" mibao2="301022" mibao3="301023" mibaoLv="84" mibaoStar="1" weapon1="101001" weapon2="101002" weapon3="101003" profession="0" type="5" mibaoZuhe="1" mibaoZuheLv="7" pugongHeavy="1102" skill1Heavy="1202" skill2Heavy="1302" pugongLight="2102" skill1Light="2202" skill2Light="2302" pugongRange="3102" skill1Range="3202" skill2Range="3302" />
<GuanQiaJunZhu id="500085" minRank="160" maxRank="16" zhiye="1" level="85" gongji="20663" fangyu="20935" shengming="419288" wqSH="9071" wqJM="9071" wqBJ="9937" wqRX="9937" jnSH="7811" jnJM="9071" jnBJ="9937" jnRX="9517" skill1="0" skill2="0" skill3="0" skill4="0" skill5="0" power="725576" mibao1="301021" mibao2="301022" mibao3="301023" mibaoLv="85" mibaoStar="1" weapon1="101001" weapon2="101002" weapon3="101003" profession="0" type="5" mibaoZuhe="1" mibaoZuheLv="7" pugongHeavy="1102" skill1Heavy="1202" skill2Heavy="1302" pugongLight="2102" skill1Light="2202" skill2Light="2302" pugongRange="3102" skill1Range="3202" skill2Range="3302" />
<GuanQiaJunZhu id="500086" minRank="150" maxRank="15" zhiye="1" level="86" gongji="20940" fangyu="21218" shengming="424948" wqSH="9134" wqJM="9134" wqBJ="10011" wqRX="10011" jnSH="7874" jnJM="9134" jnBJ="10011" jnRX="9591" skill1="0" skill2="0" skill3="0" skill4="0" skill5="0" power="739970" mibao1="301021" mibao2="301022" mibao3="301023" mibaoLv="86" mibaoStar="1" weapon1="101001" weapon2="101002" weapon3="101003" profession="0" type="5" mibaoZuhe="1" mibaoZuheLv="7" pugongHeavy="1102" skill1Heavy="1202" skill2Heavy="1302" pugongLight="2102" skill1Light="2202" skill2Light="2302" pugongRange="3102" skill1Range="3202" skill2Range="3302" />
<GuanQiaJunZhu id="500087" minRank="140" maxRank="14" zhiye="1" level="87" gongji="21151" fangyu="21591" shengming="432438" wqSH="9502" wqJM="9502" wqBJ="10392" wqRX="10392" jnSH="7942" jnJM="9502" jnBJ="10392" jnRX="9872" skill1="0" skill2="0" skill3="0" skill4="0" skill5="0" power="773118" mibao1="301021" mibao2="301022" mibao3="301023" mibaoLv="87" mibaoStar="1" weapon1="101001" weapon2="101002" weapon3="101003" profession="0" type="5" mibaoZuhe="1" mibaoZuheLv="7" pugongHeavy="1102" skill1Heavy="1202" skill2Heavy="1302" pugongLight="2102" skill1Light="2202" skill2Light="2302" pugongRange="3102" skill1Range="3202" skill2Range="3302" />
<GuanQiaJunZhu id="500088" minRank="130" maxRank="13" zhiye="1" level="88" gongji="21428" fangyu="21877" shengming="438158" wqSH="9568" wqJM="9568" wqBJ="10470" wqRX="10470" jnSH="8008" jnJM="9568" jnBJ="10470" jnRX="9949" skill1="0" skill2="0" skill3="0" skill4="0" skill5="0" power="788283" mibao1="301021" mibao2="301022" mibao3="301023" mibaoLv="88" mibaoStar="1" weapon1="101001" weapon2="101002" weapon3="101003" profession="0" type="5" mibaoZuhe="1" mibaoZuheLv="7" pugongHeavy="1102" skill1Heavy="1202" skill2Heavy="1302" pugongLight="2102" skill1Light="2202" skill2Light="2302" pugongRange="3102" skill1Range="3202" skill2Range="3302" />
<GuanQiaJunZhu id="500089" minRank="120" maxRank="12" zhiye="1" level="89" gongji="21639" fangyu="22257" shengming="445768" wqSH="9611" wqJM="9611" wqBJ="10519" wqRX="10519" jnSH="8051" jnJM="9611" jnBJ="10519" jnRX="9999" skill1="0" skill2="0" skill3="0" skill4="0" skill5="0" power="803252" mibao1="301021" mibao2="301022" mibao3="301023" mibaoLv="89" mibaoStar="1" weapon1="101001" weapon2="101002" weapon3="101003" profession="0" type="5" mibaoZuhe="1" mibaoZuheLv="7" pugongHeavy="1102" skill1Heavy="1202" skill2Heavy="1302" pugongLight="2102" skill1Light="2202" skill2Light="2302" pugongRange="3102" skill1Range="3202" skill2Range="3302" />
<GuanQiaJunZhu id="500090" minRank="110" maxRank="11" zhiye="1" level="90" gongji="22018" fangyu="22648" shengming="453588" wqSH="9759" wqJM="9759" wqBJ="10674" wqRX="10674" jnSH="8199" jnJM="9759" jnBJ="10674" jnRX="10154" skill1="0" skill2="0" skill3="0" skill4="0" skill5="0" power="828034" mibao1="301021" mibao2="301022" mibao3="301023" mibaoLv="90" mibaoStar="1" weapon1="101001" weapon2="101002" weapon3="101003" profession="0" type="5" mibaoZuhe="1" mibaoZuheLv="7" pugongHeavy="1102" skill1Heavy="1202" skill2Heavy="1302" pugongLight="2102" skill1Light="2202" skill2Light="2302" pugongRange="3102" skill1Range="3202" skill2Range="3302" />
<GuanQiaJunZhu id="500091" minRank="100" maxRank="10" zhiye="1" level="91" gongji="23893" fangyu="24190" shengming="484428" wqSH="9807" wqJM="9807" wqBJ="10729" wqRX="10729" jnSH="8247" jnJM="9807" jnBJ="10729" jnRX="10729" skill1="0" skill2="0" skill3="0" skill4="0" skill5="0" power="898770" mibao1="301021" mibao2="301022" mibao3="301023" mibaoLv="91" mibaoStar="1" weapon1="101001" weapon2="101002" weapon3="101003" profession="0" type="5" mibaoZuhe="1" mibaoZuheLv="7" pugongHeavy="1102" skill1Heavy="1202" skill2Heavy="1302" pugongLight="2102" skill1Light="2202" skill2Light="2302" pugongRange="3102" skill1Range="3202" skill2Range="3302" />
<GuanQiaJunZhu id="500092" minRank="90" maxRank="9" zhiye="1" level="92" gongji="24271" fangyu="24574" shengming="492108" wqSH="9855" wqJM="9855" wqBJ="10784" wqRX="10784" jnSH="8295" jnJM="9855" jnBJ="10784" jnRX="10784" skill1="0" skill2="0" skill3="0" skill4="0" skill5="0" power="917001" mibao1="301021" mibao2="301022" mibao3="301023" mibaoLv="92" mibaoStar="1" weapon1="101001" weapon2="101002" weapon3="101003" profession="0" type="5" mibaoZuhe="1" mibaoZuheLv="7" pugongHeavy="1102" skill1Heavy="1202" skill2Heavy="1302" pugongLight="2102" skill1Light="2202" skill2Light="2302" pugongRange="3102" skill1Range="3202" skill2Range="3302" />
<GuanQiaJunZhu id="500093" minRank="80" maxRank="8" zhiye="1" level="93" gongji="24368" fangyu="24878" shengming="498188" wqSH="9903" wqJM="9903" wqBJ="10839" wqRX="10839" jnSH="8343" jnJM="9903" jnBJ="10839" jnRX="10839" skill1="0" skill2="0" skill3="0" skill4="0" skill5="0" power="929824" mibao1="301021" mibao2="301022" mibao3="301023" mibaoLv="93" mibaoStar="1" weapon1="101001" weapon2="101002" weapon3="101003" profession="0" type="5" mibaoZuhe="1" mibaoZuheLv="7" pugongHeavy="1102" skill1Heavy="1202" skill2Heavy="1302" pugongLight="2102" skill1Light="2202" skill2Light="2302" pugongRange="3102" skill1Range="3202" skill2Range="3302" />
<GuanQiaJunZhu id="500094" minRank="70" maxRank="7" zhiye="1" level="94" gongji="24748" fangyu="25268" shengming="505988" wqSH="9954" wqJM="9954" wqBJ="10898" wqRX="10898" jnSH="8394" jnJM="9954" jnBJ="10898" jnRX="10898" skill1="0" skill2="0" skill3="0" skill4="0" skill5="0" power="948733" mibao1="301021" mibao2="301022" mibao3="301023" mibaoLv="94" mibaoStar="1" weapon1="101001" weapon2="101002" weapon3="101003" profession="0" type="5" mibaoZuhe="1" mibaoZuheLv="7" pugongHeavy="1102" skill1Heavy="1202" skill2Heavy="1302" pugongLight="2102" skill1Light="2202" skill2Light="2302" pugongRange="3102" skill1Range="3202" skill2Range="3302" />
<GuanQiaJunZhu id="500095" minRank="60" maxRank="6" zhiye="1" level="95" gongji="24970" fangyu="25495" shengming="510528" wqSH="10028" wqJM="10028" wqBJ="10980" wqRX="10980" jnSH="8468" jnJM="10028" jnBJ="10980" jnRX="10980" skill1="0" skill2="0" skill3="0" skill4="0" skill5="0" power="963465" mibao1="301021" mibao2="301022" mibao3="301023" mibaoLv="95" mibaoStar="1" weapon1="101001" weapon2="101002" weapon3="101003" profession="0" type="5" mibaoZuhe="1" mibaoZuheLv="7" pugongHeavy="1102" skill1Heavy="1202" skill2Heavy="1302" pugongLight="2102" skill1Light="2202" skill2Light="2302" pugongRange="3102" skill1Range="3202" skill2Range="3302" />
<GuanQiaJunZhu id="500096" minRank="50" maxRank="5" zhiye="1" level="96" gongji="25192" fangyu="25934" shengming="519308" wqSH="10081" wqJM="10081" wqBJ="11042" wqRX="11042" jnSH="8521" jnJM="10081" jnBJ="11042" jnRX="11042" skill1="0" skill2="0" skill3="0" skill4="0" skill5="0" power="982080" mibao1="301021" mibao2="301022" mibao3="301023" mibaoLv="96" mibaoStar="1" weapon1="101001" weapon2="101002" weapon3="101003" profession="0" type="5" mibaoZuhe="1" mibaoZuheLv="7" pugongHeavy="1102" skill1Heavy="1202" skill2Heavy="1302" pugongLight="2102" skill1Light="2202" skill2Light="2302" pugongRange="3102" skill1Range="3202" skill2Range="3302" />
<GuanQiaJunZhu id="500097" minRank="40" maxRank="4" zhiye="1" level="97" gongji="25483" fangyu="26239" shengming="525408" wqSH="10135" wqJM="10135" wqBJ="11104" wqRX="11104" jnSH="8575" jnJM="10135" jnBJ="11104" jnRX="11104" skill1="0" skill2="0" skill3="0" skill4="0" skill5="0" power="998313" mibao1="301021" mibao2="301022" mibao3="301023" mibaoLv="97" mibaoStar="1" weapon1="101001" weapon2="101002" weapon3="101003" profession="0" type="5" mibaoZuhe="1" mibaoZuheLv="7" pugongHeavy="1102" skill1Heavy="1202" skill2Heavy="1302" pugongLight="2102" skill1Light="2202" skill2Light="2302" pugongRange="3102" skill1Range="3202" skill2Range="3302" />
<GuanQiaJunZhu id="500098" minRank="30" maxRank="3" zhiye="1" level="98" gongji="25845" fangyu="26826" shengming="537148" wqSH="10188" wqJM="10188" wqBJ="11166" wqRX="11166" jnSH="8628" jnJM="10188" jnBJ="11166" jnRX="11166" skill1="0" skill2="0" skill3="0" skill4="0" skill5="0" power="1022785" mibao1="301021" mibao2="301022" mibao3="301023" mibaoLv="98" mibaoStar="1" weapon1="101001" weapon2="101002" weapon3="101003" profession="0" type="5" mibaoZuhe="1" mibaoZuheLv="7" pugongHeavy="1102" skill1Heavy="1202" skill2Heavy="1302" pugongLight="2102" skill1Light="2202" skill2Light="2302" pugongRange="3102" skill1Range="3202" skill2Range="3302" />
<GuanQiaJunZhu id="500099" minRank="20" maxRank="2" zhiye="1" level="99" gongji="25873" fangyu="26854" shengming="537708" wqSH="10247" wqJM="10247" wqBJ="11233" wqRX="11233" jnSH="8687" jnJM="10247" jnBJ="11233" jnRX="11233" skill1="0" skill2="0" skill3="0" skill4="0" skill5="0" power="1029126" mibao1="301021" mibao2="301022" mibao3="301023" mibaoLv="99" mibaoStar="1" weapon1="101001" weapon2="101002" weapon3="101003" profession="0" type="5" mibaoZuhe="1" mibaoZuheLv="7" pugongHeavy="1102" skill1Heavy="1202" skill2Heavy="1302" pugongLight="2102" skill1Light="2202" skill2Light="2302" pugongRange="3102" skill1Range="3202" skill2Range="3302" />
<GuanQiaJunZhu id="500100" minRank="10" maxRank="1" zhiye="1" level="100" gongji="27778" fangyu="28977" shengming="580168" wqSH="15382" wqJM="15382" wqBJ="16626" wqRX="16626" jnSH="13132" jnJM="15382" jnBJ="16626" jnRX="16626" skill1="0" skill2="0" skill3="0" skill4="0" skill5="0" power="1562728" mibao1="301021" mibao2="301022" mibao3="301023" mibaoLv="100" mibaoStar="1" weapon1="101001" weapon2="101002" weapon3="101003" profession="0" type="5" mibaoZuhe="1" mibaoZuheLv="7" pugongHeavy="1102" skill1Heavy="1202" skill2Heavy="1302" pugongLight="2102" skill1Light="2202" skill2Light="2302" pugongRange="3102" skill1Range="3202" skill2Range="3302" />
</dataset>