<?xml version="1.0" encoding="utf-8"?>
<dataset>
<HouseTreasure modelID="0" itemID="-1" />
<HouseTreasure modelID="1" itemID="-1" />
<HouseTreasure modelID="2" itemID="-1" />
<HouseTreasure modelID="3" itemID="-1" />
<HouseTreasure modelID="4" itemID="-1" />
<HouseTreasure modelID="5" itemID="-1" />
<HouseTreasure modelID="6" itemID="-1" />
<HouseTreasure modelID="7" itemID="-1" />
<HouseTreasure modelID="8" itemID="-1" />
<HouseTreasure modelID="9" itemID="-1" />
<HouseTreasure modelID="10" itemID="-1" />
<HouseTreasure modelID="11" itemID="-1" />
<HouseTreasure modelID="12" itemID="-1" />
<HouseTreasure modelID="13" itemID="-1" />
<HouseTreasure modelID="14" itemID="-1" />
<HouseTreasure modelID="15" itemID="-1" />
<HouseTreasure modelID="16" itemID="-1" />
<HouseTreasure modelID="17" itemID="-1" />
<HouseTreasure modelID="18" itemID="-1" />
<HouseTreasure modelID="19" itemID="-1" />
</dataset>