<?xml version="1.0" encoding="utf-8"?>
<dataset>
<HouseWeapon modelID="0" itemID="-1" />
<HouseWeapon modelID="1" itemID="-1" />
<HouseWeapon modelID="2" itemID="-1" />
<HouseWeapon modelID="3" itemID="-1" />
<HouseWeapon modelID="4" itemID="-1" />
<HouseWeapon modelID="5" itemID="-1" />
<HouseWeapon modelID="6" itemID="-1" />
<HouseWeapon modelID="7" itemID="-1" />
<HouseWeapon modelID="8" itemID="-1" />
<HouseWeapon modelID="9" itemID="-1" />
<HouseWeapon modelID="10" itemID="-1" />
<HouseWeapon modelID="11" itemID="-1" />
<HouseWeapon modelID="12" itemID="-1" />
<HouseWeapon modelID="13" itemID="-1" />
<HouseWeapon modelID="14" itemID="-1" />
<HouseWeapon modelID="15" itemID="-1" />
<HouseWeapon modelID="16" itemID="-1" />
<HouseWeapon modelID="17" itemID="-1" />
<HouseWeapon modelID="18" itemID="-1" />
<HouseWeapon modelID="19" itemID="-1" />
<HouseWeapon modelID="20" itemID="-1" />
<HouseWeapon modelID="21" itemID="-1" />
<HouseWeapon modelID="22" itemID="-1" />
<HouseWeapon modelID="23" itemID="-1" />
<HouseWeapon modelID="24" itemID="-1" />
<HouseWeapon modelID="25" itemID="-1" />
</dataset>