<?xml version="1.0" encoding="UTF-8"?>
<dataset>
<HuangyeRankAward rank="1" award="1.3" />
<HuangyeRankAward rank="2" award="1.2" />
<HuangyeRankAward rank="3" award="1.2" />
<HuangyeRankAward rank="4" award="1.1" />
<HuangyeRankAward rank="5" award="1.1" />
<HuangyeRankAward rank="6" award="1.1" />
<HuangyeRankAward rank="7" award="1.1" />
<HuangyeRankAward rank="8" award="1.1" />
<HuangyeRankAward rank="9" award="1.1" />
<HuangyeRankAward rank="10" award="1.1" />
<HuangyeRankAward rank="11" award="1" />
<HuangyeRankAward rank="12" award="1" />
<HuangyeRankAward rank="13" award="1" />
<HuangyeRankAward rank="14" award="1" />
<HuangyeRankAward rank="15" award="1" />
<HuangyeRankAward rank="16" award="1" />
<HuangyeRankAward rank="17" award="1" />
<HuangyeRankAward rank="18" award="1" />
<HuangyeRankAward rank="19" award="1" />
<HuangyeRankAward rank="20" award="1" />
<HuangyeRankAward rank="21" award="0.9" />
<HuangyeRankAward rank="22" award="0.9" />
<HuangyeRankAward rank="23" award="0.9" />
<HuangyeRankAward rank="24" award="0.9" />
<HuangyeRankAward rank="25" award="0.9" />
<HuangyeRankAward rank="26" award="0.9" />
<HuangyeRankAward rank="27" award="0.9" />
<HuangyeRankAward rank="28" award="0.9" />
<HuangyeRankAward rank="29" award="0.9" />
<HuangyeRankAward rank="30" award="0.9" />
<HuangyeRankAward rank="31" award="0.9" />
<HuangyeRankAward rank="32" award="0.9" />
<HuangyeRankAward rank="33" award="0.9" />
<HuangyeRankAward rank="34" award="0.9" />
<HuangyeRankAward rank="35" award="0.9" />
<HuangyeRankAward rank="36" award="0.9" />
<HuangyeRankAward rank="37" award="0.9" />
<HuangyeRankAward rank="38" award="0.9" />
<HuangyeRankAward rank="39" award="0.9" />
<HuangyeRankAward rank="40" award="0.9" />
<HuangyeRankAward rank="41" award="0.85" />
<HuangyeRankAward rank="42" award="0.85" />
<HuangyeRankAward rank="43" award="0.85" />
<HuangyeRankAward rank="44" award="0.85" />
<HuangyeRankAward rank="45" award="0.85" />
<HuangyeRankAward rank="46" award="0.85" />
<HuangyeRankAward rank="47" award="0.85" />
<HuangyeRankAward rank="48" award="0.85" />
<HuangyeRankAward rank="49" award="0.85" />
<HuangyeRankAward rank="50" award="0.85" />
<HuangyeRankAward rank="51" award="0.85" />
<HuangyeRankAward rank="52" award="0.85" />
<HuangyeRankAward rank="53" award="0.85" />
<HuangyeRankAward rank="54" award="0.85" />
<HuangyeRankAward rank="55" award="0.85" />
<HuangyeRankAward rank="56" award="0.85" />
<HuangyeRankAward rank="57" award="0.85" />
<HuangyeRankAward rank="58" award="0.85" />
<HuangyeRankAward rank="59" award="0.85" />
<HuangyeRankAward rank="60" award="0.85" />
<HuangyeRankAward rank="61" award="0.85" />
<HuangyeRankAward rank="62" award="0.85" />
<HuangyeRankAward rank="63" award="0.85" />
<HuangyeRankAward rank="64" award="0.85" />
<HuangyeRankAward rank="65" award="0.85" />
<HuangyeRankAward rank="66" award="0.85" />
<HuangyeRankAward rank="67" award="0.85" />
<HuangyeRankAward rank="68" award="0.85" />
<HuangyeRankAward rank="69" award="0.85" />
<HuangyeRankAward rank="70" award="0.85" />
<HuangyeRankAward rank="71" award="0.85" />
<HuangyeRankAward rank="72" award="0.85" />
<HuangyeRankAward rank="73" award="0.85" />
<HuangyeRankAward rank="74" award="0.85" />
<HuangyeRankAward rank="75" award="0.85" />
<HuangyeRankAward rank="76" award="0.85" />
<HuangyeRankAward rank="77" award="0.85" />
<HuangyeRankAward rank="78" award="0.85" />
<HuangyeRankAward rank="79" award="0.85" />
<HuangyeRankAward rank="80" award="0.85" />
<HuangyeRankAward rank="81" award="0.8" />
<HuangyeRankAward rank="82" award="0.8" />
<HuangyeRankAward rank="83" award="0.8" />
<HuangyeRankAward rank="84" award="0.8" />
<HuangyeRankAward rank="85" award="0.8" />
<HuangyeRankAward rank="86" award="0.8" />
<HuangyeRankAward rank="87" award="0.8" />
<HuangyeRankAward rank="88" award="0.8" />
<HuangyeRankAward rank="89" award="0.8" />
<HuangyeRankAward rank="90" award="0.8" />
<HuangyeRankAward rank="91" award="0.8" />
<HuangyeRankAward rank="92" award="0.8" />
<HuangyeRankAward rank="93" award="0.8" />
<HuangyeRankAward rank="94" award="0.8" />
<HuangyeRankAward rank="95" award="0.8" />
<HuangyeRankAward rank="96" award="0.8" />
<HuangyeRankAward rank="97" award="0.8" />
<HuangyeRankAward rank="98" award="0.8" />
<HuangyeRankAward rank="99" award="0.8" />
<HuangyeRankAward rank="100" award="0.8" />
<HuangyeRankAward rank="101" award="0.8" />
<HuangyeRankAward rank="102" award="0.8" />
<HuangyeRankAward rank="103" award="0.8" />
<HuangyeRankAward rank="104" award="0.8" />
<HuangyeRankAward rank="105" award="0.8" />
<HuangyeRankAward rank="106" award="0.8" />
<HuangyeRankAward rank="107" award="0.8" />
<HuangyeRankAward rank="108" award="0.8" />
<HuangyeRankAward rank="109" award="0.8" />
<HuangyeRankAward rank="110" award="0.8" />
<HuangyeRankAward rank="111" award="0.8" />
<HuangyeRankAward rank="112" award="0.8" />
<HuangyeRankAward rank="113" award="0.8" />
<HuangyeRankAward rank="114" award="0.8" />
<HuangyeRankAward rank="115" award="0.8" />
<HuangyeRankAward rank="116" award="0.8" />
<HuangyeRankAward rank="117" award="0.8" />
<HuangyeRankAward rank="118" award="0.8" />
<HuangyeRankAward rank="119" award="0.8" />
<HuangyeRankAward rank="120" award="0.8" />
<HuangyeRankAward rank="121" award="0.8" />
<HuangyeRankAward rank="122" award="0.8" />
<HuangyeRankAward rank="123" award="0.8" />
<HuangyeRankAward rank="124" award="0.8" />
<HuangyeRankAward rank="125" award="0.8" />
<HuangyeRankAward rank="126" award="0.8" />
<HuangyeRankAward rank="127" award="0.8" />
<HuangyeRankAward rank="128" award="0.8" />
<HuangyeRankAward rank="129" award="0.8" />
<HuangyeRankAward rank="130" award="0.8" />
<HuangyeRankAward rank="131" award="0.8" />
<HuangyeRankAward rank="132" award="0.8" />
<HuangyeRankAward rank="133" award="0.8" />
<HuangyeRankAward rank="134" award="0.8" />
<HuangyeRankAward rank="135" award="0.8" />
<HuangyeRankAward rank="136" award="0.8" />
<HuangyeRankAward rank="137" award="0.8" />
<HuangyeRankAward rank="138" award="0.8" />
<HuangyeRankAward rank="139" award="0.8" />
<HuangyeRankAward rank="140" award="0.8" />
<HuangyeRankAward rank="141" award="0.8" />
<HuangyeRankAward rank="142" award="0.8" />
<HuangyeRankAward rank="143" award="0.8" />
<HuangyeRankAward rank="144" award="0.8" />
<HuangyeRankAward rank="145" award="0.8" />
<HuangyeRankAward rank="146" award="0.8" />
<HuangyeRankAward rank="147" award="0.8" />
<HuangyeRankAward rank="148" award="0.8" />
<HuangyeRankAward rank="149" award="0.8" />
<HuangyeRankAward rank="150" award="0.8" />
</dataset>