<?xml version="1.0" encoding="UTF-8"?>
<dataset>
<HuangyePve id="100001" lv="1" nameId="720001" descId="720001" icon="720001" condition="4" openCost="1000" npcId="201010" award="0:900015:300#0:900001:36700" rank1Award="120" rank2Award="115" rank3Award="110" rank4Award="105" rank5Award="100" fastAward="0:900017:200" killAward="0:900017:2000" soundId="100001" sceneId="704" power="8600" configId="200001" positionX="-299" positionY="87" pveId="100407" paraK="114" recMibaoSkill="250101" huangYeBi_scale="0.002" frontGuanqiaID="0" nextGuanqiaID="100002" perFastAward="0:900015:30" fastTimeLimit="6" fightAward="0:900015:30" />
<HuangyePve id="100002" lv="2" nameId="720002" descId="720002" icon="720002" condition="5" openCost="1000" npcId="201020" award="0:900015:350#0:900001:37600" rank1Award="145" rank2Award="140" rank3Award="135" rank4Award="130" rank5Award="125" fastAward="0:900017:240" killAward="0:900017:2400" soundId="100001" sceneId="504" power="11600" configId="200002" positionX="-341" positionY="-134" pveId="100509" paraK="143" recMibaoSkill="250102" huangYeBi_scale="0.0019" frontGuanqiaID="100001" nextGuanqiaID="100003" perFastAward="0:900015:35" fastTimeLimit="6" fightAward="0:900015:31" />
<HuangyePve id="100003" lv="3" nameId="720003" descId="720003" icon="720003" condition="6" openCost="1500" npcId="201030" award="0:900015:400#0:900001:38700" rank1Award="170" rank2Award="165" rank3Award="160" rank4Award="155" rank5Award="150" fastAward="0:900017:280" killAward="0:900017:2800" soundId="100001" sceneId="503" power="14600" configId="200003" positionX="-101" positionY="-218" pveId="100609" paraK="180" recMibaoSkill="250105" huangYeBi_scale="0.00175" frontGuanqiaID="100002" nextGuanqiaID="100004" perFastAward="0:900015:40" fastTimeLimit="6" fightAward="0:900015:32" />
<HuangyePve id="100004" lv="4" nameId="720004" descId="720004" icon="720004" condition="7" openCost="1500" npcId="201040" award="0:900015:450#0:900001:39800" rank1Award="195" rank2Award="190" rank3Award="185" rank4Award="180" rank5Award="175" fastAward="0:900017:320" killAward="0:900017:3200" soundId="100001" sceneId="704" power="21900" configId="200004" positionX="-59" positionY="76" pveId="100709" paraK="201" recMibaoSkill="250103" huangYeBi_scale="0.00135" frontGuanqiaID="100003" nextGuanqiaID="100005" perFastAward="0:900015:45" fastTimeLimit="6" fightAward="0:900015:33" />
<HuangyePve id="100005" lv="5" nameId="720005" descId="720001" icon="720005" condition="8" openCost="2000" npcId="202010" award="0:900015:500#0:900001:61000" rank1Award="220" rank2Award="215" rank3Award="210" rank4Award="205" rank5Award="200" fastAward="0:900017:360" killAward="0:900017:3600" soundId="100001" sceneId="202" power="30800" configId="200005" positionX="209" positionY="25" pveId="100809" paraK="261" recMibaoSkill="250101" huangYeBi_scale="0.00118" frontGuanqiaID="100004" nextGuanqiaID="100006" perFastAward="0:900015:50" fastTimeLimit="9" fightAward="0:900015:34" />
<HuangyePve id="100006" lv="6" nameId="720006" descId="720002" icon="720006" condition="9" openCost="2000" npcId="202020" award="0:900015:550#0:900001:62700" rank1Award="245" rank2Award="240" rank3Award="235" rank4Award="230" rank5Award="225" fastAward="0:900017:400" killAward="0:900017:4000" soundId="100001" sceneId="406" power="46000" configId="200006" positionX="130" positionY="-179" pveId="100909" paraK="343" recMibaoSkill="250102" huangYeBi_scale="0.00099" frontGuanqiaID="100005" nextGuanqiaID="100007" perFastAward="0:900015:55" fastTimeLimit="9" fightAward="0:900015:35" />
<HuangyePve id="100007" lv="7" nameId="720007" descId="720003" icon="720007" condition="10" openCost="2500" npcId="202030" award="0:900015:600#0:900001:65900" rank1Award="270" rank2Award="265" rank3Award="260" rank4Award="255" rank5Award="250" fastAward="0:900017:450" killAward="0:900017:4500" soundId="100001" sceneId="504" power="65400" configId="200007" positionX="415" positionY="-129" pveId="101009" paraK="386" recMibaoSkill="250105" huangYeBi_scale="0.00078" frontGuanqiaID="100006" nextGuanqiaID="100008" perFastAward="0:900015:60" fastTimeLimit="9" fightAward="0:900015:36" />
<HuangyePve id="100008" lv="8" nameId="720008" descId="720004" icon="720008" condition="11" openCost="2500" npcId="202040" award="0:900015:750#0:900001:67500" rank1Award="295" rank2Award="290" rank3Award="285" rank4Award="280" rank5Award="275" fastAward="0:900017:500" killAward="0:900017:5000" soundId="100001" sceneId="704" power="111300" configId="200008" positionX="-353" positionY="97" pveId="101109" paraK="527" recMibaoSkill="250103" huangYeBi_scale="0.00051" frontGuanqiaID="100007" nextGuanqiaID="100009" perFastAward="0:900015:75" fastTimeLimit="9" fightAward="0:900015:37" />
<HuangyePve id="100009" lv="9" nameId="720009" descId="720001" icon="720009" condition="12" openCost="3000" npcId="203010" award="0:900015:800#0:900001:91800" rank1Award="320" rank2Award="315" rank3Award="310" rank4Award="305" rank5Award="300" fastAward="0:900017:550" killAward="0:900017:5500" soundId="100001" sceneId="504" power="150800" configId="200009" positionX="-320" positionY="-106" pveId="101209" paraK="680" recMibaoSkill="250101" huangYeBi_scale="0.00044" frontGuanqiaID="100008" nextGuanqiaID="100010" perFastAward="0:900015:80" fastTimeLimit="12" fightAward="0:900015:38" />
<HuangyePve id="100010" lv="10" nameId="720010" descId="720002" icon="720010" condition="13" openCost="3000" npcId="203020" award="0:900015:850#0:900001:96100" rank1Award="345" rank2Award="340" rank3Award="335" rank4Award="330" rank5Award="325" fastAward="0:900017:600" killAward="0:900017:6000" soundId="100001" sceneId="503" power="180300" configId="200010" positionX="-64" positionY="-181" pveId="101309" paraK="706" recMibaoSkill="250102" huangYeBi_scale="0.00039" frontGuanqiaID="100009" nextGuanqiaID="100011" perFastAward="0:900015:85" fastTimeLimit="12" fightAward="0:900015:39" />
<HuangyePve id="100011" lv="11" nameId="720011" descId="720003" icon="720011" condition="14" openCost="3500" npcId="203030" award="0:900015:900#0:900001:98200" rank1Award="370" rank2Award="365" rank3Award="360" rank4Award="355" rank5Award="350" fastAward="0:900017:650" killAward="0:900017:6500" soundId="100001" sceneId="704" power="222800" configId="200011" positionX="-112" positionY="42" pveId="101409" paraK="894" recMibaoSkill="250105" huangYeBi_scale="0.00033" frontGuanqiaID="100010" nextGuanqiaID="100012" perFastAward="0:900015:90" fastTimeLimit="12" fightAward="0:900015:40" />
<HuangyePve id="100012" lv="12" nameId="720012" descId="720004" icon="720012" condition="15" openCost="3500" npcId="203040" award="0:900015:950#0:900001:102800" rank1Award="395" rank2Award="390" rank3Award="385" rank4Award="380" rank5Award="375" fastAward="0:900017:700" killAward="0:900017:7000" soundId="100001" sceneId="202" power="306700" configId="200012" positionX="173" positionY="62" pveId="101509" paraK="1009" recMibaoSkill="250103" huangYeBi_scale="0.00027" frontGuanqiaID="100011" nextGuanqiaID="100013" perFastAward="0:900015:95" fastTimeLimit="12" fightAward="0:900015:41" />
<HuangyePve id="100013" lv="13" nameId="720013" descId="720001" icon="720013" condition="16" openCost="4000" npcId="204010" award="0:900015:1000#0:900001:128500" rank1Award="420" rank2Award="415" rank3Award="410" rank4Award="405" rank5Award="400" fastAward="0:900017:750" killAward="0:900017:7500" soundId="100001" sceneId="406" power="352600" configId="200013" positionX="174" positionY="-130" pveId="101509" paraK="1117" recMibaoSkill="250101" huangYeBi_scale="0.00026" frontGuanqiaID="100012" nextGuanqiaID="100014" perFastAward="0:900015:100" fastTimeLimit="15" fightAward="0:900015:42" />
<HuangyePve id="100014" lv="14" nameId="720014" descId="720002" icon="720014" condition="17" openCost="4000" npcId="204020" award="0:900015:1050#0:900001:131200" rank1Award="445" rank2Award="440" rank3Award="435" rank4Award="430" rank5Award="425" fastAward="0:900017:800" killAward="0:900017:8000" soundId="100001" sceneId="504" power="379500" configId="200014" positionX="415" positionY="-129" pveId="101509" paraK="1064" recMibaoSkill="250102" huangYeBi_scale="0.000258" frontGuanqiaID="100013" nextGuanqiaID="100015" perFastAward="0:900015:105" fastTimeLimit="15" fightAward="0:900015:43" />
<HuangyePve id="100015" lv="15" nameId="720015" descId="720003" icon="720015" condition="18" openCost="4500" npcId="204030" award="0:900015:1100#0:900001:136600" rank1Award="470" rank2Award="465" rank3Award="460" rank4Award="455" rank5Award="450" fastAward="0:900017:900" killAward="0:900017:9000" soundId="100001" sceneId="406" power="413500" configId="1" positionX="-352" positionY="131" pveId="101509" paraK="1177" recMibaoSkill="250105" huangYeBi_scale="0.000247" frontGuanqiaID="100014" nextGuanqiaID="100016" perFastAward="0:900015:110" fastTimeLimit="15" fightAward="0:900015:44" />
<HuangyePve id="100016" lv="16" nameId="720016" descId="720004" icon="720016" condition="19" openCost="4500" npcId="204040" award="0:900015:1150#0:900001:141900" rank1Award="495" rank2Award="490" rank3Award="485" rank4Award="480" rank5Award="475" fastAward="0:900017:1000" killAward="0:900017:10000" soundId="100001" sceneId="205" power="437600" configId="2" positionX="-287" positionY="-24" pveId="101509" paraK="1245" recMibaoSkill="250103" huangYeBi_scale="0.000245" frontGuanqiaID="100015" nextGuanqiaID="100017" perFastAward="0:900015:115" fastTimeLimit="15" fightAward="0:900015:45" />
<HuangyePve id="100017" lv="17" nameId="720017" descId="720001" icon="720017" condition="20" openCost="5000" npcId="205010" award="0:900015:1200#0:900001:177200" rank1Award="520" rank2Award="515" rank3Award="510" rank4Award="505" rank5Award="500" fastAward="0:900017:1100" killAward="0:900017:11000" soundId="100001" sceneId="202" power="468200" configId="3" positionX="-95" positionY="-134" pveId="101509" paraK="1302" recMibaoSkill="250101" huangYeBi_scale="0.000247" frontGuanqiaID="100016" nextGuanqiaID="100018" perFastAward="0:900015:120" fastTimeLimit="18" fightAward="0:900015:46" />
<HuangyePve id="100018" lv="18" nameId="720018" descId="720002" icon="720018" condition="20" openCost="5000" npcId="205020" award="0:900015:1250#0:900001:184100" rank1Award="545" rank2Award="540" rank3Award="535" rank4Award="530" rank5Award="525" fastAward="0:900017:1200" killAward="0:900017:12000" soundId="100001" sceneId="301" power="498900" configId="4" positionX="-45" positionY="103" pveId="101509" paraK="1351" recMibaoSkill="250102" huangYeBi_scale="0.000249" frontGuanqiaID="100017" nextGuanqiaID="100019" perFastAward="0:900015:125" fastTimeLimit="18" fightAward="0:900015:47" />
<HuangyePve id="100019" lv="19" nameId="720019" descId="720003" icon="720019" condition="21" openCost="5500" npcId="205030" award="0:900015:1300#0:900001:190900" rank1Award="570" rank2Award="565" rank3Award="560" rank4Award="555" rank5Award="550" fastAward="0:900017:1300" killAward="0:900017:13000" soundId="100001" sceneId="406" power="534900" configId="1" positionX="220" positionY="43" pveId="101509" paraK="1312" recMibaoSkill="250105" huangYeBi_scale="0.000242" frontGuanqiaID="100018" nextGuanqiaID="100020" perFastAward="0:900015:130" fastTimeLimit="18" fightAward="0:900015:48" />
<HuangyePve id="100020" lv="20" nameId="720020" descId="720004" icon="720020" condition="21" openCost="5500" npcId="205040" award="0:900015:1350#0:900001:197800" rank1Award="595" rank2Award="590" rank3Award="585" rank4Award="580" rank5Award="575" fastAward="0:900017:1400" killAward="0:900017:14000" soundId="100001" sceneId="205" power="571000" configId="2" positionX="144" positionY="-139" pveId="101509" paraK="1379" recMibaoSkill="250103" huangYeBi_scale="0.000239" frontGuanqiaID="100019" nextGuanqiaID="100021" perFastAward="0:900015:135" fastTimeLimit="18" fightAward="0:900015:49" />
<HuangyePve id="100021" lv="21" nameId="720021" descId="720001" icon="720021" condition="22" openCost="6000" npcId="206010" award="0:900015:1400#0:900001:238800" rank1Award="620" rank2Award="615" rank3Award="610" rank4Award="605" rank5Award="600" fastAward="0:900017:1500" killAward="0:900017:15000" soundId="100001" sceneId="202" power="586000" configId="3" positionX="386" positionY="-143" pveId="101509" paraK="1406" recMibaoSkill="250101" huangYeBi_scale="0.000245" frontGuanqiaID="100020" nextGuanqiaID="100022" perFastAward="0:900015:140" fastTimeLimit="21" fightAward="0:900015:50" />
<HuangyePve id="100022" lv="22" nameId="720022" descId="720002" icon="720022" condition="22" openCost="6000" npcId="206020" award="0:900015:1500#0:900001:242600" rank1Award="645" rank2Award="640" rank3Award="635" rank4Award="630" rank5Award="625" fastAward="0:900017:1650" killAward="0:900017:16500" soundId="100001" sceneId="301" power="600900" configId="4" positionX="-338" positionY="132" pveId="101509" paraK="1412" recMibaoSkill="250102" huangYeBi_scale="0.000254" frontGuanqiaID="100021" nextGuanqiaID="100023" perFastAward="0:900015:150" fastTimeLimit="21" fightAward="0:900015:51" />
<HuangyePve id="100023" lv="23" nameId="720023" descId="720003" icon="720023" condition="23" openCost="6500" npcId="206030" award="0:900015:1600#0:900001:251100" rank1Award="670" rank2Award="665" rank3Award="660" rank4Award="655" rank5Award="650" fastAward="0:900017:1800" killAward="0:900017:18000" soundId="100001" sceneId="406" power="617000" configId="1" positionX="-316" positionY="-116" pveId="101509" paraK="1456" recMibaoSkill="250105" huangYeBi_scale="0.000256" frontGuanqiaID="100022" nextGuanqiaID="100024" perFastAward="0:900015:160" fastTimeLimit="21" fightAward="0:900015:52" />
<HuangyePve id="100024" lv="24" nameId="720024" descId="720004" icon="720024" condition="23" openCost="6500" npcId="206040" award="0:900015:1700#0:900001:259200" rank1Award="695" rank2Award="690" rank3Award="685" rank4Award="680" rank5Award="675" fastAward="0:900017:1950" killAward="0:900017:19500" soundId="100001" sceneId="205" power="633000" configId="2" positionX="-65" positionY="-186" pveId="101509" paraK="1495" recMibaoSkill="250103" huangYeBi_scale="0.000258" frontGuanqiaID="100023" nextGuanqiaID="100025" perFastAward="0:900015:170" fastTimeLimit="21" fightAward="0:900015:53" />
<HuangyePve id="100025" lv="25" nameId="720025" descId="720001" icon="720025" condition="24" openCost="7000" npcId="207010" award="0:900015:1800#0:900001:301100" rank1Award="720" rank2Award="715" rank3Award="710" rank4Award="705" rank5Award="700" fastAward="0:900017:2100" killAward="0:900017:21000" soundId="100001" sceneId="202" power="674800" configId="3" positionX="-40" positionY="159" pveId="101509" paraK="1433" recMibaoSkill="250101" huangYeBi_scale="0.000254" frontGuanqiaID="100024" nextGuanqiaID="100026" perFastAward="0:900015:180" fastTimeLimit="24" fightAward="0:900015:54" />
<HuangyePve id="100026" lv="26" nameId="720026" descId="720002" icon="720026" condition="24" openCost="7000" npcId="207020" award="0:900015:1900#0:900001:310300" rank1Award="745" rank2Award="740" rank3Award="735" rank4Award="730" rank5Award="725" fastAward="0:900017:2250" killAward="0:900017:22500" soundId="100001" sceneId="301" power="716500" configId="4" positionX="176" positionY="64" pveId="101509" paraK="1495" recMibaoSkill="250102" huangYeBi_scale="0.000252" frontGuanqiaID="100025" nextGuanqiaID="100027" perFastAward="0:900015:190" fastTimeLimit="24" fightAward="0:900015:55" />
<HuangyePve id="100027" lv="27" nameId="720027" descId="720003" icon="720027" condition="25" openCost="7500" npcId="207030" award="0:900015:2000#0:900001:315200" rank1Award="770" rank2Award="765" rank3Award="760" rank4Award="755" rank5Award="750" fastAward="0:900017:2400" killAward="0:900017:24000" soundId="100001" sceneId="406" power="758200" configId="1" positionX="155" positionY="-146" pveId="101509" paraK="1578" recMibaoSkill="250105" huangYeBi_scale="0.000247" frontGuanqiaID="100026" nextGuanqiaID="100028" perFastAward="0:900015:200" fastTimeLimit="24" fightAward="0:900015:56" />
<HuangyePve id="100028" lv="28" nameId="720028" descId="720004" icon="720028" condition="25" openCost="7500" npcId="207040" award="0:900015:2100#0:900001:325000" rank1Award="795" rank2Award="790" rank3Award="785" rank4Award="780" rank5Award="775" fastAward="0:900017:2550" killAward="0:900017:25500" soundId="100001" sceneId="205" power="800000" configId="2" positionX="415" positionY="-122" pveId="101509" paraK="1668" recMibaoSkill="250103" huangYeBi_scale="0.00025" frontGuanqiaID="100027" nextGuanqiaID="0" perFastAward="0:900015:210" fastTimeLimit="24" fightAward="0:900015:57" />
</dataset>
