<?xml version="1.0" encoding="UTF-8"?>
<dataset>
<HuangyeAward site="1" itemType="6" itemId="960101" guanqiaId="101001,101002" />
<HuangyeAward site="2" itemType="6" itemId="960102" guanqiaId="101001,101002" />
<HuangyeAward site="3" itemType="6" itemId="960103" guanqiaId="101001,101002" />
<HuangyeAward site="4" itemType="6" itemId="960111" guanqiaId="101001,101002" />
<HuangyeAward site="5" itemType="6" itemId="960112" guanqiaId="101001,101002" />
<HuangyeAward site="6" itemType="6" itemId="960113" guanqiaId="101001,101002" />
<HuangyeAward site="7" itemType="6" itemId="960114" guanqiaId="101001,101002" />
<HuangyeAward site="8" itemType="6" itemId="960115" guanqiaId="101001,101002" />
<HuangyeAward site="9" itemType="6" itemId="960116" guanqiaId="101001,101002" />
<HuangyeAward site="10" itemType="6" itemId="960201" guanqiaId="101001,101002" />
<HuangyeAward site="11" itemType="6" itemId="960202" guanqiaId="101001,101002" />
<HuangyeAward site="12" itemType="6" itemId="960203" guanqiaId="101001,101002" />
<HuangyeAward site="13" itemType="6" itemId="960211" guanqiaId="101001,101002" />
<HuangyeAward site="14" itemType="6" itemId="960212" guanqiaId="101001,101002" />
<HuangyeAward site="15" itemType="6" itemId="960213" guanqiaId="101001,101002" />
<HuangyeAward site="16" itemType="6" itemId="960214" guanqiaId="101001,101002" />
<HuangyeAward site="17" itemType="6" itemId="960215" guanqiaId="101001,101002" />
<HuangyeAward site="18" itemType="6" itemId="960216" guanqiaId="101001,101002" />
<HuangyeAward site="19" itemType="6" itemId="960301" guanqiaId="101001,101002" />
<HuangyeAward site="20" itemType="6" itemId="960302" guanqiaId="101001,101002" />
<HuangyeAward site="21" itemType="6" itemId="960303" guanqiaId="101001,101002" />
<HuangyeAward site="22" itemType="6" itemId="960311" guanqiaId="101001,101002" />
<HuangyeAward site="23" itemType="6" itemId="960312" guanqiaId="101001,101002" />
<HuangyeAward site="24" itemType="6" itemId="960313" guanqiaId="101001,101002" />
<HuangyeAward site="25" itemType="6" itemId="960314" guanqiaId="101001,101002" />
<HuangyeAward site="26" itemType="6" itemId="960315" guanqiaId="101001,101002" />
<HuangyeAward site="27" itemType="6" itemId="960316" guanqiaId="101001,101002" />
<HuangyeAward site="28" itemType="6" itemId="960401" guanqiaId="101001,101002" />
<HuangyeAward site="29" itemType="6" itemId="960402" guanqiaId="101001,101002" />
<HuangyeAward site="30" itemType="6" itemId="960403" guanqiaId="101001,101002" />
<HuangyeAward site="31" itemType="6" itemId="960411" guanqiaId="101001,101002" />
<HuangyeAward site="32" itemType="6" itemId="960412" guanqiaId="101001,101002" />
<HuangyeAward site="33" itemType="6" itemId="960413" guanqiaId="101001,101002" />
<HuangyeAward site="34" itemType="6" itemId="960414" guanqiaId="101001,101002" />
<HuangyeAward site="35" itemType="6" itemId="960415" guanqiaId="101001,101002" />
<HuangyeAward site="36" itemType="6" itemId="960416" guanqiaId="101001,101002" />
<HuangyeAward site="37" itemType="6" itemId="960501" guanqiaId="101001,101002" />
<HuangyeAward site="38" itemType="6" itemId="960502" guanqiaId="101001,101002" />
<HuangyeAward site="39" itemType="6" itemId="960503" guanqiaId="101001,101002" />
<HuangyeAward site="40" itemType="6" itemId="960511" guanqiaId="101001,101002" />
<HuangyeAward site="41" itemType="6" itemId="960512" guanqiaId="101001,101002" />
<HuangyeAward site="42" itemType="6" itemId="960513" guanqiaId="101001,101002" />
<HuangyeAward site="43" itemType="6" itemId="960514" guanqiaId="101001,101002" />
<HuangyeAward site="44" itemType="6" itemId="960515" guanqiaId="101001,101002" />
<HuangyeAward site="45" itemType="6" itemId="960516" guanqiaId="101001,101002" />
<HuangyeAward site="46" itemType="6" itemId="960601" guanqiaId="101001,101002" />
<HuangyeAward site="47" itemType="6" itemId="960602" guanqiaId="101001,101002" />
<HuangyeAward site="48" itemType="6" itemId="960603" guanqiaId="101001,101002" />
<HuangyeAward site="49" itemType="6" itemId="960611" guanqiaId="101001,101002" />
<HuangyeAward site="50" itemType="6" itemId="960612" guanqiaId="101001,101002" />
<HuangyeAward site="51" itemType="6" itemId="960613" guanqiaId="101001,101002" />
<HuangyeAward site="52" itemType="6" itemId="960614" guanqiaId="101001,101002" />
<HuangyeAward site="53" itemType="6" itemId="960615" guanqiaId="101001,101002" />
<HuangyeAward site="54" itemType="6" itemId="960616" guanqiaId="101001,101002" />
<HuangyeAward site="55" itemType="6" itemId="960701" guanqiaId="101001,101002" />
<HuangyeAward site="56" itemType="6" itemId="960702" guanqiaId="101001,101002" />
<HuangyeAward site="57" itemType="6" itemId="960703" guanqiaId="101001,101002" />
<HuangyeAward site="58" itemType="6" itemId="960711" guanqiaId="101001,101002" />
<HuangyeAward site="59" itemType="6" itemId="960712" guanqiaId="101001,101002" />
<HuangyeAward site="60" itemType="6" itemId="960713" guanqiaId="101001,101002" />
<HuangyeAward site="61" itemType="6" itemId="960714" guanqiaId="101001,101002" />
<HuangyeAward site="62" itemType="6" itemId="960715" guanqiaId="101001,101002" />
<HuangyeAward site="63" itemType="6" itemId="960716" guanqiaId="101001,101002" />
<HuangyeAward site="64" itemType="6" itemId="960801" guanqiaId="101001,101002" />
<HuangyeAward site="65" itemType="6" itemId="960802" guanqiaId="101001,101002" />
<HuangyeAward site="66" itemType="6" itemId="960803" guanqiaId="101001,101002" />
<HuangyeAward site="67" itemType="6" itemId="960811" guanqiaId="101001,101002" />
<HuangyeAward site="68" itemType="6" itemId="960812" guanqiaId="101001,101002" />
<HuangyeAward site="69" itemType="6" itemId="960813" guanqiaId="101001,101002" />
<HuangyeAward site="70" itemType="6" itemId="960814" guanqiaId="101001,101002" />
<HuangyeAward site="71" itemType="6" itemId="960815" guanqiaId="101001,101002" />
<HuangyeAward site="72" itemType="6" itemId="960816" guanqiaId="101001,101002" />
<HuangyeAward site="73" itemType="6" itemId="960901" guanqiaId="101001,101002" />
<HuangyeAward site="74" itemType="6" itemId="960902" guanqiaId="101001,101002" />
<HuangyeAward site="75" itemType="6" itemId="960903" guanqiaId="101001,101002" />
<HuangyeAward site="76" itemType="6" itemId="960911" guanqiaId="101001,101002" />
<HuangyeAward site="77" itemType="6" itemId="960912" guanqiaId="101001,101002" />
<HuangyeAward site="78" itemType="6" itemId="960913" guanqiaId="101001,101002" />
<HuangyeAward site="79" itemType="6" itemId="960914" guanqiaId="101001,101002" />
<HuangyeAward site="80" itemType="6" itemId="960915" guanqiaId="101001,101002" />
<HuangyeAward site="81" itemType="6" itemId="960916" guanqiaId="101001,101002" />
<HuangyeAward site="82" itemType="6" itemId="961001" guanqiaId="101001,101002" />
<HuangyeAward site="83" itemType="6" itemId="961002" guanqiaId="101001,101002" />
<HuangyeAward site="84" itemType="6" itemId="961003" guanqiaId="101001,101002" />
<HuangyeAward site="85" itemType="6" itemId="961011" guanqiaId="101001,101002" />
<HuangyeAward site="86" itemType="6" itemId="961012" guanqiaId="101001,101002" />
<HuangyeAward site="87" itemType="6" itemId="961013" guanqiaId="101001,101002" />
<HuangyeAward site="88" itemType="6" itemId="961014" guanqiaId="101001,101002" />
<HuangyeAward site="89" itemType="6" itemId="961015" guanqiaId="101001,101002" />
<HuangyeAward site="90" itemType="6" itemId="961016" guanqiaId="101001,101002" />
</dataset>