<?xml version="1.0" encoding="UTF-8"?>
<dataset>
<HuangYe id="101001" fogId="0" type="0" positionX="110" positionY="110" nameId="721001" descId="720001" icon="720001" needLv="1" />
<HuangYe id="101002" fogId="0" type="0" positionX="-110" positionY="-290" nameId="721002" descId="720003" icon="720002" needLv="1" />
<HuangYe id="201001" fogId="0" type="1" positionX="-210" positionY="10" nameId="821000" descId="821000" icon="820001" needLv="1" />
<HuangYe id="201002" fogId="0" type="1" positionX="210" positionY="-190" nameId="821000" descId="821000" icon="820002" needLv="1" />
<HuangYe id="101011" fogId="1" type="0" positionX="-90" positionY="110" nameId="721011" descId="720001" icon="730101" needLv="1" />
<HuangYe id="201011" fogId="1" type="1" positionX="-10" positionY="210" nameId="821000" descId="821000" icon="730102" needLv="1" />
<HuangYe id="101021" fogId="2" type="0" positionX="290" positionY="110" nameId="721021" descId="720002" icon="830101" needLv="1" />
<HuangYe id="201021" fogId="2" type="1" positionX="210" positionY="210" nameId="821000" descId="821000" icon="830102" needLv="1" />
<HuangYe id="101031" fogId="3" type="0" positionX="310" positionY="-90" nameId="721031" descId="720003" icon="730201" needLv="1" />
<HuangYe id="201031" fogId="3" type="1" positionX="390" positionY="-190" nameId="821000" descId="821000" icon="730202" needLv="1" />
<HuangYe id="101041" fogId="4" type="0" positionX="-310" positionY="-290" nameId="721041" descId="720004" icon="830201" needLv="1" />
<HuangYe id="201041" fogId="4" type="1" positionX="-190" positionY="-190" nameId="821000" descId="821000" icon="830202" needLv="1" />
<HuangYe id="102051" fogId="5" type="0" positionX="-390" positionY="10" nameId="722051" descId="720001" icon="730301" needLv="2" />
<HuangYe id="202051" fogId="5" type="1" positionX="-410" positionY="-190" nameId="822000" descId="822000" icon="730302" needLv="2" />
<HuangYe id="102061" fogId="6" type="0" positionX="-410" positionY="210" nameId="722061" descId="720002" icon="830301" needLv="2" />
<HuangYe id="202061" fogId="6" type="1" positionX="-290" positionY="310" nameId="822000" descId="822000" icon="830302" needLv="2" />
<HuangYe id="102071" fogId="7" type="0" positionX="-90" positionY="310" nameId="722071" descId="720003" icon="730401" needLv="2" />
<HuangYe id="202071" fogId="7" type="1" positionX="-10" positionY="410" nameId="822000" descId="822000" icon="730402" needLv="2" />
<HuangYe id="102081" fogId="8" type="0" positionX="290" positionY="310" nameId="722081" descId="720004" icon="830401" needLv="2" />
<HuangYe id="202081" fogId="8" type="1" positionX="410" positionY="10" nameId="822000" descId="822000" icon="830402" needLv="2" />
<HuangYe id="103091" fogId="9" type="0" positionX="510" positionY="-90" nameId="723091" descId="720001" icon="740501" needLv="3" />
<HuangYe id="203091" fogId="9" type="1" positionX="590" positionY="-190" nameId="823000" descId="823000" icon="740502" needLv="3" />
<HuangYe id="103101" fogId="10" type="0" positionX="90" positionY="-290" nameId="723101" descId="720002" icon="840501" needLv="3" />
<HuangYe id="203101" fogId="10" type="1" positionX="10" positionY="-390" nameId="823000" descId="823000" icon="840502" needLv="3" />
<HuangYe id="103111" fogId="11" type="0" positionX="-590" positionY="210" nameId="723111" descId="720003" icon="740601" needLv="3" />
<HuangYe id="203111" fogId="11" type="1" positionX="-510" positionY="110" nameId="823000" descId="823000" icon="740602" needLv="3" />
<HuangYe id="103121" fogId="12" type="0" positionX="-410" positionY="410" nameId="723121" descId="720004" icon="840601" needLv="3" />
<HuangYe id="203121" fogId="12" type="1" positionX="-490" positionY="310" nameId="823000" descId="823000" icon="840602" needLv="3" />
<HuangYe id="104131" fogId="13" type="0" positionX="310" positionY="510" nameId="724131" descId="720001" icon="740701" needLv="4" />
<HuangYe id="204131" fogId="13" type="1" positionX="190" positionY="410" nameId="824000" descId="824000" icon="740702" needLv="4" />
<HuangYe id="104141" fogId="14" type="0" positionX="490" positionY="310" nameId="724141" descId="720002" icon="840701" needLv="4" />
<HuangYe id="204141" fogId="14" type="1" positionX="610" positionY="210" nameId="824000" descId="824000" icon="840702" needLv="4" />
<HuangYe id="104151" fogId="15" type="0" positionX="710" positionY="110" nameId="724151" descId="720003" icon="740801" needLv="4" />
<HuangYe id="204151" fogId="15" type="1" positionX="590" positionY="10" nameId="824000" descId="824000" icon="740802" needLv="4" />
<HuangYe id="104161" fogId="16" type="0" positionX="90" positionY="-490" nameId="724161" descId="720004" icon="840801" needLv="4" />
<HuangYe id="204161" fogId="16" type="1" positionX="10" positionY="-590" nameId="824000" descId="824000" icon="840802" needLv="4" />
<HuangYe id="105171" fogId="17" type="0" positionX="-90" positionY="-490" nameId="725171" descId="720001" icon="750901" needLv="5" />
<HuangYe id="205171" fogId="17" type="1" positionX="-210" positionY="-590" nameId="825000" descId="825000" icon="750902" needLv="5" />
<HuangYe id="105181" fogId="18" type="0" positionX="-310" positionY="-490" nameId="725181" descId="720002" icon="850901" needLv="5" />
<HuangYe id="205181" fogId="18" type="1" positionX="-390" positionY="-590" nameId="825000" descId="825000" icon="850902" needLv="5" />
<HuangYe id="105191" fogId="19" type="0" positionX="-490" positionY="-290" nameId="725191" descId="720003" icon="751001" needLv="5" />
<HuangYe id="205191" fogId="19" type="1" positionX="-410" positionY="-390" nameId="825000" descId="825000" icon="751002" needLv="5" />
<HuangYe id="105201" fogId="20" type="0" positionX="-710" positionY="-290" nameId="725201" descId="720004" icon="851001" needLv="5" />
<HuangYe id="205201" fogId="20" type="1" positionX="-590" positionY="-390" nameId="825000" descId="825000" icon="851002" needLv="5" />
<HuangYe id="106211" fogId="21" type="0" positionX="-690" positionY="-90" nameId="726211" descId="720001" icon="751101" needLv="6" />
<HuangYe id="206211" fogId="21" type="1" positionX="-710" positionY="110" nameId="826000" descId="826000" icon="751102" needLv="6" />
<HuangYe id="106221" fogId="22" type="0" positionX="90" positionY="510" nameId="726221" descId="720002" icon="851101" needLv="6" />
<HuangYe id="206221" fogId="22" type="1" positionX="210" positionY="610" nameId="826000" descId="826000" icon="851102" needLv="6" />
<HuangYe id="106231" fogId="23" type="0" positionX="510" positionY="510" nameId="726231" descId="720003" icon="751201" needLv="6" />
<HuangYe id="206231" fogId="23" type="1" positionX="390" positionY="610" nameId="826000" descId="826000" icon="751202" needLv="6" />
<HuangYe id="106241" fogId="24" type="0" positionX="690" positionY="510" nameId="726241" descId="720004" icon="851201" needLv="6" />
<HuangYe id="206241" fogId="24" type="1" positionX="610" positionY="410" nameId="826000" descId="826000" icon="851202" needLv="6" />
<HuangYe id="107251" fogId="25" type="0" positionX="910" positionY="510" nameId="727251" descId="720001" icon="761301" needLv="7" />
<HuangYe id="207251" fogId="25" type="1" positionX="790" positionY="610" nameId="827000" descId="827000" icon="761302" needLv="7" />
<HuangYe id="107261" fogId="26" type="0" positionX="890" positionY="310" nameId="727261" descId="720002" icon="861301" needLv="7" />
<HuangYe id="207261" fogId="26" type="1" positionX="810" positionY="210" nameId="827000" descId="827000" icon="861302" needLv="7" />
<HuangYe id="107271" fogId="27" type="0" positionX="910" positionY="110" nameId="727271" descId="720003" icon="761401" needLv="7" />
<HuangYe id="207271" fogId="27" type="1" positionX="790" positionY="10" nameId="827000" descId="827000" icon="761402" needLv="7" />
<HuangYe id="107281" fogId="28" type="0" positionX="790" positionY="-190" nameId="727281" descId="720004" icon="861401" needLv="7" />
<HuangYe id="207281" fogId="28" type="1" positionX="910" positionY="-290" nameId="827000" descId="827000" icon="861402" needLv="7" />
<HuangYe id="108291" fogId="29" type="0" positionX="810" positionY="-390" nameId="728291" descId="720001" icon="761501" needLv="8" />
<HuangYe id="208291" fogId="29" type="1" positionX="890" positionY="-490" nameId="828000" descId="828000" icon="761502" needLv="8" />
<HuangYe id="108301" fogId="30" type="0" positionX="590" positionY="-390" nameId="728301" descId="720002" icon="861501" needLv="8" />
<HuangYe id="208301" fogId="30" type="1" positionX="710" positionY="-490" nameId="828000" descId="828000" icon="861502" needLv="8" />
<HuangYe id="108311" fogId="31" type="0" positionX="410" positionY="-390" nameId="728311" descId="720003" icon="761601" needLv="8" />
<HuangYe id="208311" fogId="31" type="1" positionX="290" positionY="-490" nameId="828000" descId="828000" icon="761602" needLv="8" />
<HuangYe id="108321" fogId="32" type="0" positionX="390" positionY="-590" nameId="728321" descId="720004" icon="861601" needLv="8" />
<HuangYe id="208321" fogId="32" type="1" positionX="610" positionY="-590" nameId="828000" descId="828000" icon="861602" needLv="8" />
<HuangYe id="109331" fogId="33" type="0" positionX="-790" positionY="-590" nameId="729331" descId="720001" icon="771701" needLv="9" />
<HuangYe id="209331" fogId="33" type="1" positionX="-610" positionY="-590" nameId="829000" descId="829000" icon="771702" needLv="9" />
<HuangYe id="109341" fogId="34" type="0" positionX="-910" positionY="-290" nameId="729341" descId="720002" icon="871701" needLv="9" />
<HuangYe id="209341" fogId="34" type="1" positionX="-890" positionY="-490" nameId="829000" descId="829000" icon="871702" needLv="9" />
<HuangYe id="109351" fogId="35" type="0" positionX="-890" positionY="-90" nameId="729351" descId="720003" icon="771801" needLv="9" />
<HuangYe id="209351" fogId="35" type="1" positionX="-810" positionY="-190" nameId="829000" descId="829000" icon="771802" needLv="9" />
<HuangYe id="109361" fogId="36" type="0" positionX="-810" positionY="210" nameId="729361" descId="720004" icon="871801" needLv="9" />
<HuangYe id="209361" fogId="36" type="1" positionX="-890" positionY="110" nameId="829000" descId="829000" icon="871802" needLv="9" />
<HuangYe id="110371" fogId="37" type="0" positionX="-790" positionY="410" nameId="730371" descId="720001" icon="771901" needLv="10" />
<HuangYe id="210371" fogId="37" type="1" positionX="-710" positionY="310" nameId="830000" descId="830000" icon="771902" needLv="10" />
<HuangYe id="110381" fogId="38" type="0" positionX="-610" positionY="610" nameId="730381" descId="720002" icon="871901" needLv="10" />
<HuangYe id="210381" fogId="38" type="1" positionX="-690" positionY="510" nameId="830000" descId="830000" icon="871902" needLv="10" />
<HuangYe id="110391" fogId="39" type="0" positionX="-390" positionY="610" nameId="730391" descId="720003" icon="772001" needLv="10" />
<HuangYe id="210391" fogId="39" type="1" positionX="-510" positionY="510" nameId="830000" descId="830000" icon="772002" needLv="10" />
<HuangYe id="110401" fogId="40" type="0" positionX="-210" positionY="610" nameId="730401" descId="720004" icon="872001" needLv="10" />
<HuangYe id="210401" fogId="40" type="1" positionX="10" positionY="610" nameId="830000" descId="830000" icon="872002" needLv="10" />
</dataset>