<?xml version="1.0" encoding="UTF-8"?>
<dataset>
<JCZCity id="510101" name="510101" desc="10201" type="2" allianceLv="3" frontPoint="0" cost="10" zuobiaoX="1" zuobiaoY="1" icon="1" award="0:900027:16667" firstAwardId="" npcId="501010" sceneId="101" soundId="100101" recZhanli="10000" smaID="1" awardShow="10000" NPCname="前哨百人队" />
<JCZCity id="510102" name="510102" desc="10201" type="2" allianceLv="3" frontPoint="510101" cost="20" zuobiaoX="1" zuobiaoY="1" icon="1" award="0:900027:20834" firstAwardId="" npcId="501020" sceneId="101" soundId="100101" recZhanli="20000" smaID="2" awardShow="12000" NPCname="先锋千骑营" />
<JCZCity id="510103" name="510103" desc="10201" type="2" allianceLv="3" frontPoint="510102" cost="30" zuobiaoX="1" zuobiaoY="1" icon="1" award="0:900027:25000" firstAwardId="" npcId="501030" sceneId="101" soundId="100101" recZhanli="40000" smaID="3" awardShow="14000" NPCname="陷阵千骑营" />
<JCZCity id="510104" name="510104" desc="10201" type="2" allianceLv="3" frontPoint="510103" cost="50" zuobiaoX="1" zuobiaoY="1" icon="1" award="0:900027:29167" firstAwardId="" npcId="501040" sceneId="101" soundId="100101" recZhanli="70000" smaID="4" awardShow="17000" NPCname="破军千骑营" />
<JCZCity id="510105" name="510105" desc="10201" type="2" allianceLv="4" frontPoint="510104" cost="75" zuobiaoX="1" zuobiaoY="1" icon="1" award="0:900027:40000" firstAwardId="" npcId="501050" sceneId="101" soundId="100101" recZhanli="100000" smaID="5" awardShow="20000" NPCname="苍狼骁骑军" />
<JCZCity id="510106" name="510106" desc="10201" type="2" allianceLv="4" frontPoint="510105" cost="100" zuobiaoX="1" zuobiaoY="1" icon="1" award="0:900027:45000" firstAwardId="" npcId="501060" sceneId="101" soundId="100101" recZhanli="150000" smaID="6" awardShow="24000" NPCname="白熊骁骑军" />
<JCZCity id="510107" name="510107" desc="10201" type="2" allianceLv="4" frontPoint="510106" cost="125" zuobiaoX="1" zuobiaoY="1" icon="1" award="0:900027:50000" firstAwardId="" npcId="501070" sceneId="101" soundId="100101" recZhanli="200000" smaID="7" awardShow="28000" NPCname="飞虎骁骑军" />
<JCZCity id="510108" name="510108" desc="10201" type="2" allianceLv="5" frontPoint="510107" cost="150" zuobiaoX="1" zuobiaoY="1" icon="1" award="0:900027:64167" firstAwardId="" npcId="501080" sceneId="101" soundId="100101" recZhanli="300000" smaID="8" awardShow="33000" NPCname="右贤王精锐军团" />
<JCZCity id="510109" name="510109" desc="10201" type="2" allianceLv="5" frontPoint="510108" cost="175" zuobiaoX="1" zuobiaoY="1" icon="1" award="0:900027:70000" firstAwardId="" npcId="501090" sceneId="101" soundId="100101" recZhanli="500000" smaID="9" awardShow="38000" NPCname="左贤王精锐军团" />
<JCZCity id="510110" name="510110" desc="10201" type="2" allianceLv="5" frontPoint="510109" cost="200" zuobiaoX="1" zuobiaoY="1" icon="1" award="0:900027:75834" firstAwardId="" npcId="501100" sceneId="101" soundId="100101" recZhanli="800000" smaID="10" awardShow="44000" NPCname="汗王禁卫军团" />
<JCZCity id="510201" name="510201" desc="10201" type="1" allianceLv="3" frontPoint="0" cost="0" zuobiaoX="285" zuobiaoY="290" icon="3" award="0:900027:62500" firstAwardId="" npcId="502010" sceneId="101" soundId="100101" recZhanli="1000000" smaID="1" awardShow="62500" NPCname="燕国戍卫军团" />
<JCZCity id="510202" name="510202" desc="10201" type="1" allianceLv="3" frontPoint="0" cost="0" zuobiaoX="270" zuobiaoY="85" icon="3" award="0:900027:62500" firstAwardId="" npcId="502020" sceneId="101" soundId="100101" recZhanli="1000000" smaID="2" awardShow="62500" NPCname="齐国戍卫军团" />
<JCZCity id="510301" name="510301" desc="10201" type="1" allianceLv="3" frontPoint="0" cost="0" zuobiaoX="195" zuobiaoY="-110" icon="3" award="0:900027:62500" firstAwardId="" npcId="503010" sceneId="101" soundId="100101" recZhanli="1000000" smaID="1" awardShow="62500" NPCname="楚国戍卫军团" />
<JCZCity id="510302" name="510302" desc="10201" type="1" allianceLv="3" frontPoint="0" cost="0" zuobiaoX="-90" zuobiaoY="210" icon="3" award="0:900027:65000" firstAwardId="" npcId="503020" sceneId="101" soundId="100101" recZhanli="1000000" smaID="1" awardShow="65000" NPCname="赵国戍卫军团" />
<JCZCity id="510401" name="510401" desc="10201" type="1" allianceLv="3" frontPoint="0" cost="0" zuobiaoX="-95" zuobiaoY="40" icon="3" award="0:900027:65000" firstAwardId="" npcId="504010" sceneId="101" soundId="100101" recZhanli="1000000" smaID="1" awardShow="65000" NPCname="魏国戍卫军团" />
<JCZCity id="510402" name="510402" desc="10201" type="1" allianceLv="3" frontPoint="0" cost="0" zuobiaoX="-130" zuobiaoY="-140" icon="3" award="0:900027:65000" firstAwardId="" npcId="504020" sceneId="101" soundId="100101" recZhanli="1000000" smaID="2" awardShow="65000" NPCname="韩国戍卫军团" />
<JCZCity id="510501" name="510501" desc="10201" type="1" allianceLv="3" frontPoint="0" cost="0" zuobiaoX="-350" zuobiaoY="-5" icon="3" award="0:900027:65000" firstAwardId="" npcId="505010" sceneId="101" soundId="100101" recZhanli="1000000" smaID="2" awardShow="65000" NPCname="秦国戍卫军团" />
<JCZCity id="510502" name="510502" desc="10201" type="1" allianceLv="4" frontPoint="0" cost="0" zuobiaoX="135" zuobiaoY="230" icon="2" award="0:900027:84000" firstAwardId="" npcId="505020" sceneId="101" soundId="100101" recZhanli="1000000" smaID="2" awardShow="84000" NPCname="燕国禁卫军团" />
<JCZCity id="510601" name="510601" desc="10201" type="1" allianceLv="4" frontPoint="0" cost="0" zuobiaoX="25" zuobiaoY="130" icon="2" award="0:900027:84000" firstAwardId="" npcId="506010" sceneId="101" soundId="100101" recZhanli="1000000" smaID="3" awardShow="84000" NPCname="赵国禁卫军团" />
<JCZCity id="510602" name="510602" desc="10201" type="1" allianceLv="4" frontPoint="0" cost="0" zuobiaoX="150" zuobiaoY="90" icon="2" award="0:900027:84000" firstAwardId="" npcId="506020" sceneId="101" soundId="100101" recZhanli="1000000" smaID="3" awardShow="84000" NPCname="齐国禁卫军团" />
<JCZCity id="510701" name="510701" desc="10201" type="1" allianceLv="4" frontPoint="0" cost="0" zuobiaoX="75" zuobiaoY="-10" icon="2" award="0:900027:84000" firstAwardId="" npcId="507010" sceneId="101" soundId="100101" recZhanli="1000000" smaID="1" awardShow="84000" NPCname="魏国禁卫军团" />
<JCZCity id="510702" name="510702" desc="10201" type="1" allianceLv="5" frontPoint="0" cost="0" zuobiaoX="-25" zuobiaoY="-75" icon="2" award="0:900027:105000" firstAwardId="" npcId="507020" sceneId="101" soundId="100101" recZhanli="1000000" smaID="1" awardShow="105000" NPCname="韩国禁卫军团" />
<JCZCity id="510801" name="510801" desc="10201" type="1" allianceLv="5" frontPoint="0" cost="0" zuobiaoX="-20" zuobiaoY="-200" icon="2" award="0:900027:105000" firstAwardId="" npcId="508010" sceneId="101" soundId="100101" recZhanli="1000000" smaID="4" awardShow="105000" NPCname="楚国禁卫军团" />
<JCZCity id="510802" name="510802" desc="10201" type="1" allianceLv="6" frontPoint="0" cost="0" zuobiaoX="-220" zuobiaoY="-15" icon="2" award="0:900027:128000" firstAwardId="" npcId="508020" sceneId="101" soundId="100101" recZhanli="1000000" smaID="1" awardShow="128000" NPCname="秦国禁卫军团" />
</dataset>