<?xml version="1.0" encoding="UTF-8"?>
<dataset>
<JCZPersonalAward rank="1" award="0:900027:2100" />
<JCZPersonalAward rank="2" award="0:900027:1900" />
<JCZPersonalAward rank="3" award="0:900027:1900" />
<JCZPersonalAward rank="4" award="0:900027:1700" />
<JCZPersonalAward rank="5" award="0:900027:1700" />
<JCZPersonalAward rank="6" award="0:900027:1700" />
<JCZPersonalAward rank="7" award="0:900027:1700" />
<JCZPersonalAward rank="8" award="0:900027:1700" />
<JCZPersonalAward rank="9" award="0:900027:1700" />
<JCZPersonalAward rank="10" award="0:900027:1700" />
<JCZPersonalAward rank="11" award="0:900027:1500" />
<JCZPersonalAward rank="12" award="0:900027:1500" />
<JCZPersonalAward rank="13" award="0:900027:1500" />
<JCZPersonalAward rank="14" award="0:900027:1500" />
<JCZPersonalAward rank="15" award="0:900027:1500" />
<JCZPersonalAward rank="16" award="0:900027:1500" />
<JCZPersonalAward rank="17" award="0:900027:1500" />
<JCZPersonalAward rank="18" award="0:900027:1500" />
<JCZPersonalAward rank="19" award="0:900027:1500" />
<JCZPersonalAward rank="20" award="0:900027:1500" />
<JCZPersonalAward rank="21" award="0:900027:1350" />
<JCZPersonalAward rank="22" award="0:900027:1350" />
<JCZPersonalAward rank="23" award="0:900027:1350" />
<JCZPersonalAward rank="24" award="0:900027:1350" />
<JCZPersonalAward rank="25" award="0:900027:1350" />
<JCZPersonalAward rank="26" award="0:900027:1350" />
<JCZPersonalAward rank="27" award="0:900027:1350" />
<JCZPersonalAward rank="28" award="0:900027:1350" />
<JCZPersonalAward rank="29" award="0:900027:1350" />
<JCZPersonalAward rank="30" award="0:900027:1350" />
<JCZPersonalAward rank="31" award="0:900027:1350" />
<JCZPersonalAward rank="32" award="0:900027:1350" />
<JCZPersonalAward rank="33" award="0:900027:1350" />
<JCZPersonalAward rank="34" award="0:900027:1350" />
<JCZPersonalAward rank="35" award="0:900027:1350" />
<JCZPersonalAward rank="36" award="0:900027:1350" />
<JCZPersonalAward rank="37" award="0:900027:1350" />
<JCZPersonalAward rank="38" award="0:900027:1350" />
<JCZPersonalAward rank="39" award="0:900027:1350" />
<JCZPersonalAward rank="40" award="0:900027:1350" />
<JCZPersonalAward rank="41" award="0:900027:1200" />
<JCZPersonalAward rank="42" award="0:900027:1200" />
<JCZPersonalAward rank="43" award="0:900027:1200" />
<JCZPersonalAward rank="44" award="0:900027:1200" />
<JCZPersonalAward rank="45" award="0:900027:1200" />
<JCZPersonalAward rank="46" award="0:900027:1200" />
<JCZPersonalAward rank="47" award="0:900027:1200" />
<JCZPersonalAward rank="48" award="0:900027:1200" />
<JCZPersonalAward rank="49" award="0:900027:1200" />
<JCZPersonalAward rank="50" award="0:900027:1200" />
<JCZPersonalAward rank="51" award="0:900027:1200" />
<JCZPersonalAward rank="52" award="0:900027:1200" />
<JCZPersonalAward rank="53" award="0:900027:1200" />
<JCZPersonalAward rank="54" award="0:900027:1200" />
<JCZPersonalAward rank="55" award="0:900027:1200" />
<JCZPersonalAward rank="56" award="0:900027:1200" />
<JCZPersonalAward rank="57" award="0:900027:1200" />
<JCZPersonalAward rank="58" award="0:900027:1200" />
<JCZPersonalAward rank="59" award="0:900027:1200" />
<JCZPersonalAward rank="60" award="0:900027:1200" />
<JCZPersonalAward rank="61" award="0:900027:1200" />
<JCZPersonalAward rank="62" award="0:900027:1200" />
<JCZPersonalAward rank="63" award="0:900027:1200" />
<JCZPersonalAward rank="64" award="0:900027:1200" />
<JCZPersonalAward rank="65" award="0:900027:1200" />
<JCZPersonalAward rank="66" award="0:900027:1200" />
<JCZPersonalAward rank="67" award="0:900027:1200" />
<JCZPersonalAward rank="68" award="0:900027:1200" />
<JCZPersonalAward rank="69" award="0:900027:1200" />
<JCZPersonalAward rank="70" award="0:900027:1200" />
<JCZPersonalAward rank="71" award="0:900027:1200" />
<JCZPersonalAward rank="72" award="0:900027:1200" />
<JCZPersonalAward rank="73" award="0:900027:1200" />
<JCZPersonalAward rank="74" award="0:900027:1200" />
<JCZPersonalAward rank="75" award="0:900027:1200" />
<JCZPersonalAward rank="76" award="0:900027:1200" />
<JCZPersonalAward rank="77" award="0:900027:1200" />
<JCZPersonalAward rank="78" award="0:900027:1200" />
<JCZPersonalAward rank="79" award="0:900027:1200" />
<JCZPersonalAward rank="80" award="0:900027:1200" />
<JCZPersonalAward rank="81" award="0:900027:1100" />
<JCZPersonalAward rank="82" award="0:900027:1100" />
<JCZPersonalAward rank="83" award="0:900027:1100" />
<JCZPersonalAward rank="84" award="0:900027:1100" />
<JCZPersonalAward rank="85" award="0:900027:1100" />
<JCZPersonalAward rank="86" award="0:900027:1100" />
<JCZPersonalAward rank="87" award="0:900027:1100" />
<JCZPersonalAward rank="88" award="0:900027:1100" />
<JCZPersonalAward rank="89" award="0:900027:1100" />
<JCZPersonalAward rank="90" award="0:900027:1100" />
<JCZPersonalAward rank="91" award="0:900027:1100" />
<JCZPersonalAward rank="92" award="0:900027:1100" />
<JCZPersonalAward rank="93" award="0:900027:1100" />
<JCZPersonalAward rank="94" award="0:900027:1100" />
<JCZPersonalAward rank="95" award="0:900027:1100" />
<JCZPersonalAward rank="96" award="0:900027:1100" />
<JCZPersonalAward rank="97" award="0:900027:1100" />
<JCZPersonalAward rank="98" award="0:900027:1100" />
<JCZPersonalAward rank="99" award="0:900027:1100" />
<JCZPersonalAward rank="100" award="0:900027:1100" />
<JCZPersonalAward rank="101" award="0:900027:1100" />
<JCZPersonalAward rank="102" award="0:900027:1100" />
<JCZPersonalAward rank="103" award="0:900027:1100" />
<JCZPersonalAward rank="104" award="0:900027:1100" />
<JCZPersonalAward rank="105" award="0:900027:1100" />
<JCZPersonalAward rank="106" award="0:900027:1100" />
<JCZPersonalAward rank="107" award="0:900027:1100" />
<JCZPersonalAward rank="108" award="0:900027:1100" />
<JCZPersonalAward rank="109" award="0:900027:1100" />
<JCZPersonalAward rank="110" award="0:900027:1100" />
<JCZPersonalAward rank="111" award="0:900027:1100" />
<JCZPersonalAward rank="112" award="0:900027:1100" />
<JCZPersonalAward rank="113" award="0:900027:1100" />
<JCZPersonalAward rank="114" award="0:900027:1100" />
<JCZPersonalAward rank="115" award="0:900027:1100" />
<JCZPersonalAward rank="116" award="0:900027:1100" />
<JCZPersonalAward rank="117" award="0:900027:1100" />
<JCZPersonalAward rank="118" award="0:900027:1100" />
<JCZPersonalAward rank="119" award="0:900027:1100" />
<JCZPersonalAward rank="120" award="0:900027:1100" />
<JCZPersonalAward rank="121" award="0:900027:1100" />
<JCZPersonalAward rank="122" award="0:900027:1100" />
<JCZPersonalAward rank="123" award="0:900027:1100" />
<JCZPersonalAward rank="124" award="0:900027:1100" />
<JCZPersonalAward rank="125" award="0:900027:1100" />
<JCZPersonalAward rank="126" award="0:900027:1100" />
<JCZPersonalAward rank="127" award="0:900027:1100" />
<JCZPersonalAward rank="128" award="0:900027:1100" />
<JCZPersonalAward rank="129" award="0:900027:1100" />
<JCZPersonalAward rank="130" award="0:900027:1100" />
<JCZPersonalAward rank="131" award="0:900027:1100" />
<JCZPersonalAward rank="132" award="0:900027:1100" />
<JCZPersonalAward rank="133" award="0:900027:1100" />
<JCZPersonalAward rank="134" award="0:900027:1100" />
<JCZPersonalAward rank="135" award="0:900027:1100" />
<JCZPersonalAward rank="136" award="0:900027:1100" />
<JCZPersonalAward rank="137" award="0:900027:1100" />
<JCZPersonalAward rank="138" award="0:900027:1100" />
<JCZPersonalAward rank="139" award="0:900027:1100" />
<JCZPersonalAward rank="140" award="0:900027:1100" />
<JCZPersonalAward rank="141" award="0:900027:1100" />
<JCZPersonalAward rank="142" award="0:900027:1100" />
<JCZPersonalAward rank="143" award="0:900027:1100" />
<JCZPersonalAward rank="144" award="0:900027:1100" />
<JCZPersonalAward rank="145" award="0:900027:1100" />
<JCZPersonalAward rank="146" award="0:900027:1100" />
<JCZPersonalAward rank="147" award="0:900027:1100" />
<JCZPersonalAward rank="148" award="0:900027:1100" />
<JCZPersonalAward rank="149" award="0:900027:1100" />
<JCZPersonalAward rank="150" award="0:900027:1100" />
</dataset>