<?xml version="1.0" encoding="UTF-8"?>
<dataset>
<JCZTemp key="declaration_startTime" desc="宣战起始时间" value="8:00" />
<JCZTemp key="preparation_startTime" desc="备战起始时间" value="16:00" />
<JCZTemp key="fighting_startTime" desc="战斗起始时间" value="20:00" />
<JCZTemp key="fighting_endTime" desc="战斗结束时间" value="20:30" />
<JCZTemp key="add_level1" desc="加价第一档" value="1" />
<JCZTemp key="add_level2" desc="加价第二档" value="10" />
<JCZTemp key="add_level3" desc="加价第三档" value="100" />
<JCZTemp key="resurgence_countDown" desc="复活倒计时（秒）" value="60" />
<JCZTemp key="resurgence_hp" desc="复活后血量（百分比）" value="100" />
<JCZTemp key="resurgence_freeTimes" desc="免费复活次数" value="0" />
<JCZTemp key="prepare_duration" desc="战斗前准备时长（秒）" value="0" />
<JCZTemp key="fighting_duration" desc="战斗时长（秒）" value="900" />
<JCZTemp key="YEZHAN_SEC" desc="义渠城战斗时长（秒）" value="1500" />
<JCZTemp key="ending_duration" desc="结束时长（秒）" value="300" />
<JCZTemp key="report_CD" desc="战报冷却时间（秒）" value="10" />
<JCZTemp key="patrol_radius" desc="巡视范围半径" value="12" />
<JCZTemp key="redElixir_freeNum" desc="免费药水数量" value="0" />
<JCZTemp key="basic_integral" desc="杀人基础积分" value="10" />
<JCZTemp key="damage_CD" desc="营地掉血cd（毫秒）" value="200" />
<JCZTemp key="refillSec" desc="营地回血间隔时间（秒）" value="10" />
<JCZTemp key="refillValue" desc="营地每次回血量" value="50" />
<JCZTemp key="zhaohuafnu_price" desc="联盟召唤符价格（元宝）" value="200" />
<JCZTemp key="buyfenshen_price" desc="购买分身价格（元宝）" value="300" />
</dataset>