<?xml version="1.0" encoding="UTF-8"?>
<dataset>
<Jiangli id="1" name="0" description="0" awardtype="0" item="0:900001:1000#0:900002:50" yuanbao="0" time="0" day="0" />
<Jiangli id="11" name="0" description="0" awardtype="1" item="2:900001:50000#0:900002:30" yuanbao="0" time="0" day="0" />
<Jiangli id="12" name="0" description="0" awardtype="1" item="2:113011:1#0:900002:40" yuanbao="0" time="0" day="0" />
<Jiangli id="13" name="0" description="0" awardtype="1" item="0:920001:10#0:900002:50" yuanbao="0" time="0" day="0" />
<Jiangli id="14" name="0" description="0" awardtype="1" item="0:900008:2#0:900002:60" yuanbao="0" time="0" day="0" />
<Jiangli id="15" name="0" description="0" awardtype="1" item="0:900001:100000#0:900002:70" yuanbao="0" time="0" day="0" />
<Jiangli id="16" name="0" description="0" awardtype="1" item="0:920002:10#0:900002:80" yuanbao="0" time="0" day="0" />
<Jiangli id="17" name="0" description="0" awardtype="1" item="7:700304:1#0:900002:100" yuanbao="0" time="0" day="0" />
<Jiangli id="20" name="7200" description="7200" awardtype="2" item="2:104003:1#0:920002:10#0:921002:20#0:900001:100000" yuanbao="0" time="0" day="0" />
<Jiangli id="101" name="7301" description="7301" awardtype="3" item="0:900001:20000#0:920001:5#0:921001:10#2:102102:1" yuanbao="5" time="0" day="0" />
<Jiangli id="102" name="7302" description="7302" awardtype="3" item="0:900001:30000#0:920001:10#0:921001:20#4:301021:1" yuanbao="20" time="0" day="0" />
<Jiangli id="103" name="7303" description="7303" awardtype="3" item="0:900001:40000#0:920001:15#0:921001:30#2:102105:1" yuanbao="50" time="0" day="0" />
<Jiangli id="104" name="7304" description="7304" awardtype="3" item="0:900001:50000#0:920001:20#0:921001:40#2:104002:1" yuanbao="100" time="0" day="0" />
<Jiangli id="105" name="7305" description="7305" awardtype="3" item="0:900001:60000#0:920001:25#0:921001:50#2:104102:1" yuanbao="200" time="0" day="0" />
<Jiangli id="106" name="7306" description="7306" awardtype="3" item="0:900001:70000#0:920001:30#0:921001:60#2:104105:1" yuanbao="400" time="0" day="0" />
<Jiangli id="107" name="7307" description="7307" awardtype="3" item="0:900001:80000#0:920001:35#0:921001:70#4:301022:1" yuanbao="1000" time="0" day="0" />
<Jiangli id="108" name="7308" description="7308" awardtype="3" item="0:900001:100000#0:920001:40#0:921001:80#2:107002:1" yuanbao="3000" time="0" day="0" />
<Jiangli id="109" name="7309" description="7309" awardtype="3" item="0:900001:150000#0:920001:45#0:921001:90#2:107102:1" yuanbao="8000" time="0" day="0" />
<Jiangli id="110" name="7310" description="7310" awardtype="3" item="0:900001:200000#0:920001:50#0:921001:100#2:107105:1" yuanbao="20000" time="0" day="0" />
<Jiangli id="201" name="8001" description="0" awardtype="21" item="0:900001:100#10:9001:1" yuanbao="0" time="0" day="0" />
<Jiangli id="202" name="8002" description="0" awardtype="22" item="0:900001:200#10:9002:1" yuanbao="0" time="0" day="0" />
<Jiangli id="203" name="8003" description="0" awardtype="23" item="0:900001:1000#10:9003:1#10:9004:1#10:9004:1#10:9004:1#10:9004:1" yuanbao="0" time="0" day="0" />
<Jiangli id="204" name="8004" description="0" awardtype="24" item="0:900001:4000#10:9003:1#10:9003:1#10:9003:1#10:9003:1#10:9004:1#10:9004:1#10:9004:1#10:9004:1#10:9004:1#10:9004:1#10:9004:1#10:9004:1#10:9004:1#10:9004:1#10:9004:1#10:9004:1#10:9004:1#10:9004:1#10:9004:1#10:9004:1" yuanbao="0" time="0" day="0" />
<Jiangli id="210" name="8100" description="8100" awardtype="11" item="0:900018:500#0:900019:500" yuanbao="0" time="0" day="0" />
<Jiangli id="220" name="8200" description="8200" awardtype="12" item="0:900006:800" yuanbao="0" time="0" day="0" />
<Jiangli id="230" name="8300" description="8300" awardtype="13" item="0:920002:8#0:921002:16" yuanbao="0" time="0" day="0" />
<Jiangli id="240" name="8400" description="8400" awardtype="14" item="0:900001:60000" yuanbao="0" time="0" day="0" />
<Jiangli id="250" name="8500" description="8500" awardtype="15" item="0:900002:120" yuanbao="0" time="0" day="0" />
<Jiangli id="300" name="8900" description="0" awardtype="30" item="0:900006:5000#0:900001:200000#8:930503:2" yuanbao="0" time="0" day="0" />
<Jiangli id="1001" name="0" description="0" awardtype="101" item="0:900002:5000#9:920001:5#9:921001:10" yuanbao="0" time="0" day="0" />
<Jiangli id="1002" name="0" description="0" awardtype="102" item="0:900002:5000#9:920001:5#9:921001:10" yuanbao="0" time="0" day="0" />
<Jiangli id="1003" name="0" description="0" awardtype="103" item="0:900002:2000#9:920002:2#9:921002:4" yuanbao="0" time="0" day="0" />
<Jiangli id="1004" name="0" description="0" awardtype="104" item="0:900002:2000#9:920002:2#9:921002:4" yuanbao="0" time="0" day="0" />
<Jiangli id="1005" name="0" description="0" awardtype="105" item="0:900002:2000#0:900003:50" yuanbao="0" time="0" day="0" />
<Jiangli id="1006" name="0" description="0" awardtype="106" item="0:900002:2000#0:900003:50" yuanbao="0" time="0" day="0" />
<Jiangli id="1007" name="0" description="0" awardtype="107" item="0:900002:2000#0:900003:50" yuanbao="0" time="0" day="0" />
<Jiangli id="1008" name="0" description="0" awardtype="108" item="0:900002:2000#0:900003:50" yuanbao="0" time="0" day="0" />
<Jiangli id="1009" name="0" description="0" awardtype="109" item="0:900002:2000#0:900003:50" yuanbao="0" time="0" day="0" />
<Jiangli id="1010" name="0" description="0" awardtype="110" item="0:900002:2000#0:900003:50" yuanbao="0" time="0" day="0" />
<Jiangli id="2010" name="0" description="0" awardtype="200" item="0:900002:68#0:900001:10000#0:920001:5#0:921001:10" yuanbao="0" time="0" day="0" />
<Jiangli id="2020" name="0" description="0" awardtype="200" item="0:900002:100#0:900001:20000#5:313002:5" yuanbao="0" time="0" day="0" />
<Jiangli id="2030" name="0" description="0" awardtype="200" item="0:900002:200#0:920001:10#0:921001:20#5:313002:10" yuanbao="0" time="0" day="0" />
<Jiangli id="2040" name="0" description="0" awardtype="200" item="0:900002:300#0:900001:40000#5:313002:15" yuanbao="0" time="0" day="0" />
<Jiangli id="2050" name="0" description="0" awardtype="200" item="0:900002:400#0:920001:20#0:921001:40#5:313002:20" yuanbao="0" time="0" day="0" />
<Jiangli id="2060" name="0" description="0" awardtype="200" item="0:900002:500#0:900001:80000#5:313002:25" yuanbao="0" time="0" day="0" />
<Jiangli id="2070" name="0" description="0" awardtype="200" item="0:900002:600#0:920001:40#0:921001:80#5:313002:30" yuanbao="0" time="0" day="0" />
<Jiangli id="2080" name="0" description="0" awardtype="200" item="0:900002:700#0:900001:160000#5:313002:35" yuanbao="0" time="0" day="0" />
<Jiangli id="2090" name="0" description="0" awardtype="200" item="0:900002:800#0:920001:60#0:921001:120#5:313002:40" yuanbao="0" time="0" day="0" />
<Jiangli id="2100" name="0" description="0" awardtype="200" item="0:900002:900#0:900001:200000#5:313002:50" yuanbao="0" time="0" day="0" />
</dataset>