<?xml version="1.0" encoding="UTF-8"?>
<dataset>
<JiNengPeiYang id="1100" nameId="重击一段" descId="[ffffff]长柄武器普通攻击，挥动武器对前方攻击范围内敌人造成[-][0dd1e8]26%[-][ffffff]的[-][f0e804]武器伤害[-][ffffff]。[-]" icon="battle_attack_dao" wuqiType="0" jinengType="0" quality="0" nextId="1101" needLv="1" skillId="200001" needNum="0" preId="0" tupoDesc="[ffb12a]长柄武器普通攻击，挥动武器对前方攻击范围内敌人造成[-][0dd1e8]26%[-][ffb12a]的[-][f0e804]武器伤害[-][ffb12a]。[-]" isPuGong="1" />
<JiNengPeiYang id="1101" nameId="重击二段" descId="[ffffff]重击的第4击[-][f0e804]武器伤害[-][ffffff]提高[-][0dd1e8]100%[-][ffffff]，并[-][0dd1e8]击倒[-][ffffff]命中的敌方单位，击倒效果对BOSS无效。[-]" icon="battle_attack_dao" wuqiType="0" jinengType="0" quality="1" nextId="1102" needLv="21" skillId="201101" needNum="5000" preId="1100" tupoDesc="[ffb12a]重击的第4击[-][f0e804]武器伤害[-][ffb12a]提高[-][0dd1e8]100%[-][ffb12a]，并[-][0dd1e8]击倒[-][ffb12a]命中的敌方单位，击倒效果对BOSS无效。[-]" isPuGong="1" />
<JiNengPeiYang id="1102" nameId="重击三段" descId="[ffffff]重击4连击的[-][f0e804]武器伤害[-][ffffff]提高[-][0dd1e8]50%[-][ffffff]。[-]" icon="battle_attack_dao" wuqiType="0" jinengType="0" quality="2" nextId="0" needLv="48" skillId="201102" needNum="200000" preId="1101" tupoDesc="[ffb12a]重击4连击的[-][f0e804]武器伤害[-][ffb12a]提高[-][0dd1e8]50%[-][ffb12a]。[-]" isPuGong="1" />
<JiNengPeiYang id="1200" nameId="八荒裂日一段" descId="[ffffff]旋转手中武器，对四周5米范围内的所有敌人造成[-][0dd1e8]7[-][ffffff]次[-][0dd1e8]30%[-][ffffff]的[-][f4aa29]技能伤害[-][ffffff]。[-]" icon="battle_icon_skill_dao_1" wuqiType="0" jinengType="1" quality="0" nextId="1201" needLv="1" skillId="200011" needNum="0" preId="0" tupoDesc="[ffb12a]旋转手中武器，对四周5米范围内的所有敌人造成[-][0dd1e8]7[-][ffb12a]次[-][0dd1e8]30%[-][ffb12a]的[-][A81FFF]技能伤害[-][ffb12a]。[-]" isPuGong="0" />
<JiNengPeiYang id="1201" nameId="八荒裂日二段" descId="[ffffff]八荒裂日旋转次数增加到\n[-][0dd1e8]11[-][ffffff]次。[-]" icon="battle_icon_skill_dao_1" wuqiType="0" jinengType="1" quality="1" nextId="1202" needLv="10" skillId="201201" needNum="5000" preId="1200" tupoDesc="[ffb12a]八荒裂日旋转次数增加到[-][0dd1e8]11[-][ffb12a]次。[-]" isPuGong="0" />
<JiNengPeiYang id="1202" nameId="八荒裂日三段" descId="[ffffff]八荒裂日每次旋转造成的[-][f4aa29]技能伤害[-][ffffff]提高[-][0dd1e8]50%[-][ffffff]。[-]" icon="battle_icon_skill_dao_1" wuqiType="0" jinengType="1" quality="2" nextId="0" needLv="41" skillId="201202" needNum="70000" preId="1201" tupoDesc="[ffb12a]八荒裂日每次旋转造成的[-][A81FFF]技能伤害[-][ffb12a]提高[-][0dd1e8]50%[-][ffb12a]。[-]" isPuGong="0" />
<JiNengPeiYang id="1300" nameId="乾坤斗转一段" descId="[ffffff]释放乾坤之力，对四周6米的敌人造成[-][0dd1e8]152%[-][ffffff]的[-][f4aa29]技能伤害[-][ffffff]。[-]" icon="battle_icon_skill_dao_2" wuqiType="0" jinengType="2" quality="0" nextId="1301" needLv="4" skillId="200012" needNum="0" preId="0" tupoDesc="[ffb12a]释放乾坤之力，对四周6米的敌人造成[-][0dd1e8]152%[-][ffb12a]的[-][A81FFF]技能伤害[-][ffb12a]。[-]" isPuGong="0" />
<JiNengPeiYang id="1301" nameId="乾坤斗转二段" descId="[ffffff]逆转乾坤，以神力将被命中的敌人[-][0dd1e8]强行拉近[-][ffffff]，并产生[-][0dd1e8]击倒[-][ffffff]效果，击倒效果对BOSS无效。[-]" icon="battle_icon_skill_dao_2" wuqiType="0" jinengType="2" quality="1" nextId="1302" needLv="12" skillId="201301" needNum="5000" preId="1300" tupoDesc="[ffb12a]逆转乾坤，以神力将被命中的敌人[-][0dd1e8]拉近[-][ffb12a]，并产生[-][0dd1e8]击倒[-][ffb12a]效果，击倒效果对BOSS无效。[-]" isPuGong="0" />
<JiNengPeiYang id="1302" nameId="乾坤斗转三段" descId="[ffffff]被乾坤斗转命中的敌人的[-][f4aa29]长柄武器技能抗性[-][ffffff]下降[-][0dd1e8]30%[-][ffffff]，持续[-][0dd1e8]5[-][ffffff]秒。[-]" icon="battle_icon_skill_dao_2" wuqiType="0" jinengType="2" quality="2" nextId="0" needLv="33" skillId="201302" needNum="30000" preId="1301" tupoDesc="[ffb12a]被乾坤斗转命中的敌人的[-][A81FFF]长柄武器技能抗性[-][ffb12a]下降[-][0dd1e8]30%[-][ffb12a]，持续[-][0dd1e8]5[-][ffb12a]秒。[-]" isPuGong="0" />
<JiNengPeiYang id="2100" nameId="突刺一段" descId="[ffffff]双持武器普通攻击，挥动武器对正前方的单个敌人造成[-][0dd1e8]40%[-][ffffff]的[-][f0e804]武器伤害[-][ffffff]。[-]" icon="battle_attack_qiang" wuqiType="1" jinengType="0" quality="0" nextId="2101" needLv="1" skillId="200002" needNum="0" preId="0" tupoDesc="[ffb12a]双持武器普通攻击，挥动武器对正前方单个敌人造成[-][0dd1e8]40%[-][ffb12a]的[-][f0e804]武器伤害[-][ffb12a]。[-]" isPuGong="1" />
<JiNengPeiYang id="2101" nameId="突刺二段" descId="[ffffff]突刺的攻击效果增强，连击造成的[-][f0e804]武器伤害[-][ffffff]逐渐增高，第2击提高[-][0dd1e8]25%[-][ffffff]，第3击提高[-][0dd1e8]50%[-][ffffff]，第4击提高[-][0dd1e8]75%[-][ffffff]。[-]" icon="battle_attack_qiang" wuqiType="1" jinengType="0" quality="1" nextId="2102" needLv="23" skillId="202101" needNum="10000" preId="2100" tupoDesc="[ffb12a]突刺的攻击效果增强，连击中造成的[-][f0e804]武器伤害[-][ffb12a]逐渐增高，第2击提高[-][0dd1e8]25%[-][ffb12a]，第3击提高[-][0dd1e8]50%[-][ffb12a]，第4击提高[-][0dd1e8]75%[-][ffb12a]。[-]" isPuGong="1" />
<JiNengPeiYang id="2102" nameId="突刺三段" descId="[ffffff]突刺4连击的[-][f0e804]武器伤害[-][ffffff]提高[-][0dd1e8]50%[-][ffffff]。[-]" icon="battle_attack_qiang" wuqiType="1" jinengType="0" quality="2" nextId="0" needLv="50" skillId="202102" needNum="250000" preId="2101" tupoDesc="[ffb12a]突刺4连击的[-][f0e804]武器伤害[-][ffb12a]提高[-][0dd1e8]50%[-][ffb12a]。[-]" isPuGong="1" />
<JiNengPeiYang id="2200" nameId="绝影星光斩一段" descId="[ffffff]以媲美星光的速度连续斩击单个敌人，一共造成[-][0dd1e8]8[-][ffffff]次[-][f4aa29]技能伤害[-][ffffff]。每次斩击会累加“连击”次数，首次斩杀造成[-][0dd1e8]15%[-][ffffff]的[-][f4aa29]技能伤害[-][ffffff]，每层“连击”额外造成[-][0dd1e8]17%[-][ffffff]的[-][f4aa29]技能伤害[-][ffffff]，“连击”最多可叠加[-][0dd1e8]5[-][ffffff]层。[-]" icon="battle_icon_skill_qiang_1" wuqiType="1" jinengType="1" quality="0" nextId="2201" needLv="1" skillId="200021" needNum="0" preId="0" tupoDesc="[ffb12a]以媲美星光的速度连续斩击单个敌人，共造成[-][0dd1e8]8[-][ffb12a]次[-][A81FFF]技能伤害[-][ffb12a]。每次斩击会累加“连击”次数，首次斩杀造成[-][0dd1e8]15%[-][ffb12a]的[-][A81FFF]技能伤害[-][ffb12a]，每层“连击”额外造成[-][0dd1e8]17%[-][ffb12a]的[-][A81FFF]技能伤害[-][ffb12a]，“连击”最多可叠加[-][0dd1e8]5[-][ffb12a]层。[-]" isPuGong="0" />
<JiNengPeiYang id="2201" nameId="绝影星光斩二段" descId="[ffffff]绝影星光斩的斩击次数增加到[-][0dd1e8]10[-][ffffff]次。[-]" icon="battle_icon_skill_qiang_1" wuqiType="1" jinengType="1" quality="1" nextId="2202" needLv="14" skillId="202201" needNum="5000" preId="2200" tupoDesc="[ffb12a]绝影星光斩的斩击次数增加到[-][0dd1e8]11[-][ffb12a]次。[-]" isPuGong="0" />
<JiNengPeiYang id="2202" nameId="绝影星光斩三段" descId="[ffffff]绝影星光斩的“连击”效果最多可叠加至[-][0dd1e8]8[-][ffffff]层。[-]" icon="battle_icon_skill_qiang_1" wuqiType="1" jinengType="1" quality="2" nextId="0" needLv="44" skillId="202202" needNum="100000" preId="2201" tupoDesc="[ffb12a]绝影星光斩的“连击”效果最多可叠加至[-][0dd1e8]8[-][ffb12a]层。[-]" isPuGong="0" />
<JiNengPeiYang id="2300" nameId="修罗斩一段" descId="[ffffff]择取附近战力最强的敌方单位，瞬身移至其身后并连续斩击[-][0dd1e8]2[-][ffffff]次。[-][ffffff]分别造成[-][0dd1e8]100%[-][ffffff]和[-][0dd1e8]200%[-][ffffff]的[-][f4aa29]技能伤害[-][ffffff]。[-]" icon="battle_icon_skill_qiang_2" wuqiType="1" jinengType="2" quality="0" nextId="2301" needLv="7" skillId="200022" needNum="0" preId="0" tupoDesc="[ffb12a]第一击对单个敌人造成[-][0dd1e8]100%[-][ffb12a]的[-][f4aa29]技能伤害[-][ffb12a]。第二击对单个敌人造成[-][0dd1e8]200%[-][ffb12a]的[-][f4aa29]技能伤害[-][ffb12a]。优先对精英怪或BOSS释放。[-]" isPuGong="0" />
<JiNengPeiYang id="2301" nameId="修罗斩二段" descId="[f4aa29]技能伤害[ffffff]增强[-][0dd1e8]100%[-][ffffff]。[-]" icon="battle_icon_skill_qiang_2" wuqiType="1" jinengType="2" quality="1" nextId="2302" needLv="18" skillId="202301" needNum="5000" preId="2300" tupoDesc="[f4aa29]技能伤害[-][ffb12a]增加[-][0dd1e8]100%[-][ffb12a]。[-]" isPuGong="0" />
<JiNengPeiYang id="2302" nameId="修罗斩三段" descId="[ffffff]被修罗斩命中的敌人的[-][f4aa29]双持武器技能抗性[-][ffffff]下降[-][0dd1e8]30%[-][ffffff]，持续[-][0dd1e8]5[-][ffffff]秒。[-]" icon="battle_icon_skill_qiang_2" wuqiType="1" jinengType="2" quality="2" nextId="0" needLv="35" skillId="202302" needNum="30000" preId="2301" tupoDesc="[ffb12a]被修罗斩命中的敌人的[-][A81FFF]长柄武器技能抗性[-][ffb12a]下降[-][0dd1e8]30%[-][ffb12a]，持续[-][0dd1e8]5[-][ffb12a]秒。[-]" isPuGong="0" />
<JiNengPeiYang id="3100" nameId="疾射一段" descId="[ffffff]远程武器普通攻击，对前方的单个敌人造成[-][0dd1e8]33%[-][ffffff]的[-][f0e804]武器伤害[-][ffffff]。[-]" icon="battle_attack_gong" wuqiType="2" jinengType="0" quality="0" nextId="3101" needLv="1" skillId="200003" needNum="0" preId="0" tupoDesc="[ffb12a]远程武器普通攻击，对前方的单个敌人造成[-][0dd1e8]33%[-][ffb12a]的[-][f0e804]武器伤害[-][ffb12a]。[-]" isPuGong="1" />
<JiNengPeiYang id="3101" nameId="疾射二段" descId="[ffffff]疾射第4击附加[-][0dd1e8]穿透[-][ffffff]效果，可穿透至多[-][0dd1e8]3[-][ffffff]个敌人。[-]" icon="battle_attack_gong" wuqiType="2" jinengType="0" quality="1" nextId="3102" needLv="31" skillId="203101" needNum="20000" preId="3100" tupoDesc="[ffb12a]疾射的第4击附加[-][0dd1e8]穿透[-][ffb12a]效果，可穿透至多[-][0dd1e8]3[-][ffb12a]个敌人。[-]" isPuGong="1" />
<JiNengPeiYang id="3102" nameId="疾射三段" descId="[ffffff]疾射4连击的[-][f0e804]武器伤害[-][ffffff]提高[-][0dd1e8]50%[-][ffffff]。[-]" icon="battle_attack_gong" wuqiType="2" jinengType="0" quality="2" nextId="0" needLv="52" skillId="203102" needNum="300000" preId="3101" tupoDesc="[ffb12a]疾射4连击的[-][f0e804]武器伤害[-][ffb12a]提高[-][0dd1e8]50%[-][ffb12a]。[-]" isPuGong="1" />
<JiNengPeiYang id="3200" nameId="追星箭一段" descId="[ffffff]强力射出一箭，以追星般的速度和星辰陨落般的破坏力对前方直线范围内的全部敌人造成[-][0dd1e8]128%[-][ffffff]的[-][f4aa29]技能伤害[-][ffffff]。[-]" icon="battle_icon_skill_gong_1" wuqiType="2" jinengType="1" quality="0" nextId="3201" needLv="1" skillId="200031" needNum="0" preId="0" tupoDesc="[ffb12a]强力射出一箭，以追星般的速度和星辰陨落般的破坏力对前方直线范围内的全部敌人造成[-][0dd1e8]128%[-][ffb12a]的[-][A81FFF]技能伤害[-][ffb12a]。[-]" isPuGong="0" />
<JiNengPeiYang id="3201" nameId="追星箭二段" descId="[ffffff]对被追星箭命中的敌人产生[-][0dd1e8]击退[-][ffffff]效果，击退[-][0dd1e8]8[-][ffffff]米。[-]" icon="battle_icon_skill_gong_1" wuqiType="2" jinengType="1" quality="1" nextId="3202" needLv="27" skillId="203201" needNum="20000" preId="3200" tupoDesc="[ffb12a]对被追星箭命中的敌人产生[-][0dd1e8]击退[-][ffb12a]效果，击退[-][0dd1e8]8[-][ffb12a]米。[-]" isPuGong="0" />
<JiNengPeiYang id="3202" nameId="追星箭三段" descId="[ffffff]追星箭造成的[-][f4aa29]技能伤害[-][ffffff]提高[-][0dd1e8]50%[-][ffffff]。[-]" icon="battle_icon_skill_gong_1" wuqiType="2" jinengType="1" quality="2" nextId="0" needLv="46" skillId="203202" needNum="150000" preId="3201" tupoDesc="[ffb12a]追星箭造成的[-][A81FFF]技能伤害[-][ffb12a]提高[-][0dd1e8]50%[-][ffb12a]。[-]" isPuGong="0" />
<JiNengPeiYang id="3300" nameId="寒冰箭一段" descId="[ffffff]向前方的扇形范围同时射出[-][0dd1e8]5[-][ffffff]支刻有玄冥符文的箭矢，并对敌人造成[-][0dd1e8]47%[-][ffffff]的[-][f4aa29]技能伤害[-][ffffff]，同时附加[-][0dd1e8]减速[-][ffffff]效果，被命中的敌方单位移动速度降低[-][0dd1e8]80%[-][ffffff]。[-]" icon="battle_icon_skill_gong_2" wuqiType="2" jinengType="2" quality="0" nextId="3301" needLv="25" skillId="200032" needNum="0" preId="0" tupoDesc="[ffb12a]向前方的扇形范围内连续射出[-][0dd1e8]5[-][ffb12a]支刻有玄冥符文的箭矢，对敌人造成[-][0dd1e8]47%[-][ffb12a]的[-][A81FFF]技能伤害[-][ffb12a]，同时附加[-][0dd1e8]减速[-][ffb12a]效果，被命中的敌方单位移动速度降低[-][0dd1e8]80%[-][ffb12a]。[-]" isPuGong="0" />
<JiNengPeiYang id="3301" nameId="寒冰箭二段" descId="[ffffff]寒冰箭射出的箭矢增加到[-][0dd1e8]9[-][ffffff]支。[-]" icon="battle_icon_skill_gong_2" wuqiType="2" jinengType="2" quality="1" nextId="3302" needLv="29" skillId="203301" needNum="20000" preId="3300" tupoDesc="[ffb12a]寒冰箭射出的箭矢增加到[-][0dd1e8]9[-][ffb12a]支。[-]" isPuGong="0" />
<JiNengPeiYang id="3302" nameId="寒冰箭三段" descId="[ffffff]被寒冰箭命中的敌人[-][f4aa29]远程武器技能抗性[-][ffffff]下降[-][0dd1e8]30%[-][ffffff]，持续[-][0dd1e8]5[-][ffffff]秒。[-]" icon="battle_icon_skill_gong_2" wuqiType="2" jinengType="2" quality="2" nextId="0" needLv="38" skillId="203302" needNum="50000" preId="3301" tupoDesc="[ffb12a]被寒冰箭命中的敌人[-][A81FFF]远程武器技能抗性[-][ffb12a]下降[-][0dd1e8]30%[-][ffb12a]，持续[-][0dd1e8]5[-][ffb12a]秒。[-]" isPuGong="0" />
</dataset>
