<?xml version="1.0" encoding="UTF-8"?>
<dataset>
<JunzhuShengji levelId="1" lv="1" gongji="10" fangyu="30" shengming="1000" wqSH="0" wqJM="0" wqBJ="0" wqRX="0" jnSH="0" jnJM="0" jnBJ="0" jnRX="0" addTili="30" tilicao="50" exp="50" xishu="2040" moneyXishu="1740" />
<JunzhuShengji levelId="2" lv="2" gongji="20" fangyu="40" shengming="1200" wqSH="0" wqJM="0" wqBJ="0" wqRX="0" jnSH="0" jnJM="0" jnBJ="0" jnRX="0" addTili="5" tilicao="52" exp="100" xishu="2050" moneyXishu="1750" />
<JunzhuShengji levelId="3" lv="3" gongji="30" fangyu="50" shengming="1400" wqSH="0" wqJM="0" wqBJ="0" wqRX="0" jnSH="0" jnJM="0" jnBJ="0" jnRX="0" addTili="5" tilicao="53" exp="150" xishu="2060" moneyXishu="1760" />
<JunzhuShengji levelId="4" lv="4" gongji="40" fangyu="60" shengming="1600" wqSH="0" wqJM="0" wqBJ="0" wqRX="0" jnSH="0" jnJM="0" jnBJ="0" jnRX="0" addTili="5" tilicao="54" exp="150" xishu="2070" moneyXishu="1770" />
<JunzhuShengji levelId="5" lv="5" gongji="50" fangyu="70" shengming="1800" wqSH="0" wqJM="0" wqBJ="0" wqRX="0" jnSH="0" jnJM="0" jnBJ="0" jnRX="0" addTili="5" tilicao="55" exp="150" xishu="2080" moneyXishu="1780" />
<JunzhuShengji levelId="6" lv="6" gongji="60" fangyu="80" shengming="2000" wqSH="0" wqJM="0" wqBJ="0" wqRX="0" jnSH="0" jnJM="0" jnBJ="0" jnRX="0" addTili="5" tilicao="56" exp="200" xishu="2090" moneyXishu="1790" />
<JunzhuShengji levelId="7" lv="7" gongji="70" fangyu="90" shengming="2200" wqSH="0" wqJM="0" wqBJ="0" wqRX="0" jnSH="0" jnJM="0" jnBJ="0" jnRX="0" addTili="5" tilicao="57" exp="200" xishu="2100" moneyXishu="1800" />
<JunzhuShengji levelId="8" lv="8" gongji="80" fangyu="100" shengming="2400" wqSH="0" wqJM="0" wqBJ="0" wqRX="0" jnSH="0" jnJM="0" jnBJ="0" jnRX="0" addTili="5" tilicao="58" exp="250" xishu="2110" moneyXishu="1810" />
<JunzhuShengji levelId="9" lv="9" gongji="90" fangyu="110" shengming="2600" wqSH="0" wqJM="0" wqBJ="0" wqRX="0" jnSH="0" jnJM="0" jnBJ="0" jnRX="0" addTili="5" tilicao="59" exp="300" xishu="2120" moneyXishu="1820" />
<JunzhuShengji levelId="10" lv="10" gongji="100" fangyu="120" shengming="2800" wqSH="0" wqJM="0" wqBJ="0" wqRX="0" jnSH="0" jnJM="0" jnBJ="0" jnRX="0" addTili="5" tilicao="60" exp="350" xishu="2130" moneyXishu="1830" />
<JunzhuShengji levelId="11" lv="11" gongji="110" fangyu="130" shengming="3000" wqSH="0" wqJM="0" wqBJ="0" wqRX="0" jnSH="0" jnJM="0" jnBJ="0" jnRX="0" addTili="5" tilicao="61" exp="400" xishu="2140" moneyXishu="1840" />
<JunzhuShengji levelId="12" lv="12" gongji="120" fangyu="140" shengming="3200" wqSH="0" wqJM="0" wqBJ="0" wqRX="0" jnSH="0" jnJM="0" jnBJ="0" jnRX="0" addTili="5" tilicao="62" exp="450" xishu="2150" moneyXishu="1850" />
<JunzhuShengji levelId="13" lv="13" gongji="130" fangyu="150" shengming="3400" wqSH="0" wqJM="0" wqBJ="0" wqRX="0" jnSH="0" jnJM="0" jnBJ="0" jnRX="0" addTili="5" tilicao="63" exp="500" xishu="2160" moneyXishu="1860" />
<JunzhuShengji levelId="14" lv="14" gongji="140" fangyu="160" shengming="3600" wqSH="0" wqJM="0" wqBJ="0" wqRX="0" jnSH="0" jnJM="0" jnBJ="0" jnRX="0" addTili="5" tilicao="64" exp="550" xishu="2170" moneyXishu="1870" />
<JunzhuShengji levelId="15" lv="15" gongji="150" fangyu="170" shengming="3800" wqSH="0" wqJM="0" wqBJ="0" wqRX="0" jnSH="0" jnJM="0" jnBJ="0" jnRX="0" addTili="5" tilicao="65" exp="600" xishu="2180" moneyXishu="1880" />
<JunzhuShengji levelId="16" lv="16" gongji="160" fangyu="180" shengming="4000" wqSH="0" wqJM="0" wqBJ="0" wqRX="0" jnSH="0" jnJM="0" jnBJ="0" jnRX="0" addTili="5" tilicao="66" exp="650" xishu="2190" moneyXishu="1890" />
<JunzhuShengji levelId="17" lv="17" gongji="170" fangyu="190" shengming="4200" wqSH="0" wqJM="0" wqBJ="0" wqRX="0" jnSH="0" jnJM="0" jnBJ="0" jnRX="0" addTili="5" tilicao="67" exp="700" xishu="2200" moneyXishu="1900" />
<JunzhuShengji levelId="18" lv="18" gongji="180" fangyu="200" shengming="4400" wqSH="0" wqJM="0" wqBJ="0" wqRX="0" jnSH="0" jnJM="0" jnBJ="0" jnRX="0" addTili="5" tilicao="68" exp="800" xishu="2210" moneyXishu="1910" />
<JunzhuShengji levelId="19" lv="19" gongji="190" fangyu="210" shengming="4600" wqSH="0" wqJM="0" wqBJ="0" wqRX="0" jnSH="0" jnJM="0" jnBJ="0" jnRX="0" addTili="5" tilicao="69" exp="900" xishu="2220" moneyXishu="1920" />
<JunzhuShengji levelId="20" lv="20" gongji="200" fangyu="220" shengming="4800" wqSH="0" wqJM="0" wqBJ="0" wqRX="0" jnSH="0" jnJM="0" jnBJ="0" jnRX="0" addTili="5" tilicao="70" exp="1000" xishu="2230" moneyXishu="1930" />
<JunzhuShengji levelId="21" lv="21" gongji="210" fangyu="230" shengming="5000" wqSH="0" wqJM="0" wqBJ="0" wqRX="0" jnSH="0" jnJM="0" jnBJ="0" jnRX="0" addTili="5" tilicao="71" exp="1100" xishu="2240" moneyXishu="1940" />
<JunzhuShengji levelId="22" lv="22" gongji="220" fangyu="240" shengming="5200" wqSH="0" wqJM="0" wqBJ="0" wqRX="0" jnSH="0" jnJM="0" jnBJ="0" jnRX="0" addTili="5" tilicao="72" exp="1300" xishu="2250" moneyXishu="1950" />
<JunzhuShengji levelId="23" lv="23" gongji="230" fangyu="250" shengming="5400" wqSH="0" wqJM="0" wqBJ="0" wqRX="0" jnSH="0" jnJM="0" jnBJ="0" jnRX="0" addTili="5" tilicao="73" exp="1500" xishu="2260" moneyXishu="1960" />
<JunzhuShengji levelId="24" lv="24" gongji="240" fangyu="260" shengming="5600" wqSH="0" wqJM="0" wqBJ="0" wqRX="0" jnSH="0" jnJM="0" jnBJ="0" jnRX="0" addTili="10" tilicao="74" exp="1700" xishu="2270" moneyXishu="1970" />
<JunzhuShengji levelId="25" lv="25" gongji="250" fangyu="270" shengming="5800" wqSH="0" wqJM="0" wqBJ="0" wqRX="0" jnSH="0" jnJM="0" jnBJ="0" jnRX="0" addTili="10" tilicao="75" exp="2350" xishu="2330" moneyXishu="1980" />
<JunzhuShengji levelId="26" lv="26" gongji="260" fangyu="280" shengming="6000" wqSH="0" wqJM="0" wqBJ="0" wqRX="0" jnSH="0" jnJM="0" jnBJ="0" jnRX="0" addTili="10" tilicao="76" exp="2450" xishu="2400" moneyXishu="2050" />
<JunzhuShengji levelId="27" lv="27" gongji="270" fangyu="290" shengming="6200" wqSH="0" wqJM="0" wqBJ="0" wqRX="0" jnSH="0" jnJM="0" jnBJ="0" jnRX="0" addTili="10" tilicao="77" exp="2550" xishu="2460" moneyXishu="2110" />
<JunzhuShengji levelId="28" lv="28" gongji="280" fangyu="300" shengming="6400" wqSH="0" wqJM="0" wqBJ="0" wqRX="0" jnSH="0" jnJM="0" jnBJ="0" jnRX="0" addTili="10" tilicao="78" exp="2800" xishu="2530" moneyXishu="2170" />
<JunzhuShengji levelId="29" lv="29" gongji="290" fangyu="310" shengming="6600" wqSH="0" wqJM="0" wqBJ="0" wqRX="0" jnSH="0" jnJM="0" jnBJ="0" jnRX="0" addTili="10" tilicao="79" exp="2950" xishu="2600" moneyXishu="2230" />
<JunzhuShengji levelId="30" lv="30" gongji="300" fangyu="320" shengming="6800" wqSH="0" wqJM="0" wqBJ="0" wqRX="0" jnSH="0" jnJM="0" jnBJ="0" jnRX="0" addTili="10" tilicao="80" exp="3250" xishu="2660" moneyXishu="2300" />
<JunzhuShengji levelId="31" lv="31" gongji="310" fangyu="330" shengming="7000" wqSH="0" wqJM="0" wqBJ="0" wqRX="0" jnSH="0" jnJM="0" jnBJ="0" jnRX="0" addTili="10" tilicao="81" exp="3350" xishu="2730" moneyXishu="2370" />
<JunzhuShengji levelId="32" lv="32" gongji="320" fangyu="340" shengming="7200" wqSH="0" wqJM="0" wqBJ="0" wqRX="0" jnSH="0" jnJM="0" jnBJ="0" jnRX="0" addTili="10" tilicao="82" exp="3500" xishu="2800" moneyXishu="2430" />
<JunzhuShengji levelId="33" lv="33" gongji="330" fangyu="350" shengming="7400" wqSH="0" wqJM="0" wqBJ="0" wqRX="0" jnSH="0" jnJM="0" jnBJ="0" jnRX="0" addTili="10" tilicao="83" exp="3600" xishu="2870" moneyXishu="2500" />
<JunzhuShengji levelId="34" lv="34" gongji="340" fangyu="360" shengming="7600" wqSH="0" wqJM="0" wqBJ="0" wqRX="0" jnSH="0" jnJM="0" jnBJ="0" jnRX="0" addTili="10" tilicao="84" exp="3750" xishu="2940" moneyXishu="2570" />
<JunzhuShengji levelId="35" lv="35" gongji="350" fangyu="370" shengming="7800" wqSH="0" wqJM="0" wqBJ="0" wqRX="0" jnSH="0" jnJM="0" jnBJ="0" jnRX="0" addTili="10" tilicao="85" exp="3850" xishu="3000" moneyXishu="2640" />
<JunzhuShengji levelId="36" lv="36" gongji="360" fangyu="380" shengming="8000" wqSH="0" wqJM="0" wqBJ="0" wqRX="0" jnSH="0" jnJM="0" jnBJ="0" jnRX="0" addTili="10" tilicao="86" exp="4700" xishu="3070" moneyXishu="2710" />
<JunzhuShengji levelId="37" lv="37" gongji="370" fangyu="390" shengming="8200" wqSH="0" wqJM="0" wqBJ="0" wqRX="0" jnSH="0" jnJM="0" jnBJ="0" jnRX="0" addTili="10" tilicao="87" exp="4850" xishu="3140" moneyXishu="2790" />
<JunzhuShengji levelId="38" lv="38" gongji="380" fangyu="400" shengming="8400" wqSH="0" wqJM="0" wqBJ="0" wqRX="0" jnSH="0" jnJM="0" jnBJ="0" jnRX="0" addTili="10" tilicao="88" exp="5050" xishu="3210" moneyXishu="2860" />
<JunzhuShengji levelId="39" lv="39" gongji="390" fangyu="410" shengming="8600" wqSH="0" wqJM="0" wqBJ="0" wqRX="0" jnSH="0" jnJM="0" jnBJ="0" jnRX="0" addTili="10" tilicao="89" exp="5350" xishu="3280" moneyXishu="2930" />
<JunzhuShengji levelId="40" lv="40" gongji="400" fangyu="420" shengming="8800" wqSH="0" wqJM="0" wqBJ="0" wqRX="0" jnSH="0" jnJM="0" jnBJ="0" jnRX="0" addTili="10" tilicao="90" exp="5800" xishu="3360" moneyXishu="3010" />
<JunzhuShengji levelId="41" lv="41" gongji="410" fangyu="430" shengming="9000" wqSH="0" wqJM="0" wqBJ="0" wqRX="0" jnSH="0" jnJM="0" jnBJ="0" jnRX="0" addTili="30" tilicao="91" exp="6500" xishu="3430" moneyXishu="3090" />
<JunzhuShengji levelId="42" lv="42" gongji="420" fangyu="440" shengming="9200" wqSH="0" wqJM="0" wqBJ="0" wqRX="0" jnSH="0" jnJM="0" jnBJ="0" jnRX="0" addTili="30" tilicao="92" exp="7100" xishu="3500" moneyXishu="3160" />
<JunzhuShengji levelId="43" lv="43" gongji="430" fangyu="450" shengming="9400" wqSH="0" wqJM="0" wqBJ="0" wqRX="0" jnSH="0" jnJM="0" jnBJ="0" jnRX="0" addTili="30" tilicao="93" exp="7750" xishu="3570" moneyXishu="3240" />
<JunzhuShengji levelId="44" lv="44" gongji="440" fangyu="460" shengming="9600" wqSH="0" wqJM="0" wqBJ="0" wqRX="0" jnSH="0" jnJM="0" jnBJ="0" jnRX="0" addTili="30" tilicao="94" exp="8250" xishu="3640" moneyXishu="3320" />
<JunzhuShengji levelId="45" lv="45" gongji="450" fangyu="470" shengming="9800" wqSH="0" wqJM="0" wqBJ="0" wqRX="0" jnSH="0" jnJM="0" jnBJ="0" jnRX="0" addTili="30" tilicao="95" exp="9100" xishu="3710" moneyXishu="3400" />
<JunzhuShengji levelId="46" lv="46" gongji="460" fangyu="480" shengming="10000" wqSH="0" wqJM="0" wqBJ="0" wqRX="0" jnSH="0" jnJM="0" jnBJ="0" jnRX="0" addTili="30" tilicao="96" exp="10050" xishu="3790" moneyXishu="3480" />
<JunzhuShengji levelId="47" lv="47" gongji="470" fangyu="490" shengming="10200" wqSH="0" wqJM="0" wqBJ="0" wqRX="0" jnSH="0" jnJM="0" jnBJ="0" jnRX="0" addTili="30" tilicao="97" exp="11150" xishu="3860" moneyXishu="3560" />
<JunzhuShengji levelId="48" lv="48" gongji="480" fangyu="500" shengming="10400" wqSH="0" wqJM="0" wqBJ="0" wqRX="0" jnSH="0" jnJM="0" jnBJ="0" jnRX="0" addTili="30" tilicao="98" exp="12300" xishu="3930" moneyXishu="3650" />
<JunzhuShengji levelId="49" lv="49" gongji="490" fangyu="510" shengming="10600" wqSH="0" wqJM="0" wqBJ="0" wqRX="0" jnSH="0" jnJM="0" jnBJ="0" jnRX="0" addTili="30" tilicao="99" exp="13500" xishu="4010" moneyXishu="3730" />
<JunzhuShengji levelId="50" lv="50" gongji="500" fangyu="520" shengming="10800" wqSH="0" wqJM="0" wqBJ="0" wqRX="0" jnSH="0" jnJM="0" jnBJ="0" jnRX="0" addTili="30" tilicao="100" exp="15000" xishu="4080" moneyXishu="3810" />
<JunzhuShengji levelId="51" lv="51" gongji="510" fangyu="530" shengming="11000" wqSH="0" wqJM="0" wqBJ="0" wqRX="0" jnSH="0" jnJM="0" jnBJ="0" jnRX="0" addTili="30" tilicao="101" exp="16350" xishu="4160" moneyXishu="3900" />
<JunzhuShengji levelId="52" lv="52" gongji="520" fangyu="540" shengming="11200" wqSH="0" wqJM="0" wqBJ="0" wqRX="0" jnSH="0" jnJM="0" jnBJ="0" jnRX="0" addTili="30" tilicao="102" exp="17850" xishu="4230" moneyXishu="3980" />
<JunzhuShengji levelId="53" lv="53" gongji="530" fangyu="550" shengming="11400" wqSH="0" wqJM="0" wqBJ="0" wqRX="0" jnSH="0" jnJM="0" jnBJ="0" jnRX="0" addTili="30" tilicao="103" exp="19650" xishu="4310" moneyXishu="4070" />
<JunzhuShengji levelId="54" lv="54" gongji="540" fangyu="560" shengming="11600" wqSH="0" wqJM="0" wqBJ="0" wqRX="0" jnSH="0" jnJM="0" jnBJ="0" jnRX="0" addTili="30" tilicao="104" exp="21350" xishu="4380" moneyXishu="4160" />
<JunzhuShengji levelId="55" lv="55" gongji="550" fangyu="570" shengming="11800" wqSH="0" wqJM="0" wqBJ="0" wqRX="0" jnSH="0" jnJM="0" jnBJ="0" jnRX="0" addTili="30" tilicao="105" exp="23250" xishu="4460" moneyXishu="4250" />
<JunzhuShengji levelId="56" lv="56" gongji="560" fangyu="580" shengming="12000" wqSH="0" wqJM="0" wqBJ="0" wqRX="0" jnSH="0" jnJM="0" jnBJ="0" jnRX="0" addTili="30" tilicao="106" exp="25100" xishu="4530" moneyXishu="4340" />
<JunzhuShengji levelId="57" lv="57" gongji="570" fangyu="590" shengming="12200" wqSH="0" wqJM="0" wqBJ="0" wqRX="0" jnSH="0" jnJM="0" jnBJ="0" jnRX="0" addTili="30" tilicao="107" exp="27050" xishu="4610" moneyXishu="4430" />
<JunzhuShengji levelId="58" lv="58" gongji="580" fangyu="600" shengming="12400" wqSH="0" wqJM="0" wqBJ="0" wqRX="0" jnSH="0" jnJM="0" jnBJ="0" jnRX="0" addTili="30" tilicao="108" exp="29100" xishu="4690" moneyXishu="4520" />
<JunzhuShengji levelId="59" lv="59" gongji="590" fangyu="610" shengming="12600" wqSH="0" wqJM="0" wqBJ="0" wqRX="0" jnSH="0" jnJM="0" jnBJ="0" jnRX="0" addTili="30" tilicao="109" exp="31250" xishu="4760" moneyXishu="4610" />
<JunzhuShengji levelId="60" lv="60" gongji="600" fangyu="620" shengming="12800" wqSH="0" wqJM="0" wqBJ="0" wqRX="0" jnSH="0" jnJM="0" jnBJ="0" jnRX="0" addTili="30" tilicao="110" exp="33900" xishu="4840" moneyXishu="4700" />
<JunzhuShengji levelId="61" lv="61" gongji="610" fangyu="630" shengming="13000" wqSH="0" wqJM="0" wqBJ="0" wqRX="0" jnSH="0" jnJM="0" jnBJ="0" jnRX="0" addTili="30" tilicao="111" exp="36250" xishu="4920" moneyXishu="4800" />
<JunzhuShengji levelId="62" lv="62" gongji="620" fangyu="640" shengming="13200" wqSH="0" wqJM="0" wqBJ="0" wqRX="0" jnSH="0" jnJM="0" jnBJ="0" jnRX="0" addTili="30" tilicao="112" exp="38700" xishu="5000" moneyXishu="4890" />
<JunzhuShengji levelId="63" lv="63" gongji="630" fangyu="650" shengming="13400" wqSH="0" wqJM="0" wqBJ="0" wqRX="0" jnSH="0" jnJM="0" jnBJ="0" jnRX="0" addTili="30" tilicao="113" exp="41200" xishu="5070" moneyXishu="4990" />
<JunzhuShengji levelId="64" lv="64" gongji="640" fangyu="660" shengming="13600" wqSH="0" wqJM="0" wqBJ="0" wqRX="0" jnSH="0" jnJM="0" jnBJ="0" jnRX="0" addTili="30" tilicao="114" exp="43850" xishu="5150" moneyXishu="5080" />
<JunzhuShengji levelId="65" lv="65" gongji="650" fangyu="670" shengming="13800" wqSH="0" wqJM="0" wqBJ="0" wqRX="0" jnSH="0" jnJM="0" jnBJ="0" jnRX="0" addTili="30" tilicao="115" exp="46700" xishu="5230" moneyXishu="5180" />
<JunzhuShengji levelId="66" lv="66" gongji="660" fangyu="680" shengming="14000" wqSH="0" wqJM="0" wqBJ="0" wqRX="0" jnSH="0" jnJM="0" jnBJ="0" jnRX="0" addTili="30" tilicao="116" exp="49750" xishu="5310" moneyXishu="5270" />
<JunzhuShengji levelId="67" lv="67" gongji="670" fangyu="690" shengming="14200" wqSH="0" wqJM="0" wqBJ="0" wqRX="0" jnSH="0" jnJM="0" jnBJ="0" jnRX="0" addTili="30" tilicao="117" exp="52650" xishu="5390" moneyXishu="5370" />
<JunzhuShengji levelId="68" lv="68" gongji="680" fangyu="700" shengming="14400" wqSH="0" wqJM="0" wqBJ="0" wqRX="0" jnSH="0" jnJM="0" jnBJ="0" jnRX="0" addTili="30" tilicao="118" exp="55650" xishu="5470" moneyXishu="5470" />
<JunzhuShengji levelId="69" lv="69" gongji="690" fangyu="710" shengming="14600" wqSH="0" wqJM="0" wqBJ="0" wqRX="0" jnSH="0" jnJM="0" jnBJ="0" jnRX="0" addTili="30" tilicao="119" exp="59200" xishu="5540" moneyXishu="5570" />
<JunzhuShengji levelId="70" lv="70" gongji="700" fangyu="720" shengming="14800" wqSH="0" wqJM="0" wqBJ="0" wqRX="0" jnSH="0" jnJM="0" jnBJ="0" jnRX="0" addTili="30" tilicao="120" exp="63250" xishu="5620" moneyXishu="5670" />
<JunzhuShengji levelId="71" lv="71" gongji="710" fangyu="730" shengming="15000" wqSH="0" wqJM="0" wqBJ="0" wqRX="0" jnSH="0" jnJM="0" jnBJ="0" jnRX="0" addTili="30" tilicao="121" exp="66550" xishu="5700" moneyXishu="5770" />
<JunzhuShengji levelId="72" lv="72" gongji="720" fangyu="740" shengming="15200" wqSH="0" wqJM="0" wqBJ="0" wqRX="0" jnSH="0" jnJM="0" jnBJ="0" jnRX="0" addTili="30" tilicao="122" exp="70300" xishu="5780" moneyXishu="5870" />
<JunzhuShengji levelId="73" lv="73" gongji="730" fangyu="750" shengming="15400" wqSH="0" wqJM="0" wqBJ="0" wqRX="0" jnSH="0" jnJM="0" jnBJ="0" jnRX="0" addTili="30" tilicao="123" exp="73450" xishu="5860" moneyXishu="5970" />
<JunzhuShengji levelId="74" lv="74" gongji="740" fangyu="760" shengming="15600" wqSH="0" wqJM="0" wqBJ="0" wqRX="0" jnSH="0" jnJM="0" jnBJ="0" jnRX="0" addTili="30" tilicao="124" exp="77050" xishu="5940" moneyXishu="6080" />
<JunzhuShengji levelId="75" lv="75" gongji="750" fangyu="770" shengming="15800" wqSH="0" wqJM="0" wqBJ="0" wqRX="0" jnSH="0" jnJM="0" jnBJ="0" jnRX="0" addTili="30" tilicao="125" exp="80750" xishu="6020" moneyXishu="6180" />
<JunzhuShengji levelId="76" lv="76" gongji="760" fangyu="780" shengming="16000" wqSH="0" wqJM="0" wqBJ="0" wqRX="0" jnSH="0" jnJM="0" jnBJ="0" jnRX="0" addTili="30" tilicao="126" exp="84550" xishu="6110" moneyXishu="6290" />
<JunzhuShengji levelId="77" lv="77" gongji="770" fangyu="790" shengming="16200" wqSH="0" wqJM="0" wqBJ="0" wqRX="0" jnSH="0" jnJM="0" jnBJ="0" jnRX="0" addTili="30" tilicao="127" exp="89400" xishu="6190" moneyXishu="6390" />
<JunzhuShengji levelId="78" lv="78" gongji="780" fangyu="800" shengming="16400" wqSH="0" wqJM="0" wqBJ="0" wqRX="0" jnSH="0" jnJM="0" jnBJ="0" jnRX="0" addTili="30" tilicao="128" exp="93400" xishu="6270" moneyXishu="6500" />
<JunzhuShengji levelId="79" lv="79" gongji="790" fangyu="810" shengming="16600" wqSH="0" wqJM="0" wqBJ="0" wqRX="0" jnSH="0" jnJM="0" jnBJ="0" jnRX="0" addTili="30" tilicao="129" exp="98250" xishu="6350" moneyXishu="6600" />
<JunzhuShengji levelId="80" lv="80" gongji="800" fangyu="820" shengming="16800" wqSH="0" wqJM="0" wqBJ="0" wqRX="0" jnSH="0" jnJM="0" jnBJ="0" jnRX="0" addTili="30" tilicao="130" exp="102650" xishu="6430" moneyXishu="6710" />
<JunzhuShengji levelId="81" lv="81" gongji="810" fangyu="830" shengming="17000" wqSH="0" wqJM="0" wqBJ="0" wqRX="0" jnSH="0" jnJM="0" jnBJ="0" jnRX="0" addTili="30" tilicao="131" exp="107000" xishu="6510" moneyXishu="6820" />
<JunzhuShengji levelId="82" lv="82" gongji="820" fangyu="840" shengming="17200" wqSH="0" wqJM="0" wqBJ="0" wqRX="0" jnSH="0" jnJM="0" jnBJ="0" jnRX="0" addTili="30" tilicao="132" exp="111400" xishu="6590" moneyXishu="6930" />
<JunzhuShengji levelId="83" lv="83" gongji="830" fangyu="850" shengming="17400" wqSH="0" wqJM="0" wqBJ="0" wqRX="0" jnSH="0" jnJM="0" jnBJ="0" jnRX="0" addTili="30" tilicao="133" exp="115850" xishu="6680" moneyXishu="7030" />
<JunzhuShengji levelId="84" lv="84" gongji="840" fangyu="860" shengming="17600" wqSH="0" wqJM="0" wqBJ="0" wqRX="0" jnSH="0" jnJM="0" jnBJ="0" jnRX="0" addTili="30" tilicao="134" exp="120450" xishu="6760" moneyXishu="7140" />
<JunzhuShengji levelId="85" lv="85" gongji="850" fangyu="870" shengming="17800" wqSH="0" wqJM="0" wqBJ="0" wqRX="0" jnSH="0" jnJM="0" jnBJ="0" jnRX="0" addTili="30" tilicao="135" exp="125200" xishu="6840" moneyXishu="7250" />
<JunzhuShengji levelId="86" lv="86" gongji="860" fangyu="880" shengming="18000" wqSH="0" wqJM="0" wqBJ="0" wqRX="0" jnSH="0" jnJM="0" jnBJ="0" jnRX="0" addTili="30" tilicao="136" exp="130000" xishu="6920" moneyXishu="7370" />
<JunzhuShengji levelId="87" lv="87" gongji="870" fangyu="890" shengming="18200" wqSH="0" wqJM="0" wqBJ="0" wqRX="0" jnSH="0" jnJM="0" jnBJ="0" jnRX="0" addTili="30" tilicao="137" exp="135700" xishu="7010" moneyXishu="7480" />
<JunzhuShengji levelId="88" lv="88" gongji="880" fangyu="900" shengming="18400" wqSH="0" wqJM="0" wqBJ="0" wqRX="0" jnSH="0" jnJM="0" jnBJ="0" jnRX="0" addTili="30" tilicao="138" exp="141350" xishu="7090" moneyXishu="7590" />
<JunzhuShengji levelId="89" lv="89" gongji="890" fangyu="910" shengming="18600" wqSH="0" wqJM="0" wqBJ="0" wqRX="0" jnSH="0" jnJM="0" jnBJ="0" jnRX="0" addTili="30" tilicao="139" exp="146500" xishu="7170" moneyXishu="7700" />
<JunzhuShengji levelId="90" lv="90" gongji="900" fangyu="920" shengming="18800" wqSH="0" wqJM="0" wqBJ="0" wqRX="0" jnSH="0" jnJM="0" jnBJ="0" jnRX="0" addTili="30" tilicao="140" exp="152850" xishu="7260" moneyXishu="7820" />
<JunzhuShengji levelId="91" lv="91" gongji="910" fangyu="930" shengming="19000" wqSH="0" wqJM="0" wqBJ="0" wqRX="0" jnSH="0" jnJM="0" jnBJ="0" jnRX="0" addTili="30" tilicao="141" exp="158200" xishu="7340" moneyXishu="7930" />
<JunzhuShengji levelId="92" lv="92" gongji="920" fangyu="940" shengming="19200" wqSH="0" wqJM="0" wqBJ="0" wqRX="0" jnSH="0" jnJM="0" jnBJ="0" jnRX="0" addTili="30" tilicao="142" exp="163650" xishu="7420" moneyXishu="8040" />
<JunzhuShengji levelId="93" lv="93" gongji="930" fangyu="950" shengming="19400" wqSH="0" wqJM="0" wqBJ="0" wqRX="0" jnSH="0" jnJM="0" jnBJ="0" jnRX="0" addTili="30" tilicao="143" exp="169500" xishu="7510" moneyXishu="8160" />
<JunzhuShengji levelId="94" lv="94" gongji="940" fangyu="960" shengming="19600" wqSH="0" wqJM="0" wqBJ="0" wqRX="0" jnSH="0" jnJM="0" jnBJ="0" jnRX="0" addTili="30" tilicao="144" exp="175150" xishu="7590" moneyXishu="8280" />
<JunzhuShengji levelId="95" lv="95" gongji="950" fangyu="970" shengming="19800" wqSH="0" wqJM="0" wqBJ="0" wqRX="0" jnSH="0" jnJM="0" jnBJ="0" jnRX="0" addTili="30" tilicao="145" exp="180950" xishu="7680" moneyXishu="8390" />
<JunzhuShengji levelId="96" lv="96" gongji="960" fangyu="980" shengming="20000" wqSH="0" wqJM="0" wqBJ="0" wqRX="0" jnSH="0" jnJM="0" jnBJ="0" jnRX="0" addTili="30" tilicao="146" exp="186800" xishu="7760" moneyXishu="8510" />
<JunzhuShengji levelId="97" lv="97" gongji="970" fangyu="990" shengming="20200" wqSH="0" wqJM="0" wqBJ="0" wqRX="0" jnSH="0" jnJM="0" jnBJ="0" jnRX="0" addTili="30" tilicao="147" exp="194350" xishu="7850" moneyXishu="8630" />
<JunzhuShengji levelId="98" lv="98" gongji="980" fangyu="1000" shengming="20400" wqSH="0" wqJM="0" wqBJ="0" wqRX="0" jnSH="0" jnJM="0" jnBJ="0" jnRX="0" addTili="30" tilicao="148" exp="200450" xishu="7930" moneyXishu="8750" />
<JunzhuShengji levelId="99" lv="99" gongji="990" fangyu="1010" shengming="20600" wqSH="0" wqJM="0" wqBJ="0" wqRX="0" jnSH="0" jnJM="0" jnBJ="0" jnRX="0" addTili="30" tilicao="149" exp="206600" xishu="8020" moneyXishu="8870" />
<JunzhuShengji levelId="100" lv="100" gongji="1000" fangyu="1020" shengming="20800" wqSH="0" wqJM="0" wqBJ="0" wqRX="0" jnSH="0" jnJM="0" jnBJ="0" jnRX="0" addTili="30" tilicao="150" exp="211600" xishu="8100" moneyXishu="8990" />
<JunzhuShengji levelId="101" lv="101" gongji="1010" fangyu="1030" shengming="21000" wqSH="0" wqJM="0" wqBJ="0" wqRX="0" jnSH="0" jnJM="0" jnBJ="0" jnRX="0" addTili="30" tilicao="151" exp="219350" xishu="8190" moneyXishu="9110" />
<JunzhuShengji levelId="102" lv="102" gongji="1020" fangyu="1040" shengming="21200" wqSH="0" wqJM="0" wqBJ="0" wqRX="0" jnSH="0" jnJM="0" jnBJ="0" jnRX="0" addTili="30" tilicao="152" exp="226750" xishu="8270" moneyXishu="9230" />
<JunzhuShengji levelId="103" lv="103" gongji="1030" fangyu="1050" shengming="21400" wqSH="0" wqJM="0" wqBJ="0" wqRX="0" jnSH="0" jnJM="0" jnBJ="0" jnRX="0" addTili="30" tilicao="153" exp="233300" xishu="8360" moneyXishu="9350" />
<JunzhuShengji levelId="104" lv="104" gongji="1040" fangyu="1060" shengming="21600" wqSH="0" wqJM="0" wqBJ="0" wqRX="0" jnSH="0" jnJM="0" jnBJ="0" jnRX="0" addTili="30" tilicao="154" exp="239950" xishu="8440" moneyXishu="0" />
<JunzhuShengji levelId="105" lv="105" gongji="1050" fangyu="1070" shengming="21800" wqSH="0" wqJM="0" wqBJ="0" wqRX="0" jnSH="0" jnJM="0" jnBJ="0" jnRX="0" addTili="30" tilicao="155" exp="246700" xishu="8530" moneyXishu="0" />
<JunzhuShengji levelId="106" lv="106" gongji="1060" fangyu="1080" shengming="22000" wqSH="0" wqJM="0" wqBJ="0" wqRX="0" jnSH="0" jnJM="0" jnBJ="0" jnRX="0" addTili="30" tilicao="156" exp="253750" xishu="8620" moneyXishu="0" />
<JunzhuShengji levelId="107" lv="107" gongji="1070" fangyu="1090" shengming="22200" wqSH="0" wqJM="0" wqBJ="0" wqRX="0" jnSH="0" jnJM="0" jnBJ="0" jnRX="0" addTili="30" tilicao="157" exp="260900" xishu="8700" moneyXishu="0" />
<JunzhuShengji levelId="108" lv="108" gongji="1080" fangyu="1100" shengming="22400" wqSH="0" wqJM="0" wqBJ="0" wqRX="0" jnSH="0" jnJM="0" jnBJ="0" jnRX="0" addTili="30" tilicao="158" exp="268200" xishu="8790" moneyXishu="0" />
<JunzhuShengji levelId="109" lv="109" gongji="1090" fangyu="1110" shengming="22600" wqSH="0" wqJM="0" wqBJ="0" wqRX="0" jnSH="0" jnJM="0" jnBJ="0" jnRX="0" addTili="30" tilicao="159" exp="275600" xishu="8880" moneyXishu="0" />
<JunzhuShengji levelId="110" lv="110" gongji="1100" fangyu="1120" shengming="22800" wqSH="0" wqJM="0" wqBJ="0" wqRX="0" jnSH="0" jnJM="0" jnBJ="0" jnRX="0" addTili="30" tilicao="160" exp="283150" xishu="8960" moneyXishu="0" />
</dataset>