<?xml version="1.0" encoding="UTF-8"?>
<dataset>
<JuqingNPCTemp Id="6010101" JuqingNPCId="101010" ModelId="935" nameID="10525" Position="2001" />
<JuqingNPCTemp Id="6010201" JuqingNPCId="101020" ModelId="935" nameID="10525" Position="2001" />
<JuqingNPCTemp Id="6010301" JuqingNPCId="101030" ModelId="935" nameID="10525" Position="2001" />
<JuqingNPCTemp Id="6010302" JuqingNPCId="101030" ModelId="4003" nameID="10307" Position="2002" />
<JuqingNPCTemp Id="6010401" JuqingNPCId="101040" ModelId="935" nameID="10525" Position="2001" />
<JuqingNPCTemp Id="6010402" JuqingNPCId="101040" ModelId="4001" nameID="19004" Position="2002" />
<JuqingNPCTemp Id="6010501" JuqingNPCId="101050" ModelId="4024" nameID="10801" Position="2001" />
<JuqingNPCTemp Id="6010502" JuqingNPCId="101050" ModelId="800" nameID="10504" Position="2002" />
<JuqingNPCTemp Id="6010503" JuqingNPCId="101050" ModelId="4020" nameID="19005" Position="2003" />
<JuqingNPCTemp Id="6010504" JuqingNPCId="101050" ModelId="935" nameID="10525" Position="2004" />
<JuqingNPCTemp Id="6010505" JuqingNPCId="101050" ModelId="800" nameID="10504" Position="2005" />
<JuqingNPCTemp Id="6010506" JuqingNPCId="101050" ModelId="4020" nameID="19005" Position="2006" />
<JuqingNPCTemp Id="6010701" JuqingNPCId="101070" ModelId="4024" nameID="10801" Position="2001" />
<JuqingNPCTemp Id="6020101" JuqingNPCId="102010" ModelId="800" nameID="10504" Position="2001" />
<JuqingNPCTemp Id="6020201" JuqingNPCId="102020" ModelId="800" nameID="10504" Position="2001" />
<JuqingNPCTemp Id="6020501" JuqingNPCId="102050" ModelId="800" nameID="10504" Position="2001" />
<JuqingNPCTemp Id="6020701" JuqingNPCId="102070" ModelId="300" nameID="10411" Position="2001" />
<JuqingNPCTemp Id="6020702" JuqingNPCId="102070" ModelId="800" nameID="10504" Position="2002" />
<JuqingNPCTemp Id="6030101" JuqingNPCId="103010" ModelId="800" nameID="10504" Position="2001" />
<JuqingNPCTemp Id="6030102" JuqingNPCId="103010" ModelId="300" nameID="10411" Position="2002" />
<JuqingNPCTemp Id="6030201" JuqingNPCId="103020" ModelId="800" nameID="10504" Position="2001" />
<JuqingNPCTemp Id="6030202" JuqingNPCId="103020" ModelId="935" nameID="10525" Position="2002" />
<JuqingNPCTemp Id="6030301" JuqingNPCId="103030" ModelId="935" nameID="10525" Position="2001" />
<JuqingNPCTemp Id="6030401" JuqingNPCId="103040" ModelId="935" nameID="10525" Position="2001" />
<JuqingNPCTemp Id="6030501" JuqingNPCId="103050" ModelId="800" nameID="10504" Position="2001" />
<JuqingNPCTemp Id="6030502" JuqingNPCId="103050" ModelId="300" nameID="10411" Position="2002" />
<JuqingNPCTemp Id="6040101" JuqingNPCId="104010" ModelId="800" nameID="10504" Position="2001" />
<JuqingNPCTemp Id="6040102" JuqingNPCId="104010" ModelId="300" nameID="10411" Position="2002" />
<JuqingNPCTemp Id="6040301" JuqingNPCId="104030" ModelId="4024" nameID="10801" Position="2001" />
<JuqingNPCTemp Id="6040401" JuqingNPCId="104040" ModelId="935" nameID="10525" Position="2001" />
<JuqingNPCTemp Id="6040601" JuqingNPCId="104060" ModelId="800" nameID="10504" Position="2001" />
<JuqingNPCTemp Id="6040602" JuqingNPCId="104060" ModelId="4024" nameID="10801" Position="2002" />
<JuqingNPCTemp Id="6040701" JuqingNPCId="104070" ModelId="800" nameID="10504" Position="2001" />
<JuqingNPCTemp Id="6040702" JuqingNPCId="104070" ModelId="4009" nameID="10516" Position="2002" />
<JuqingNPCTemp Id="6040801" JuqingNPCId="104080" ModelId="935" nameID="10525" Position="2001" />
<JuqingNPCTemp Id="6040802" JuqingNPCId="104080" ModelId="4009" nameID="10516" Position="2002" />
<JuqingNPCTemp Id="6040901" JuqingNPCId="104090" ModelId="800" nameID="10504" Position="2001" />
<JuqingNPCTemp Id="6040902" JuqingNPCId="104090" ModelId="4009" nameID="10516" Position="2002" />
<JuqingNPCTemp Id="6050101" JuqingNPCId="105010" ModelId="700" nameID="10502" Position="2001" />
<JuqingNPCTemp Id="6050102" JuqingNPCId="105010" ModelId="935" nameID="10525" Position="2002" />
<JuqingNPCTemp Id="6050103" JuqingNPCId="105010" ModelId="700" nameID="10502" Position="2003" />
<JuqingNPCTemp Id="6050104" JuqingNPCId="105010" ModelId="3010" nameID="10425" Position="2004" />
<JuqingNPCTemp Id="6050201" JuqingNPCId="105020" ModelId="931" nameID="10805" Position="2001" />
<JuqingNPCTemp Id="6050202" JuqingNPCId="105020" ModelId="3003" nameID="10109" Position="2002" />
<JuqingNPCTemp Id="6050501" JuqingNPCId="105050" ModelId="935" nameID="10525" Position="2001" />
<JuqingNPCTemp Id="6050502" JuqingNPCId="105050" ModelId="100" nameID="10405" Position="2002" />
<JuqingNPCTemp Id="6050601" JuqingNPCId="105060" ModelId="100" nameID="10405" Position="2001" />
<JuqingNPCTemp Id="6050701" JuqingNPCId="105070" ModelId="4001" nameID="10110" Position="2001" />
<JuqingNPCTemp Id="6050702" JuqingNPCId="105070" ModelId="700" nameID="10502" Position="2002" />
<JuqingNPCTemp Id="6050801" JuqingNPCId="105080" ModelId="700" nameID="10502" Position="2001" />
<JuqingNPCTemp Id="6050901" JuqingNPCId="105090" ModelId="931" nameID="10805" Position="2001" />
<JuqingNPCTemp Id="6060101" JuqingNPCId="106010" ModelId="935" nameID="10525" Position="2001" />
<JuqingNPCTemp Id="6060102" JuqingNPCId="106010" ModelId="800" nameID="10504" Position="2002" />
<JuqingNPCTemp Id="6060201" JuqingNPCId="106020" ModelId="800" nameID="10504" Position="2001" />
<JuqingNPCTemp Id="6060202" JuqingNPCId="106020" ModelId="300" nameID="10411" Position="2002" />
<JuqingNPCTemp Id="6060301" JuqingNPCId="106030" ModelId="935" nameID="10525" Position="2001" />
<JuqingNPCTemp Id="6060302" JuqingNPCId="106030" ModelId="800" nameID="10504" Position="2002" />
<JuqingNPCTemp Id="6060303" JuqingNPCId="106030" ModelId="4009" nameID="10516" Position="2003" />
<JuqingNPCTemp Id="6060401" JuqingNPCId="106040" ModelId="4009" nameID="10516" Position="2001" />
<JuqingNPCTemp Id="6060402" JuqingNPCId="106040" ModelId="4006" nameID="10111" Position="2002" />
<JuqingNPCTemp Id="6060501" JuqingNPCId="106050" ModelId="800" nameID="10504" Position="2001" />
<JuqingNPCTemp Id="6060601" JuqingNPCId="106060" ModelId="800" nameID="10504" Position="2001" />
<JuqingNPCTemp Id="6060602" JuqingNPCId="106060" ModelId="4009" nameID="10516" Position="2002" />
<JuqingNPCTemp Id="6060701" JuqingNPCId="106070" ModelId="935" nameID="10525" Position="2001" />
<JuqingNPCTemp Id="6060801" JuqingNPCId="106080" ModelId="931" nameID="10806" Position="2001" />
<JuqingNPCTemp Id="6060901" JuqingNPCId="106090" ModelId="800" nameID="10504" Position="2001" />
<JuqingNPCTemp Id="6070101" JuqingNPCId="107010" ModelId="800" nameID="10504" Position="2001" />
<JuqingNPCTemp Id="6070102" JuqingNPCId="107010" ModelId="300" nameID="10411" Position="2002" />
<JuqingNPCTemp Id="6070201" JuqingNPCId="107020" ModelId="936" nameID="410058" Position="2001" />
<JuqingNPCTemp Id="6070202" JuqingNPCId="107020" ModelId="4023" nameID="10112" Position="2002" />
<JuqingNPCTemp Id="6070203" JuqingNPCId="107020" ModelId="4013" nameID="10113" Position="2003" />
<JuqingNPCTemp Id="6070301" JuqingNPCId="107030" ModelId="800" nameID="10504" Position="2001" />
<JuqingNPCTemp Id="6070302" JuqingNPCId="107030" ModelId="936" nameID="410058" Position="2002" />
<JuqingNPCTemp Id="6070303" JuqingNPCId="107030" ModelId="4001" nameID="410031" Position="2003" />
<JuqingNPCTemp Id="6070401" JuqingNPCId="107040" ModelId="800" nameID="10504" Position="2001" />
<JuqingNPCTemp Id="6070701" JuqingNPCId="107070" ModelId="800" nameID="10504" Position="2001" />
<JuqingNPCTemp Id="6070702" JuqingNPCId="107070" ModelId="300" nameID="10411" Position="2002" />
<JuqingNPCTemp Id="6070703" JuqingNPCId="107070" ModelId="936" nameID="410058" Position="2003" />
<JuqingNPCTemp Id="6070801" JuqingNPCId="107080" ModelId="936" nameID="410058" Position="2001" />
<JuqingNPCTemp Id="6070901" JuqingNPCId="107090" ModelId="800" nameID="10504" Position="2001" />
<JuqingNPCTemp Id="6070902" JuqingNPCId="107090" ModelId="300" nameID="10411" Position="2002" />
<JuqingNPCTemp Id="6080101" JuqingNPCId="108010" ModelId="935" nameID="10525" Position="2001" />
<JuqingNPCTemp Id="6080201" JuqingNPCId="108020" ModelId="935" nameID="10525" Position="2001" />
<JuqingNPCTemp Id="6080202" JuqingNPCId="108020" ModelId="803" nameID="10114" Position="2002" />
<JuqingNPCTemp Id="6080301" JuqingNPCId="108030" ModelId="935" nameID="10525" Position="2001" />
<JuqingNPCTemp Id="6080302" JuqingNPCId="108030" ModelId="803" nameID="10114" Position="2002" />
<JuqingNPCTemp Id="6080303" JuqingNPCId="108030" ModelId="4003" nameID="10115" Position="2003" />
<JuqingNPCTemp Id="6080304" JuqingNPCId="108030" ModelId="4020" nameID="10116" Position="2004" />
<JuqingNPCTemp Id="6080401" JuqingNPCId="108040" ModelId="4005" nameID="10117" Position="2001" />
<JuqingNPCTemp Id="6080402" JuqingNPCId="108040" ModelId="3004" nameID="10118" Position="2002" />
<JuqingNPCTemp Id="6080501" JuqingNPCId="108050" ModelId="939" nameID="10119" Position="2001" />
<JuqingNPCTemp Id="6080601" JuqingNPCId="108060" ModelId="939" nameID="10119" Position="2001" />
<JuqingNPCTemp Id="6080701" JuqingNPCId="108070" ModelId="935" nameID="10525" Position="2001" />
<JuqingNPCTemp Id="6080901" JuqingNPCId="108090" ModelId="300" nameID="10808" Position="2001" />
<JuqingNPCTemp Id="6090101" JuqingNPCId="109010" ModelId="935" nameID="10525" Position="2001" />
<JuqingNPCTemp Id="6090201" JuqingNPCId="109020" ModelId="935" nameID="10525" Position="2001" />
<JuqingNPCTemp Id="6090301" JuqingNPCId="109030" ModelId="935" nameID="10525" Position="2001" />
<JuqingNPCTemp Id="6090302" JuqingNPCId="109030" ModelId="4005" nameID="10120" Position="2002" />
<JuqingNPCTemp Id="6090601" JuqingNPCId="109060" ModelId="935" nameID="10525" Position="2001" />
<JuqingNPCTemp Id="6090602" JuqingNPCId="109060" ModelId="300" nameID="10203" Position="2002" />
<JuqingNPCTemp Id="6090701" JuqingNPCId="109070" ModelId="935" nameID="10525" Position="2001" />
<JuqingNPCTemp Id="6090702" JuqingNPCId="109070" ModelId="300" nameID="10203" Position="2002" />
<JuqingNPCTemp Id="6090801" JuqingNPCId="109080" ModelId="800" nameID="10504" Position="2001" />
<JuqingNPCTemp Id="6090901" JuqingNPCId="109090" ModelId="935" nameID="10525" Position="2001" />
<JuqingNPCTemp Id="6090902" JuqingNPCId="109090" ModelId="800" nameID="10504" Position="2002" />
<JuqingNPCTemp Id="6090903" JuqingNPCId="109090" ModelId="4022" nameID="10800" Position="2003" />
<JuqingNPCTemp Id="6100101" JuqingNPCId="110010" ModelId="935" nameID="10525" Position="2001" />
<JuqingNPCTemp Id="6100201" JuqingNPCId="110020" ModelId="932" nameID="10508" Position="2001" />
<JuqingNPCTemp Id="6100202" JuqingNPCId="110020" ModelId="935" nameID="10525" Position="2002" />
<JuqingNPCTemp Id="6100301" JuqingNPCId="110030" ModelId="935" nameID="10525" Position="2001" />
<JuqingNPCTemp Id="6100401" JuqingNPCId="110040" ModelId="4023" nameID="10803" Position="2001" />
<JuqingNPCTemp Id="6100501" JuqingNPCId="110050" ModelId="935" nameID="10525" Position="2001" />
<JuqingNPCTemp Id="6100502" JuqingNPCId="110050" ModelId="934" nameID="10121" Position="2002" />
<JuqingNPCTemp Id="6100601" JuqingNPCId="110060" ModelId="4023" nameID="10803" Position="2001" />
<JuqingNPCTemp Id="6100701" JuqingNPCId="110070" ModelId="4023" nameID="10803" Position="2001" />
<JuqingNPCTemp Id="6100702" JuqingNPCId="110070" ModelId="935" nameID="10525" Position="2002" />
<JuqingNPCTemp Id="6100801" JuqingNPCId="110080" ModelId="300" nameID="10810" Position="2001" />
<JuqingNPCTemp Id="6100901" JuqingNPCId="110090" ModelId="300" nameID="10810" Position="2001" />
<JuqingNPCTemp Id="6100902" JuqingNPCId="110090" ModelId="3004" nameID="10122" Position="2002" />
<JuqingNPCTemp Id="6110101" JuqingNPCId="111010" ModelId="4023" nameID="10803" Position="2001" />
<JuqingNPCTemp Id="6110201" JuqingNPCId="111020" ModelId="4014" nameID="410081" Position="2001" />
<JuqingNPCTemp Id="6110202" JuqingNPCId="111020" ModelId="300" nameID="10203" Position="2002" />
<JuqingNPCTemp Id="6110203" JuqingNPCId="111020" ModelId="935" nameID="10525" Position="2003" />
<JuqingNPCTemp Id="6110401" JuqingNPCId="111040" ModelId="935" nameID="10525" Position="2001" />
<JuqingNPCTemp Id="6110402" JuqingNPCId="111040" ModelId="300" nameID="10811" Position="2002" />
<JuqingNPCTemp Id="6110501" JuqingNPCId="111050" ModelId="935" nameID="10525" Position="2001" />
<JuqingNPCTemp Id="6110601" JuqingNPCId="111060" ModelId="300" nameID="10811" Position="2001" />
<JuqingNPCTemp Id="6110602" JuqingNPCId="111060" ModelId="4020" nameID="10111" Position="2002" />
<JuqingNPCTemp Id="6110603" JuqingNPCId="111060" ModelId="3001" nameID="10120" Position="2003" />
<JuqingNPCTemp Id="6110801" JuqingNPCId="111080" ModelId="300" nameID="10811" Position="2001" />
<JuqingNPCTemp Id="6120101" JuqingNPCId="112010" ModelId="935" nameID="10525" Position="2001" />
<JuqingNPCTemp Id="6120102" JuqingNPCId="112010" ModelId="600" nameID="10518" Position="2002" />
<JuqingNPCTemp Id="6120103" JuqingNPCId="112010" ModelId="700" nameID="10502" Position="2003" />
<JuqingNPCTemp Id="6120301" JuqingNPCId="112030" ModelId="600" nameID="10518" Position="2001" />
<JuqingNPCTemp Id="6120401" JuqingNPCId="112040" ModelId="3001" nameID="410087" Position="2001" />
<JuqingNPCTemp Id="6120501" JuqingNPCId="112050" ModelId="931" nameID="10534" Position="2001" />
<JuqingNPCTemp Id="6120701" JuqingNPCId="112070" ModelId="300" nameID="10123" Position="2001" />
<JuqingNPCTemp Id="6120801" JuqingNPCId="112080" ModelId="300" nameID="10812" Position="2001" />
<JuqingNPCTemp Id="6130201" JuqingNPCId="113020" ModelId="300" nameID="10808" Position="2001" />
<JuqingNPCTemp Id="6130301" JuqingNPCId="113030" ModelId="300" nameID="10123" Position="2001" />
<JuqingNPCTemp Id="6130401" JuqingNPCId="113040" ModelId="600" nameID="10518" Position="2001" />
<JuqingNPCTemp Id="6130501" JuqingNPCId="113050" ModelId="935" nameID="10525" Position="2001" />
<JuqingNPCTemp Id="6130601" JuqingNPCId="113060" ModelId="935" nameID="10525" Position="2001" />
<JuqingNPCTemp Id="6130701" JuqingNPCId="113070" ModelId="935" nameID="10525" Position="2001" />
<JuqingNPCTemp Id="6130801" JuqingNPCId="113080" ModelId="300" nameID="10813" Position="2001" />
<JuqingNPCTemp Id="6130901" JuqingNPCId="113090" ModelId="931" nameID="10534" Position="2001" />
<JuqingNPCTemp Id="6130902" JuqingNPCId="113090" ModelId="600" nameID="10518" Position="2002" />
<JuqingNPCTemp Id="6130903" JuqingNPCId="113090" ModelId="300" nameID="10808" Position="2003" />
</dataset>