<?xml version="1.0" encoding="UTF-8"?>
<dataset>
<LegendPveZuobiao id="100103" x="184" y="35" z="0" Arrow="0" />
<LegendPveZuobiao id="100105" x="-372" y="-85" z="0" Arrow="0" />
<LegendPveZuobiao id="100107" x="-331" y="141" z="0" Arrow="1" />
<LegendPveZuobiao id="100203" x="-86" y="163" z="0" Arrow="0" />
<LegendPveZuobiao id="100205" x="153" y="103" z="0" Arrow="0" />
<LegendPveZuobiao id="100207" x="-52" y="-57" z="0" Arrow="1" />
<LegendPveZuobiao id="100303" x="219" y="-67" z="0" Arrow="1" />
<LegendPveZuobiao id="100305" x="326" y="158" z="0" Arrow="-1" />
<LegendPveZuobiao id="100307" x="-347" y="-169" z="0" Arrow="0" />
<LegendPveZuobiao id="100403" x="-295" y="50" z="0" Arrow="1" />
<LegendPveZuobiao id="100406" x="-145" y="195" z="0" Arrow="0" />
<LegendPveZuobiao id="100409" x="110" y="179" z="0" Arrow="1" />
<LegendPveZuobiao id="100503" x="-4" y="-50" z="0" Arrow="0" />
<LegendPveZuobiao id="100506" x="260" y="-56" z="0" Arrow="0" />
<LegendPveZuobiao id="100509" x="322" y="189" z="0" Arrow="-1" />
<LegendPveZuobiao id="100603" x="-312" y="190" z="0" Arrow="0" />
<LegendPveZuobiao id="100606" x="-225" y="-29" z="0" Arrow="1" />
<LegendPveZuobiao id="100609" x="15" y="-109" z="0" Arrow="0" />
<LegendPveZuobiao id="100703" x="-60" y="107" z="0" Arrow="1" />
<LegendPveZuobiao id="100706" x="158" y="202" z="0" Arrow="0" />
<LegendPveZuobiao id="100709" x="382" y="156" z="0" Arrow="1" />
<LegendPveZuobiao id="100803" x="191" y="-6" z="0" Arrow="-1" />
<LegendPveZuobiao id="100806" x="-295" y="-154" z="0" Arrow="1" />
<LegendPveZuobiao id="100809" x="-293" y="68" z="0" Arrow="0" />
<LegendPveZuobiao id="100903" x="-134" y="205" z="0" Arrow="1" />
<LegendPveZuobiao id="100906" x="81" y="198" z="0" Arrow="0" />
<LegendPveZuobiao id="100909" x="331" y="175" z="0" Arrow="1" />
<LegendPveZuobiao id="101003" x="97" y="58" z="0" Arrow="0" />
<LegendPveZuobiao id="101006" x="-127" y="-71" z="0" Arrow="0" />
<LegendPveZuobiao id="101009" x="95" y="-151" z="0" Arrow="1" />
<LegendPveZuobiao id="101103" x="308" y="-32" z="0" Arrow="-1" />
<LegendPveZuobiao id="101106" x="-356" y="-140" z="0" Arrow="0" />
<LegendPveZuobiao id="101109" x="-170" y="-19" z="0" Arrow="1" />
<LegendPveZuobiao id="101203" x="-296" y="156" z="0" Arrow="0" />
<LegendPveZuobiao id="101206" x="-64" y="224" z="0" Arrow="1" />
<LegendPveZuobiao id="101209" x="170" y="180" z="0" Arrow="1" />
<LegendPveZuobiao id="101303" x="10" y="29" z="0" Arrow="0" />
<LegendPveZuobiao id="101306" x="75" y="-188" z="0" Arrow="1" />
<LegendPveZuobiao id="101309" x="304" y="-78" z="0" Arrow="0" />
</dataset>