<?xml version="1.0" encoding="UTF-8"?>
<dataset>
<LegendPveTemp id="100103" bigName="30001" bigDesc="30001" bigId="1" smaName="40103" smaDesc="40103" smaId="3" chapType="1" useHp="10" monarchLevel="1" frontPoint="100102" openCondition="90103" money="1160" exp="100" awardId="10101=40,10106=100,10106=100,10106=8,10106=100,10106=100,10106=8" firstAwardId="612022=100" npcId="201030" bossId="0" landId="0" power="400" star1="101011" star2="101012" star3="101013" icon="5" soundId="100201" sceneId="103" time="240" RenWuLimit="0" PowerLimit="0" configId="110103" TeammateID="201010" wanfaType="守护模式" recZhanli="0" recMibaoSkill="" guanqiaLabel="" bossIcon="0" bubble="本将军在此，休想进入大梁！" guanqiaIcon="0" enddingRemind="" />
<LegendPveTemp id="100105" bigName="30001" bigDesc="30001" bigId="1" smaName="40105" smaDesc="40105" smaId="5" chapType="1" useHp="10" monarchLevel="1" frontPoint="100104" openCondition="90105" money="620" exp="100" awardId="10201=40,10206=100,10206=100,10206=8,10206=100,10206=100,10206=8" firstAwardId="612022=100" npcId="201050" bossId="0" landId="0" power="600" star1="101021" star2="101022" star3="101023" icon="5" soundId="100102" sceneId="105" time="240" RenWuLimit="0" PowerLimit="0" configId="110105" TeammateID="201010" wanfaType="推进模式" recZhanli="0" recMibaoSkill="" guanqiaLabel="" bossIcon="0" bubble="谁也别想把孙膑救出去，嘿嘿嘿……" guanqiaIcon="0" enddingRemind="" />
<LegendPveTemp id="100107" bigName="30001" bigDesc="30001" bigId="1" smaName="40107" smaDesc="40107" smaId="7" chapType="1" useHp="10" monarchLevel="1" frontPoint="100106" openCondition="90107" money="640" exp="100" awardId="10301=40,10306=100,10306=100,10306=8,10306=100,10306=100,10306=8" firstAwardId="612022=100" npcId="201070" bossId="0" landId="0" power="800" star1="101031" star2="101032" star3="101033" icon="6" soundId="100102" sceneId="704" time="240" RenWuLimit="0" PowerLimit="0" configId="110107" TeammateID="201010" wanfaType="推进模式" recZhanli="0" recMibaoSkill="" guanqiaLabel="" bossIcon="0" bubble="孙膑的膝盖骨可真好吃~" guanqiaIcon="0" enddingRemind="" />
<LegendPveTemp id="100203" bigName="30002" bigDesc="30002" bigId="2" smaName="40203" smaDesc="40203" smaId="3" chapType="1" useHp="10" monarchLevel="1" frontPoint="100202" openCondition="90203" money="670" exp="100" awardId="20101=40,20106=100,20106=100,20106=8,20106=100,20106=100,20106=8" firstAwardId="612023=100" npcId="202030" bossId="0" landId="0" power="1100" star1="102011" star2="102012" star3="102013" icon="3" soundId="100101" sceneId="303" time="240" RenWuLimit="0" PowerLimit="0" configId="110203" TeammateID="201010" wanfaType="护送模式" recZhanli="0" recMibaoSkill="250104" guanqiaLabel="" bossIcon="1" bubble="本将军在此，谁也别想靠近齐王！" guanqiaIcon="1" enddingRemind="" />
<LegendPveTemp id="100205" bigName="30002" bigDesc="30002" bigId="2" smaName="40205" smaDesc="40205" smaId="5" chapType="1" useHp="10" monarchLevel="1" frontPoint="100204" openCondition="90205" money="690" exp="100" awardId="20201=40,20206=100,20206=100,20206=8,20206=100,20206=100,20206=8" firstAwardId="612023=100" npcId="202050" bossId="0" landId="0" power="1300" star1="102021" star2="102022" star3="102023" icon="2" soundId="100102" sceneId="208" time="240" RenWuLimit="0" PowerLimit="0" configId="110205" TeammateID="201010" wanfaType="守护模式" recZhanli="0" recMibaoSkill="250106" guanqiaLabel="" bossIcon="0" bubble="齐王在此狩猎，哪个不知死活的东西敢来闹事？" guanqiaIcon="0" enddingRemind="" />
<LegendPveTemp id="100207" bigName="30002" bigDesc="30002" bigId="2" smaName="40207" smaDesc="40207" smaId="7" chapType="1" useHp="10" monarchLevel="1" frontPoint="100206" openCondition="90207" money="710" exp="100" awardId="20301=40,20306=100,20306=100,20306=8,20306=100,20306=100,20306=8" firstAwardId="612023=100" npcId="202070" bossId="0" landId="0" power="1500" star1="102031" star2="102032" star3="102033" icon="5" soundId="100102" sceneId="207" time="240" RenWuLimit="0" PowerLimit="0" configId="110207" TeammateID="201010" wanfaType="推进模式" recZhanli="0" recMibaoSkill="250101" guanqiaLabel="" bossIcon="0" bubble="君上的安危，俺承包了！" guanqiaIcon="0" enddingRemind="" />
<LegendPveTemp id="100303" bigName="30003" bigDesc="30003" bigId="3" smaName="40303" smaDesc="40303" smaId="3" chapType="1" useHp="10" monarchLevel="1" frontPoint="100302" openCondition="90303" money="740" exp="100" awardId="30101=40,30111=55,30112=55,30111=55,30112=55,30106=100,30106=100,30106=8,30106=100,30106=100,30106=8" firstAwardId="612021=100" npcId="203030" bossId="0" landId="0" power="1800" star1="103011" star2="103012" star3="103013" icon="2" soundId="100103" sceneId="201" time="240" RenWuLimit="0" PowerLimit="0" configId="110303" TeammateID="201010" wanfaType="推进模式" recZhanli="0" recMibaoSkill="250104" guanqiaLabel="" bossIcon="1" bubble="一夫当关，万夫莫开！" guanqiaIcon="1" enddingRemind="" />
<LegendPveTemp id="100305" bigName="30003" bigDesc="30003" bigId="3" smaName="40305" smaDesc="40305" smaId="5" chapType="1" useHp="10" monarchLevel="1" frontPoint="100304" openCondition="90305" money="760" exp="100" awardId="30201=40,30211=55,30212=55,30211=55,30212=55,30206=100,30206=100,30206=8,30206=100,30206=100,30206=8" firstAwardId="612021=100" npcId="203050" bossId="0" landId="0" power="2000" star1="103021" star2="103022" star3="103023" icon="5" soundId="100201" sceneId="900" time="240" RenWuLimit="0" PowerLimit="0" configId="110305" TeammateID="201010" wanfaType="军团模式" recZhanli="0" recMibaoSkill="250106" guanqiaLabel="" bossIcon="0" bubble="放眼海内，谁是我大魏敌手？" guanqiaIcon="0" enddingRemind="" />
<LegendPveTemp id="100307" bigName="30003" bigDesc="30003" bigId="3" smaName="40307" smaDesc="40307" smaId="7" chapType="1" useHp="10" monarchLevel="1" frontPoint="100306" openCondition="90307" money="780" exp="100" awardId="30301=40,30311=55,30312=55,30311=55,30312=55,30306=100,30306=100,30306=8,30306=100,30306=100,30306=8" firstAwardId="612021=100" npcId="203070" bossId="0" landId="0" power="2200" star1="103031" star2="103032" star3="103033" icon="2" soundId="100100" sceneId="202" time="240" RenWuLimit="0" PowerLimit="0" configId="110307" TeammateID="201010" wanfaType="推进模式" recZhanli="0" recMibaoSkill="250101" guanqiaLabel="" bossIcon="0" bubble="中原霸主，舍我其谁？" guanqiaIcon="0" enddingRemind="" />
<LegendPveTemp id="100403" bigName="30004" bigDesc="30004" bigId="4" smaName="40403" smaDesc="40403" smaId="3" chapType="1" useHp="10" monarchLevel="1" frontPoint="100402" openCondition="90403" money="810" exp="100" awardId="40101=40,40111=50,40111=50,40106=100,40106=100,40106=8,40106=100,40106=100,40106=8,100=40" firstAwardId="612024=100" npcId="204030" bossId="0" landId="0" power="2500" star1="104011" star2="104012" star3="104013" icon="1" soundId="100101" sceneId="304" time="240" RenWuLimit="0" PowerLimit="0" configId="110403" TeammateID="201010" wanfaType="护送模式" recZhanli="0" recMibaoSkill="250104" guanqiaLabel="" bossIcon="1" bubble="不知死活的东西，竟敢偷袭魏国？抓到一定抽他的筋！" guanqiaIcon="1" enddingRemind="" />
<LegendPveTemp id="100406" bigName="30004" bigDesc="30004" bigId="4" smaName="40406" smaDesc="40406" smaId="6" chapType="1" useHp="10" monarchLevel="1" frontPoint="100405" openCondition="90406" money="840" exp="100" awardId="40201=40,40211=50,40211=50,40206=100,40206=100,40206=8,40206=100,40206=100,40206=8,100=40" firstAwardId="612024=100" npcId="204060" bossId="0" landId="0" power="2800" star1="104021" star2="104022" star3="104023" icon="6" soundId="100100" sceneId="900" time="240" RenWuLimit="0" PowerLimit="0" configId="110406" TeammateID="201010" wanfaType="军团模式" recZhanli="0" recMibaoSkill="250107" guanqiaLabel="" bossIcon="1" bubble="犯我大魏者，虽远必诛！" guanqiaIcon="0" enddingRemind="" />
<LegendPveTemp id="100409" bigName="30004" bigDesc="30004" bigId="4" smaName="40409" smaDesc="40409" smaId="9" chapType="1" useHp="10" monarchLevel="1" frontPoint="100408" openCondition="90409" money="870" exp="100" awardId="40301=40,40311=50,40312=50,40311=50,40312=50,40306=100,40306=100,40306=8,40306=100,40306=100,40306=8,100=40" firstAwardId="612024=100" npcId="204090" bossId="0" landId="0" power="3100" star1="104031" star2="104032" star3="104033" icon="3" soundId="100101" sceneId="208" time="240" RenWuLimit="0" PowerLimit="0" configId="110409" TeammateID="201010" wanfaType="乱战模式" recZhanli="0" recMibaoSkill="250103" guanqiaLabel="" bossIcon="1" bubble="孙膑小人，怎是我庞涓对手？" guanqiaIcon="0" enddingRemind="" />
<LegendPveTemp id="100503" bigName="30005" bigDesc="30005" bigId="5" smaName="40503" smaDesc="40503" smaId="3" chapType="1" useHp="10" monarchLevel="1" frontPoint="100502" openCondition="90503" money="900" exp="100" awardId="50101=40,50111=70,50111=70,50106=100,50106=56,50106=100,50106=56,100=40" firstAwardId="612024=100" npcId="205030" bossId="0" landId="0" power="3400" star1="105011" star2="105012" star3="105013" icon="4" soundId="100101" sceneId="303" time="240" RenWuLimit="0" PowerLimit="0" configId="110503" TeammateID="201010" wanfaType="追击模式" recZhanli="0" recMibaoSkill="250106" guanqiaLabel="" bossIcon="1" bubble="主公抓回来的小妞可真漂亮！" guanqiaIcon="1" enddingRemind="" />
<LegendPveTemp id="100506" bigName="30005" bigDesc="30005" bigId="5" smaName="40506" smaDesc="40506" smaId="6" chapType="1" useHp="10" monarchLevel="1" frontPoint="100505" openCondition="90506" money="930" exp="100" awardId="50201=40,50211=70,50212=70,50211=70,50212=70,50206=100,50206=56,50206=100,50206=56,100=40" firstAwardId="612024=100" npcId="205060" bossId="0" landId="0" power="3700" star1="105021" star2="105022" star3="105023" icon="2" soundId="100102" sceneId="206" time="240" RenWuLimit="0" PowerLimit="0" configId="110506" TeammateID="201010" wanfaType="护送模式" recZhanli="0" recMibaoSkill="250102" guanqiaLabel="" bossIcon="1" bubble="竟敢抢主公的女人？活得不耐烦了！" guanqiaIcon="0" enddingRemind="" />
<LegendPveTemp id="100509" bigName="30005" bigDesc="30005" bigId="5" smaName="40509" smaDesc="40509" smaId="9" chapType="1" useHp="10" monarchLevel="1" frontPoint="100508" openCondition="90509" money="960" exp="100" awardId="50301=40,50311=70,50312=70,50311=70,50312=70,50306=100,50306=56,50306=100,50306=56,100=40" firstAwardId="612024=100" npcId="205090" bossId="0" landId="0" power="4000" star1="105031" star2="105032" star3="105033" icon="4" soundId="100101" sceneId="704" time="240" RenWuLimit="0" PowerLimit="0" configId="110509" TeammateID="201010" wanfaType="推进模式" recZhanli="0" recMibaoSkill="250105" guanqiaLabel="" bossIcon="1" bubble="本君侯所有的仇家都死了，你是下一个！" guanqiaIcon="0" enddingRemind="" />
<LegendPveTemp id="100603" bigName="30006" bigDesc="30006" bigId="6" smaName="40603" smaDesc="40603" smaId="3" chapType="1" useHp="10" monarchLevel="1" frontPoint="100602" openCondition="90603" money="990" exp="100" awardId="60101=40,60111=80,60111=80,60106=100,60106=56,60106=100,60106=56,100=40,101=40" firstAwardId="60101=100" npcId="206030" bossId="0" landId="0" power="4300" star1="106011" star2="106012" star3="106013" icon="5" soundId="100101" sceneId="203" time="240" RenWuLimit="0" PowerLimit="0" configId="110603" TeammateID="201010" wanfaType="护送模式" recZhanli="0" recMibaoSkill="250101" guanqiaLabel="" bossIcon="1" bubble="孙膑，又是你，有种别跑！" guanqiaIcon="1" enddingRemind="" />
<LegendPveTemp id="100606" bigName="30006" bigDesc="30006" bigId="6" smaName="40606" smaDesc="40606" smaId="6" chapType="1" useHp="10" monarchLevel="1" frontPoint="100605" openCondition="90606" money="1020" exp="100" awardId="60201=40,60211=80,60211=80,60206=100,60206=56,60206=100,60206=56,100=40,101=40" firstAwardId="60201=100" npcId="206060" bossId="0" landId="0" power="4600" star1="106021" star2="106022" star3="106023" icon="6" soundId="100101" sceneId="205" time="240" RenWuLimit="0" PowerLimit="0" configId="110606" TeammateID="201010" wanfaType="追击模式" recZhanli="0" recMibaoSkill="250104" guanqiaLabel="" bossIcon="1" bubble="决战的时刻到了！赌上我庞涓的性命吧！" guanqiaIcon="0" enddingRemind="" />
<LegendPveTemp id="100609" bigName="30006" bigDesc="30006" bigId="6" smaName="40609" smaDesc="40609" smaId="9" chapType="1" useHp="10" monarchLevel="1" frontPoint="100608" openCondition="90609" money="1050" exp="100" awardId="60301=40,60311=80,60312=80,60311=80,60312=80,60306=100,60306=56,60306=100,60306=56,100=40,101=40" firstAwardId="60301=100" npcId="206090" bossId="0" landId="0" power="4900" star1="106031" star2="106032" star3="106033" icon="2" soundId="100101" sceneId="504" time="240" RenWuLimit="0" PowerLimit="0" configId="110609" TeammateID="201010" wanfaType="推进模式" recZhanli="0" recMibaoSkill="250107" guanqiaLabel="" bossIcon="1" bubble="绝不能辱没我大魏的威名！" guanqiaIcon="0" enddingRemind="" />
<LegendPveTemp id="100703" bigName="30007" bigDesc="30007" bigId="7" smaName="40703" smaDesc="40703" smaId="3" chapType="1" useHp="10" monarchLevel="1" frontPoint="100702" openCondition="90703" money="1080" exp="100" awardId="70101=40,70111=80,70111=80,70106=100,70106=56,70106=100,70106=56,100=40,101=40" firstAwardId="70101=100" npcId="207030" bossId="0" landId="0" power="5200" star1="107011" star2="107012" star3="107013" icon="2" soundId="100101" sceneId="203" time="240" RenWuLimit="0" PowerLimit="0" configId="110703" TeammateID="201010" wanfaType="护送模式" recZhanli="0" recMibaoSkill="250103" guanqiaLabel="" bossIcon="1" bubble="你们就别想回齐国啦！哈哈哈哈……" guanqiaIcon="1" enddingRemind="" />
<LegendPveTemp id="100706" bigName="30007" bigDesc="30007" bigId="7" smaName="40706" smaDesc="40706" smaId="6" chapType="1" useHp="10" monarchLevel="1" frontPoint="100705" openCondition="90706" money="1110" exp="100" awardId="70201=40,70211=80,70212=80,70211=80,70212=80,70206=100,70206=56,70206=100,70206=56,100=40,101=40" firstAwardId="70201=100" npcId="207060" bossId="0" landId="0" power="5500" star1="107021" star2="107022" star3="107023" icon="5" soundId="100101" sceneId="100" time="240" RenWuLimit="0" PowerLimit="0" configId="110706" TeammateID="201010" wanfaType="乱战模式" recZhanli="0" recMibaoSkill="250106" guanqiaLabel="" bossIcon="1" bubble="十面埋伏，休想逃出老夫的手心！" guanqiaIcon="0" enddingRemind="" />
<LegendPveTemp id="100709" bigName="30007" bigDesc="30007" bigId="7" smaName="40709" smaDesc="40709" smaId="9" chapType="1" useHp="10" monarchLevel="1" frontPoint="100708" openCondition="90709" money="1140" exp="100" awardId="70301=40,70311=80,70312=80,70311=80,70312=80,70306=100,70306=56,70306=100,70306=56,100=40,101=40" firstAwardId="70301=100" npcId="207090" bossId="0" landId="0" power="5800" star1="107031" star2="107032" star3="107033" icon="4" soundId="100101" sceneId="504" time="240" RenWuLimit="0" PowerLimit="0" configId="110709" TeammateID="201010" wanfaType="推进模式" recZhanli="0" recMibaoSkill="250102" guanqiaLabel="" bossIcon="1" bubble="得罪老夫的人只有死！" guanqiaIcon="0" enddingRemind="" />
<LegendPveTemp id="100803" bigName="30008" bigDesc="30008" bigId="8" smaName="40803" smaDesc="40803" smaId="3" chapType="1" useHp="10" monarchLevel="1" frontPoint="100802" openCondition="90803" money="1170" exp="100" awardId="80101=40,80111=38,80111=38,80106=100,80106=56,80106=100,80106=56,100=40,101=40" firstAwardId="80101=100" npcId="208030" bossId="0" landId="0" power="6100" star1="108011" star2="108012" star3="108013" icon="5" soundId="100101" sceneId="203" time="240" RenWuLimit="0" PowerLimit="0" configId="110803" TeammateID="201010" wanfaType="护送模式" recZhanli="0" recMibaoSkill="250105" guanqiaLabel="" bossIcon="1" bubble="天子的镖车也得给老子留下！" guanqiaIcon="1" enddingRemind="" />
<LegendPveTemp id="100806" bigName="30008" bigDesc="30008" bigId="8" smaName="40806" smaDesc="40806" smaId="6" chapType="1" useHp="10" monarchLevel="1" frontPoint="100805" openCondition="90806" money="1200" exp="100" awardId="80201=40,80211=38,80211=38,80206=100,80206=56,80206=100,80206=56,100=40,101=40" firstAwardId="80201=100" npcId="208060" bossId="0" landId="0" power="6400" star1="108021" star2="108022" star3="108023" icon="5" soundId="100102" sceneId="504" time="240" RenWuLimit="0" PowerLimit="0" configId="110806" TeammateID="201010" wanfaType="军团模式" recZhanli="0" recMibaoSkill="250101" guanqiaLabel="" bossIcon="1" bubble="这群村民吃了雄心豹子胆！杀光他们！" guanqiaIcon="0" enddingRemind="" />
<LegendPveTemp id="100809" bigName="30008" bigDesc="30008" bigId="8" smaName="40809" smaDesc="40809" smaId="9" chapType="1" useHp="10" monarchLevel="1" frontPoint="100808" openCondition="90809" money="1230" exp="100" awardId="80301=40,80311=38,80311=38,80306=100,80306=56,80306=100,80306=56,100=40,101=40" firstAwardId="80301=100" npcId="208090" bossId="0" landId="0" power="6700" star1="108031" star2="108032" star3="108033" icon="4" soundId="100101" sceneId="100" time="240" RenWuLimit="0" PowerLimit="0" configId="110809" TeammateID="201010" wanfaType="推进模式" recZhanli="0" recMibaoSkill="250104" guanqiaLabel="" bossIcon="1" bubble="本将军可不是一般的山匪！" guanqiaIcon="0" enddingRemind="" />
<LegendPveTemp id="100903" bigName="30009" bigDesc="30009" bigId="9" smaName="40903" smaDesc="40903" smaId="3" chapType="1" useHp="10" monarchLevel="1" frontPoint="100902" openCondition="90903" money="1260" exp="100" awardId="90101=40,90111=38,90111=38,90106=100,90106=56,90106=100,90106=56,100=40,101=40" firstAwardId="90101=100" npcId="209030" bossId="0" landId="0" power="7000" star1="109011" star2="109012" star3="109013" icon="6" soundId="100101" sceneId="406" time="240" RenWuLimit="0" PowerLimit="0" configId="110903" TeammateID="201010" wanfaType="护送模式" recZhanli="0" recMibaoSkill="250107" guanqiaLabel="" bossIcon="1" bubble="石门是我大秦的啦！" guanqiaIcon="1" enddingRemind="" />
<LegendPveTemp id="100906" bigName="30009" bigDesc="30009" bigId="9" smaName="40906" smaDesc="40906" smaId="6" chapType="1" useHp="10" monarchLevel="1" frontPoint="100905" openCondition="90906" money="1290" exp="100" awardId="90201=40,90211=38,90211=38,90206=100,90206=56,90206=100,90206=56,100=40,101=40" firstAwardId="90201=100" npcId="209060" bossId="0" landId="0" power="7300" star1="109021" star2="109022" star3="109023" icon="2" soundId="100101" sceneId="304" time="240" RenWuLimit="0" PowerLimit="0" configId="110906" TeammateID="201010" wanfaType="守护模式" recZhanli="0" recMibaoSkill="250103" guanqiaLabel="" bossIcon="1" bubble="宰了龙贾老头，魏军就群龙无首了！" guanqiaIcon="0" enddingRemind="" />
<LegendPveTemp id="100909" bigName="30009" bigDesc="30009" bigId="9" smaName="40909" smaDesc="40909" smaId="9" chapType="1" useHp="10" monarchLevel="1" frontPoint="100908" openCondition="90909" money="1320" exp="100" awardId="90301=40,90311=38,90311=38,90306=100,90306=56,90306=100,90306=56,100=40,101=40" firstAwardId="90301=100" npcId="209090" bossId="0" landId="0" power="7600" star1="109031" star2="109032" star3="109033" icon="3" soundId="100101" sceneId="203" time="240" RenWuLimit="0" PowerLimit="0" configId="110909" TeammateID="201010" wanfaType="推进模式" recZhanli="0" recMibaoSkill="250106" guanqiaLabel="" bossIcon="1" bubble="守住国都，绝不辱没秦军的威名！" guanqiaIcon="0" enddingRemind="" />
<LegendPveTemp id="101003" bigName="30010" bigDesc="30010" bigId="10" smaName="41003" smaDesc="41003" smaId="3" chapType="1" useHp="10" monarchLevel="1" frontPoint="101002" openCondition="91003" money="1350" exp="100" awardId="100101=40,100111=38,100111=38,100106=100,100106=56,100106=100,100106=56,100=40,101=40" firstAwardId="100101=100" npcId="210030" bossId="0" landId="0" power="7900" star1="110011" star2="110012" star3="110013" icon="2" soundId="100100" sceneId="203" time="240" RenWuLimit="0" PowerLimit="0" configId="111003" TeammateID="201010" wanfaType="护送模式" recZhanli="0" recMibaoSkill="250102" guanqiaLabel="" bossIcon="1" bubble="赵国称雄天下的时候到了！" guanqiaIcon="1" enddingRemind="" />
<LegendPveTemp id="101006" bigName="30010" bigDesc="30010" bigId="10" smaName="41006" smaDesc="41006" smaId="6" chapType="1" useHp="10" monarchLevel="1" frontPoint="101005" openCondition="91006" money="1380" exp="100" awardId="100201=40,100211=38,100211=38,100206=100,100206=56,100206=100,100206=56,100=40,101=40" firstAwardId="100201=100" npcId="210060" bossId="0" landId="0" power="8200" star1="110021" star2="110022" star3="110023" icon="2" soundId="100102" sceneId="302" time="240" RenWuLimit="0" PowerLimit="0" configId="111006" TeammateID="201010" wanfaType="护送模式" recZhanli="0" recMibaoSkill="250105" guanqiaLabel="" bossIcon="1" bubble="抓住龙阳君那小子，好叫魏王小儿就犯！" guanqiaIcon="0" enddingRemind="" />
<LegendPveTemp id="101009" bigName="30010" bigDesc="30010" bigId="10" smaName="41009" smaDesc="41009" smaId="9" chapType="1" useHp="10" monarchLevel="1" frontPoint="101008" openCondition="91009" money="1410" exp="100" awardId="100301=40,100311=38,100311=38,100306=100,100306=56,100306=100,100306=56,100=40,101=40" firstAwardId="100301=100" npcId="210090" bossId="0" landId="0" power="8500" star1="110031" star2="110032" star3="110033" icon="2" soundId="100101" sceneId="201" time="240" RenWuLimit="0" PowerLimit="0" configId="111009" TeammateID="201010" wanfaType="推进模式" recZhanli="0" recMibaoSkill="250101" guanqiaLabel="" bossIcon="1" bubble="横扫魏国，我平原君建立功勋的时刻就在此时！" guanqiaIcon="0" enddingRemind="" />
<LegendPveTemp id="101103" bigName="30011" bigDesc="30011" bigId="11" smaName="41103" smaDesc="41103" smaId="3" chapType="1" useHp="10" monarchLevel="1" frontPoint="101102" openCondition="91103" money="1440" exp="100" awardId="110101=40,110111=19,110111=19,110106=100,110106=56,110106=100,110106=56,100=40,101=40" firstAwardId="110101=100" npcId="211030" bossId="0" landId="0" power="8800" star1="111011" star2="111012" star3="111013" icon="5" soundId="100100" sceneId="301" time="240" RenWuLimit="0" PowerLimit="0" configId="111103" TeammateID="201010" wanfaType="护送模式" recZhanli="0" recMibaoSkill="250104" guanqiaLabel="" bossIcon="1" bubble="魏军竟换了新主帅！" guanqiaIcon="1" enddingRemind="" />
<LegendPveTemp id="101106" bigName="30011" bigDesc="30011" bigId="11" smaName="41106" smaDesc="41106" smaId="6" chapType="1" useHp="10" monarchLevel="1" frontPoint="101105" openCondition="91106" money="1480" exp="100" awardId="110201=40,110211=19,110211=19,110206=100,110206=56,110206=100,110206=56,100=40,101=40" firstAwardId="110201=100" npcId="211060" bossId="0" landId="0" power="9100" star1="111021" star2="111022" star3="111023" icon="5" soundId="100100" sceneId="202" time="240" RenWuLimit="0" PowerLimit="0" configId="111106" TeammateID="201010" wanfaType="守护模式" recZhanli="0" recMibaoSkill="250107" guanqiaLabel="" bossIcon="1" bubble="踏平魏国，片甲不留！" guanqiaIcon="0" enddingRemind="" />
<LegendPveTemp id="101109" bigName="30011" bigDesc="30011" bigId="11" smaName="41109" smaDesc="41109" smaId="9" chapType="1" useHp="10" monarchLevel="1" frontPoint="101108" openCondition="91109" money="1560" exp="100" awardId="110301=40,110311=19,110311=19,110306=100,110306=56,110306=100,110306=56,100=40,101=40" firstAwardId="110301=100" npcId="211090" bossId="0" landId="0" power="9400" star1="111031" star2="111032" star3="111033" icon="4" soundId="100101" sceneId="406" time="240" RenWuLimit="0" PowerLimit="0" configId="111109" TeammateID="201010" wanfaType="推进模式" recZhanli="0" recMibaoSkill="250103" guanqiaLabel="" bossIcon="1" bubble="老夫征战列国，从无敌手！" guanqiaIcon="0" enddingRemind="" />
<LegendPveTemp id="101203" bigName="30012" bigDesc="30012" bigId="12" smaName="41203" smaDesc="41203" smaId="3" chapType="1" useHp="10" monarchLevel="1" frontPoint="101202" openCondition="91203" money="1610" exp="100" awardId="120101=40,120111=19,120111=19,120106=100,120106=56,120106=100,120106=56,100=40,101=40" firstAwardId="120101=100" npcId="212030" bossId="0" landId="0" power="9700" star1="112011" star2="112012" star3="112013" icon="6" soundId="100100" sceneId="704" time="240" RenWuLimit="0" PowerLimit="0" configId="111203" TeammateID="201010" wanfaType="守护模式" recZhanli="0" recMibaoSkill="250106" guanqiaLabel="" bossIcon="1" bubble="杀了郭隗，燕国就是我们的！" guanqiaIcon="1" enddingRemind="" />
<LegendPveTemp id="101206" bigName="30012" bigDesc="30012" bigId="12" smaName="41206" smaDesc="41206" smaId="6" chapType="1" useHp="10" monarchLevel="1" frontPoint="101205" openCondition="91206" money="1680" exp="100" awardId="120201=40,120211=19,120211=19,120206=100,120206=56,120206=100,120206=56,100=40,101=40" firstAwardId="120201=100" npcId="212060" bossId="0" landId="0" power="10000" star1="112021" star2="112022" star3="112023" icon="6" soundId="100100" sceneId="2008" time="240" RenWuLimit="0" PowerLimit="0" configId="111206" TeammateID="201010" wanfaType="护送模式" recZhanli="0" recMibaoSkill="250102" guanqiaLabel="" bossIcon="1" bubble="抓住燕王，献给子之将军！" guanqiaIcon="0" enddingRemind="" />
<LegendPveTemp id="101209" bigName="30012" bigDesc="30012" bigId="12" smaName="41209" smaDesc="41209" smaId="9" chapType="1" useHp="10" monarchLevel="1" frontPoint="101208" openCondition="91209" money="1760" exp="100" awardId="120301=40,120311=19,120311=19,120306=100,120306=56,120306=100,120306=56,100=40,101=40" firstAwardId="120301=100" npcId="212090" bossId="0" landId="0" power="10300" star1="112031" star2="112032" star3="112033" icon="2" soundId="100203" sceneId="506" time="240" RenWuLimit="0" PowerLimit="0" configId="111209" TeammateID="201010" wanfaType="推进模式" recZhanli="0" recMibaoSkill="250105" guanqiaLabel="" bossIcon="1" bubble="燕国本已唾手可得！是谁坏了我的好事！" guanqiaIcon="0" enddingRemind="" />
<LegendPveTemp id="101303" bigName="30013" bigDesc="30013" bigId="13" smaName="41303" smaDesc="41303" smaId="3" chapType="1" useHp="10" monarchLevel="1" frontPoint="101302" openCondition="91303" money="1810" exp="100" awardId="130101=40,130111=19,130111=19,130106=100,130106=16,130106=100,130106=16,100=40,101=40" firstAwardId="130101=100" npcId="213030" bossId="0" landId="0" power="10600" star1="113011" star2="113012" star3="113013" icon="5" soundId="100100" sceneId="206" time="240" RenWuLimit="0" PowerLimit="0" configId="111303" TeammateID="201010" wanfaType="护送模式" recZhanli="0" recMibaoSkill="250101" guanqiaLabel="" bossIcon="1" bubble="既然乐毅不肯出仕赵国，那也休想出仕他国！" guanqiaIcon="1" enddingRemind="" />
<LegendPveTemp id="101306" bigName="30013" bigDesc="30013" bigId="13" smaName="41306" smaDesc="41306" smaId="6" chapType="1" useHp="10" monarchLevel="1" frontPoint="101305" openCondition="91306" money="1860" exp="100" awardId="130201=40,130211=19,130211=19,130206=100,130206=16,130206=100,130206=16,100=40,101=40" firstAwardId="130201=100" npcId="213060" bossId="2" landId="0" power="10700" star1="113021" star2="113022" star3="113023" icon="5" soundId="100100" sceneId="1503" time="240" RenWuLimit="0" PowerLimit="0" configId="111306" TeammateID="201010" wanfaType="推进模式" recZhanli="0" recMibaoSkill="250104" guanqiaLabel="" bossIcon="1" bubble="燕国已成定局，留此无益！全军撤退！" guanqiaIcon="0" enddingRemind="" />
<LegendPveTemp id="101309" bigName="30013" bigDesc="30013" bigId="13" smaName="41309" smaDesc="41309" smaId="9" chapType="1" useHp="10" monarchLevel="1" frontPoint="101308" openCondition="91309" money="1930" exp="100" awardId="130301=40,130311=19,130311=19,130306=100,130306=16,130306=100,130306=16,100=40,101=40" firstAwardId="130301=100" npcId="213090" bossId="5" landId="0" power="10700" star1="113031" star2="113032" star3="113033" icon="2" soundId="100100" sceneId="101" time="240" RenWuLimit="0" PowerLimit="0" configId="111309" TeammateID="201010" wanfaType="推进模式" recZhanli="0" recMibaoSkill="250107" guanqiaLabel="" bossIcon="1" bubble="我毛遂深受平原君赏识，此战定要凯旋而归！" guanqiaIcon="0" enddingRemind="" />
</dataset>