<?xml version="1.0" encoding="UTF-8"?>
<dataset>
<LianMengShuYuan id="102001" shuYuanLevel="1" alliance_lv_needed="1" shuYuan_lvUp_value="800" keJilLevelMax="1" />
<LianMengShuYuan id="102002" shuYuanLevel="2" alliance_lv_needed="2" shuYuan_lvUp_value="1600" keJilLevelMax="2" />
<LianMengShuYuan id="102003" shuYuanLevel="3" alliance_lv_needed="3" shuYuan_lvUp_value="6000" keJilLevelMax="3" />
<LianMengShuYuan id="102004" shuYuanLevel="4" alliance_lv_needed="4" shuYuan_lvUp_value="10900" keJilLevelMax="4" />
<LianMengShuYuan id="102005" shuYuanLevel="5" alliance_lv_needed="5" shuYuan_lvUp_value="27300" keJilLevelMax="5" />
<LianMengShuYuan id="102006" shuYuanLevel="6" alliance_lv_needed="6" shuYuan_lvUp_value="59700" keJilLevelMax="6" />
<LianMengShuYuan id="102007" shuYuanLevel="7" alliance_lv_needed="7" shuYuan_lvUp_value="133600" keJilLevelMax="7" />
<LianMengShuYuan id="102008" shuYuanLevel="8" alliance_lv_needed="8" shuYuan_lvUp_value="236600" keJilLevelMax="8" />
<LianMengShuYuan id="102009" shuYuanLevel="9" alliance_lv_needed="9" shuYuan_lvUp_value="389200" keJilLevelMax="9" />
<LianMengShuYuan id="102010" shuYuanLevel="10" alliance_lv_needed="10" shuYuan_lvUp_value="529400" keJilLevelMax="10" />
</dataset>