<?xml version="1.0" encoding="UTF-8"?>
<dataset>
<LianMengKeJi id="20100" name="攻击" level="0" shuYuanlvNeeded="0" lvUpValue="1600" desc="增加0点攻击。" card="1" type="101" value1="0" value2="-1" icon="101" />
<LianMengKeJi id="20101" name="攻击" level="1" shuYuanlvNeeded="1" lvUpValue="3100" desc="增加50点攻击。" card="1" type="101" value1="50" value2="-1" icon="101" />
<LianMengKeJi id="20102" name="攻击" level="2" shuYuanlvNeeded="2" lvUpValue="12000" desc="增加100点攻击。" card="1" type="101" value1="100" value2="-1" icon="101" />
<LianMengKeJi id="20103" name="攻击" level="3" shuYuanlvNeeded="3" lvUpValue="21800" desc="增加200点攻击。" card="1" type="101" value1="200" value2="-1" icon="101" />
<LianMengKeJi id="20104" name="攻击" level="4" shuYuanlvNeeded="4" lvUpValue="54600" desc="增加300点攻击。" card="1" type="101" value1="300" value2="-1" icon="101" />
<LianMengKeJi id="20105" name="攻击" level="5" shuYuanlvNeeded="5" lvUpValue="119300" desc="增加400点攻击。" card="1" type="101" value1="400" value2="-1" icon="101" />
<LianMengKeJi id="20106" name="攻击" level="6" shuYuanlvNeeded="6" lvUpValue="267200" desc="增加500点攻击。" card="1" type="101" value1="500" value2="-1" icon="101" />
<LianMengKeJi id="20107" name="攻击" level="7" shuYuanlvNeeded="7" lvUpValue="473200" desc="增加600点攻击。" card="1" type="101" value1="600" value2="-1" icon="101" />
<LianMengKeJi id="20108" name="攻击" level="8" shuYuanlvNeeded="8" lvUpValue="778400" desc="增加700点攻击。" card="1" type="101" value1="700" value2="-1" icon="101" />
<LianMengKeJi id="20109" name="攻击" level="9" shuYuanlvNeeded="9" lvUpValue="1058700" desc="增加800点攻击。" card="1" type="101" value1="800" value2="-1" icon="101" />
<LianMengKeJi id="20110" name="攻击" level="10" shuYuanlvNeeded="10" lvUpValue="0" desc="增加900点攻击。" card="1" type="101" value1="900" value2="-1" icon="101" />
<LianMengKeJi id="20200" name="防御" level="0" shuYuanlvNeeded="0" lvUpValue="1600" desc="增加0点防御。" card="1" type="102" value1="0" value2="-1" icon="102" />
<LianMengKeJi id="20201" name="防御" level="1" shuYuanlvNeeded="1" lvUpValue="3100" desc="增加50点防御。" card="1" type="102" value1="50" value2="-1" icon="102" />
<LianMengKeJi id="20202" name="防御" level="2" shuYuanlvNeeded="2" lvUpValue="12000" desc="增加100点防御。" card="1" type="102" value1="100" value2="-1" icon="102" />
<LianMengKeJi id="20203" name="防御" level="3" shuYuanlvNeeded="3" lvUpValue="21800" desc="增加200点防御。" card="1" type="102" value1="200" value2="-1" icon="102" />
<LianMengKeJi id="20204" name="防御" level="4" shuYuanlvNeeded="4" lvUpValue="54600" desc="增加300点防御。" card="1" type="102" value1="300" value2="-1" icon="102" />
<LianMengKeJi id="20205" name="防御" level="5" shuYuanlvNeeded="5" lvUpValue="119300" desc="增加400点防御。" card="1" type="102" value1="400" value2="-1" icon="102" />
<LianMengKeJi id="20206" name="防御" level="6" shuYuanlvNeeded="6" lvUpValue="267200" desc="增加500点防御。" card="1" type="102" value1="500" value2="-1" icon="102" />
<LianMengKeJi id="20207" name="防御" level="7" shuYuanlvNeeded="7" lvUpValue="473200" desc="增加600点防御。" card="1" type="102" value1="600" value2="-1" icon="102" />
<LianMengKeJi id="20208" name="防御" level="8" shuYuanlvNeeded="8" lvUpValue="778400" desc="增加700点防御。" card="1" type="102" value1="700" value2="-1" icon="102" />
<LianMengKeJi id="20209" name="防御" level="9" shuYuanlvNeeded="9" lvUpValue="1058700" desc="增加800点防御。" card="1" type="102" value1="800" value2="-1" icon="102" />
<LianMengKeJi id="20210" name="防御" level="10" shuYuanlvNeeded="10" lvUpValue="0" desc="增加900点防御。" card="1" type="102" value1="900" value2="-1" icon="102" />
<LianMengKeJi id="20300" name="生命" level="0" shuYuanlvNeeded="0" lvUpValue="1600" desc="增加0点生命。" card="1" type="103" value1="0" value2="-1" icon="103" />
<LianMengKeJi id="20301" name="生命" level="1" shuYuanlvNeeded="1" lvUpValue="3100" desc="增加1000点生命。" card="1" type="103" value1="1000" value2="-1" icon="103" />
<LianMengKeJi id="20302" name="生命" level="2" shuYuanlvNeeded="2" lvUpValue="12000" desc="增加2000点生命。" card="1" type="103" value1="2000" value2="-1" icon="103" />
<LianMengKeJi id="20303" name="生命" level="3" shuYuanlvNeeded="3" lvUpValue="21800" desc="增加4000点生命。" card="1" type="103" value1="4000" value2="-1" icon="103" />
<LianMengKeJi id="20304" name="生命" level="4" shuYuanlvNeeded="4" lvUpValue="54600" desc="增加6000点生命。" card="1" type="103" value1="6000" value2="-1" icon="103" />
<LianMengKeJi id="20305" name="生命" level="5" shuYuanlvNeeded="5" lvUpValue="119300" desc="增加8000点生命。" card="1" type="103" value1="8000" value2="-1" icon="103" />
<LianMengKeJi id="20306" name="生命" level="6" shuYuanlvNeeded="6" lvUpValue="267200" desc="增加10000点生命。" card="1" type="103" value1="10000" value2="-1" icon="103" />
<LianMengKeJi id="20307" name="生命" level="7" shuYuanlvNeeded="7" lvUpValue="473200" desc="增加12000点生命。" card="1" type="103" value1="12000" value2="-1" icon="103" />
<LianMengKeJi id="20308" name="生命" level="8" shuYuanlvNeeded="8" lvUpValue="778400" desc="增加14000点生命。" card="1" type="103" value1="14000" value2="-1" icon="103" />
<LianMengKeJi id="20309" name="生命" level="9" shuYuanlvNeeded="9" lvUpValue="1058700" desc="增加16000点生命。" card="1" type="103" value1="16000" value2="-1" icon="103" />
<LianMengKeJi id="20310" name="生命" level="10" shuYuanlvNeeded="10" lvUpValue="0" desc="增加18000点生命。" card="1" type="103" value1="18000" value2="-1" icon="103" />
<LianMengKeJi id="20500" name="兵器淬火" level="0" shuYuanlvNeeded="2" lvUpValue="1600" desc="增加0点武器暴击加深。" card="1" type="105" value1="0" value2="-1" icon="105" />
<LianMengKeJi id="20501" name="兵器淬火" level="1" shuYuanlvNeeded="2" lvUpValue="3100" desc="增加100点武器暴击加深。" card="1" type="105" value1="100" value2="-1" icon="105" />
<LianMengKeJi id="20502" name="兵器淬火" level="2" shuYuanlvNeeded="2" lvUpValue="12000" desc="增加200点武器暴击加深。" card="1" type="105" value1="200" value2="-1" icon="105" />
<LianMengKeJi id="20503" name="兵器淬火" level="3" shuYuanlvNeeded="3" lvUpValue="21800" desc="增加300点武器暴击加深。" card="1" type="105" value1="300" value2="-1" icon="105" />
<LianMengKeJi id="20504" name="兵器淬火" level="4" shuYuanlvNeeded="4" lvUpValue="54600" desc="增加400点武器暴击加深。" card="1" type="105" value1="400" value2="-1" icon="105" />
<LianMengKeJi id="20505" name="兵器淬火" level="5" shuYuanlvNeeded="5" lvUpValue="119300" desc="增加500点武器暴击加深。" card="1" type="105" value1="500" value2="-1" icon="105" />
<LianMengKeJi id="20506" name="兵器淬火" level="6" shuYuanlvNeeded="6" lvUpValue="267200" desc="增加600点武器暴击加深。" card="1" type="105" value1="600" value2="-1" icon="105" />
<LianMengKeJi id="20507" name="兵器淬火" level="7" shuYuanlvNeeded="7" lvUpValue="473200" desc="增加700点武器暴击加深。" card="1" type="105" value1="700" value2="-1" icon="105" />
<LianMengKeJi id="20508" name="兵器淬火" level="8" shuYuanlvNeeded="8" lvUpValue="778400" desc="增加800点武器暴击加深。" card="1" type="105" value1="800" value2="-1" icon="105" />
<LianMengKeJi id="20509" name="兵器淬火" level="9" shuYuanlvNeeded="9" lvUpValue="1058700" desc="增加900点武器暴击加深。" card="1" type="105" value1="900" value2="-1" icon="105" />
<LianMengKeJi id="20510" name="兵器淬火" level="10" shuYuanlvNeeded="10" lvUpValue="0" desc="增加1000点武器暴击加深。" card="1" type="105" value1="1000" value2="-1" icon="105" />
<LianMengKeJi id="20700" name="破袭战法" level="0" shuYuanlvNeeded="2" lvUpValue="1600" desc="增加0点技能暴击加深。" card="1" type="107" value1="0" value2="-1" icon="107" />
<LianMengKeJi id="20701" name="破袭战法" level="1" shuYuanlvNeeded="2" lvUpValue="3100" desc="增加100点技能暴击加深。" card="1" type="107" value1="100" value2="-1" icon="107" />
<LianMengKeJi id="20702" name="破袭战法" level="2" shuYuanlvNeeded="2" lvUpValue="12000" desc="增加200点技能暴击加深。" card="1" type="107" value1="200" value2="-1" icon="107" />
<LianMengKeJi id="20703" name="破袭战法" level="3" shuYuanlvNeeded="3" lvUpValue="21800" desc="增加300点技能暴击加深。" card="1" type="107" value1="300" value2="-1" icon="107" />
<LianMengKeJi id="20704" name="破袭战法" level="4" shuYuanlvNeeded="4" lvUpValue="54600" desc="增加400点技能暴击加深。" card="1" type="107" value1="400" value2="-1" icon="107" />
<LianMengKeJi id="20705" name="破袭战法" level="5" shuYuanlvNeeded="5" lvUpValue="119300" desc="增加500点技能暴击加深。" card="1" type="107" value1="500" value2="-1" icon="107" />
<LianMengKeJi id="20706" name="破袭战法" level="6" shuYuanlvNeeded="6" lvUpValue="267200" desc="增加600点技能暴击加深。" card="1" type="107" value1="600" value2="-1" icon="107" />
<LianMengKeJi id="20707" name="破袭战法" level="7" shuYuanlvNeeded="7" lvUpValue="473200" desc="增加700点技能暴击加深。" card="1" type="107" value1="700" value2="-1" icon="107" />
<LianMengKeJi id="20708" name="破袭战法" level="8" shuYuanlvNeeded="8" lvUpValue="778400" desc="增加800点技能暴击加深。" card="1" type="107" value1="800" value2="-1" icon="107" />
<LianMengKeJi id="20709" name="破袭战法" level="9" shuYuanlvNeeded="9" lvUpValue="1058700" desc="增加900点技能暴击加深。" card="1" type="107" value1="900" value2="-1" icon="107" />
<LianMengKeJi id="20710" name="破袭战法" level="10" shuYuanlvNeeded="10" lvUpValue="0" desc="增加1000点技能暴击加深。" card="1" type="107" value1="1000" value2="-1" icon="107" />
<LianMengKeJi id="20400" name="兵器锻造" level="0" shuYuanlvNeeded="3" lvUpValue="1600" desc="增加0点武器伤害加深。" card="1" type="104" value1="0" value2="-1" icon="104" />
<LianMengKeJi id="20401" name="兵器锻造" level="1" shuYuanlvNeeded="3" lvUpValue="3100" desc="增加100点武器伤害加深。" card="1" type="104" value1="100" value2="-1" icon="104" />
<LianMengKeJi id="20402" name="兵器锻造" level="2" shuYuanlvNeeded="3" lvUpValue="12000" desc="增加200点武器伤害加深。" card="1" type="104" value1="200" value2="-1" icon="104" />
<LianMengKeJi id="20403" name="兵器锻造" level="3" shuYuanlvNeeded="3" lvUpValue="21800" desc="增加300点武器伤害加深。" card="1" type="104" value1="300" value2="-1" icon="104" />
<LianMengKeJi id="20404" name="兵器锻造" level="4" shuYuanlvNeeded="4" lvUpValue="54600" desc="增加400点武器伤害加深。" card="1" type="104" value1="400" value2="-1" icon="104" />
<LianMengKeJi id="20405" name="兵器锻造" level="5" shuYuanlvNeeded="5" lvUpValue="119300" desc="增加500点武器伤害加深。" card="1" type="104" value1="500" value2="-1" icon="104" />
<LianMengKeJi id="20406" name="兵器锻造" level="6" shuYuanlvNeeded="6" lvUpValue="267200" desc="增加600点武器伤害加深。" card="1" type="104" value1="600" value2="-1" icon="104" />
<LianMengKeJi id="20407" name="兵器锻造" level="7" shuYuanlvNeeded="7" lvUpValue="473200" desc="增加700点武器伤害加深。" card="1" type="104" value1="700" value2="-1" icon="104" />
<LianMengKeJi id="20408" name="兵器锻造" level="8" shuYuanlvNeeded="8" lvUpValue="778400" desc="增加800点武器伤害加深。" card="1" type="104" value1="800" value2="-1" icon="104" />
<LianMengKeJi id="20409" name="兵器锻造" level="9" shuYuanlvNeeded="9" lvUpValue="1058700" desc="增加900点武器伤害加深。" card="1" type="104" value1="900" value2="-1" icon="104" />
<LianMengKeJi id="20410" name="兵器锻造" level="10" shuYuanlvNeeded="10" lvUpValue="0" desc="增加1000点武器伤害加深。" card="1" type="104" value1="1000" value2="-1" icon="104" />
<LianMengKeJi id="20900" name="甲胄淬火" level="0" shuYuanlvNeeded="3" lvUpValue="1600" desc="增加0点武器暴击抵抗。" card="1" type="109" value1="0" value2="-1" icon="109" />
<LianMengKeJi id="20901" name="甲胄淬火" level="1" shuYuanlvNeeded="3" lvUpValue="3100" desc="增加100点武器暴击抵抗。" card="1" type="109" value1="100" value2="-1" icon="109" />
<LianMengKeJi id="20902" name="甲胄淬火" level="2" shuYuanlvNeeded="3" lvUpValue="12000" desc="增加200点武器暴击抵抗。" card="1" type="109" value1="200" value2="-1" icon="109" />
<LianMengKeJi id="20903" name="甲胄淬火" level="3" shuYuanlvNeeded="3" lvUpValue="21800" desc="增加300点武器暴击抵抗。" card="1" type="109" value1="300" value2="-1" icon="109" />
<LianMengKeJi id="20904" name="甲胄淬火" level="4" shuYuanlvNeeded="4" lvUpValue="54600" desc="增加400点武器暴击抵抗。" card="1" type="109" value1="400" value2="-1" icon="109" />
<LianMengKeJi id="20905" name="甲胄淬火" level="5" shuYuanlvNeeded="5" lvUpValue="119300" desc="增加500点武器暴击抵抗。" card="1" type="109" value1="500" value2="-1" icon="109" />
<LianMengKeJi id="20906" name="甲胄淬火" level="6" shuYuanlvNeeded="6" lvUpValue="267200" desc="增加600点武器暴击抵抗。" card="1" type="109" value1="600" value2="-1" icon="109" />
<LianMengKeJi id="20907" name="甲胄淬火" level="7" shuYuanlvNeeded="7" lvUpValue="473200" desc="增加700点武器暴击抵抗。" card="1" type="109" value1="700" value2="-1" icon="109" />
<LianMengKeJi id="20908" name="甲胄淬火" level="8" shuYuanlvNeeded="8" lvUpValue="778400" desc="增加800点武器暴击抵抗。" card="1" type="109" value1="800" value2="-1" icon="109" />
<LianMengKeJi id="20909" name="甲胄淬火" level="9" shuYuanlvNeeded="9" lvUpValue="1058700" desc="增加900点武器暴击抵抗。" card="1" type="109" value1="900" value2="-1" icon="109" />
<LianMengKeJi id="20910" name="甲胄淬火" level="10" shuYuanlvNeeded="10" lvUpValue="0" desc="增加1000点武器暴击抵抗。" card="1" type="109" value1="1000" value2="-1" icon="109" />
<LianMengKeJi id="21100" name="死斗战法" level="0" shuYuanlvNeeded="3" lvUpValue="1600" desc="增加0点技能暴击抵抗。" card="1" type="111" value1="0" value2="-1" icon="111" />
<LianMengKeJi id="21101" name="死斗战法" level="1" shuYuanlvNeeded="3" lvUpValue="3100" desc="增加100点技能暴击抵抗。" card="1" type="111" value1="100" value2="-1" icon="111" />
<LianMengKeJi id="21102" name="死斗战法" level="2" shuYuanlvNeeded="3" lvUpValue="12000" desc="增加200点技能暴击抵抗。" card="1" type="111" value1="200" value2="-1" icon="111" />
<LianMengKeJi id="21103" name="死斗战法" level="3" shuYuanlvNeeded="3" lvUpValue="21800" desc="增加300点技能暴击抵抗。" card="1" type="111" value1="300" value2="-1" icon="111" />
<LianMengKeJi id="21104" name="死斗战法" level="4" shuYuanlvNeeded="4" lvUpValue="54600" desc="增加400点技能暴击抵抗。" card="1" type="111" value1="400" value2="-1" icon="111" />
<LianMengKeJi id="21105" name="死斗战法" level="5" shuYuanlvNeeded="5" lvUpValue="119300" desc="增加500点技能暴击抵抗。" card="1" type="111" value1="500" value2="-1" icon="111" />
<LianMengKeJi id="21106" name="死斗战法" level="6" shuYuanlvNeeded="6" lvUpValue="267200" desc="增加600点技能暴击抵抗。" card="1" type="111" value1="600" value2="-1" icon="111" />
<LianMengKeJi id="21107" name="死斗战法" level="7" shuYuanlvNeeded="7" lvUpValue="473200" desc="增加700点技能暴击抵抗。" card="1" type="111" value1="700" value2="-1" icon="111" />
<LianMengKeJi id="21108" name="死斗战法" level="8" shuYuanlvNeeded="8" lvUpValue="778400" desc="增加800点技能暴击抵抗。" card="1" type="111" value1="800" value2="-1" icon="111" />
<LianMengKeJi id="21109" name="死斗战法" level="9" shuYuanlvNeeded="9" lvUpValue="1058700" desc="增加900点技能暴击抵抗。" card="1" type="111" value1="900" value2="-1" icon="111" />
<LianMengKeJi id="21110" name="死斗战法" level="10" shuYuanlvNeeded="10" lvUpValue="0" desc="增加1000点技能暴击抵抗。" card="1" type="111" value1="1000" value2="-1" icon="111" />
<LianMengKeJi id="20600" name="搏杀战技" level="0" shuYuanlvNeeded="4" lvUpValue="1600" desc="增加0点技能伤害加深。" card="1" type="106" value1="0" value2="-1" icon="106" />
<LianMengKeJi id="20601" name="搏杀战技" level="1" shuYuanlvNeeded="4" lvUpValue="3100" desc="增加100点技能伤害加深。" card="1" type="106" value1="100" value2="-1" icon="106" />
<LianMengKeJi id="20602" name="搏杀战技" level="2" shuYuanlvNeeded="4" lvUpValue="12000" desc="增加200点技能伤害加深。" card="1" type="106" value1="200" value2="-1" icon="106" />
<LianMengKeJi id="20603" name="搏杀战技" level="3" shuYuanlvNeeded="4" lvUpValue="21800" desc="增加300点技能伤害加深。" card="1" type="106" value1="300" value2="-1" icon="106" />
<LianMengKeJi id="20604" name="搏杀战技" level="4" shuYuanlvNeeded="4" lvUpValue="54600" desc="增加400点技能伤害加深。" card="1" type="106" value1="400" value2="-1" icon="106" />
<LianMengKeJi id="20605" name="搏杀战技" level="5" shuYuanlvNeeded="5" lvUpValue="119300" desc="增加500点技能伤害加深。" card="1" type="106" value1="500" value2="-1" icon="106" />
<LianMengKeJi id="20606" name="搏杀战技" level="6" shuYuanlvNeeded="6" lvUpValue="267200" desc="增加600点技能伤害加深。" card="1" type="106" value1="600" value2="-1" icon="106" />
<LianMengKeJi id="20607" name="搏杀战技" level="7" shuYuanlvNeeded="7" lvUpValue="473200" desc="增加700点技能伤害加深。" card="1" type="106" value1="700" value2="-1" icon="106" />
<LianMengKeJi id="20608" name="搏杀战技" level="8" shuYuanlvNeeded="8" lvUpValue="778400" desc="增加800点技能伤害加深。" card="1" type="106" value1="800" value2="-1" icon="106" />
<LianMengKeJi id="20609" name="搏杀战技" level="9" shuYuanlvNeeded="9" lvUpValue="1058700" desc="增加900点技能伤害加深。" card="1" type="106" value1="900" value2="-1" icon="106" />
<LianMengKeJi id="20610" name="搏杀战技" level="10" shuYuanlvNeeded="10" lvUpValue="0" desc="增加1000点技能伤害加深。" card="1" type="106" value1="1000" value2="-1" icon="106" />
<LianMengKeJi id="20800" name="甲胄锻造" level="0" shuYuanlvNeeded="4" lvUpValue="1600" desc="增加0点武器伤害抵抗。" card="1" type="108" value1="0" value2="-1" icon="108" />
<LianMengKeJi id="20801" name="甲胄锻造" level="1" shuYuanlvNeeded="4" lvUpValue="3100" desc="增加100点武器伤害抵抗。" card="1" type="108" value1="100" value2="-1" icon="108" />
<LianMengKeJi id="20802" name="甲胄锻造" level="2" shuYuanlvNeeded="4" lvUpValue="12000" desc="增加200点武器伤害抵抗。" card="1" type="108" value1="200" value2="-1" icon="108" />
<LianMengKeJi id="20803" name="甲胄锻造" level="3" shuYuanlvNeeded="4" lvUpValue="21800" desc="增加300点武器伤害抵抗。" card="1" type="108" value1="300" value2="-1" icon="108" />
<LianMengKeJi id="20804" name="甲胄锻造" level="4" shuYuanlvNeeded="4" lvUpValue="54600" desc="增加400点武器伤害抵抗。" card="1" type="108" value1="400" value2="-1" icon="108" />
<LianMengKeJi id="20805" name="甲胄锻造" level="5" shuYuanlvNeeded="5" lvUpValue="119300" desc="增加500点武器伤害抵抗。" card="1" type="108" value1="500" value2="-1" icon="108" />
<LianMengKeJi id="20806" name="甲胄锻造" level="6" shuYuanlvNeeded="6" lvUpValue="267200" desc="增加600点武器伤害抵抗。" card="1" type="108" value1="600" value2="-1" icon="108" />
<LianMengKeJi id="20807" name="甲胄锻造" level="7" shuYuanlvNeeded="7" lvUpValue="473200" desc="增加700点武器伤害抵抗。" card="1" type="108" value1="700" value2="-1" icon="108" />
<LianMengKeJi id="20808" name="甲胄锻造" level="8" shuYuanlvNeeded="8" lvUpValue="778400" desc="增加800点武器伤害抵抗。" card="1" type="108" value1="800" value2="-1" icon="108" />
<LianMengKeJi id="20809" name="甲胄锻造" level="9" shuYuanlvNeeded="9" lvUpValue="1058700" desc="增加900点武器伤害抵抗。" card="1" type="108" value1="900" value2="-1" icon="108" />
<LianMengKeJi id="20810" name="甲胄锻造" level="10" shuYuanlvNeeded="10" lvUpValue="0" desc="增加1000点武器伤害抵抗。" card="1" type="108" value1="1000" value2="-1" icon="108" />
<LianMengKeJi id="21000" name="防身战技" level="0" shuYuanlvNeeded="4" lvUpValue="1600" desc="增加0点技能伤害抵抗。" card="1" type="110" value1="0" value2="-1" icon="110" />
<LianMengKeJi id="21001" name="防身战技" level="1" shuYuanlvNeeded="4" lvUpValue="3100" desc="增加100点技能伤害抵抗。" card="1" type="110" value1="100" value2="-1" icon="110" />
<LianMengKeJi id="21002" name="防身战技" level="2" shuYuanlvNeeded="4" lvUpValue="12000" desc="增加200点技能伤害抵抗。" card="1" type="110" value1="200" value2="-1" icon="110" />
<LianMengKeJi id="21003" name="防身战技" level="3" shuYuanlvNeeded="4" lvUpValue="21800" desc="增加300点技能伤害抵抗。" card="1" type="110" value1="300" value2="-1" icon="110" />
<LianMengKeJi id="21004" name="防身战技" level="4" shuYuanlvNeeded="4" lvUpValue="54600" desc="增加400点技能伤害抵抗。" card="1" type="110" value1="400" value2="-1" icon="110" />
<LianMengKeJi id="21005" name="防身战技" level="5" shuYuanlvNeeded="5" lvUpValue="119300" desc="增加500点技能伤害抵抗。" card="1" type="110" value1="500" value2="-1" icon="110" />
<LianMengKeJi id="21006" name="防身战技" level="6" shuYuanlvNeeded="6" lvUpValue="267200" desc="增加600点技能伤害抵抗。" card="1" type="110" value1="600" value2="-1" icon="110" />
<LianMengKeJi id="21007" name="防身战技" level="7" shuYuanlvNeeded="7" lvUpValue="473200" desc="增加700点技能伤害抵抗。" card="1" type="110" value1="700" value2="-1" icon="110" />
<LianMengKeJi id="21008" name="防身战技" level="8" shuYuanlvNeeded="8" lvUpValue="778400" desc="增加800点技能伤害抵抗。" card="1" type="110" value1="800" value2="-1" icon="110" />
<LianMengKeJi id="21009" name="防身战技" level="9" shuYuanlvNeeded="9" lvUpValue="1058700" desc="增加900点技能伤害抵抗。" card="1" type="110" value1="900" value2="-1" icon="110" />
<LianMengKeJi id="21010" name="防身战技" level="10" shuYuanlvNeeded="10" lvUpValue="0" desc="增加1000点技能伤害抵抗。" card="1" type="110" value1="1000" value2="-1" icon="110" />
<LianMengKeJi id="22200" name="良马护理" level="0" shuYuanlvNeeded="2" lvUpValue="800" desc="增加镖马0%的生命。" card="2" type="205" value1="0" value2="-1" icon="205" />
<LianMengKeJi id="22201" name="良马护理" level="1" shuYuanlvNeeded="2" lvUpValue="1600" desc="增加镖马10%的生命。" card="2" type="205" value1="10" value2="-1" icon="205" />
<LianMengKeJi id="22202" name="良马护理" level="2" shuYuanlvNeeded="2" lvUpValue="6000" desc="增加镖马20%的生命。" card="2" type="205" value1="20" value2="-1" icon="205" />
<LianMengKeJi id="22203" name="良马护理" level="3" shuYuanlvNeeded="3" lvUpValue="10900" desc="增加镖马30%的生命。" card="2" type="205" value1="30" value2="-1" icon="205" />
<LianMengKeJi id="22204" name="良马护理" level="4" shuYuanlvNeeded="4" lvUpValue="27300" desc="增加镖马40%的生命。" card="2" type="205" value1="40" value2="-1" icon="205" />
<LianMengKeJi id="22205" name="良马护理" level="5" shuYuanlvNeeded="5" lvUpValue="59700" desc="增加镖马50%的生命。" card="2" type="205" value1="50" value2="-1" icon="205" />
<LianMengKeJi id="22206" name="良马护理" level="6" shuYuanlvNeeded="6" lvUpValue="133600" desc="增加镖马60%的生命。" card="2" type="205" value1="60" value2="-1" icon="205" />
<LianMengKeJi id="22207" name="良马护理" level="7" shuYuanlvNeeded="7" lvUpValue="236600" desc="增加镖马70%的生命。" card="2" type="205" value1="70" value2="-1" icon="205" />
<LianMengKeJi id="22208" name="良马护理" level="8" shuYuanlvNeeded="8" lvUpValue="389200" desc="增加镖马80%的生命。" card="2" type="205" value1="80" value2="-1" icon="205" />
<LianMengKeJi id="22209" name="良马护理" level="9" shuYuanlvNeeded="9" lvUpValue="529400" desc="增加镖马90%的生命。" card="2" type="205" value1="90" value2="-1" icon="205" />
<LianMengKeJi id="22210" name="良马护理" level="10" shuYuanlvNeeded="10" lvUpValue="0" desc="增加镖马100%的生命。" card="2" type="205" value1="100" value2="-1" icon="205" />
<LianMengKeJi id="22100" name="急救医术" level="0" shuYuanlvNeeded="3" lvUpValue="800" desc="增加角色在安全区0%的回血速率。" card="2" type="204" value1="0" value2="-1" icon="204" />
<LianMengKeJi id="22101" name="急救医术" level="1" shuYuanlvNeeded="3" lvUpValue="1600" desc="增加角色在安全区10%的回血速率。" card="2" type="204" value1="10" value2="-1" icon="204" />
<LianMengKeJi id="22102" name="急救医术" level="2" shuYuanlvNeeded="3" lvUpValue="6000" desc="增加角色在安全区20%的回血速率。" card="2" type="204" value1="20" value2="-1" icon="204" />
<LianMengKeJi id="22103" name="急救医术" level="3" shuYuanlvNeeded="3" lvUpValue="10900" desc="增加角色在安全区30%的回血速率。" card="2" type="204" value1="30" value2="-1" icon="204" />
<LianMengKeJi id="22104" name="急救医术" level="4" shuYuanlvNeeded="4" lvUpValue="27300" desc="增加角色在安全区40%的回血速率。" card="2" type="204" value1="40" value2="-1" icon="204" />
<LianMengKeJi id="22105" name="急救医术" level="5" shuYuanlvNeeded="5" lvUpValue="59700" desc="增加角色在安全区50%的回血速率。" card="2" type="204" value1="50" value2="-1" icon="204" />
<LianMengKeJi id="22106" name="急救医术" level="6" shuYuanlvNeeded="6" lvUpValue="133600" desc="增加角色在安全区60%的回血速率。" card="2" type="204" value1="60" value2="-1" icon="204" />
<LianMengKeJi id="22107" name="急救医术" level="7" shuYuanlvNeeded="7" lvUpValue="236600" desc="增加角色在安全区70%的回血速率。" card="2" type="204" value1="70" value2="-1" icon="204" />
<LianMengKeJi id="22108" name="急救医术" level="8" shuYuanlvNeeded="8" lvUpValue="389200" desc="增加角色在安全区80%的回血速率。" card="2" type="204" value1="80" value2="-1" icon="204" />
<LianMengKeJi id="22109" name="急救医术" level="9" shuYuanlvNeeded="9" lvUpValue="529400" desc="增加角色在安全区90%的回血速率。" card="2" type="204" value1="90" value2="-1" icon="204" />
<LianMengKeJi id="22110" name="急救医术" level="10" shuYuanlvNeeded="10" lvUpValue="0" desc="增加角色在安全区100%的回血速率。" card="2" type="204" value1="100" value2="-1" icon="204" />
<LianMengKeJi id="23100" name="鲁班工艺" level="0" shuYuanlvNeeded="0" lvUpValue="800" desc="增加小屋0%的经验获取速率和0点经验存储上限。" card="3" type="301" value1="0" value2="0" icon="301" />
<LianMengKeJi id="23101" name="鲁班工艺" level="1" shuYuanlvNeeded="1" lvUpValue="1600" desc="增加小屋10%的经验获取速率和50点经验存储上限。" card="3" type="301" value1="10" value2="50" icon="301" />
<LianMengKeJi id="23102" name="鲁班工艺" level="2" shuYuanlvNeeded="2" lvUpValue="6000" desc="增加小屋20%的经验获取速率和100点经验存储上限。" card="3" type="301" value1="20" value2="100" icon="301" />
<LianMengKeJi id="23103" name="鲁班工艺" level="3" shuYuanlvNeeded="3" lvUpValue="10900" desc="增加小屋30%的经验获取速率和150点经验存储上限。" card="3" type="301" value1="30" value2="150" icon="301" />
<LianMengKeJi id="23104" name="鲁班工艺" level="4" shuYuanlvNeeded="4" lvUpValue="27300" desc="增加小屋40%的经验获取速率和200点经验存储上限。" card="3" type="301" value1="40" value2="200" icon="301" />
<LianMengKeJi id="23105" name="鲁班工艺" level="5" shuYuanlvNeeded="5" lvUpValue="59700" desc="增加小屋50%的经验获取速率和250点经验存储上限。" card="3" type="301" value1="50" value2="250" icon="301" />
<LianMengKeJi id="23106" name="鲁班工艺" level="6" shuYuanlvNeeded="6" lvUpValue="133600" desc="增加小屋60%的经验获取速率和300点经验存储上限。" card="3" type="301" value1="60" value2="300" icon="301" />
<LianMengKeJi id="23107" name="鲁班工艺" level="7" shuYuanlvNeeded="7" lvUpValue="236600" desc="增加小屋70%的经验获取速率和350点经验存储上限。" card="3" type="301" value1="70" value2="350" icon="301" />
<LianMengKeJi id="23108" name="鲁班工艺" level="8" shuYuanlvNeeded="8" lvUpValue="389200" desc="增加小屋80%的经验获取速率和400点经验存储上限。" card="3" type="301" value1="80" value2="400" icon="301" />
<LianMengKeJi id="23109" name="鲁班工艺" level="9" shuYuanlvNeeded="9" lvUpValue="529400" desc="增加小屋90%的经验获取速率和450点经验存储上限。" card="3" type="301" value1="90" value2="450" icon="301" />
<LianMengKeJi id="23110" name="鲁班工艺" level="10" shuYuanlvNeeded="10" lvUpValue="0" desc="增加小屋100%的经验获取速率和500点经验存储上限。" card="3" type="301" value1="100" value2="500" icon="301" />
</dataset>
