<?xml version="1.0" encoding="UTF-8"?>
<dataset>
<LianmengIcon icon="9001" />
<LianmengIcon icon="9002" />
<LianmengIcon icon="9003" />
<LianmengIcon icon="9004" />
<LianmengIcon icon="9005" />
<LianmengIcon icon="9006" />
<LianmengIcon icon="9007" />
<LianmengIcon icon="9008" />
<LianmengIcon icon="9009" />
<LianmengIcon icon="9010" />
<LianmengIcon icon="9011" />
<LianmengIcon icon="9012" />
<LianmengIcon icon="9013" />
<LianmengIcon icon="9014" />
<LianmengIcon icon="9015" />
<LianmengIcon icon="9016" />
<LianmengIcon icon="9017" />
<LianmengIcon icon="9018" />
<LianmengIcon icon="9019" />
<LianmengIcon icon="9020" />
</dataset>