<?xml version="1.0" encoding="UTF-8"?>
<dataset>
<LibaoMa id="jhbi0iujq3" type="101" />
<LibaoMa id="1wuozxqjcu" type="101" />
<LibaoMa id="2r14bqnw9f" type="101" />
<LibaoMa id="ipdwvmnvo7" type="101" />
<LibaoMa id="1ioofzuzrs" type="101" />
<LibaoMa id="ky9ybzc5nx" type="101" />
<LibaoMa id="hzte0bwcbz" type="101" />
<LibaoMa id="pftv23fzuw" type="101" />
<LibaoMa id="u617c4resb" type="101" />
<LibaoMa id="iqp3sredg1" type="101" />
<LibaoMa id="htpxn70pbn" type="102" />
<LibaoMa id="n2temhckr0" type="102" />
<LibaoMa id="k4the3xxnw" type="102" />
<LibaoMa id="4y65eipt9r" type="102" />
<LibaoMa id="4u82tw3jdu" type="102" />
<LibaoMa id="lmnwgqt9ba" type="102" />
<LibaoMa id="47ulbsdlov" type="102" />
<LibaoMa id="o4mv1jsg5i" type="102" />
<LibaoMa id="v003d5un5z" type="102" />
<LibaoMa id="pealnsbiz3" type="102" />
<LibaoMa id="1zk917q8c1" type="103" />
<LibaoMa id="c672r3zhun" type="103" />
<LibaoMa id="lxukfh6tbe" type="103" />
<LibaoMa id="fbpsr5u2x1" type="103" />
<LibaoMa id="2eialr4lss" type="103" />
<LibaoMa id="bwol5pqqh7" type="103" />
<LibaoMa id="h1gqljo37d" type="103" />
<LibaoMa id="9bd9qeci4v" type="103" />
<LibaoMa id="dnxmzlz8k7" type="103" />
<LibaoMa id="f7hmadorga" type="103" />
<LibaoMa id="6oaxp8gruo" type="104" />
<LibaoMa id="6zpydtpfph" type="104" />
<LibaoMa id="233cqc0aab" type="104" />
<LibaoMa id="sbiyv59dhb" type="104" />
<LibaoMa id="pq2jnd3qna" type="104" />
<LibaoMa id="5wxapqg18e" type="104" />
<LibaoMa id="30yr1cbi7f" type="104" />
<LibaoMa id="3ji5tx71xa" type="104" />
<LibaoMa id="n1vr4dzfit" type="104" />
<LibaoMa id="r93arhpgda" type="104" />
<LibaoMa id="1jlh3ci2e0" type="105" />
<LibaoMa id="qddzij3ird" type="105" />
<LibaoMa id="jl44z5n9uq" type="105" />
<LibaoMa id="bxxulygrcs" type="105" />
<LibaoMa id="rcp8sxztu2" type="105" />
<LibaoMa id="k0gmbkiqs8" type="105" />
<LibaoMa id="rf40e7linu" type="105" />
<LibaoMa id="rafa44kn27" type="105" />
<LibaoMa id="f7fqnmg0iw" type="105" />
<LibaoMa id="sdztbr5pui" type="105" />
<LibaoMa id="s20alaql1e" type="106" />
<LibaoMa id="gf2oljcujc" type="106" />
<LibaoMa id="k5fccgu39a" type="106" />
<LibaoMa id="bdc2wc3pta" type="106" />
<LibaoMa id="u5ywsgrpck" type="106" />
<LibaoMa id="trg2yqxu40" type="106" />
<LibaoMa id="ffhksijd09" type="106" />
<LibaoMa id="4vy5s233fs" type="106" />
<LibaoMa id="2yvhki5khc" type="106" />
<LibaoMa id="n8ewqgxwoy" type="106" />
<LibaoMa id="n2hjcd9w22" type="107" />
<LibaoMa id="ygu24crw4z" type="107" />
<LibaoMa id="c9rkiuz975" type="107" />
<LibaoMa id="der8im1nfz" type="107" />
<LibaoMa id="r8xsdv7i8g" type="107" />
<LibaoMa id="qyepdeli3m" type="107" />
<LibaoMa id="lfabc7prkq" type="107" />
<LibaoMa id="cvo5epte8c" type="107" />
<LibaoMa id="4yi5x8u557" type="107" />
<LibaoMa id="cywyuvyidm" type="107" />
<LibaoMa id="vcgad95j6r" type="108" />
<LibaoMa id="shwgq57d0u" type="108" />
<LibaoMa id="5aj5ql1qp0" type="108" />
<LibaoMa id="qkye99zmpw" type="108" />
<LibaoMa id="r1mu1btdu3" type="108" />
<LibaoMa id="xrrz352asy" type="108" />
<LibaoMa id="x8ka1ks93c" type="108" />
<LibaoMa id="8yl05iwquh" type="108" />
<LibaoMa id="usqttqoauj" type="108" />
<LibaoMa id="le8j43p7l5" type="108" />
<LibaoMa id="mbd0pku5x3" type="109" />
<LibaoMa id="wz1sqbucs5" type="109" />
<LibaoMa id="s6k9brq87u" type="109" />
<LibaoMa id="8ocwrm2yjd" type="109" />
<LibaoMa id="33howubftw" type="109" />
<LibaoMa id="cr14fxf8lw" type="109" />
<LibaoMa id="gjdcpqhse3" type="109" />
<LibaoMa id="z0rbtf36la" type="109" />
<LibaoMa id="ceyf9nxszo" type="109" />
<LibaoMa id="ebgym3qtqy" type="109" />
<LibaoMa id="jzksuwsojy" type="110" />
<LibaoMa id="yh4ii7c8r4" type="110" />
<LibaoMa id="57k4ac1ads" type="110" />
<LibaoMa id="dyla8y29wb" type="110" />
<LibaoMa id="c4qrpzp4e5" type="110" />
<LibaoMa id="dhll3rzpqt" type="110" />
<LibaoMa id="exluso14xc" type="110" />
<LibaoMa id="diiudl0yck" type="110" />
<LibaoMa id="yd2ko98vd8" type="110" />
<LibaoMa id="n4m1dnarfe" type="110" />
</dataset>