<?xml version="1.0" encoding="UTF-8"?>
<dataset>
<LueduoUnionRank countryRank="1" unionRankMin="1" unionRankMax="1" award="0:910002:12#0:900002:200" bigAward="0:900018:7100#0:900019:7100#0:900002:400" />
<LueduoUnionRank countryRank="1" unionRankMin="2" unionRankMax="2" award="0:910002:12#0:900002:180" bigAward="0:900018:6700#0:900019:6700#0:900002:350" />
<LueduoUnionRank countryRank="1" unionRankMin="3" unionRankMax="3" award="0:910002:12#0:900002:160" bigAward="0:900018:6300#0:900019:6300#0:900002:300" />
<LueduoUnionRank countryRank="1" unionRankMin="4" unionRankMax="5" award="0:910002:12#0:900002:140" bigAward="0:900018:5900#0:900019:5900#0:900002:280" />
<LueduoUnionRank countryRank="1" unionRankMin="6" unionRankMax="10" award="0:910002:12#0:900002:120" bigAward="0:900018:5500#0:900019:5500#0:900002:260" />
<LueduoUnionRank countryRank="1" unionRankMin="11" unionRankMax="20" award="0:910002:12#0:900002:110" bigAward="0:900018:5100#0:900019:5100#0:900002:250" />
<LueduoUnionRank countryRank="1" unionRankMin="21" unionRankMax="50" award="0:910002:12#0:900002:100" bigAward="0:900018:4700#0:900019:4700#0:900002:240" />
<LueduoUnionRank countryRank="1" unionRankMin="51" unionRankMax="100" award="0:910002:12#0:900002:90" bigAward="0:900018:4300#0:900019:4300#0:900002:230" />
<LueduoUnionRank countryRank="1" unionRankMin="101" unionRankMax="10000" award="0:910002:12#0:900002:80" bigAward="0:900018:3900#0:900019:3900#0:900002:220" />
<LueduoUnionRank countryRank="2" unionRankMin="1" unionRankMax="1" award="0:910002:10#0:900002:180" bigAward="0:900018:6700#0:900019:6700#0:900002:350" />
<LueduoUnionRank countryRank="2" unionRankMin="2" unionRankMax="2" award="0:910002:10#0:900002:160" bigAward="0:900018:6300#0:900019:6300#0:900002:300" />
<LueduoUnionRank countryRank="2" unionRankMin="3" unionRankMax="3" award="0:910002:10#0:900002:140" bigAward="0:900018:5900#0:900019:5900#0:900002:250" />
<LueduoUnionRank countryRank="2" unionRankMin="4" unionRankMax="5" award="0:910002:10#0:900002:120" bigAward="0:900018:5500#0:900019:5500#0:900002:230" />
<LueduoUnionRank countryRank="2" unionRankMin="6" unionRankMax="10" award="0:910002:10#0:900002:100" bigAward="0:900018:5100#0:900019:5100#0:900002:210" />
<LueduoUnionRank countryRank="2" unionRankMin="11" unionRankMax="20" award="0:910002:10#0:900002:90" bigAward="0:900018:4700#0:900019:4700#0:900002:200" />
<LueduoUnionRank countryRank="2" unionRankMin="21" unionRankMax="50" award="0:910002:10#0:900002:80" bigAward="0:900018:4300#0:900019:4300#0:900002:190" />
<LueduoUnionRank countryRank="2" unionRankMin="51" unionRankMax="100" award="0:910002:10#0:900002:70" bigAward="0:900018:3900#0:900019:3900#0:900002:180" />
<LueduoUnionRank countryRank="2" unionRankMin="101" unionRankMax="10000" award="0:910002:10#0:900002:60" bigAward="0:900018:3500#0:900019:3500#0:900002:170" />
<LueduoUnionRank countryRank="3" unionRankMin="1" unionRankMax="1" award="0:910002:8#0:900002:160" bigAward="0:900018:6300#0:900019:6300#0:900002:320" />
<LueduoUnionRank countryRank="3" unionRankMin="2" unionRankMax="2" award="0:910002:8#0:900002:140" bigAward="0:900018:5900#0:900019:5900#0:900002:270" />
<LueduoUnionRank countryRank="3" unionRankMin="3" unionRankMax="3" award="0:910002:8#0:900002:120" bigAward="0:900018:5500#0:900019:5500#0:900002:220" />
<LueduoUnionRank countryRank="3" unionRankMin="4" unionRankMax="5" award="0:910002:8#0:900002:100" bigAward="0:900018:5100#0:900019:5100#0:900002:200" />
<LueduoUnionRank countryRank="3" unionRankMin="6" unionRankMax="10" award="0:910002:8#0:900002:80" bigAward="0:900018:4700#0:900019:4700#0:900002:180" />
<LueduoUnionRank countryRank="3" unionRankMin="11" unionRankMax="20" award="0:910002:8#0:900002:70" bigAward="0:900018:4300#0:900019:4300#0:900002:170" />
<LueduoUnionRank countryRank="3" unionRankMin="21" unionRankMax="50" award="0:910002:8#0:900002:60" bigAward="0:900018:3900#0:900019:3900#0:900002:160" />
<LueduoUnionRank countryRank="3" unionRankMin="51" unionRankMax="100" award="0:910002:8#0:900002:50" bigAward="0:900018:3500#0:900019:3500#0:900002:150" />
<LueduoUnionRank countryRank="3" unionRankMin="101" unionRankMax="10000" award="0:910002:8#0:900002:40" bigAward="0:900018:3100#0:900019:3100#0:900002:140" />
<LueduoUnionRank countryRank="4" unionRankMin="1" unionRankMax="1" award="0:910002:7#0:900002:150" bigAward="0:900018:6100#0:900019:6100#0:900002:300" />
<LueduoUnionRank countryRank="4" unionRankMin="2" unionRankMax="2" award="0:910002:7#0:900002:130" bigAward="0:900018:5700#0:900019:5700#0:900002:250" />
<LueduoUnionRank countryRank="4" unionRankMin="3" unionRankMax="3" award="0:910002:7#0:900002:110" bigAward="0:900018:5300#0:900019:5300#0:900002:200" />
<LueduoUnionRank countryRank="4" unionRankMin="4" unionRankMax="5" award="0:910002:7#0:900002:90" bigAward="0:900018:4900#0:900019:4900#0:900002:180" />
<LueduoUnionRank countryRank="4" unionRankMin="6" unionRankMax="10" award="0:910002:7#0:900002:70" bigAward="0:900018:4500#0:900019:4500#0:900002:160" />
<LueduoUnionRank countryRank="4" unionRankMin="11" unionRankMax="20" award="0:910002:7#0:900002:60" bigAward="0:900018:4100#0:900019:4100#0:900002:150" />
<LueduoUnionRank countryRank="4" unionRankMin="21" unionRankMax="50" award="0:910002:7#0:900002:50" bigAward="0:900018:3700#0:900019:3700#0:900002:140" />
<LueduoUnionRank countryRank="4" unionRankMin="51" unionRankMax="100" award="0:910002:7#0:900002:40" bigAward="0:900018:3300#0:900019:3300#0:900002:130" />
<LueduoUnionRank countryRank="4" unionRankMin="101" unionRankMax="10000" award="0:910002:7#0:900002:30" bigAward="0:900018:2900#0:900019:2900#0:900002:120" />
<LueduoUnionRank countryRank="5" unionRankMin="1" unionRankMax="1" award="0:910002:6#0:900002:140" bigAward="0:900018:5900#0:900019:5900#0:900002:280" />
<LueduoUnionRank countryRank="5" unionRankMin="2" unionRankMax="2" award="0:910002:6#0:900002:120" bigAward="0:900018:5500#0:900019:5500#0:900002:230" />
<LueduoUnionRank countryRank="5" unionRankMin="3" unionRankMax="3" award="0:910002:6#0:900002:100" bigAward="0:900018:5100#0:900019:5100#0:900002:180" />
<LueduoUnionRank countryRank="5" unionRankMin="4" unionRankMax="5" award="0:910002:6#0:900002:80" bigAward="0:900018:4700#0:900019:4700#0:900002:160" />
<LueduoUnionRank countryRank="5" unionRankMin="6" unionRankMax="10" award="0:910002:6#0:900002:60" bigAward="0:900018:4300#0:900019:4300#0:900002:140" />
<LueduoUnionRank countryRank="5" unionRankMin="11" unionRankMax="20" award="0:910002:6#0:900002:50" bigAward="0:900018:3900#0:900019:3900#0:900002:130" />
<LueduoUnionRank countryRank="5" unionRankMin="21" unionRankMax="50" award="0:910002:6#0:900002:40" bigAward="0:900018:3500#0:900019:3500#0:900002:120" />
<LueduoUnionRank countryRank="5" unionRankMin="51" unionRankMax="100" award="0:910002:6#0:900002:30" bigAward="0:900018:3100#0:900019:3100#0:900002:110" />
<LueduoUnionRank countryRank="5" unionRankMin="101" unionRankMax="10000" award="0:910002:6#0:900002:20" bigAward="0:900018:2700#0:900019:2700#0:900002:100" />
<LueduoUnionRank countryRank="6" unionRankMin="1" unionRankMax="1" award="0:910002:5#0:900002:130" bigAward="0:900018:5700#0:900019:5700#0:900002:270" />
<LueduoUnionRank countryRank="6" unionRankMin="2" unionRankMax="2" award="0:910002:5#0:900002:110" bigAward="0:900018:5300#0:900019:5300#0:900002:220" />
<LueduoUnionRank countryRank="6" unionRankMin="3" unionRankMax="3" award="0:910002:5#0:900002:90" bigAward="0:900018:4900#0:900019:4900#0:900002:170" />
<LueduoUnionRank countryRank="6" unionRankMin="4" unionRankMax="5" award="0:910002:5#0:900002:70" bigAward="0:900018:4500#0:900019:4500#0:900002:150" />
<LueduoUnionRank countryRank="6" unionRankMin="6" unionRankMax="10" award="0:910002:5#0:900002:50" bigAward="0:900018:4100#0:900019:4100#0:900002:130" />
<LueduoUnionRank countryRank="6" unionRankMin="11" unionRankMax="20" award="0:910002:5#0:900002:40" bigAward="0:900018:3700#0:900019:3700#0:900002:120" />
<LueduoUnionRank countryRank="6" unionRankMin="21" unionRankMax="50" award="0:910002:5#0:900002:30" bigAward="0:900018:3300#0:900019:3300#0:900002:110" />
<LueduoUnionRank countryRank="6" unionRankMin="51" unionRankMax="100" award="0:910002:5#0:900002:20" bigAward="0:900018:2900#0:900019:2900#0:900002:100" />
<LueduoUnionRank countryRank="6" unionRankMin="101" unionRankMax="10000" award="0:910002:5#0:900002:10" bigAward="0:900018:2500#0:900019:2500#0:900002:90" />
<LueduoUnionRank countryRank="7" unionRankMin="1" unionRankMax="1" award="0:910002:4#0:900002:120" bigAward="0:900018:5500#0:900019:5500#0:900002:260" />
<LueduoUnionRank countryRank="7" unionRankMin="2" unionRankMax="2" award="0:910002:4#0:900002:100" bigAward="0:900018:5100#0:900019:5100#0:900002:210" />
<LueduoUnionRank countryRank="7" unionRankMin="3" unionRankMax="3" award="0:910002:4#0:900002:80" bigAward="0:900018:4700#0:900019:4700#0:900002:160" />
<LueduoUnionRank countryRank="7" unionRankMin="4" unionRankMax="5" award="0:910002:4#0:900002:60" bigAward="0:900018:4300#0:900019:4300#0:900002:140" />
<LueduoUnionRank countryRank="7" unionRankMin="6" unionRankMax="10" award="0:910002:4#0:900002:40" bigAward="0:900018:3900#0:900019:3900#0:900002:120" />
<LueduoUnionRank countryRank="7" unionRankMin="11" unionRankMax="20" award="0:910002:4#0:900002:30" bigAward="0:900018:3500#0:900019:3500#0:900002:110" />
<LueduoUnionRank countryRank="7" unionRankMin="21" unionRankMax="50" award="0:910002:4#0:900002:20" bigAward="0:900018:3100#0:900019:3100#0:900002:100" />
<LueduoUnionRank countryRank="7" unionRankMin="51" unionRankMax="100" award="0:910002:4#0:900002:15" bigAward="0:900018:2700#0:900019:2700#0:900002:90" />
<LueduoUnionRank countryRank="7" unionRankMin="101" unionRankMax="10000" award="0:910002:4#0:900002:10" bigAward="0:900018:2300#0:900019:2300#0:900002:80" />
</dataset>