<?xml version="1.0" encoding="UTF-8"?>
<dataset>
<LueduoLianmengRank min="1" max="1" award="3000" LMExp="3000" />
<LueduoLianmengRank min="2" max="2" award="2500" LMExp="2500" />
<LueduoLianmengRank min="3" max="3" award="2000" LMExp="2000" />
<LueduoLianmengRank min="4" max="4" award="1800" LMExp="1800" />
<LueduoLianmengRank min="5" max="5" award="1600" LMExp="1600" />
<LueduoLianmengRank min="6" max="6" award="1400" LMExp="1400" />
<LueduoLianmengRank min="7" max="7" award="1300" LMExp="1300" />
<LueduoLianmengRank min="8" max="8" award="1200" LMExp="1200" />
<LueduoLianmengRank min="9" max="9" award="1100" LMExp="1100" />
<LueduoLianmengRank min="10" max="10" award="1000" LMExp="1000" />
<LueduoLianmengRank min="11" max="12" award="900" LMExp="900" />
<LueduoLianmengRank min="13" max="15" award="850" LMExp="850" />
<LueduoLianmengRank min="16" max="20" award="800" LMExp="800" />
<LueduoLianmengRank min="21" max="30" award="750" LMExp="750" />
<LueduoLianmengRank min="31" max="40" award="700" LMExp="700" />
<LueduoLianmengRank min="41" max="50" award="650" LMExp="650" />
<LueduoLianmengRank min="51" max="70" award="600" LMExp="600" />
<LueduoLianmengRank min="71" max="100" award="550" LMExp="550" />
<LueduoLianmengRank min="101" max="500" award="500" LMExp="500" />
</dataset>