<?xml version="1.0" encoding="UTF-8"?>
<dataset>
<Mail type="10001" icon="10001" title="房屋异动" taitou="主人：" content="盟主大人出于联盟管理的需要，将我们家的房屋xxx换成了yyy，为了弥补我们家的损失，盟主额外补偿了我们一个虎符。如果主人有异议，快去找盟主交涉呦！" sender="小七" award="0" remainTime="0" mailType="2" mailfenlei="2" />
<Mail type="10002" icon="10002" title="房屋异动" taitou="主人：" content="恭喜主人与xxx换房成功，我们快去新家看看吧！" sender="小七" award="0" remainTime="0" mailType="1" mailfenlei="2" />
<Mail type="10003" icon="10003" title="房屋异动" taitou="主人：" content="主人不好了！您的房屋aaa被盟主大人强行设置为“待售”状态了！如果主人不想拍卖这间房屋，就快去与盟主大人交涉吧！" sender="小七" award="0" remainTime="0" mailType="1" mailfenlei="2" />
<Mail type="10004" icon="10004" title="房屋异动" taitou="主人：" content="您的部下yyy向您申请与xxx交换房屋，xxx的房屋是由您亲自强行挂牌待售的，您确定以一枚虎符作为给xxx的补偿批准这次交易吗？" sender="小七" award="0" remainTime="7" mailType="3" mailfenlei="2" />
<Mail type="10005" icon="10005" title="房屋异动" taitou="主人：" content="您与xxx的换房申请被盟主大人拒绝了，我们再去看看其他的好房源吧！" sender="小七" award="0" remainTime="7" mailType="3" mailfenlei="2" />
<Mail type="10006" icon="10006" title="房屋异动" taitou="主人：" content="恭喜主人获得盟主大人的批准，成功与xxx交换了房屋，我们快去新家看看吧！" sender="小七" award="0" remainTime="7" mailType="3" mailfenlei="2" />
<Mail type="10007" icon="10007" title="房屋异动" taitou="主人：" content="告诉您一个不幸的消息。您的房屋aaa已经被盟主大人强行交换给了xxx，您获得了一枚虎符作为补偿。" sender="小七" award="0" remainTime="0" mailType="2" mailfenlei="2" />
<Mail type="10008" icon="10008" title="房屋异动" taitou="主人：" content="您的豪宅aaa已经被xxx以高价拍走了！此人竟然如此嚣张，胆敢与主人争抢豪宅的使用权！主人快把豪宅拍回来教训教训他！" sender="小七" award="0" remainTime="0" mailType="1" mailfenlei="2" />
<Mail type="10009" icon="10009" title="房屋异动" taitou="主人：" content="您的豪宅aaa已经被xxx以高价拍走，您如今居住在bbb。您当初以ccc的贡献值拍下的豪宅将返还ddd以补偿您的损失，同时扣除eee的贡献值作为房屋的折旧费。" sender="小七" award="0" remainTime="0" mailType="2" mailfenlei="2" />
<Mail type="10010" icon="10010" title="房屋异动" taitou="主人：" content="恭喜主人以雄厚的财力夺得这间豪宅的使用权，它是您身份的象征。此刻这间房屋的价值就是您拍下这间房屋使用的贡献值。24小时之后其他玩家可以拍买这间豪宅，如果豪宅被他人买走，您将被返还一部分拍买这间房屋时花销的贡献值。" sender="小七" award="0" remainTime="0" mailType="1" mailfenlei="2" />
<Mail type="10011" icon="10011" title="房屋异动" taitou="主人：" content="恭喜主人入住豪宅aaa，使用时限为1个星期。在拥有这间豪宅的同时，您还拥有此前普通房屋的使用权，但在同时拥有两间房屋期间您只能进入您的豪宅。豪宅相对于普通房屋将是您获得更高的经验收益，豪宅的等级随联盟等级提升而提升，且豪宅的使用权只能在拍卖中获得，无法进行交换。" sender="小七" award="0" remainTime="0" mailType="1" mailfenlei="2" />
<Mail type="10012" icon="10012" title="房屋异动" taitou="主人：" content="告诉主人一个不幸的消息，您的豪宅aaa已经被玩家xxx以更高的价格拍走。现在您已经搬回您的房屋bbb，重新过回普通人的生活。主人要想夺回豪宅的使用权，就快加紧为联盟捐献吧，争取下一次拍卖夺回豪宅一雪前耻！" sender="小七" award="0" remainTime="0" mailType="1" mailfenlei="2" />
<Mail type="10013" icon="10013" title="房屋异动" taitou="主人：" content="由于您已经离开了【****】联盟，原来拥有的豪宅aaa已经被联盟收回，您原本拥有的普通房屋的数据将被保存，在您加入新的联盟后将会被随机分配到某块土地上重建。" sender="小七" award="0" remainTime="0" mailType="1" mailfenlei="2" />
<Mail type="10014" icon="10014" title="房屋异动" taitou="主人：" content="由于您已经离开【****】联盟，您原本拍下的豪宅aaa已被联盟收回，并返还您bbb点贡献值。您拥有的普通房屋的数据将被保存，在您加入新的联盟后将会被随机分配到某块土地上重建。" sender="小七" award="0" remainTime="0" mailType="2" mailfenlei="2" />
<Mail type="10015" icon="10015" title="房屋异动" taitou="主人：" content="玩家xxx想用自己的房屋aaa与您交换您的房屋bbb，您愿意接受这次交易吗？如果您接受这次交易，将会获得一枚虎符的补偿。" sender="小七" award="0" remainTime="7" mailType="3" mailfenlei="2" />
<Mail type="10016" icon="10016" title="房屋异动" taitou="主人：" content="玩家xxx已经拒绝了您的房屋交换请求，我们再去寻找其他房源吧！" sender="小七" award="0" remainTime="0" mailType="1" mailfenlei="2" />
<Mail type="10017" icon="10017" title="房屋异动" taitou="主人：" content="您的房屋交换申请已经被玩家xxx接受，恭喜主人获得新房屋，我们快去看一看新家吧！" sender="小七" award="0" remainTime="0" mailType="1" mailfenlei="2" />
<Mail type="10018" icon="10018" title="房屋异动" taitou="主人：" content="恭喜主人与玩家xxx成功交换房屋，您的房屋已经由aaa变为bbb。" sender="小七" award="0" remainTime="0" mailType="2" mailfenlei="2" />
<Mail type="10019" icon="10019" title="房屋异动" taitou="主人：" content="恭喜主人与xxx成功交换被荒废已久的房屋aaa，快去大肆修葺一番吧！" sender="小七" award="0" remainTime="0" mailType="1" mailfenlei="2" />
<Mail type="10020" icon="10020" title="房屋异动" taitou="主人：" content="恭喜主人换取无主的房屋aaa，快去新房子看一看吧！" sender="小七" award="0" remainTime="0" mailType="1" mailfenlei="2" />
<Mail type="10021" icon="10021" title="加入联盟" taitou="主人：" content="恭喜主人加入【***】联盟，接下来您可作为联盟的一员参加联盟的各项活动，使用贡献值在联盟宗庙内祭拜。还可以与其他成员进行互动交友，也兴许您会找到您人生中的另一半哦！" sender="小七" award="0" remainTime="0" mailType="1" mailfenlei="2" />
<Mail type="10022" icon="10022" title="房屋异动" taitou="主人：" content="由于您已经离开【***】联盟，所以您原有的普通房屋的数据将被保存，在您加入新的联盟后会在新的联盟城中的随机位置重建。" sender="小七" award="0" remainTime="0" mailType="1" mailfenlei="2" />
<Mail type="10023" icon="10023" title="房屋异动" taitou="主人：" content="告诉您一个不幸的消息。由于您长期不上线，原有的房屋已经荒废，并与xxx的房屋进行了置换，现在您的房屋是aaa，快去您的新家看一看吧，今后要好好打理您的房屋哦！" sender="小七" award="0" remainTime="0" mailType="2" mailfenlei="2" />
<Mail type="10024" icon="10024" title="房屋异动" taitou="主人：" content="恭喜主人已经成功拍下豪宅bbb。您此前拍买豪宅aaa时所花费的ccc贡献值将在扣除折旧费后返回ddd贡献值给您。" sender="小七" award="0" remainTime="0" mailType="2" mailfenlei="2" />
<Mail type="20001" icon="20001" title="荒野求生分配奖励" taitou="英雄：" content="您的联盟在本次荒野求生活动中获取大批宝藏，盟主为表彰您为联盟做的突出贡献，特赠予您一批财宝作为奖励，还请笑纳。" sender="掌军司马" award="0" remainTime="0" mailType="2" mailfenlei="4" />
<Mail type="20002" icon="20002" title="荒野求生通关奖励" taitou="英雄：" content="您的联盟在本次荒野求生活动中挑战关卡***大获全胜！您在战斗中的伤害排名为第A名！特赠予您相应联盟贡献度作为奖励，您的联盟也获得了建设值。" sender="掌军司马" award="0" remainTime="0" mailType="2" mailfenlei="4" />
<Mail type="20003" icon="20003" title="荒野求生快速通关奖励" taitou="英雄：" content="您的联盟在本次荒野求生活动中以不到24小时的时间挑战关卡***大获全胜，完成快速通关目标！特赠予您额外的个人贡献度作为奖励。您的联盟也获得了额外建设值奖励。" sender="掌军司马" award="0" remainTime="0" mailType="2" mailfenlei="4" />
<Mail type="21001" icon="21001" title="荒野求生资源点奖励" taitou="英雄：" content="您的联盟在本次荒野求生活动中获得了大批稀有资源，盟主为表彰您为联盟做的突出贡献，特赠予您一批资源作为奖励，还请笑纳。" sender="掌军司马" award="0" remainTime="0" mailType="2" mailfenlei="4" />
<Mail type="21002" icon="21002" title="荒野求生资源点被攻占" taitou="英雄：" content="您所属联盟的XX资源点被敌人占领了，损失惨重，运回的资源都在这里。" sender="掌军司马" award="0" remainTime="0" mailType="2" mailfenlei="4" />
<Mail type="21003" icon="21003" title="荒野求生资源点被攻占" taitou="英雄：" content="您所属联盟的XX资源点被敌人占领了，联盟损失惨重，快秣马厉兵，与盟友重新夺回资源点，向敌人复仇。" sender="掌军司马" award="0" remainTime="0" mailType="1" mailfenlei="4" />
<Mail type="21004" icon="21004" title="荒野求生奖励库申请成功" taitou="英雄：" content="您在荒野求生奖励库中申请的奖励已获批准，联盟特将礼物随同本邮件赠送与您，敬请查收。" sender="掌军司马" award="0" remainTime="30" mailType="2" mailfenlei="4" />
<Mail type="21005" icon="21005" title="荒野求生关卡开启提示" taitou="主人：" content="我盟【荒野求生】的***关卡开启了！让荒野中的敌人在我盟的战旗下颤抖吧！杀！杀！杀！" sender="小七" award="0" remainTime="0" mailType="1" mailfenlei="4" />
<Mail type="30001" icon="30001" title="联盟通知" taitou="主人：" content="您已被盟主大人取消了副盟主的职位。" sender="小七" award="0" remainTime="0" mailType="1" mailfenlei="3" />
<Mail type="30002" icon="30002" title="联盟通知" taitou="主人：" content="您已被盟主大人任命为本盟副盟主！" sender="小七" award="0" remainTime="0" mailType="1" mailfenlei="3" />
<Mail type="30003" icon="30003" title="联盟通知" taitou="主人：" content="前任盟主已经将盟主之位传位给您！" sender="小七" award="0" remainTime="0" mailType="1" mailfenlei="3" />
<Mail type="30004" icon="30004" title="联盟通知" taitou="主人：" content="您已经被盟主大人驱逐出联盟，我们只好去寻找其他联盟做靠山了......" sender="小七" award="0" remainTime="0" mailType="1" mailfenlei="3" />
<Mail type="30005" icon="30005" title="联盟通知" taitou="主人：" content="您的联盟已经解散，我们只好去寻找其他联盟做靠山了......" sender="小七" award="0" remainTime="0" mailType="1" mailfenlei="3" />
<Mail type="30006" icon="30006" title="联盟选举结果" taitou="主人：" content="启禀主人，新一届的联盟盟主选举已经开始。请主人尽快前往联盟公告板处参加选举。祝主人成功连任呦~" sender="小七" award="0" remainTime="3" mailType="1" mailfenlei="3" />
<Mail type="30007" icon="30007" title="联盟选举结果" taitou="主人：" content="启禀主人，新一届的联盟盟主选举已经开始。主人一定有心中合适的人选了吧！请主人快去联盟公告板处参加选举吧！" sender="小七" award="0" remainTime="3" mailType="1" mailfenlei="3" />
<Mail type="30008" icon="30008" title="联盟选举结果" taitou="主人：" content="启禀主人，联盟盟主选举的结果已经揭晓，新一任盟主已经诞生。盟主之位被***夺取。虽然主人没能成功连任，但请主人千万不要灰心，下一次选举再接再厉呦！" sender="小七" award="0" remainTime="30" mailType="1" mailfenlei="3" />
<Mail type="30009" icon="30009" title="联盟选举结果" taitou="主人：" content="启禀主人，联盟盟主选举的结果已经揭晓。恭喜主人得以击败前任盟主***这一强大对手，荣登盟主的宝座！但联盟的治理需要花费很多精力，请主人千万不要粗心大意呦！" sender="小七" award="0" remainTime="30" mailType="1" mailfenlei="3" />
<Mail type="30010" icon="30010" title="联盟选举结果" taitou="主人：" content="启禀主人，联盟盟主选举的结果已经揭晓，盟主之位已经变更，***成功击败前任盟主XXX夺取盟主宝座。请主人快去拜访新任盟主吧！" sender="小七" award="0" remainTime="30" mailType="1" mailfenlei="3" />
<Mail type="30011" icon="30011" title="联盟选举结果" taitou="主人：" content="启禀主人，联盟盟主选举的结果已经揭晓，您因在联盟中具有极高的威望，得以在此次选举中成功连任。主人还要继续努力呦！" sender="小七" award="0" remainTime="30" mailType="1" mailfenlei="3" />
<Mail type="30012" icon="30012" title="联盟选举结果" taitou="主人：" content="启禀主人，联盟盟主选举的结果已经揭晓，盟主***因在联盟中具有极高的威望，得以在此次选举中成功连任。" sender="小七" award="0" remainTime="30" mailType="1" mailfenlei="3" />
<Mail type="30013" icon="30013" title="联盟创建通知" taitou="主人：" content="恭喜主人您已成功创建联盟。盟主可以进行招募设置。联盟成员的多少直接决定联盟的影响力和发展速度。请主人快去招兵买马壮大联盟吧！" sender="小七" award="0" remainTime="30" mailType="1" mailfenlei="3" />
<Mail type="30014" icon="30014" title="盟主禅让通知" taitou="主人：" content="启禀主人，您已经成功的将盟主的宝座禅让给***，联盟必将在***的领导下继往开来，发扬光大！" sender="小七" award="0" remainTime="30" mailType="1" mailfenlei="3" />
<Mail type="30015" icon="30015" title="盟主禅让通知" taitou="主人：" content="启禀主人，您此前的杰出贡献终于获取盟主***的认可，盟主已经将盟主之位禅让给您。希望主人能够带领联盟披荆斩棘，登上王者之巅！" sender="小七" award="0" remainTime="30" mailType="1" mailfenlei="3" />
<Mail type="30016" icon="30016" title="盟主禅让通知" taitou="主人：" content="启禀主人，联盟盟主之位发生变更！前任盟主***因种种原因，已将盟主之位禅让给新任盟主XXX。" sender="小七" award="0" remainTime="30" mailType="1" mailfenlei="3" />
<Mail type="30017" icon="30017" title="入盟成功" taitou="主人：" content="您加入【***】联盟的申请已经被批准通过。快进入联盟，参加联盟活动吧！有丰厚的奖励等着您呦~" sender="小七" award="0" remainTime="30" mailType="1" mailfenlei="3" />
<Mail type="30018" icon="30018" title="入盟失败" taitou="主人：" content="很遗憾，您向【***】联盟提出的入盟申请遭到回绝。莫愁前路无知己，不如我们再去寻找其他联盟试试看！或者创建一个自己的联盟也是不错的选择哦~" sender="小七" award="0" remainTime="30" mailType="1" mailfenlei="3" />
<Mail type="30019" icon="30019" title="联盟解散" taitou="主人：" content="主人，虽然不知您出于何种原因解散了联盟，但想必您有自己的考虑。如今天下纷争，战火四起，加入一个联盟才是明智之举。愿您早日再找到属于自己的组织！" sender="小七" award="0" remainTime="30" mailType="1" mailfenlei="3" />
<Mail type="30020" icon="30020" title="退出联盟" taitou="主人：" content="启禀主人，您已成功退出了联盟。但是如今天下纷争，找到一个属于自己的组织，与自己的同伴一起征战天下才是明智之举。还请主人早日重新找到属于自己的联盟。" sender="小七" award="0" remainTime="30" mailType="1" mailfenlei="3" />
<Mail type="30021" icon="30021" title="联盟转国" taitou="主人：" content="您的盟主已将联盟转国至*国，从此主人就要为*国效力了！" sender="小七" award="0" remainTime="30" mailType="1" mailfenlei="3" />
<Mail type="30022" icon="30022" title="联盟升级" taitou="主人：" content="恭喜主人，您的联盟已经成功升至2级！荒野求生玩法开启了！同时联盟客栈、联盟图腾、联盟商铺、联盟宗庙、联盟书院等级上限提升至2级。联盟客栈升级至2级后，联盟的盟员上限将提升至**人。联盟图腾升级后可以增加虔诚值奖励的数量。联盟商铺升级后将可买到新的商品。联盟宗庙升级后将增加祭拜的次数上限。联盟书院升级至2级后，联盟科技的上限将随之提升至2级。快为联盟建筑升级积攒联盟建设值吧！" sender="小七" award="0" remainTime="7" mailType="1" mailfenlei="3" />
<Mail type="30023" icon="30023" title="联盟转国" taitou="主人：" content="您已将联盟转国至*国，从此主人就要为*国效力了！" sender="小七" award="0" remainTime="30" mailType="1" mailfenlei="3" />
<Mail type="30024" icon="30024" title="联盟升级" taitou="主人：" content="恭喜主人，您的联盟已经成功升至3级！郡城战玩法开启了！同时联盟客栈、联盟图腾、联盟商铺、联盟宗庙、联盟书院等级上限提升至3级。联盟的盟员上限提升至**人。快为联盟建筑升级积攒联盟建设值吧！" sender="小七" award="0" remainTime="7" mailType="1" mailfenlei="3" />
<Mail type="30025" icon="30025" title="联盟升级" taitou="主人：" content="恭喜主人，您的联盟已经成功升至4级！郡城战玩法开启了！同时联盟客栈、联盟图腾、联盟商铺、联盟宗庙、联盟书院等级上限提升至4级。联盟的盟员上限提升至**人。快为联盟建筑升级积攒联盟建设值吧！" sender="小七" award="0" remainTime="7" mailType="1" mailfenlei="3" />
<Mail type="30026" icon="30026" title="联盟升级" taitou="主人：" content="恭喜主人，您的联盟已经成功升至5级！联盟客栈、联盟图腾、联盟商铺、联盟宗庙、联盟书院等级上限提升至5级。联盟的盟员上限提升至**人。快为联盟建筑升级积攒联盟建设值吧！" sender="小七" award="0" remainTime="7" mailType="1" mailfenlei="3" />
<Mail type="30027" icon="30027" title="联盟升级" taitou="主人：" content="恭喜主人，您的联盟已经成功升至6级！联盟客栈、联盟图腾、联盟商铺、联盟宗庙、联盟书院等级上限提升至6级。联盟的盟员上限提升至**人。快为联盟建筑升级积攒联盟建设值吧！" sender="小七" award="0" remainTime="7" mailType="1" mailfenlei="3" />
<Mail type="30028" icon="30028" title="联盟升级" taitou="主人：" content="恭喜主人，您的联盟已经成功升至7级！联盟客栈、联盟图腾、联盟商铺、联盟宗庙、联盟书院等级上限提升至7级。联盟的盟员上限提升至**人。快为联盟建筑升级积攒联盟建设值吧！" sender="小七" award="0" remainTime="7" mailType="1" mailfenlei="3" />
<Mail type="30029" icon="30029" title="联盟升级" taitou="主人：" content="恭喜主人，您的联盟已经成功升至8级！联盟客栈、联盟图腾、联盟商铺、联盟宗庙、联盟书院等级上限提升至8级。联盟的盟员上限提升至**人。快为联盟建筑升级积攒联盟建设值吧！" sender="小七" award="0" remainTime="7" mailType="1" mailfenlei="3" />
<Mail type="30030" icon="30030" title="联盟升级" taitou="主人：" content="恭喜主人，您的联盟已经成功升至9级！联盟客栈、联盟图腾、联盟商铺、联盟宗庙、联盟书院等级上限提升至9级。联盟的盟员上限提升至**人。快为联盟建筑升级积攒联盟建设值吧！" sender="小七" award="0" remainTime="7" mailType="1" mailfenlei="3" />
<Mail type="30031" icon="30031" title="联盟升级" taitou="主人：" content="恭喜主人，您的联盟已经成功升至10级！联盟客栈、联盟图腾、联盟商铺、联盟宗庙、联盟书院等级上限提升至10级。联盟的盟员上限提升至**人。快为联盟建筑升级积攒联盟建设值吧！" sender="小七" award="0" remainTime="7" mailType="1" mailfenlei="3" />
<Mail type="30041" icon="30041" title="盟友改名" taitou="主人：" content="您在联盟中的盟友***a现已改名为***b，请主人要记得呦！" sender="小七" award="0" remainTime="7" mailType="1" mailfenlei="3" />
<Mail type="31001" icon="31001" title="荒野关卡重置" taitou="敬告各位盟员：" content="本联盟【荒野求生】玩法中的AAA关卡已经被本盟NXXX重置。请各位盟员积极挑战，为了联盟的发展以及个人的荣誉，将战斗进行到底！" sender="YYY" award="0" remainTime="7" mailType="1" mailfenlei="4" />
<Mail type="40001" icon="40001" title="百战千军排行奖励" taitou="英雄：" content="由于您在百战千军活动中名列前茅，威震三军，天子龙颜大悦，特赐您一批赏赐作为表彰，恭喜恭喜，请英雄笑纳！" sender="掌军司马" award="0" remainTime="0" mailType="2" mailfenlei="5" />
<Mail type="40002" icon="40002" title="军职俸禄" taitou="英雄：" content="为表彰您过去在百战千军中的出色表现，天子依照您的军衔特赐予您一批赏赐，请您笑纳。" sender="掌军司马" award="0" remainTime="1" mailType="2" mailfenlei="5" />
<Mail type="50001" icon="50001" title="运镖成功" taitou="英雄：" content="您成功将货物完好无缺的送达目的地，客户对此次运镖给予了高度评价。为此本镖局对您表达诚挚的谢意，此外将赠予您如下奖励：" sender="镖局执事" award="0" remainTime="30" mailType="2" mailfenlei="7" />
<Mail type="50002" icon="50002" title="运镖被劫" taitou="英雄：" content="很遗憾，此次运镖遭到强盗[4169E1]***[-]洗劫，使我们的客户遭受重大损失。但考虑到您与强盗进行了殊死搏斗，本镖局非常感激您的英勇行为，特赠与您如下奖励：" sender="镖局执事" award="0" remainTime="30" mailType="2" mailfenlei="7" />
<Mail type="50003" icon="50003" title="协助运镖成功" taitou="英雄：" content="在您的协助下，您的好友***成功将客户委托的货物运达目的地。为了对您伸出援手慷慨援助的行为表示感谢，本镖局特赠与您一份薄礼敬请笑纳。" sender="镖局执事" award="0" remainTime="3" mailType="2" mailfenlei="7" />
<Mail type="50004" icon="50004" title="协助运镖失败" taitou="英雄：" content="很遗憾，虽然有您的强力援助，但依然无法阻挡恶徒劫镖的罪恶行径！您的好友***的镖车已经被恶徒劫走，我们的客户蒙受了巨大的损失，我们相信天网恢恢疏而不漏，总有一天这些恶徒要为今日的暴行付出代价！" sender="镖局执事" award="0" remainTime="3" mailType="1" mailfenlei="7" />
<Mail type="60001" icon="60001" title="" taitou="" content="" sender="小七" award="0" remainTime="30" mailType="1" mailfenlei="8" />
<Mail type="60002" icon="60002" title="" taitou="" content="" sender="小七" award="0" remainTime="30" mailType="2" mailfenlei="8" />
<Mail type="80000" icon="80000" title="" taitou="" content="" sender="" award="0" remainTime="30" mailType="0" mailfenlei="1" />
<Mail type="90000" icon="90000" title="国战通知" taitou="亲爱的xxxxx：" content="国战将于今晚八点半准时开始，请各路英豪准时参加，保家卫国，征战天下。" sender="掌军司马" award="0" remainTime="0" mailType="0" mailfenlei="6" />
<Mail type="100001" icon="100001" title="掠夺排行奖励" taitou="英雄：" content="上周掠夺玩法的排名已经确定，您的国家在全服排名中位列第***名，您的联盟在国家排名中位列第###名，特赠予您一批奖励，敬请笑纳！" sender="军情密探" award="0" remainTime="0" mailType="2" mailfenlei="9" />
<Mail type="100002" icon="100002" title="个人积分排行奖励" taitou="英雄：" content="恭喜您在昨日的掠夺玩法中表现优异！您的当日排行为第***名。特赠送您丰厚的奖励，敬请笑纳！" sender="军情密探" award="0" remainTime="1" mailType="2" mailfenlei="9" />
<Mail type="100003" icon="100003" title="联盟积分排行奖励通知" taitou="英雄：" content="恭喜您的联盟在昨日的掠夺玩法中表现优异！您的联盟在当日的排行为第***a名。***b建设值已发放至您的联盟！" sender="军情密探" award="0" remainTime="1" mailType="1" mailfenlei="9" />
<Mail type="110001" icon="110001" title="郡城战战况" taitou="亲爱的xxxxx：" content="前方大捷！在我盟如潮水般的猛攻下，敌军终于一溃千里！**城已被我军攻克！如今我盟已是**城的主宰，此城将为我盟产出大量功勋！我盟需时刻警惕，防备敌人偷袭！此役我军击败敌人X名！您在此战中的排名是M，积分x，共击杀n人次！" sender="军情密探" award="0" remainTime="1" mailType="1" mailfenlei="10" />
<Mail type="110002" icon="110002" title="郡城战战况" taitou="亲爱的xxxxx：" content="前方战斗失利！虽然我军奋勇拼杀，但由于敌人的防御固若金汤，我军无法攻破敌军防线，没能夺取**城！请我盟将士稍事休整，来日再战！此役我军击败敌人X名！您在此战中的排名是M，积分x，共击杀n人次！" sender="军情密探" award="0" remainTime="1" mailType="1" mailfenlei="10" />
<Mail type="110003" icon="110003" title="郡城战战况" taitou="亲爱的xxxxx：" content="**城之战大捷！经过我军将士上下一心浴血奋战，侵犯我盟**城的敌寇已被我军成功击溃，敌人望风而逃！请我盟将士不要放松警惕，坚守城池，防范敌寇来袭！此役我军击败敌人X名！您在此战中的排名是M，积分x，共击杀n人次！" sender="军情密探" award="0" remainTime="1" mailType="1" mailfenlei="10" />
<Mail type="110004" icon="110004" title="郡城战战况" taitou="亲爱的xxxxx：" content="**城失守！虽然我军浴血奋战，但由于敌人过于强大，我盟已失去对**城的控制权！愿我盟发愤图强，再接再厉，夺回失地，壮我盟威！此役我军参战X人。您在此战中的排名是M，积分x，共击杀n人次！" sender="军情密探" award="0" remainTime="1" mailType="1" mailfenlei="10" />
<Mail type="110005" icon="110005" title="郡城战战况" taitou="亲爱的xxxxx：" content="前方大捷！在我盟如潮水般的猛攻下，敌军终于一溃千里！**城已被我军攻克！如今我盟已是**城的主宰，此城将为我盟产出大量功勋！我盟需时刻警惕，防备敌人偷袭！此役我军击败敌人X名！" sender="军情密探" award="0" remainTime="1" mailType="1" mailfenlei="10" />
<Mail type="110006" icon="110006" title="郡城战战况" taitou="亲爱的xxxxx：" content="前方战斗失利！虽然我军奋勇拼杀，但由于敌人的防御固若金汤，我军无法攻破敌军防线，没能夺取**城！请我盟将士稍事休整，来日再战！此役我军击败敌人X名！" sender="军情密探" award="0" remainTime="1" mailType="1" mailfenlei="10" />
<Mail type="110007" icon="110007" title="郡城战战况" taitou="亲爱的xxxxx：" content="**城之战大捷！经过我军将士上下一心浴血奋战，侵犯我盟**城的敌寇已被我军成功击溃，敌人望风而逃！请我盟将士不要放松警惕，坚守城池，防范敌寇来袭！此役我军击败敌人X名！" sender="军情密探" award="0" remainTime="1" mailType="1" mailfenlei="10" />
<Mail type="110008" icon="110008" title="郡城战战况" taitou="亲爱的xxxxx：" content="**城失守！虽然我军浴血奋战，但由于敌人过于强大，我盟已失去对**城的控制权！愿我盟发愤图强，再接再厉，夺回失地，壮我盟威！此役我军参战X人。" sender="军情密探" award="0" remainTime="1" mailType="1" mailfenlei="10" />
<Mail type="110009" icon="110009" title="郡城战战况" taitou="亲爱的xxxxx：" content="前方大捷！在我盟如潮水般的猛攻下，义渠贼寇终于一溃千里！义渠国**已被我军攻克！此地将为我盟产出大量功勋！此役我军击败敌人X名！您在此战中的排名是M，积分x，共击杀n人次！" sender="军情密探" award="0" remainTime="1" mailType="1" mailfenlei="10" />
<Mail type="110010" icon="110010" title="郡城战战况" taitou="亲爱的xxxxx：" content="前方战斗失利！虽然我军奋勇拼杀，但由于敌人的防御固若金汤，我军无法攻破敌军防线，没能贡献义渠国**！请我盟将士稍事休整，来日再战！此役我军击败敌人X名！您在此战中的排名是M，积分x，共击杀n人次！" sender="军情密探" award="0" remainTime="1" mailType="1" mailfenlei="10" />
<Mail type="110011" icon="110011" title="郡城战战况" taitou="亲爱的xxxxx：" content="前方大捷！在我盟如潮水般的猛攻下，义渠贼寇终于一溃千里！义渠国**已被我军攻克！如今我盟已是**的主宰，此地将为我盟产出大量功勋！我盟需时刻警惕，防备敌人偷袭！此役我军击败敌人X名！" sender="军情密探" award="0" remainTime="1" mailType="1" mailfenlei="10" />
<Mail type="110012" icon="110012" title="郡城战战况" taitou="亲爱的xxxxx：" content="前方战斗失利！虽然我军奋勇拼杀，但由于敌人的防御固若金汤，我军无法攻破敌军防线，没能夺取**！请我盟将士稍事休整，来日再战！此役我军击败敌人X名！" sender="军情密探" award="0" remainTime="1" mailType="1" mailfenlei="10" />
<Mail type="110013" icon="110013" title="称号过期" taitou="主人：" content="您的XXXX称号已经过期！请重新兑换！" sender="小七" award="0" remainTime="1" mailType="1" mailfenlei="10" />
</dataset>