<?xml version="1.0" encoding="UTF-8"?>
<dataset>
<MiBao id="301011" tempId="101" nameId="301011" descId="301011" icon="301011" initialStar="1" initialGrow="2" pinzhi="1" zuheId="1" dengji="1" gongji="7" fangyu="5" shengming="120" gongjiRate="1" fangyuRate="1" shengmingRate="20" wqSH="0" wqJM="0" wqBJ="0" wqRX="0" jnSH="0" jnJM="0" jnBJ="0" jnRX="0" skill="260101" maxLv="100" expId="1001" suipianId="311001" unlockType="0" unlockValue="0" />
<MiBao id="301012" tempId="102" nameId="301012" descId="301012" icon="301012" initialStar="1" initialGrow="2" pinzhi="1" zuheId="1" dengji="1" gongji="7" fangyu="5" shengming="120" gongjiRate="1" fangyuRate="1" shengmingRate="20" wqSH="0" wqJM="0" wqBJ="0" wqRX="0" jnSH="0" jnJM="0" jnBJ="0" jnRX="0" skill="260102" maxLv="100" expId="1001" suipianId="311002" unlockType="1" unlockValue="5" />
<MiBao id="301013" tempId="103" nameId="301013" descId="301013" icon="301013" initialStar="1" initialGrow="2" pinzhi="1" zuheId="1" dengji="1" gongji="7" fangyu="5" shengming="120" gongjiRate="1" fangyuRate="1" shengmingRate="20" wqSH="0" wqJM="0" wqBJ="0" wqRX="0" jnSH="0" jnJM="0" jnBJ="0" jnRX="0" skill="260103" maxLv="100" expId="1001" suipianId="311003" unlockType="1" unlockValue="5" />
<MiBao id="301021" tempId="201" nameId="301021" descId="301021" icon="301021" initialStar="1" initialGrow="2" pinzhi="1" zuheId="2" dengji="1" gongji="7" fangyu="4" shengming="140" gongjiRate="1" fangyuRate="1" shengmingRate="20" wqSH="0" wqJM="0" wqBJ="0" wqRX="0" jnSH="0" jnJM="0" jnBJ="0" jnRX="0" skill="260201" maxLv="100" expId="1001" suipianId="312001" unlockType="1" unlockValue="5" />
<MiBao id="301022" tempId="202" nameId="301022" descId="301022" icon="301022" initialStar="1" initialGrow="2" pinzhi="1" zuheId="2" dengji="1" gongji="7" fangyu="4" shengming="140" gongjiRate="1" fangyuRate="1" shengmingRate="20" wqSH="0" wqJM="0" wqBJ="0" wqRX="0" jnSH="0" jnJM="0" jnBJ="0" jnRX="0" skill="260202" maxLv="100" expId="1001" suipianId="312002" unlockType="1" unlockValue="5" />
<MiBao id="301023" tempId="203" nameId="301023" descId="301023" icon="301023" initialStar="1" initialGrow="2" pinzhi="1" zuheId="2" dengji="1" gongji="7" fangyu="4" shengming="140" gongjiRate="1" fangyuRate="1" shengmingRate="20" wqSH="0" wqJM="0" wqBJ="0" wqRX="0" jnSH="0" jnJM="0" jnBJ="0" jnRX="0" skill="260203" maxLv="100" expId="1001" suipianId="312003" unlockType="1" unlockValue="5" />
<MiBao id="301031" tempId="301" nameId="301031" descId="301031" icon="301031" initialStar="2" initialGrow="3" pinzhi="1" zuheId="3" dengji="1" gongji="5" fangyu="8" shengming="100" gongjiRate="1" fangyuRate="1" shengmingRate="20" wqSH="0" wqJM="0" wqBJ="0" wqRX="0" jnSH="0" jnJM="0" jnBJ="0" jnRX="0" skill="260301" maxLv="100" expId="1001" suipianId="313001" unlockType="1" unlockValue="5" />
<MiBao id="301032" tempId="302" nameId="301032" descId="301032" icon="301032" initialStar="1" initialGrow="2" pinzhi="1" zuheId="3" dengji="1" gongji="5" fangyu="8" shengming="100" gongjiRate="1" fangyuRate="1" shengmingRate="20" wqSH="0" wqJM="0" wqBJ="0" wqRX="0" jnSH="0" jnJM="0" jnBJ="0" jnRX="0" skill="260302" maxLv="100" expId="1001" suipianId="313002" unlockType="1" unlockValue="5" />
<MiBao id="301033" tempId="303" nameId="301033" descId="301033" icon="301033" initialStar="3" initialGrow="4" pinzhi="1" zuheId="3" dengji="1" gongji="5" fangyu="8" shengming="100" gongjiRate="1" fangyuRate="1" shengmingRate="20" wqSH="0" wqJM="0" wqBJ="0" wqRX="0" jnSH="0" jnJM="0" jnBJ="0" jnRX="0" skill="260303" maxLv="100" expId="1001" suipianId="313003" unlockType="1" unlockValue="5" />
<MiBao id="301041" tempId="401" nameId="301041" descId="301041" icon="301041" initialStar="1" initialGrow="2" pinzhi="1" zuheId="4" dengji="1" gongji="4" fangyu="7" shengming="140" gongjiRate="1" fangyuRate="1" shengmingRate="20" wqSH="0" wqJM="0" wqBJ="0" wqRX="0" jnSH="0" jnJM="0" jnBJ="0" jnRX="0" skill="260401" maxLv="100" expId="1001" suipianId="314001" unlockType="1" unlockValue="5" />
<MiBao id="301042" tempId="402" nameId="301042" descId="301042" icon="301042" initialStar="2" initialGrow="3" pinzhi="1" zuheId="4" dengji="1" gongji="4" fangyu="7" shengming="140" gongjiRate="1" fangyuRate="1" shengmingRate="20" wqSH="0" wqJM="0" wqBJ="0" wqRX="0" jnSH="0" jnJM="0" jnBJ="0" jnRX="0" skill="260402" maxLv="100" expId="1001" suipianId="314002" unlockType="1" unlockValue="5" />
<MiBao id="301043" tempId="403" nameId="301043" descId="301043" icon="301043" initialStar="3" initialGrow="4" pinzhi="1" zuheId="4" dengji="1" gongji="4" fangyu="7" shengming="140" gongjiRate="1" fangyuRate="1" shengmingRate="20" wqSH="0" wqJM="0" wqBJ="0" wqRX="0" jnSH="0" jnJM="0" jnBJ="0" jnRX="0" skill="260403" maxLv="100" expId="1001" suipianId="314003" unlockType="1" unlockValue="5" />
<MiBao id="301051" tempId="501" nameId="301051" descId="301051" icon="301051" initialStar="1" initialGrow="2" pinzhi="1" zuheId="5" dengji="1" gongji="5" fangyu="7" shengming="120" gongjiRate="1" fangyuRate="1" shengmingRate="20" wqSH="0" wqJM="0" wqBJ="0" wqRX="0" jnSH="0" jnJM="0" jnBJ="0" jnRX="0" skill="260501" maxLv="100" expId="1001" suipianId="315001" unlockType="1" unlockValue="5" />
<MiBao id="301052" tempId="502" nameId="301052" descId="301052" icon="301052" initialStar="2" initialGrow="3" pinzhi="1" zuheId="5" dengji="1" gongji="5" fangyu="7" shengming="120" gongjiRate="1" fangyuRate="1" shengmingRate="20" wqSH="0" wqJM="0" wqBJ="0" wqRX="0" jnSH="0" jnJM="0" jnBJ="0" jnRX="0" skill="260502" maxLv="100" expId="1001" suipianId="315002" unlockType="1" unlockValue="5" />
<MiBao id="301053" tempId="503" nameId="301053" descId="301053" icon="301053" initialStar="3" initialGrow="4" pinzhi="1" zuheId="5" dengji="1" gongji="5" fangyu="7" shengming="120" gongjiRate="1" fangyuRate="1" shengmingRate="20" wqSH="0" wqJM="0" wqBJ="0" wqRX="0" jnSH="0" jnJM="0" jnBJ="0" jnRX="0" skill="260503" maxLv="100" expId="1001" suipianId="315003" unlockType="1" unlockValue="5" />
<MiBao id="301061" tempId="601" nameId="301061" descId="301061" icon="301061" initialStar="1" initialGrow="2" pinzhi="1" zuheId="6" dengji="1" gongji="5" fangyu="5" shengming="160" gongjiRate="1" fangyuRate="1" shengmingRate="20" wqSH="0" wqJM="0" wqBJ="0" wqRX="0" jnSH="0" jnJM="0" jnBJ="0" jnRX="0" skill="260601" maxLv="100" expId="1001" suipianId="316001" unlockType="1" unlockValue="5" />
<MiBao id="301062" tempId="602" nameId="301062" descId="301062" icon="301062" initialStar="2" initialGrow="3" pinzhi="1" zuheId="6" dengji="1" gongji="5" fangyu="5" shengming="160" gongjiRate="1" fangyuRate="1" shengmingRate="20" wqSH="0" wqJM="0" wqBJ="0" wqRX="0" jnSH="0" jnJM="0" jnBJ="0" jnRX="0" skill="260602" maxLv="100" expId="1001" suipianId="316002" unlockType="1" unlockValue="5" />
<MiBao id="301063" tempId="603" nameId="301063" descId="301063" icon="301063" initialStar="3" initialGrow="4" pinzhi="1" zuheId="6" dengji="1" gongji="5" fangyu="5" shengming="160" gongjiRate="1" fangyuRate="1" shengmingRate="20" wqSH="0" wqJM="0" wqBJ="0" wqRX="0" jnSH="0" jnJM="0" jnBJ="0" jnRX="0" skill="260603" maxLv="100" expId="1001" suipianId="316003" unlockType="1" unlockValue="5" />
<MiBao id="301071" tempId="701" nameId="301071" descId="301071" icon="301071" initialStar="1" initialGrow="2" pinzhi="1" zuheId="7" dengji="1" gongji="8" fangyu="5" shengming="100" gongjiRate="1" fangyuRate="1" shengmingRate="20" wqSH="0" wqJM="0" wqBJ="0" wqRX="0" jnSH="0" jnJM="0" jnBJ="0" jnRX="0" skill="260701" maxLv="100" expId="1001" suipianId="317001" unlockType="1" unlockValue="5" />
<MiBao id="301072" tempId="702" nameId="301072" descId="301072" icon="301072" initialStar="2" initialGrow="3" pinzhi="1" zuheId="7" dengji="1" gongji="8" fangyu="5" shengming="100" gongjiRate="1" fangyuRate="1" shengmingRate="20" wqSH="0" wqJM="0" wqBJ="0" wqRX="0" jnSH="0" jnJM="0" jnBJ="0" jnRX="0" skill="260702" maxLv="100" expId="1001" suipianId="317002" unlockType="1" unlockValue="5" />
<MiBao id="301073" tempId="703" nameId="301073" descId="301073" icon="301073" initialStar="3" initialGrow="4" pinzhi="1" zuheId="7" dengji="1" gongji="8" fangyu="5" shengming="100" gongjiRate="1" fangyuRate="1" shengmingRate="20" wqSH="0" wqJM="0" wqBJ="0" wqRX="0" jnSH="0" jnJM="0" jnBJ="0" jnRX="0" skill="260703" maxLv="100" expId="1001" suipianId="317003" unlockType="1" unlockValue="5" />
</dataset>