<?xml version="1.0" encoding="UTF-8"?>
<dataset>
<MiBaoNew id="210101" nameID="210101" descID="210101" pinzhi="1" color="0" icon="210101" suipianID="220101" jinjieNum="1" buwei="1" gongji="15" fangyu="5" shengming="200" wqSH="0" wqJM="0" wqBJ="0" wqRX="0" jnSH="0" jnJM="0" jnBJ="0" jnRX="0" pinzhiName="[06de34]绿色一阶秘宝[-]" showName="[06de34]青铜扳指[-]" />
<MiBaoNew id="210102" nameID="210102" descID="210102" pinzhi="1" color="0" icon="210102" suipianID="220102" jinjieNum="1" buwei="2" gongji="5" fangyu="11" shengming="280" wqSH="0" wqJM="0" wqBJ="0" wqRX="0" jnSH="0" jnJM="0" jnBJ="0" jnRX="0" pinzhiName="[06de34]绿色一阶秘宝[-]" showName="[06de34]青铜兵书[-]" />
<MiBaoNew id="210103" nameID="210103" descID="210103" pinzhi="1" color="0" icon="210103" suipianID="220103" jinjieNum="1" buwei="3" gongji="11" fangyu="7" shengming="240" wqSH="0" wqJM="0" wqBJ="0" wqRX="0" jnSH="0" jnJM="0" jnBJ="0" jnRX="0" pinzhiName="[06de34]绿色一阶秘宝[-]" showName="[06de34]玉兔青铜印[-]" />
<MiBaoNew id="210104" nameID="210104" descID="210104" pinzhi="1" color="0" icon="210104" suipianID="220104" jinjieNum="1" buwei="4" gongji="9" fangyu="14" shengming="140" wqSH="0" wqJM="0" wqBJ="0" wqRX="0" jnSH="0" jnJM="0" jnBJ="0" jnRX="0" pinzhiName="[06de34]绿色一阶秘宝[-]" showName="[06de34]玉兔青铜佩[-]" />
<MiBaoNew id="210105" nameID="210105" descID="210105" pinzhi="1" color="0" icon="210105" suipianID="220105" jinjieNum="1" buwei="5" gongji="10" fangyu="15" shengming="100" wqSH="0" wqJM="0" wqBJ="0" wqRX="0" jnSH="0" jnJM="0" jnBJ="0" jnRX="0" pinzhiName="[06de34]绿色一阶秘宝[-]" showName="[06de34]青铜宝珠[-]" />
<MiBaoNew id="210106" nameID="210106" descID="210106" pinzhi="1" color="0" icon="210106" suipianID="220106" jinjieNum="1" buwei="6" gongji="13" fangyu="8" shengming="180" wqSH="0" wqJM="0" wqBJ="0" wqRX="0" jnSH="0" jnJM="0" jnBJ="0" jnRX="0" pinzhiName="[06de34]绿色一阶秘宝[-]" showName="[06de34]玉兔青铜鼎[-]" />
<MiBaoNew id="210107" nameID="210107" descID="210107" pinzhi="1" color="0" icon="210107" suipianID="220107" jinjieNum="1" buwei="7" gongji="6" fangyu="11" shengming="260" wqSH="0" wqJM="0" wqBJ="0" wqRX="0" jnSH="0" jnJM="0" jnBJ="0" jnRX="0" pinzhiName="[06de34]绿色一阶秘宝[-]" showName="[06de34]兔首青铜爵[-]" />
<MiBaoNew id="210108" nameID="210108" descID="210108" pinzhi="1" color="0" icon="210108" suipianID="220108" jinjieNum="1" buwei="8" gongji="7" fangyu="12" shengming="220" wqSH="0" wqJM="0" wqBJ="0" wqRX="0" jnSH="0" jnJM="0" jnBJ="0" jnRX="0" pinzhiName="[06de34]绿色一阶秘宝[-]" showName="[06de34]兔首青铜埙[-]" />
<MiBaoNew id="210109" nameID="210109" descID="210109" pinzhi="1" color="0" icon="210109" suipianID="220109" jinjieNum="1" buwei="9" gongji="14" fangyu="7" shengming="180" wqSH="0" wqJM="0" wqBJ="0" wqRX="0" jnSH="0" jnJM="0" jnBJ="0" jnRX="0" pinzhiName="[06de34]绿色一阶秘宝[-]" showName="[06de34]青铜宝卷[-]" />
<MiBaoNew id="210201" nameID="210201" descID="210201" pinzhi="2" color="1" icon="210201" suipianID="220201" jinjieNum="5" buwei="1" gongji="30" fangyu="10" shengming="400" wqSH="0" wqJM="0" wqBJ="0" wqRX="0" jnSH="0" jnJM="0" jnBJ="0" jnRX="0" pinzhiName="[00cbf0]蓝色一阶秘宝[-]" showName="[00cbf0]玛瑙扳指[-]" />
<MiBaoNew id="210202" nameID="210202" descID="210202" pinzhi="2" color="1" icon="210202" suipianID="220202" jinjieNum="5" buwei="2" gongji="10" fangyu="22" shengming="560" wqSH="0" wqJM="0" wqBJ="0" wqRX="0" jnSH="0" jnJM="0" jnBJ="0" jnRX="0" pinzhiName="[00cbf0]蓝色一阶秘宝[-]" showName="[00cbf0]玛瑙兵书[-]" />
<MiBaoNew id="210203" nameID="210203" descID="210203" pinzhi="2" color="1" icon="210203" suipianID="220203" jinjieNum="5" buwei="3" gongji="22" fangyu="14" shengming="480" wqSH="0" wqJM="0" wqBJ="0" wqRX="0" jnSH="0" jnJM="0" jnBJ="0" jnRX="0" pinzhiName="[00cbf0]蓝色一阶秘宝[-]" showName="[00cbf0]羊首玛瑙印[-]" />
<MiBaoNew id="210204" nameID="210204" descID="210204" pinzhi="2" color="1" icon="210204" suipianID="220204" jinjieNum="5" buwei="4" gongji="18" fangyu="28" shengming="280" wqSH="0" wqJM="0" wqBJ="0" wqRX="0" jnSH="0" jnJM="0" jnBJ="0" jnRX="0" pinzhiName="[00cbf0]蓝色一阶秘宝[-]" showName="[00cbf0]玛瑙双羊佩[-]" />
<MiBaoNew id="210205" nameID="210205" descID="210205" pinzhi="2" color="1" icon="210205" suipianID="220205" jinjieNum="5" buwei="5" gongji="20" fangyu="30" shengming="200" wqSH="0" wqJM="0" wqBJ="0" wqRX="0" jnSH="0" jnJM="0" jnBJ="0" jnRX="0" pinzhiName="[00cbf0]蓝色一阶秘宝[-]" showName="[00cbf0]玛瑙宝珠[-]" />
<MiBaoNew id="210206" nameID="210206" descID="210206" pinzhi="2" color="1" icon="210206" suipianID="220206" jinjieNum="5" buwei="6" gongji="26" fangyu="16" shengming="360" wqSH="0" wqJM="0" wqBJ="0" wqRX="0" jnSH="0" jnJM="0" jnBJ="0" jnRX="0" pinzhiName="[00cbf0]蓝色一阶秘宝[-]" showName="[00cbf0]玛瑙双羊鼎[-]" />
<MiBaoNew id="210207" nameID="210207" descID="210207" pinzhi="2" color="1" icon="210207" suipianID="220207" jinjieNum="5" buwei="7" gongji="12" fangyu="22" shengming="520" wqSH="0" wqJM="0" wqBJ="0" wqRX="0" jnSH="0" jnJM="0" jnBJ="0" jnRX="0" pinzhiName="[00cbf0]蓝色一阶秘宝[-]" showName="[00cbf0]玛瑙双羊爵[-]" />
<MiBaoNew id="210208" nameID="210208" descID="210208" pinzhi="2" color="1" icon="210208" suipianID="220208" jinjieNum="5" buwei="8" gongji="14" fangyu="24" shengming="440" wqSH="0" wqJM="0" wqBJ="0" wqRX="0" jnSH="0" jnJM="0" jnBJ="0" jnRX="0" pinzhiName="[00cbf0]蓝色一阶秘宝[-]" showName="[00cbf0]玛瑙双羊埙[-]" />
<MiBaoNew id="210209" nameID="210209" descID="210209" pinzhi="2" color="1" icon="210209" suipianID="220209" jinjieNum="5" buwei="9" gongji="28" fangyu="14" shengming="360" wqSH="0" wqJM="0" wqBJ="0" wqRX="0" jnSH="0" jnJM="0" jnBJ="0" jnRX="0" pinzhiName="[00cbf0]蓝色一阶秘宝[-]" showName="[00cbf0]玛瑙宝卷[-]" />
<MiBaoNew id="210301" nameID="210301" descID="210301" pinzhi="3" color="2" icon="210301" suipianID="220301" jinjieNum="10" buwei="1" gongji="45" fangyu="15" shengming="600" wqSH="0" wqJM="0" wqBJ="0" wqRX="0" jnSH="0" jnJM="0" jnBJ="0" jnRX="0" pinzhiName="[00cbf0]蓝色二阶秘宝[-]" showName="[00cbf0]黄玉扳指[-]" />
<MiBaoNew id="210302" nameID="210302" descID="210302" pinzhi="3" color="2" icon="210302" suipianID="220302" jinjieNum="10" buwei="2" gongji="15" fangyu="33" shengming="840" wqSH="0" wqJM="0" wqBJ="0" wqRX="0" jnSH="0" jnJM="0" jnBJ="0" jnRX="0" pinzhiName="[00cbf0]蓝色二阶秘宝[-]" showName="[00cbf0]黄玉兵书[-]" />
<MiBaoNew id="210303" nameID="210303" descID="210303" pinzhi="3" color="2" icon="210303" suipianID="220303" jinjieNum="10" buwei="3" gongji="33" fangyu="21" shengming="720" wqSH="0" wqJM="0" wqBJ="0" wqRX="0" jnSH="0" jnJM="0" jnBJ="0" jnRX="0" pinzhiName="[00cbf0]蓝色二阶秘宝[-]" showName="[00cbf0]虎斑黄玉印[-]" />
<MiBaoNew id="210304" nameID="210304" descID="210304" pinzhi="3" color="2" icon="210304" suipianID="220304" jinjieNum="10" buwei="4" gongji="27" fangyu="42" shengming="420" wqSH="0" wqJM="0" wqBJ="0" wqRX="0" jnSH="0" jnJM="0" jnBJ="0" jnRX="0" pinzhiName="[00cbf0]蓝色二阶秘宝[-]" showName="[00cbf0]虎斑黄玉佩[-]" />
<MiBaoNew id="210305" nameID="210305" descID="210305" pinzhi="3" color="2" icon="210305" suipianID="220305" jinjieNum="10" buwei="5" gongji="30" fangyu="45" shengming="300" wqSH="0" wqJM="0" wqBJ="0" wqRX="0" jnSH="0" jnJM="0" jnBJ="0" jnRX="0" pinzhiName="[00cbf0]蓝色二阶秘宝[-]" showName="[00cbf0]黄玉宝珠[-]" />
<MiBaoNew id="210306" nameID="210306" descID="210306" pinzhi="3" color="2" icon="210306" suipianID="220306" jinjieNum="10" buwei="6" gongji="39" fangyu="24" shengming="540" wqSH="0" wqJM="0" wqBJ="0" wqRX="0" jnSH="0" jnJM="0" jnBJ="0" jnRX="0" pinzhiName="[00cbf0]蓝色二阶秘宝[-]" showName="[00cbf0]虎斑黄玉鼎[-]" />
<MiBaoNew id="210307" nameID="210307" descID="210307" pinzhi="3" color="2" icon="210307" suipianID="220307" jinjieNum="10" buwei="7" gongji="18" fangyu="33" shengming="780" wqSH="0" wqJM="0" wqBJ="0" wqRX="0" jnSH="0" jnJM="0" jnBJ="0" jnRX="0" pinzhiName="[00cbf0]蓝色二阶秘宝[-]" showName="[00cbf0]虎斑黄玉爵[-]" />
<MiBaoNew id="210308" nameID="210308" descID="210308" pinzhi="3" color="2" icon="210308" suipianID="220308" jinjieNum="10" buwei="8" gongji="21" fangyu="36" shengming="660" wqSH="0" wqJM="0" wqBJ="0" wqRX="0" jnSH="0" jnJM="0" jnBJ="0" jnRX="0" pinzhiName="[00cbf0]蓝色二阶秘宝[-]" showName="[00cbf0]虎斑黄玉埙[-]" />
<MiBaoNew id="210309" nameID="210309" descID="210309" pinzhi="3" color="2" icon="210309" suipianID="220309" jinjieNum="10" buwei="9" gongji="42" fangyu="21" shengming="540" wqSH="0" wqJM="0" wqBJ="0" wqRX="0" jnSH="0" jnJM="0" jnBJ="0" jnRX="0" pinzhiName="[00cbf0]蓝色二阶秘宝[-]" showName="[00cbf0]黄玉宝卷[-]" />
<MiBaoNew id="210401" nameID="210401" descID="210401" pinzhi="4" color="3" icon="210401" suipianID="220401" jinjieNum="25" buwei="1" gongji="75" fangyu="25" shengming="1000" wqSH="0" wqJM="0" wqBJ="0" wqRX="0" jnSH="0" jnJM="0" jnBJ="0" jnRX="0" pinzhiName="[cb02d8]紫色一阶秘宝[-]" showName="[cb02d8]白银扳指[-]" />
<MiBaoNew id="210402" nameID="210402" descID="210402" pinzhi="4" color="3" icon="210402" suipianID="220402" jinjieNum="25" buwei="2" gongji="25" fangyu="55" shengming="1400" wqSH="0" wqJM="0" wqBJ="0" wqRX="0" jnSH="0" jnJM="0" jnBJ="0" jnRX="0" pinzhiName="[cb02d8]紫色一阶秘宝[-]" showName="[cb02d8]雕银孙子兵法[-]" />
<MiBaoNew id="210403" nameID="210403" descID="210403" pinzhi="4" color="3" icon="210403" suipianID="220403" jinjieNum="25" buwei="3" gongji="55" fangyu="35" shengming="1200" wqSH="0" wqJM="0" wqBJ="0" wqRX="0" jnSH="0" jnJM="0" jnBJ="0" jnRX="0" pinzhiName="[cb02d8]紫色一阶秘宝[-]" showName="[cb02d8]白银雕狮章[-]" />
<MiBaoNew id="210404" nameID="210404" descID="210404" pinzhi="4" color="3" icon="210404" suipianID="220404" jinjieNum="25" buwei="4" gongji="45" fangyu="70" shengming="700" wqSH="0" wqJM="0" wqBJ="0" wqRX="0" jnSH="0" jnJM="0" jnBJ="0" jnRX="0" pinzhiName="[cb02d8]紫色一阶秘宝[-]" showName="[cb02d8]白银狮吼佩[-]" />
<MiBaoNew id="210405" nameID="210405" descID="210405" pinzhi="4" color="3" icon="210405" suipianID="220405" jinjieNum="25" buwei="5" gongji="50" fangyu="75" shengming="500" wqSH="0" wqJM="0" wqBJ="0" wqRX="0" jnSH="0" jnJM="0" jnBJ="0" jnRX="0" pinzhiName="[cb02d8]紫色一阶秘宝[-]" showName="[cb02d8]雕银夜明珠[-]" />
<MiBaoNew id="210406" nameID="210406" descID="210406" pinzhi="4" color="3" icon="210406" suipianID="220406" jinjieNum="25" buwei="6" gongji="65" fangyu="40" shengming="900" wqSH="0" wqJM="0" wqBJ="0" wqRX="0" jnSH="0" jnJM="0" jnBJ="0" jnRX="0" pinzhiName="[cb02d8]紫色一阶秘宝[-]" showName="[cb02d8]白银雕狮鼎[-]" />
<MiBaoNew id="210407" nameID="210407" descID="210407" pinzhi="4" color="3" icon="210407" suipianID="220407" jinjieNum="25" buwei="7" gongji="30" fangyu="55" shengming="1300" wqSH="0" wqJM="0" wqBJ="0" wqRX="0" jnSH="0" jnJM="0" jnBJ="0" jnRX="0" pinzhiName="[cb02d8]紫色一阶秘宝[-]" showName="[cb02d8]白银狮吼杯[-]" />
<MiBaoNew id="210408" nameID="210408" descID="210408" pinzhi="4" color="3" icon="210408" suipianID="220408" jinjieNum="25" buwei="8" gongji="35" fangyu="60" shengming="1100" wqSH="0" wqJM="0" wqBJ="0" wqRX="0" jnSH="0" jnJM="0" jnBJ="0" jnRX="0" pinzhiName="[cb02d8]紫色一阶秘宝[-]" showName="[cb02d8]狮纹雕银箫[-]" />
<MiBaoNew id="210409" nameID="210409" descID="210409" pinzhi="4" color="3" icon="210409" suipianID="220409" jinjieNum="25" buwei="9" gongji="70" fangyu="35" shengming="900" wqSH="0" wqJM="0" wqBJ="0" wqRX="0" jnSH="0" jnJM="0" jnBJ="0" jnRX="0" pinzhiName="[cb02d8]紫色一阶秘宝[-]" showName="[cb02d8]白银宝卷[-]" />
<MiBaoNew id="210501" nameID="210501" descID="210501" pinzhi="5" color="4" icon="210501" suipianID="220501" jinjieNum="45" buwei="1" gongji="90" fangyu="30" shengming="1200" wqSH="0" wqJM="0" wqBJ="0" wqRX="0" jnSH="0" jnJM="0" jnBJ="0" jnRX="0" pinzhiName="[cb02d8]紫色二阶秘宝[-]" showName="[cb02d8]象牙扳指[-]" />
<MiBaoNew id="210502" nameID="210502" descID="210502" pinzhi="5" color="4" icon="210502" suipianID="220502" jinjieNum="45" buwei="2" gongji="30" fangyu="66" shengming="1680" wqSH="0" wqJM="0" wqBJ="0" wqRX="0" jnSH="0" jnJM="0" jnBJ="0" jnRX="0" pinzhiName="[cb02d8]紫色二阶秘宝[-]" showName="[cb02d8]镂金太公兵法[-]" />
<MiBaoNew id="210503" nameID="210503" descID="210503" pinzhi="5" color="4" icon="210503" suipianID="220503" jinjieNum="45" buwei="3" gongji="66" fangyu="42" shengming="1440" wqSH="0" wqJM="0" wqBJ="0" wqRX="0" jnSH="0" jnJM="0" jnBJ="0" jnRX="0" pinzhiName="[cb02d8]紫色二阶秘宝[-]" showName="[cb02d8]金珠象牙章[-]" />
<MiBaoNew id="210504" nameID="210504" descID="210504" pinzhi="5" color="4" icon="210504" suipianID="220504" jinjieNum="45" buwei="4" gongji="54" fangyu="84" shengming="840" wqSH="0" wqJM="0" wqBJ="0" wqRX="0" jnSH="0" jnJM="0" jnBJ="0" jnRX="0" pinzhiName="[cb02d8]紫色二阶秘宝[-]" showName="[cb02d8]金珠象牙佩[-]" />
<MiBaoNew id="210505" nameID="210505" descID="210505" pinzhi="5" color="4" icon="210505" suipianID="220505" jinjieNum="45" buwei="5" gongji="60" fangyu="90" shengming="600" wqSH="0" wqJM="0" wqBJ="0" wqRX="0" jnSH="0" jnJM="0" jnBJ="0" jnRX="0" pinzhiName="[cb02d8]紫色二阶秘宝[-]" showName="[cb02d8]镂金夜明珠[-]" />
<MiBaoNew id="210506" nameID="210506" descID="210506" pinzhi="5" color="4" icon="210506" suipianID="220506" jinjieNum="45" buwei="6" gongji="78" fangyu="48" shengming="1080" wqSH="0" wqJM="0" wqBJ="0" wqRX="0" jnSH="0" jnJM="0" jnBJ="0" jnRX="0" pinzhiName="[cb02d8]紫色二阶秘宝[-]" showName="[cb02d8]金珠象牙鼎[-]" />
<MiBaoNew id="210507" nameID="210507" descID="210507" pinzhi="5" color="4" icon="210507" suipianID="220507" jinjieNum="45" buwei="7" gongji="36" fangyu="66" shengming="1560" wqSH="0" wqJM="0" wqBJ="0" wqRX="0" jnSH="0" jnJM="0" jnBJ="0" jnRX="0" pinzhiName="[cb02d8]紫色二阶秘宝[-]" showName="[cb02d8]金珠象牙杯[-]" />
<MiBaoNew id="210508" nameID="210508" descID="210508" pinzhi="5" color="4" icon="210508" suipianID="220508" jinjieNum="45" buwei="8" gongji="42" fangyu="72" shengming="1320" wqSH="0" wqJM="0" wqBJ="0" wqRX="0" jnSH="0" jnJM="0" jnBJ="0" jnRX="0" pinzhiName="[cb02d8]紫色二阶秘宝[-]" showName="[cb02d8]象牙镂金箫[-]" />
<MiBaoNew id="210509" nameID="210509" descID="210509" pinzhi="5" color="4" icon="210509" suipianID="220509" jinjieNum="45" buwei="9" gongji="84" fangyu="42" shengming="1080" wqSH="0" wqJM="0" wqBJ="0" wqRX="0" jnSH="0" jnJM="0" jnBJ="0" jnRX="0" pinzhiName="[cb02d8]紫色二阶秘宝[-]" showName="[cb02d8]象牙宝卷[-]" />
<MiBaoNew id="210601" nameID="210601" descID="210601" pinzhi="6" color="5" icon="210601" suipianID="220601" jinjieNum="75" buwei="1" gongji="120" fangyu="40" shengming="1600" wqSH="0" wqJM="0" wqBJ="0" wqRX="0" jnSH="0" jnJM="0" jnBJ="0" jnRX="0" pinzhiName="[cb02d8]紫色三阶秘宝[-]" showName="[cb02d8]玄武扳指[-]" />
<MiBaoNew id="210602" nameID="210602" descID="210602" pinzhi="6" color="5" icon="210602" suipianID="220602" jinjieNum="75" buwei="2" gongji="40" fangyu="88" shengming="2240" wqSH="0" wqJM="0" wqBJ="0" wqRX="0" jnSH="0" jnJM="0" jnBJ="0" jnRX="0" pinzhiName="[cb02d8]紫色三阶秘宝[-]" showName="[cb02d8]北帝玄武兵典[-]" />
<MiBaoNew id="210603" nameID="210603" descID="210603" pinzhi="6" color="5" icon="210603" suipianID="220603" jinjieNum="75" buwei="3" gongji="88" fangyu="56" shengming="1920" wqSH="0" wqJM="0" wqBJ="0" wqRX="0" jnSH="0" jnJM="0" jnBJ="0" jnRX="0" pinzhiName="[cb02d8]紫色三阶秘宝[-]" showName="[cb02d8]北帝玄武玺[-]" />
<MiBaoNew id="210604" nameID="210604" descID="210604" pinzhi="6" color="5" icon="210604" suipianID="220604" jinjieNum="75" buwei="4" gongji="72" fangyu="112" shengming="1120" wqSH="0" wqJM="0" wqBJ="0" wqRX="0" jnSH="0" jnJM="0" jnBJ="0" jnRX="0" pinzhiName="[cb02d8]紫色三阶秘宝[-]" showName="[cb02d8]北帝玄武佩[-]" />
<MiBaoNew id="210605" nameID="210605" descID="210605" pinzhi="6" color="5" icon="210605" suipianID="220605" jinjieNum="75" buwei="5" gongji="80" fangyu="120" shengming="800" wqSH="0" wqJM="0" wqBJ="0" wqRX="0" jnSH="0" jnJM="0" jnBJ="0" jnRX="0" pinzhiName="[cb02d8]紫色三阶秘宝[-]" showName="[cb02d8]北帝玄武神珠[-]" />
<MiBaoNew id="210606" nameID="210606" descID="210606" pinzhi="6" color="5" icon="210606" suipianID="220606" jinjieNum="75" buwei="6" gongji="104" fangyu="64" shengming="1440" wqSH="0" wqJM="0" wqBJ="0" wqRX="0" jnSH="0" jnJM="0" jnBJ="0" jnRX="0" pinzhiName="[cb02d8]紫色三阶秘宝[-]" showName="[cb02d8]北帝玄武鼎[-]" />
<MiBaoNew id="210607" nameID="210607" descID="210607" pinzhi="6" color="5" icon="210607" suipianID="220607" jinjieNum="75" buwei="7" gongji="48" fangyu="88" shengming="2080" wqSH="0" wqJM="0" wqBJ="0" wqRX="0" jnSH="0" jnJM="0" jnBJ="0" jnRX="0" pinzhiName="[cb02d8]紫色三阶秘宝[-]" showName="[cb02d8]北帝玄武尊[-]" />
<MiBaoNew id="210608" nameID="210608" descID="210608" pinzhi="6" color="5" icon="210608" suipianID="220608" jinjieNum="75" buwei="8" gongji="56" fangyu="96" shengming="1760" wqSH="0" wqJM="0" wqBJ="0" wqRX="0" jnSH="0" jnJM="0" jnBJ="0" jnRX="0" pinzhiName="[cb02d8]紫色三阶秘宝[-]" showName="[cb02d8]北帝玄武笙[-]" />
<MiBaoNew id="210609" nameID="210609" descID="210609" pinzhi="6" color="5" icon="210609" suipianID="220609" jinjieNum="75" buwei="9" gongji="112" fangyu="56" shengming="1440" wqSH="0" wqJM="0" wqBJ="0" wqRX="0" jnSH="0" jnJM="0" jnBJ="0" jnRX="0" pinzhiName="[cb02d8]紫色三阶秘宝[-]" showName="[cb02d8]玄武宝卷[-]" />
<MiBaoNew id="210701" nameID="210701" descID="210701" pinzhi="7" color="6" icon="210701" suipianID="220701" jinjieNum="100" buwei="1" gongji="150" fangyu="50" shengming="2000" wqSH="0" wqJM="0" wqBJ="0" wqRX="0" jnSH="0" jnJM="0" jnBJ="0" jnRX="0" pinzhiName="[e83b0d]橙色一阶秘宝[-]" showName="[e83b0d]朱雀扳指[-]" />
<MiBaoNew id="210702" nameID="210702" descID="210702" pinzhi="7" color="6" icon="210702" suipianID="220702" jinjieNum="100" buwei="2" gongji="50" fangyu="110" shengming="2800" wqSH="0" wqJM="0" wqBJ="0" wqRX="0" jnSH="0" jnJM="0" jnBJ="0" jnRX="0" pinzhiName="[e83b0d]橙色一阶秘宝[-]" showName="[e83b0d]神农朱雀兵典[-]" />
<MiBaoNew id="210703" nameID="210703" descID="210703" pinzhi="7" color="6" icon="210703" suipianID="220703" jinjieNum="100" buwei="3" gongji="110" fangyu="70" shengming="2400" wqSH="0" wqJM="0" wqBJ="0" wqRX="0" jnSH="0" jnJM="0" jnBJ="0" jnRX="0" pinzhiName="[e83b0d]橙色一阶秘宝[-]" showName="[e83b0d]神农朱雀玺[-]" />
<MiBaoNew id="210704" nameID="210704" descID="210704" pinzhi="7" color="6" icon="210704" suipianID="220704" jinjieNum="100" buwei="4" gongji="90" fangyu="140" shengming="1400" wqSH="0" wqJM="0" wqBJ="0" wqRX="0" jnSH="0" jnJM="0" jnBJ="0" jnRX="0" pinzhiName="[e83b0d]橙色一阶秘宝[-]" showName="[e83b0d]神农朱雀佩[-]" />
<MiBaoNew id="210705" nameID="210705" descID="210705" pinzhi="7" color="6" icon="210705" suipianID="220705" jinjieNum="100" buwei="5" gongji="100" fangyu="150" shengming="1000" wqSH="0" wqJM="0" wqBJ="0" wqRX="0" jnSH="0" jnJM="0" jnBJ="0" jnRX="0" pinzhiName="[e83b0d]橙色一阶秘宝[-]" showName="[e83b0d]神农朱雀神珠[-]" />
<MiBaoNew id="210706" nameID="210706" descID="210706" pinzhi="7" color="6" icon="210706" suipianID="220706" jinjieNum="100" buwei="6" gongji="130" fangyu="80" shengming="1800" wqSH="0" wqJM="0" wqBJ="0" wqRX="0" jnSH="0" jnJM="0" jnBJ="0" jnRX="0" pinzhiName="[e83b0d]橙色一阶秘宝[-]" showName="[e83b0d]神农朱雀鼎[-]" />
<MiBaoNew id="210707" nameID="210707" descID="210707" pinzhi="7" color="6" icon="210707" suipianID="220707" jinjieNum="100" buwei="7" gongji="60" fangyu="110" shengming="2600" wqSH="0" wqJM="0" wqBJ="0" wqRX="0" jnSH="0" jnJM="0" jnBJ="0" jnRX="0" pinzhiName="[e83b0d]橙色一阶秘宝[-]" showName="[e83b0d]神农朱雀尊[-]" />
<MiBaoNew id="210708" nameID="210708" descID="210708" pinzhi="7" color="6" icon="210708" suipianID="220708" jinjieNum="100" buwei="8" gongji="70" fangyu="120" shengming="2200" wqSH="0" wqJM="0" wqBJ="0" wqRX="0" jnSH="0" jnJM="0" jnBJ="0" jnRX="0" pinzhiName="[e83b0d]橙色一阶秘宝[-]" showName="[e83b0d]神农朱雀鼓[-]" />
<MiBaoNew id="210709" nameID="210709" descID="210709" pinzhi="7" color="6" icon="210709" suipianID="220709" jinjieNum="100" buwei="9" gongji="140" fangyu="70" shengming="1800" wqSH="0" wqJM="0" wqBJ="0" wqRX="0" jnSH="0" jnJM="0" jnBJ="0" jnRX="0" pinzhiName="[e83b0d]橙色一阶秘宝[-]" showName="[e83b0d]朱雀宝卷[-]" />
<MiBaoNew id="210801" nameID="210801" descID="210801" pinzhi="8" color="7" icon="210801" suipianID="220801" jinjieNum="125" buwei="1" gongji="150" fangyu="50" shengming="2000" wqSH="0" wqJM="0" wqBJ="0" wqRX="0" jnSH="0" jnJM="0" jnBJ="0" jnRX="0" pinzhiName="[e83b0d]橙色二阶秘宝[-]" showName="[e83b0d]白虎扳指[-]" />
<MiBaoNew id="210802" nameID="210802" descID="210802" pinzhi="8" color="7" icon="210802" suipianID="220802" jinjieNum="125" buwei="2" gongji="50" fangyu="110" shengming="2800" wqSH="0" wqJM="0" wqBJ="0" wqRX="0" jnSH="0" jnJM="0" jnBJ="0" jnRX="0" pinzhiName="[e83b0d]橙色二阶秘宝[-]" showName="[e83b0d]少昊白虎兵典[-]" />
<MiBaoNew id="210803" nameID="210803" descID="210803" pinzhi="8" color="7" icon="210803" suipianID="220803" jinjieNum="125" buwei="3" gongji="110" fangyu="70" shengming="2400" wqSH="0" wqJM="0" wqBJ="0" wqRX="0" jnSH="0" jnJM="0" jnBJ="0" jnRX="0" pinzhiName="[e83b0d]橙色二阶秘宝[-]" showName="[e83b0d]少昊白虎玺[-]" />
<MiBaoNew id="210804" nameID="210804" descID="210804" pinzhi="8" color="7" icon="210804" suipianID="220804" jinjieNum="125" buwei="4" gongji="90" fangyu="140" shengming="1400" wqSH="0" wqJM="0" wqBJ="0" wqRX="0" jnSH="0" jnJM="0" jnBJ="0" jnRX="0" pinzhiName="[e83b0d]橙色二阶秘宝[-]" showName="[e83b0d]少昊白虎佩[-]" />
<MiBaoNew id="210805" nameID="210805" descID="210805" pinzhi="8" color="7" icon="210805" suipianID="220805" jinjieNum="125" buwei="5" gongji="100" fangyu="150" shengming="1000" wqSH="0" wqJM="0" wqBJ="0" wqRX="0" jnSH="0" jnJM="0" jnBJ="0" jnRX="0" pinzhiName="[e83b0d]橙色二阶秘宝[-]" showName="[e83b0d]少昊白虎神珠[-]" />
<MiBaoNew id="210806" nameID="210806" descID="210806" pinzhi="8" color="7" icon="210806" suipianID="220806" jinjieNum="125" buwei="6" gongji="130" fangyu="80" shengming="1800" wqSH="0" wqJM="0" wqBJ="0" wqRX="0" jnSH="0" jnJM="0" jnBJ="0" jnRX="0" pinzhiName="[e83b0d]橙色二阶秘宝[-]" showName="[e83b0d]少昊白虎鼎[-]" />
<MiBaoNew id="210807" nameID="210807" descID="210807" pinzhi="8" color="7" icon="210807" suipianID="220807" jinjieNum="125" buwei="7" gongji="60" fangyu="110" shengming="2600" wqSH="0" wqJM="0" wqBJ="0" wqRX="0" jnSH="0" jnJM="0" jnBJ="0" jnRX="0" pinzhiName="[e83b0d]橙色二阶秘宝[-]" showName="[e83b0d]少昊白虎尊[-]" />
<MiBaoNew id="210808" nameID="210808" descID="210808" pinzhi="8" color="7" icon="210808" suipianID="220808" jinjieNum="125" buwei="8" gongji="70" fangyu="120" shengming="2200" wqSH="0" wqJM="0" wqBJ="0" wqRX="0" jnSH="0" jnJM="0" jnBJ="0" jnRX="0" pinzhiName="[e83b0d]橙色二阶秘宝[-]" showName="[e83b0d]少昊白虎钟[-]" />
<MiBaoNew id="210809" nameID="210809" descID="210809" pinzhi="8" color="7" icon="210809" suipianID="220809" jinjieNum="125" buwei="9" gongji="140" fangyu="70" shengming="1800" wqSH="0" wqJM="0" wqBJ="0" wqRX="0" jnSH="0" jnJM="0" jnBJ="0" jnRX="0" pinzhiName="[e83b0d]橙色二阶秘宝[-]" showName="[e83b0d]白虎宝卷[-]" />
<MiBaoNew id="210901" nameID="210901" descID="210901" pinzhi="9" color="8" icon="210901" suipianID="220901" jinjieNum="150" buwei="1" gongji="150" fangyu="50" shengming="2000" wqSH="0" wqJM="0" wqBJ="0" wqRX="0" jnSH="0" jnJM="0" jnBJ="0" jnRX="0" pinzhiName="[e83b0d]橙色三阶秘宝[-]" showName="[e83b0d]青龙扳指[-]" />
<MiBaoNew id="210902" nameID="210902" descID="210902" pinzhi="9" color="8" icon="210902" suipianID="220902" jinjieNum="150" buwei="2" gongji="50" fangyu="110" shengming="2800" wqSH="0" wqJM="0" wqBJ="0" wqRX="0" jnSH="0" jnJM="0" jnBJ="0" jnRX="0" pinzhiName="[e83b0d]橙色三阶秘宝[-]" showName="[e83b0d]羲皇青龙兵典[-]" />
<MiBaoNew id="210903" nameID="210903" descID="210903" pinzhi="9" color="8" icon="210903" suipianID="220903" jinjieNum="150" buwei="3" gongji="110" fangyu="70" shengming="2400" wqSH="0" wqJM="0" wqBJ="0" wqRX="0" jnSH="0" jnJM="0" jnBJ="0" jnRX="0" pinzhiName="[e83b0d]橙色三阶秘宝[-]" showName="[e83b0d]羲皇青龙玺[-]" />
<MiBaoNew id="210904" nameID="210904" descID="210904" pinzhi="9" color="8" icon="210904" suipianID="220904" jinjieNum="150" buwei="4" gongji="90" fangyu="140" shengming="1400" wqSH="0" wqJM="0" wqBJ="0" wqRX="0" jnSH="0" jnJM="0" jnBJ="0" jnRX="0" pinzhiName="[e83b0d]橙色三阶秘宝[-]" showName="[e83b0d]羲皇青龙佩[-]" />
<MiBaoNew id="210905" nameID="210905" descID="210905" pinzhi="9" color="8" icon="210905" suipianID="220905" jinjieNum="150" buwei="5" gongji="100" fangyu="150" shengming="1000" wqSH="0" wqJM="0" wqBJ="0" wqRX="0" jnSH="0" jnJM="0" jnBJ="0" jnRX="0" pinzhiName="[e83b0d]橙色三阶秘宝[-]" showName="[e83b0d]羲皇青龙神珠[-]" />
<MiBaoNew id="210906" nameID="210906" descID="210906" pinzhi="9" color="8" icon="210906" suipianID="220906" jinjieNum="150" buwei="6" gongji="130" fangyu="80" shengming="1800" wqSH="0" wqJM="0" wqBJ="0" wqRX="0" jnSH="0" jnJM="0" jnBJ="0" jnRX="0" pinzhiName="[e83b0d]橙色三阶秘宝[-]" showName="[e83b0d]羲皇青龙鼎[-]" />
<MiBaoNew id="210907" nameID="210907" descID="210907" pinzhi="9" color="8" icon="210907" suipianID="220907" jinjieNum="150" buwei="7" gongji="60" fangyu="110" shengming="2600" wqSH="0" wqJM="0" wqBJ="0" wqRX="0" jnSH="0" jnJM="0" jnBJ="0" jnRX="0" pinzhiName="[e83b0d]橙色三阶秘宝[-]" showName="[e83b0d]羲皇青龙尊[-]" />
<MiBaoNew id="210908" nameID="210908" descID="210908" pinzhi="9" color="8" icon="210908" suipianID="220908" jinjieNum="150" buwei="8" gongji="70" fangyu="120" shengming="2200" wqSH="0" wqJM="0" wqBJ="0" wqRX="0" jnSH="0" jnJM="0" jnBJ="0" jnRX="0" pinzhiName="[e83b0d]橙色三阶秘宝[-]" showName="[e83b0d]羲皇双龙琴[-]" />
<MiBaoNew id="210909" nameID="210909" descID="210909" pinzhi="9" color="8" icon="210909" suipianID="220909" jinjieNum="150" buwei="9" gongji="140" fangyu="70" shengming="1800" wqSH="0" wqJM="0" wqBJ="0" wqRX="0" jnSH="0" jnJM="0" jnBJ="0" jnRX="0" pinzhiName="[e83b0d]橙色三阶秘宝[-]" showName="[e83b0d]青龙宝卷[-]" />
</dataset>