<?xml version="1.0" encoding="UTF-8"?>
<dataset>
<MiBaoExtraAttribute id="301011" needlv="10" shuxing="E" name="技能伤害加深" Num="30" />
<MiBaoExtraAttribute id="301011" needlv="20" shuxing="E" name="技能伤害加深" Num="40" />
<MiBaoExtraAttribute id="301011" needlv="30" shuxing="E" name="技能伤害加深" Num="50" />
<MiBaoExtraAttribute id="301011" needlv="40" shuxing="E" name="技能伤害加深" Num="60" />
<MiBaoExtraAttribute id="301011" needlv="50" shuxing="E" name="技能伤害加深" Num="70" />
<MiBaoExtraAttribute id="301011" needlv="60" shuxing="E" name="技能伤害加深" Num="80" />
<MiBaoExtraAttribute id="301011" needlv="70" shuxing="E" name="技能伤害加深" Num="90" />
<MiBaoExtraAttribute id="301011" needlv="80" shuxing="E" name="技能伤害加深" Num="100" />
<MiBaoExtraAttribute id="301011" needlv="90" shuxing="E" name="技能伤害加深" Num="110" />
<MiBaoExtraAttribute id="301011" needlv="100" shuxing="E" name="技能伤害加深" Num="120" />
<MiBaoExtraAttribute id="301012" needlv="10" shuxing="E" name="技能伤害加深" Num="30" />
<MiBaoExtraAttribute id="301012" needlv="20" shuxing="E" name="技能伤害加深" Num="40" />
<MiBaoExtraAttribute id="301012" needlv="30" shuxing="E" name="技能伤害加深" Num="50" />
<MiBaoExtraAttribute id="301012" needlv="40" shuxing="E" name="技能伤害加深" Num="60" />
<MiBaoExtraAttribute id="301012" needlv="50" shuxing="E" name="技能伤害加深" Num="70" />
<MiBaoExtraAttribute id="301012" needlv="60" shuxing="E" name="技能伤害加深" Num="80" />
<MiBaoExtraAttribute id="301012" needlv="70" shuxing="E" name="技能伤害加深" Num="90" />
<MiBaoExtraAttribute id="301012" needlv="80" shuxing="E" name="技能伤害加深" Num="100" />
<MiBaoExtraAttribute id="301012" needlv="90" shuxing="E" name="技能伤害加深" Num="110" />
<MiBaoExtraAttribute id="301012" needlv="100" shuxing="E" name="技能伤害加深" Num="120" />
<MiBaoExtraAttribute id="301013" needlv="10" shuxing="E" name="技能伤害加深" Num="30" />
<MiBaoExtraAttribute id="301013" needlv="20" shuxing="E" name="技能伤害加深" Num="40" />
<MiBaoExtraAttribute id="301013" needlv="30" shuxing="E" name="技能伤害加深" Num="50" />
<MiBaoExtraAttribute id="301013" needlv="40" shuxing="E" name="技能伤害加深" Num="60" />
<MiBaoExtraAttribute id="301013" needlv="50" shuxing="E" name="技能伤害加深" Num="70" />
<MiBaoExtraAttribute id="301013" needlv="60" shuxing="E" name="技能伤害加深" Num="80" />
<MiBaoExtraAttribute id="301013" needlv="70" shuxing="E" name="技能伤害加深" Num="90" />
<MiBaoExtraAttribute id="301013" needlv="80" shuxing="E" name="技能伤害加深" Num="100" />
<MiBaoExtraAttribute id="301013" needlv="90" shuxing="E" name="技能伤害加深" Num="110" />
<MiBaoExtraAttribute id="301013" needlv="100" shuxing="E" name="技能伤害加深" Num="120" />
<MiBaoExtraAttribute id="301021" needlv="10" shuxing="A" name="武器伤害加深" Num="30" />
<MiBaoExtraAttribute id="301021" needlv="20" shuxing="A" name="武器伤害加深" Num="40" />
<MiBaoExtraAttribute id="301021" needlv="30" shuxing="A" name="武器伤害加深" Num="50" />
<MiBaoExtraAttribute id="301021" needlv="40" shuxing="A" name="武器伤害加深" Num="60" />
<MiBaoExtraAttribute id="301021" needlv="50" shuxing="A" name="武器伤害加深" Num="70" />
<MiBaoExtraAttribute id="301021" needlv="60" shuxing="A" name="武器伤害加深" Num="80" />
<MiBaoExtraAttribute id="301021" needlv="70" shuxing="A" name="武器伤害加深" Num="90" />
<MiBaoExtraAttribute id="301021" needlv="80" shuxing="A" name="武器伤害加深" Num="100" />
<MiBaoExtraAttribute id="301021" needlv="90" shuxing="A" name="武器伤害加深" Num="110" />
<MiBaoExtraAttribute id="301021" needlv="100" shuxing="A" name="武器伤害加深" Num="120" />
<MiBaoExtraAttribute id="301022" needlv="10" shuxing="A" name="武器伤害加深" Num="30" />
<MiBaoExtraAttribute id="301022" needlv="20" shuxing="A" name="武器伤害加深" Num="40" />
<MiBaoExtraAttribute id="301022" needlv="30" shuxing="A" name="武器伤害加深" Num="50" />
<MiBaoExtraAttribute id="301022" needlv="40" shuxing="A" name="武器伤害加深" Num="60" />
<MiBaoExtraAttribute id="301022" needlv="50" shuxing="A" name="武器伤害加深" Num="70" />
<MiBaoExtraAttribute id="301022" needlv="60" shuxing="A" name="武器伤害加深" Num="80" />
<MiBaoExtraAttribute id="301022" needlv="70" shuxing="A" name="武器伤害加深" Num="90" />
<MiBaoExtraAttribute id="301022" needlv="80" shuxing="A" name="武器伤害加深" Num="100" />
<MiBaoExtraAttribute id="301022" needlv="90" shuxing="A" name="武器伤害加深" Num="110" />
<MiBaoExtraAttribute id="301022" needlv="100" shuxing="A" name="武器伤害加深" Num="120" />
<MiBaoExtraAttribute id="301023" needlv="10" shuxing="A" name="武器伤害加深" Num="30" />
<MiBaoExtraAttribute id="301023" needlv="20" shuxing="A" name="武器伤害加深" Num="40" />
<MiBaoExtraAttribute id="301023" needlv="30" shuxing="A" name="武器伤害加深" Num="50" />
<MiBaoExtraAttribute id="301023" needlv="40" shuxing="A" name="武器伤害加深" Num="60" />
<MiBaoExtraAttribute id="301023" needlv="50" shuxing="A" name="武器伤害加深" Num="70" />
<MiBaoExtraAttribute id="301023" needlv="60" shuxing="A" name="武器伤害加深" Num="80" />
<MiBaoExtraAttribute id="301023" needlv="70" shuxing="A" name="武器伤害加深" Num="90" />
<MiBaoExtraAttribute id="301023" needlv="80" shuxing="A" name="武器伤害加深" Num="100" />
<MiBaoExtraAttribute id="301023" needlv="90" shuxing="A" name="武器伤害加深" Num="110" />
<MiBaoExtraAttribute id="301023" needlv="100" shuxing="A" name="武器伤害加深" Num="120" />
<MiBaoExtraAttribute id="301031" needlv="10" shuxing="F" name="技能伤害减免" Num="30" />
<MiBaoExtraAttribute id="301031" needlv="20" shuxing="F" name="技能伤害减免" Num="40" />
<MiBaoExtraAttribute id="301031" needlv="30" shuxing="F" name="技能伤害减免" Num="50" />
<MiBaoExtraAttribute id="301031" needlv="40" shuxing="F" name="技能伤害减免" Num="60" />
<MiBaoExtraAttribute id="301031" needlv="50" shuxing="F" name="技能伤害减免" Num="70" />
<MiBaoExtraAttribute id="301031" needlv="60" shuxing="F" name="技能伤害减免" Num="80" />
<MiBaoExtraAttribute id="301031" needlv="70" shuxing="F" name="技能伤害减免" Num="90" />
<MiBaoExtraAttribute id="301031" needlv="80" shuxing="F" name="技能伤害减免" Num="100" />
<MiBaoExtraAttribute id="301031" needlv="90" shuxing="F" name="技能伤害减免" Num="110" />
<MiBaoExtraAttribute id="301031" needlv="100" shuxing="F" name="技能伤害减免" Num="120" />
<MiBaoExtraAttribute id="301032" needlv="10" shuxing="F" name="技能伤害减免" Num="30" />
<MiBaoExtraAttribute id="301032" needlv="20" shuxing="F" name="技能伤害减免" Num="40" />
<MiBaoExtraAttribute id="301032" needlv="30" shuxing="F" name="技能伤害减免" Num="50" />
<MiBaoExtraAttribute id="301032" needlv="40" shuxing="F" name="技能伤害减免" Num="60" />
<MiBaoExtraAttribute id="301032" needlv="50" shuxing="F" name="技能伤害减免" Num="70" />
<MiBaoExtraAttribute id="301032" needlv="60" shuxing="F" name="技能伤害减免" Num="80" />
<MiBaoExtraAttribute id="301032" needlv="70" shuxing="F" name="技能伤害减免" Num="90" />
<MiBaoExtraAttribute id="301032" needlv="80" shuxing="F" name="技能伤害减免" Num="100" />
<MiBaoExtraAttribute id="301032" needlv="90" shuxing="F" name="技能伤害减免" Num="110" />
<MiBaoExtraAttribute id="301032" needlv="100" shuxing="F" name="技能伤害减免" Num="120" />
<MiBaoExtraAttribute id="301033" needlv="10" shuxing="F" name="技能伤害减免" Num="30" />
<MiBaoExtraAttribute id="301033" needlv="20" shuxing="F" name="技能伤害减免" Num="40" />
<MiBaoExtraAttribute id="301033" needlv="30" shuxing="F" name="技能伤害减免" Num="50" />
<MiBaoExtraAttribute id="301033" needlv="40" shuxing="F" name="技能伤害减免" Num="60" />
<MiBaoExtraAttribute id="301033" needlv="50" shuxing="F" name="技能伤害减免" Num="70" />
<MiBaoExtraAttribute id="301033" needlv="60" shuxing="F" name="技能伤害减免" Num="80" />
<MiBaoExtraAttribute id="301033" needlv="70" shuxing="F" name="技能伤害减免" Num="90" />
<MiBaoExtraAttribute id="301033" needlv="80" shuxing="F" name="技能伤害减免" Num="100" />
<MiBaoExtraAttribute id="301033" needlv="90" shuxing="F" name="技能伤害减免" Num="110" />
<MiBaoExtraAttribute id="301033" needlv="100" shuxing="F" name="技能伤害减免" Num="120" />
<MiBaoExtraAttribute id="301041" needlv="10" shuxing="B" name="武器伤害抵抗" Num="30" />
<MiBaoExtraAttribute id="301041" needlv="20" shuxing="B" name="武器伤害抵抗" Num="40" />
<MiBaoExtraAttribute id="301041" needlv="30" shuxing="B" name="武器伤害抵抗" Num="50" />
<MiBaoExtraAttribute id="301041" needlv="40" shuxing="B" name="武器伤害抵抗" Num="60" />
<MiBaoExtraAttribute id="301041" needlv="50" shuxing="B" name="武器伤害抵抗" Num="70" />
<MiBaoExtraAttribute id="301041" needlv="60" shuxing="B" name="武器伤害抵抗" Num="80" />
<MiBaoExtraAttribute id="301041" needlv="70" shuxing="B" name="武器伤害抵抗" Num="90" />
<MiBaoExtraAttribute id="301041" needlv="80" shuxing="B" name="武器伤害抵抗" Num="100" />
<MiBaoExtraAttribute id="301041" needlv="90" shuxing="B" name="武器伤害抵抗" Num="110" />
<MiBaoExtraAttribute id="301041" needlv="100" shuxing="B" name="武器伤害抵抗" Num="120" />
<MiBaoExtraAttribute id="301042" needlv="10" shuxing="B" name="武器伤害抵抗" Num="30" />
<MiBaoExtraAttribute id="301042" needlv="20" shuxing="B" name="武器伤害抵抗" Num="40" />
<MiBaoExtraAttribute id="301042" needlv="30" shuxing="B" name="武器伤害抵抗" Num="50" />
<MiBaoExtraAttribute id="301042" needlv="40" shuxing="B" name="武器伤害抵抗" Num="60" />
<MiBaoExtraAttribute id="301042" needlv="50" shuxing="B" name="武器伤害抵抗" Num="70" />
<MiBaoExtraAttribute id="301042" needlv="60" shuxing="B" name="武器伤害抵抗" Num="80" />
<MiBaoExtraAttribute id="301042" needlv="70" shuxing="B" name="武器伤害抵抗" Num="90" />
<MiBaoExtraAttribute id="301042" needlv="80" shuxing="B" name="武器伤害抵抗" Num="100" />
<MiBaoExtraAttribute id="301042" needlv="90" shuxing="B" name="武器伤害抵抗" Num="110" />
<MiBaoExtraAttribute id="301042" needlv="100" shuxing="B" name="武器伤害抵抗" Num="120" />
<MiBaoExtraAttribute id="301043" needlv="10" shuxing="B" name="武器伤害抵抗" Num="30" />
<MiBaoExtraAttribute id="301043" needlv="20" shuxing="B" name="武器伤害抵抗" Num="40" />
<MiBaoExtraAttribute id="301043" needlv="30" shuxing="B" name="武器伤害抵抗" Num="50" />
<MiBaoExtraAttribute id="301043" needlv="40" shuxing="B" name="武器伤害抵抗" Num="60" />
<MiBaoExtraAttribute id="301043" needlv="50" shuxing="B" name="武器伤害抵抗" Num="70" />
<MiBaoExtraAttribute id="301043" needlv="60" shuxing="B" name="武器伤害抵抗" Num="80" />
<MiBaoExtraAttribute id="301043" needlv="70" shuxing="B" name="武器伤害抵抗" Num="90" />
<MiBaoExtraAttribute id="301043" needlv="80" shuxing="B" name="武器伤害抵抗" Num="100" />
<MiBaoExtraAttribute id="301043" needlv="90" shuxing="B" name="武器伤害抵抗" Num="110" />
<MiBaoExtraAttribute id="301043" needlv="100" shuxing="B" name="武器伤害抵抗" Num="120" />
<MiBaoExtraAttribute id="301051" needlv="10" shuxing="D" name="武器暴击抵抗" Num="30" />
<MiBaoExtraAttribute id="301051" needlv="20" shuxing="D" name="武器暴击抵抗" Num="40" />
<MiBaoExtraAttribute id="301051" needlv="30" shuxing="D" name="武器暴击抵抗" Num="50" />
<MiBaoExtraAttribute id="301051" needlv="40" shuxing="D" name="武器暴击抵抗" Num="60" />
<MiBaoExtraAttribute id="301051" needlv="50" shuxing="D" name="武器暴击抵抗" Num="70" />
<MiBaoExtraAttribute id="301051" needlv="60" shuxing="D" name="武器暴击抵抗" Num="80" />
<MiBaoExtraAttribute id="301051" needlv="70" shuxing="D" name="武器暴击抵抗" Num="90" />
<MiBaoExtraAttribute id="301051" needlv="80" shuxing="D" name="武器暴击抵抗" Num="100" />
<MiBaoExtraAttribute id="301051" needlv="90" shuxing="D" name="武器暴击抵抗" Num="110" />
<MiBaoExtraAttribute id="301051" needlv="100" shuxing="D" name="武器暴击抵抗" Num="120" />
<MiBaoExtraAttribute id="301052" needlv="10" shuxing="D" name="武器暴击抵抗" Num="30" />
<MiBaoExtraAttribute id="301052" needlv="20" shuxing="D" name="武器暴击抵抗" Num="40" />
<MiBaoExtraAttribute id="301052" needlv="30" shuxing="D" name="武器暴击抵抗" Num="50" />
<MiBaoExtraAttribute id="301052" needlv="40" shuxing="D" name="武器暴击抵抗" Num="60" />
<MiBaoExtraAttribute id="301052" needlv="50" shuxing="D" name="武器暴击抵抗" Num="70" />
<MiBaoExtraAttribute id="301052" needlv="60" shuxing="D" name="武器暴击抵抗" Num="80" />
<MiBaoExtraAttribute id="301052" needlv="70" shuxing="D" name="武器暴击抵抗" Num="90" />
<MiBaoExtraAttribute id="301052" needlv="80" shuxing="D" name="武器暴击抵抗" Num="100" />
<MiBaoExtraAttribute id="301052" needlv="90" shuxing="D" name="武器暴击抵抗" Num="110" />
<MiBaoExtraAttribute id="301052" needlv="100" shuxing="D" name="武器暴击抵抗" Num="120" />
<MiBaoExtraAttribute id="301053" needlv="10" shuxing="D" name="武器暴击抵抗" Num="30" />
<MiBaoExtraAttribute id="301053" needlv="20" shuxing="D" name="武器暴击抵抗" Num="40" />
<MiBaoExtraAttribute id="301053" needlv="30" shuxing="D" name="武器暴击抵抗" Num="50" />
<MiBaoExtraAttribute id="301053" needlv="40" shuxing="D" name="武器暴击抵抗" Num="60" />
<MiBaoExtraAttribute id="301053" needlv="50" shuxing="D" name="武器暴击抵抗" Num="70" />
<MiBaoExtraAttribute id="301053" needlv="60" shuxing="D" name="武器暴击抵抗" Num="80" />
<MiBaoExtraAttribute id="301053" needlv="70" shuxing="D" name="武器暴击抵抗" Num="90" />
<MiBaoExtraAttribute id="301053" needlv="80" shuxing="D" name="武器暴击抵抗" Num="100" />
<MiBaoExtraAttribute id="301053" needlv="90" shuxing="D" name="武器暴击抵抗" Num="110" />
<MiBaoExtraAttribute id="301053" needlv="100" shuxing="D" name="武器暴击抵抗" Num="120" />
<MiBaoExtraAttribute id="301061" needlv="10" shuxing="H" name="技能暴击抵抗" Num="30" />
<MiBaoExtraAttribute id="301061" needlv="20" shuxing="H" name="技能暴击抵抗" Num="40" />
<MiBaoExtraAttribute id="301061" needlv="30" shuxing="H" name="技能暴击抵抗" Num="50" />
<MiBaoExtraAttribute id="301061" needlv="40" shuxing="H" name="技能暴击抵抗" Num="60" />
<MiBaoExtraAttribute id="301061" needlv="50" shuxing="H" name="技能暴击抵抗" Num="70" />
<MiBaoExtraAttribute id="301061" needlv="60" shuxing="H" name="技能暴击抵抗" Num="80" />
<MiBaoExtraAttribute id="301061" needlv="70" shuxing="H" name="技能暴击抵抗" Num="90" />
<MiBaoExtraAttribute id="301061" needlv="80" shuxing="H" name="技能暴击抵抗" Num="100" />
<MiBaoExtraAttribute id="301061" needlv="90" shuxing="H" name="技能暴击抵抗" Num="110" />
<MiBaoExtraAttribute id="301061" needlv="100" shuxing="H" name="技能暴击抵抗" Num="120" />
<MiBaoExtraAttribute id="301062" needlv="10" shuxing="H" name="技能暴击抵抗" Num="30" />
<MiBaoExtraAttribute id="301062" needlv="20" shuxing="H" name="技能暴击抵抗" Num="40" />
<MiBaoExtraAttribute id="301062" needlv="30" shuxing="H" name="技能暴击抵抗" Num="50" />
<MiBaoExtraAttribute id="301062" needlv="40" shuxing="H" name="技能暴击抵抗" Num="60" />
<MiBaoExtraAttribute id="301062" needlv="50" shuxing="H" name="技能暴击抵抗" Num="70" />
<MiBaoExtraAttribute id="301062" needlv="60" shuxing="H" name="技能暴击抵抗" Num="80" />
<MiBaoExtraAttribute id="301062" needlv="70" shuxing="H" name="技能暴击抵抗" Num="90" />
<MiBaoExtraAttribute id="301062" needlv="80" shuxing="H" name="技能暴击抵抗" Num="100" />
<MiBaoExtraAttribute id="301062" needlv="90" shuxing="H" name="技能暴击抵抗" Num="110" />
<MiBaoExtraAttribute id="301062" needlv="100" shuxing="H" name="技能暴击抵抗" Num="120" />
<MiBaoExtraAttribute id="301063" needlv="10" shuxing="H" name="技能暴击抵抗" Num="30" />
<MiBaoExtraAttribute id="301063" needlv="20" shuxing="H" name="技能暴击抵抗" Num="40" />
<MiBaoExtraAttribute id="301063" needlv="30" shuxing="H" name="技能暴击抵抗" Num="50" />
<MiBaoExtraAttribute id="301063" needlv="40" shuxing="H" name="技能暴击抵抗" Num="60" />
<MiBaoExtraAttribute id="301063" needlv="50" shuxing="H" name="技能暴击抵抗" Num="70" />
<MiBaoExtraAttribute id="301063" needlv="60" shuxing="H" name="技能暴击抵抗" Num="80" />
<MiBaoExtraAttribute id="301063" needlv="70" shuxing="H" name="技能暴击抵抗" Num="90" />
<MiBaoExtraAttribute id="301063" needlv="80" shuxing="H" name="技能暴击抵抗" Num="100" />
<MiBaoExtraAttribute id="301063" needlv="90" shuxing="H" name="技能暴击抵抗" Num="110" />
<MiBaoExtraAttribute id="301063" needlv="100" shuxing="H" name="技能暴击抵抗" Num="120" />
<MiBaoExtraAttribute id="301071" needlv="10" shuxing="G" name="技能暴击加深" Num="30" />
<MiBaoExtraAttribute id="301071" needlv="20" shuxing="G" name="技能暴击加深" Num="40" />
<MiBaoExtraAttribute id="301071" needlv="30" shuxing="G" name="技能暴击加深" Num="50" />
<MiBaoExtraAttribute id="301071" needlv="40" shuxing="G" name="技能暴击加深" Num="60" />
<MiBaoExtraAttribute id="301071" needlv="50" shuxing="G" name="技能暴击加深" Num="70" />
<MiBaoExtraAttribute id="301071" needlv="60" shuxing="G" name="技能暴击加深" Num="80" />
<MiBaoExtraAttribute id="301071" needlv="70" shuxing="G" name="技能暴击加深" Num="90" />
<MiBaoExtraAttribute id="301071" needlv="80" shuxing="G" name="技能暴击加深" Num="100" />
<MiBaoExtraAttribute id="301071" needlv="90" shuxing="G" name="技能暴击加深" Num="110" />
<MiBaoExtraAttribute id="301071" needlv="100" shuxing="G" name="技能暴击加深" Num="120" />
<MiBaoExtraAttribute id="301072" needlv="10" shuxing="G" name="技能暴击加深" Num="30" />
<MiBaoExtraAttribute id="301072" needlv="20" shuxing="G" name="技能暴击加深" Num="40" />
<MiBaoExtraAttribute id="301072" needlv="30" shuxing="G" name="技能暴击加深" Num="50" />
<MiBaoExtraAttribute id="301072" needlv="40" shuxing="G" name="技能暴击加深" Num="60" />
<MiBaoExtraAttribute id="301072" needlv="50" shuxing="G" name="技能暴击加深" Num="70" />
<MiBaoExtraAttribute id="301072" needlv="60" shuxing="G" name="技能暴击加深" Num="80" />
<MiBaoExtraAttribute id="301072" needlv="70" shuxing="G" name="技能暴击加深" Num="90" />
<MiBaoExtraAttribute id="301072" needlv="80" shuxing="G" name="技能暴击加深" Num="100" />
<MiBaoExtraAttribute id="301072" needlv="90" shuxing="G" name="技能暴击加深" Num="110" />
<MiBaoExtraAttribute id="301072" needlv="100" shuxing="G" name="技能暴击加深" Num="120" />
<MiBaoExtraAttribute id="301073" needlv="10" shuxing="G" name="技能暴击加深" Num="30" />
<MiBaoExtraAttribute id="301073" needlv="20" shuxing="G" name="技能暴击加深" Num="40" />
<MiBaoExtraAttribute id="301073" needlv="30" shuxing="G" name="技能暴击加深" Num="50" />
<MiBaoExtraAttribute id="301073" needlv="40" shuxing="G" name="技能暴击加深" Num="60" />
<MiBaoExtraAttribute id="301073" needlv="50" shuxing="G" name="技能暴击加深" Num="70" />
<MiBaoExtraAttribute id="301073" needlv="60" shuxing="G" name="技能暴击加深" Num="80" />
<MiBaoExtraAttribute id="301073" needlv="70" shuxing="G" name="技能暴击加深" Num="90" />
<MiBaoExtraAttribute id="301073" needlv="80" shuxing="G" name="技能暴击加深" Num="100" />
<MiBaoExtraAttribute id="301073" needlv="90" shuxing="G" name="技能暴击加深" Num="110" />
<MiBaoExtraAttribute id="301073" needlv="100" shuxing="G" name="技能暴击加深" Num="120" />
</dataset>
