<?xml version="1.0" encoding="UTF-8"?>
<dataset>
<MiBaoNewSuiPian id="220101" nameID="220101" descID="220101" pinzhi="1" color="0" icon="220101" mibaoID="210101" guanqiaID="0:100102" pinzhiName="[06de34]绿色一阶秘宝碎片[-]" showName="[06de34]青铜扳指碎片[-]" />
<MiBaoNewSuiPian id="220102" nameID="220102" descID="220102" pinzhi="1" color="0" icon="220102" mibaoID="210102" guanqiaID="0:100103#1:100103" pinzhiName="[06de34]绿色一阶秘宝碎片[-]" showName="[06de34]青铜兵书碎片[-]" />
<MiBaoNewSuiPian id="220103" nameID="220103" descID="220103" pinzhi="1" color="0" icon="220103" mibaoID="210103" guanqiaID="0:100104" pinzhiName="[06de34]绿色一阶秘宝碎片[-]" showName="[06de34]玉兔青铜印碎片[-]" />
<MiBaoNewSuiPian id="220104" nameID="220104" descID="220104" pinzhi="1" color="0" icon="220104" mibaoID="210104" guanqiaID="0:100105#1:100105" pinzhiName="[06de34]绿色一阶秘宝碎片[-]" showName="[06de34]玉兔青铜佩碎片[-]" />
<MiBaoNewSuiPian id="220105" nameID="220105" descID="220105" pinzhi="1" color="0" icon="220105" mibaoID="210105" guanqiaID="0:100107#1:100107" pinzhiName="[06de34]绿色一阶秘宝碎片[-]" showName="[06de34]青铜宝珠碎片[-]" />
<MiBaoNewSuiPian id="220106" nameID="220106" descID="220106" pinzhi="1" color="0" icon="220106" mibaoID="210106" guanqiaID="0:100201" pinzhiName="[06de34]绿色一阶秘宝碎片[-]" showName="[06de34]玉兔青铜鼎碎片[-]" />
<MiBaoNewSuiPian id="220107" nameID="220107" descID="220107" pinzhi="1" color="0" icon="220107" mibaoID="210107" guanqiaID="0:100202" pinzhiName="[06de34]绿色一阶秘宝碎片[-]" showName="[06de34]兔首青铜爵碎片[-]" />
<MiBaoNewSuiPian id="220108" nameID="220108" descID="220108" pinzhi="1" color="0" icon="220108" mibaoID="210108" guanqiaID="0:100203#1:100203" pinzhiName="[06de34]绿色一阶秘宝碎片[-]" showName="[06de34]兔首青铜埙碎片[-]" />
<MiBaoNewSuiPian id="220109" nameID="220109" descID="220109" pinzhi="1" color="0" icon="220109" mibaoID="210109" guanqiaID="0:100204" pinzhiName="[06de34]绿色一阶秘宝碎片[-]" showName="[06de34]青铜宝卷碎片[-]" />
<MiBaoNewSuiPian id="220201" nameID="220201" descID="220201" pinzhi="2" color="0" icon="220201" mibaoID="210201" guanqiaID="0:100205#1:100205" pinzhiName="[00cbf0]蓝色一阶秘宝碎片[-]" showName="[00cbf0]玛瑙扳指碎片[-]" />
<MiBaoNewSuiPian id="220202" nameID="220202" descID="220202" pinzhi="2" color="0" icon="220202" mibaoID="210202" guanqiaID="0:100207#1:100207" pinzhiName="[00cbf0]蓝色一阶秘宝碎片[-]" showName="[00cbf0]玛瑙兵书碎片[-]" />
<MiBaoNewSuiPian id="220203" nameID="220203" descID="220203" pinzhi="2" color="0" icon="220203" mibaoID="210203" guanqiaID="0:100207#1:100207" pinzhiName="[00cbf0]蓝色一阶秘宝碎片[-]" showName="[00cbf0]羊首玛瑙印碎片[-]" />
<MiBaoNewSuiPian id="220204" nameID="220204" descID="220204" pinzhi="2" color="0" icon="220204" mibaoID="210204" guanqiaID="0:100303#1:100303" pinzhiName="[00cbf0]蓝色一阶秘宝碎片[-]" showName="[00cbf0]玛瑙双羊佩碎片[-]" />
<MiBaoNewSuiPian id="220205" nameID="220205" descID="220205" pinzhi="2" color="0" icon="220205" mibaoID="210205" guanqiaID="0:100303#1:100303" pinzhiName="[00cbf0]蓝色一阶秘宝碎片[-]" showName="[00cbf0]玛瑙宝珠碎片[-]" />
<MiBaoNewSuiPian id="220206" nameID="220206" descID="220206" pinzhi="2" color="0" icon="220206" mibaoID="210206" guanqiaID="0:100305#1:100305" pinzhiName="[00cbf0]蓝色一阶秘宝碎片[-]" showName="[00cbf0]玛瑙双羊鼎碎片[-]" />
<MiBaoNewSuiPian id="220207" nameID="220207" descID="220207" pinzhi="2" color="0" icon="220207" mibaoID="210207" guanqiaID="0:100305#1:100305" pinzhiName="[00cbf0]蓝色一阶秘宝碎片[-]" showName="[00cbf0]玛瑙双羊爵碎片[-]" />
<MiBaoNewSuiPian id="220208" nameID="220208" descID="220208" pinzhi="2" color="0" icon="220208" mibaoID="210208" guanqiaID="0:100307#1:100307" pinzhiName="[00cbf0]蓝色一阶秘宝碎片[-]" showName="[00cbf0]玛瑙双羊埙碎片[-]" />
<MiBaoNewSuiPian id="220209" nameID="220209" descID="220209" pinzhi="2" color="0" icon="220209" mibaoID="210209" guanqiaID="0:100307#1:100307" pinzhiName="[00cbf0]蓝色一阶秘宝碎片[-]" showName="[00cbf0]玛瑙宝卷碎片[-]" />
<MiBaoNewSuiPian id="220301" nameID="220301" descID="220301" pinzhi="3" color="0" icon="220301" mibaoID="210301" guanqiaID="0:100403#1:100403" pinzhiName="[00cbf0]蓝色二阶秘宝碎片[-]" showName="[00cbf0]黄玉扳指碎片[-]" />
<MiBaoNewSuiPian id="220302" nameID="220302" descID="220302" pinzhi="3" color="0" icon="220302" mibaoID="210302" guanqiaID="0:100406#1:100406" pinzhiName="[00cbf0]蓝色二阶秘宝碎片[-]" showName="[00cbf0]黄玉兵书碎片[-]" />
<MiBaoNewSuiPian id="220303" nameID="220303" descID="220303" pinzhi="3" color="0" icon="220303" mibaoID="210303" guanqiaID="0:100409#1:100409" pinzhiName="[00cbf0]蓝色二阶秘宝碎片[-]" showName="[00cbf0]虎斑黄玉印碎片[-]" />
<MiBaoNewSuiPian id="220304" nameID="220304" descID="220304" pinzhi="3" color="0" icon="220304" mibaoID="210304" guanqiaID="0:100409#1:100409" pinzhiName="[00cbf0]蓝色二阶秘宝碎片[-]" showName="[00cbf0]虎斑黄玉佩碎片[-]" />
<MiBaoNewSuiPian id="220305" nameID="220305" descID="220305" pinzhi="3" color="0" icon="220305" mibaoID="210305" guanqiaID="0:100503#1:100503" pinzhiName="[00cbf0]蓝色二阶秘宝碎片[-]" showName="[00cbf0]黄玉宝珠碎片[-]" />
<MiBaoNewSuiPian id="220306" nameID="220306" descID="220306" pinzhi="3" color="0" icon="220306" mibaoID="210306" guanqiaID="0:100506#1:100506" pinzhiName="[00cbf0]蓝色二阶秘宝碎片[-]" showName="[00cbf0]虎斑黄玉鼎碎片[-]" />
<MiBaoNewSuiPian id="220307" nameID="220307" descID="220307" pinzhi="3" color="0" icon="220307" mibaoID="210307" guanqiaID="0:100506#1:100506" pinzhiName="[00cbf0]蓝色二阶秘宝碎片[-]" showName="[00cbf0]虎斑黄玉爵碎片[-]" />
<MiBaoNewSuiPian id="220308" nameID="220308" descID="220308" pinzhi="3" color="0" icon="220308" mibaoID="210308" guanqiaID="0:100509#1:100509" pinzhiName="[00cbf0]蓝色二阶秘宝碎片[-]" showName="[00cbf0]虎斑黄玉埙碎片[-]" />
<MiBaoNewSuiPian id="220309" nameID="220309" descID="220309" pinzhi="3" color="0" icon="220309" mibaoID="210309" guanqiaID="0:100509#1:100509" pinzhiName="[00cbf0]蓝色二阶秘宝碎片[-]" showName="[00cbf0]黄玉宝卷碎片[-]" />
<MiBaoNewSuiPian id="220401" nameID="220401" descID="220401" pinzhi="4" color="0" icon="220401" mibaoID="210401" guanqiaID="0:100603#1:100603" pinzhiName="[cb02d8]紫色一阶秘宝碎片[-]" showName="[cb02d8]白银扳指碎片[-]" />
<MiBaoNewSuiPian id="220402" nameID="220402" descID="220402" pinzhi="4" color="0" icon="220402" mibaoID="210402" guanqiaID="0:100606#1:100606" pinzhiName="[cb02d8]紫色一阶秘宝碎片[-]" showName="[cb02d8]雕银孙子兵法碎片[-]" />
<MiBaoNewSuiPian id="220403" nameID="220403" descID="220403" pinzhi="4" color="0" icon="220403" mibaoID="210403" guanqiaID="0:100609#1:100609" pinzhiName="[cb02d8]紫色一阶秘宝碎片[-]" showName="[cb02d8]白银雕狮章碎片[-]" />
<MiBaoNewSuiPian id="220404" nameID="220404" descID="220404" pinzhi="4" color="0" icon="220404" mibaoID="210404" guanqiaID="0:100609#1:100609" pinzhiName="[cb02d8]紫色一阶秘宝碎片[-]" showName="[cb02d8]白银狮吼佩碎片[-]" />
<MiBaoNewSuiPian id="220405" nameID="220405" descID="220405" pinzhi="4" color="0" icon="220405" mibaoID="210405" guanqiaID="0:100703#1:100703" pinzhiName="[cb02d8]紫色一阶秘宝碎片[-]" showName="[cb02d8]雕银夜明珠碎片[-]" />
<MiBaoNewSuiPian id="220406" nameID="220406" descID="220406" pinzhi="4" color="0" icon="220406" mibaoID="210406" guanqiaID="0:100706#1:100706" pinzhiName="[cb02d8]紫色一阶秘宝碎片[-]" showName="[cb02d8]白银雕狮鼎碎片[-]" />
<MiBaoNewSuiPian id="220407" nameID="220407" descID="220407" pinzhi="4" color="0" icon="220407" mibaoID="210407" guanqiaID="0:100706#1:100706" pinzhiName="[cb02d8]紫色一阶秘宝碎片[-]" showName="[cb02d8]白银狮吼杯碎片[-]" />
<MiBaoNewSuiPian id="220408" nameID="220408" descID="220408" pinzhi="4" color="0" icon="220408" mibaoID="210408" guanqiaID="0:100709#1:100709" pinzhiName="[cb02d8]紫色一阶秘宝碎片[-]" showName="[cb02d8]狮纹雕银箫碎片[-]" />
<MiBaoNewSuiPian id="220409" nameID="220409" descID="220409" pinzhi="4" color="0" icon="220409" mibaoID="210409" guanqiaID="0:100709#1:100709" pinzhiName="[cb02d8]紫色一阶秘宝碎片[-]" showName="[cb02d8]白银宝卷碎片[-]" />
<MiBaoNewSuiPian id="220501" nameID="220501" descID="220501" pinzhi="5" color="0" icon="220501" mibaoID="210501" guanqiaID="0:100803#1:100803" pinzhiName="[cb02d8]紫色二阶秘宝碎片[-]" showName="[cb02d8]象牙扳指碎片[-]" />
<MiBaoNewSuiPian id="220502" nameID="220502" descID="220502" pinzhi="5" color="0" icon="220502" mibaoID="210502" guanqiaID="0:100806#1:100806" pinzhiName="[cb02d8]紫色二阶秘宝碎片[-]" showName="[cb02d8]镂金太公兵法碎片[-]" />
<MiBaoNewSuiPian id="220503" nameID="220503" descID="220503" pinzhi="5" color="0" icon="220503" mibaoID="210503" guanqiaID="0:100809#1:100809" pinzhiName="[cb02d8]紫色二阶秘宝碎片[-]" showName="[cb02d8]金珠象牙章碎片[-]" />
<MiBaoNewSuiPian id="220504" nameID="220504" descID="220504" pinzhi="5" color="0" icon="220504" mibaoID="210504" guanqiaID="0:100903#1:100903" pinzhiName="[cb02d8]紫色二阶秘宝碎片[-]" showName="[cb02d8]金珠象牙佩碎片[-]" />
<MiBaoNewSuiPian id="220505" nameID="220505" descID="220505" pinzhi="5" color="0" icon="220505" mibaoID="210505" guanqiaID="0:100906#1:100906" pinzhiName="[cb02d8]紫色二阶秘宝碎片[-]" showName="[cb02d8]镂金夜明珠碎片[-]" />
<MiBaoNewSuiPian id="220506" nameID="220506" descID="220506" pinzhi="5" color="0" icon="220506" mibaoID="210506" guanqiaID="0:100909#1:100909" pinzhiName="[cb02d8]紫色二阶秘宝碎片[-]" showName="[cb02d8]金珠象牙鼎碎片[-]" />
<MiBaoNewSuiPian id="220507" nameID="220507" descID="220507" pinzhi="5" color="0" icon="220507" mibaoID="210507" guanqiaID="0:101003#1:101003" pinzhiName="[cb02d8]紫色二阶秘宝碎片[-]" showName="[cb02d8]金珠象牙杯碎片[-]" />
<MiBaoNewSuiPian id="220508" nameID="220508" descID="220508" pinzhi="5" color="0" icon="220508" mibaoID="210508" guanqiaID="0:101006#1:101006" pinzhiName="[cb02d8]紫色二阶秘宝碎片[-]" showName="[cb02d8]象牙镂金箫碎片[-]" />
<MiBaoNewSuiPian id="220509" nameID="220509" descID="220509" pinzhi="5" color="0" icon="220509" mibaoID="210509" guanqiaID="0:101009#1:101009" pinzhiName="[cb02d8]紫色二阶秘宝碎片[-]" showName="[cb02d8]象牙宝卷碎片[-]" />
<MiBaoNewSuiPian id="220601" nameID="220601" descID="220601" pinzhi="6" color="0" icon="220601" mibaoID="210601" guanqiaID="0:101103#1:101103" pinzhiName="[cb02d8]紫色三阶秘宝碎片[-]" showName="[cb02d8]玄武扳指碎片[-]" />
<MiBaoNewSuiPian id="220602" nameID="220602" descID="220602" pinzhi="6" color="0" icon="220602" mibaoID="210602" guanqiaID="0:101106#1:101106" pinzhiName="[cb02d8]紫色三阶秘宝碎片[-]" showName="[cb02d8]北帝玄武兵典碎片[-]" />
<MiBaoNewSuiPian id="220603" nameID="220603" descID="220603" pinzhi="6" color="0" icon="220603" mibaoID="210603" guanqiaID="0:101109#1:101109" pinzhiName="[cb02d8]紫色三阶秘宝碎片[-]" showName="[cb02d8]北帝玄武玺碎片[-]" />
<MiBaoNewSuiPian id="220604" nameID="220604" descID="220604" pinzhi="6" color="0" icon="220604" mibaoID="210604" guanqiaID="0:101203#1:101203" pinzhiName="[cb02d8]紫色三阶秘宝碎片[-]" showName="[cb02d8]北帝玄武佩碎片[-]" />
<MiBaoNewSuiPian id="220605" nameID="220605" descID="220605" pinzhi="6" color="0" icon="220605" mibaoID="210605" guanqiaID="0:101206#1:101206" pinzhiName="[cb02d8]紫色三阶秘宝碎片[-]" showName="[cb02d8]北帝玄武神珠碎片[-]" />
<MiBaoNewSuiPian id="220606" nameID="220606" descID="220606" pinzhi="6" color="0" icon="220606" mibaoID="210606" guanqiaID="0:101209#1:101209" pinzhiName="[cb02d8]紫色三阶秘宝碎片[-]" showName="[cb02d8]北帝玄武鼎碎片[-]" />
<MiBaoNewSuiPian id="220607" nameID="220607" descID="220607" pinzhi="6" color="0" icon="220607" mibaoID="210607" guanqiaID="0:101303#1:101303" pinzhiName="[cb02d8]紫色三阶秘宝碎片[-]" showName="[cb02d8]北帝玄武尊碎片[-]" />
<MiBaoNewSuiPian id="220608" nameID="220608" descID="220608" pinzhi="6" color="0" icon="220608" mibaoID="210608" guanqiaID="0:101306#1:101306" pinzhiName="[cb02d8]紫色三阶秘宝碎片[-]" showName="[cb02d8]北帝玄武笙碎片[-]" />
<MiBaoNewSuiPian id="220609" nameID="220609" descID="220609" pinzhi="6" color="0" icon="220609" mibaoID="210609" guanqiaID="0:101309#1:101309" pinzhiName="[cb02d8]紫色三阶秘宝碎片[-]" showName="[cb02d8]玄武宝卷碎片[-]" />
<MiBaoNewSuiPian id="220701" nameID="220701" descID="220701" pinzhi="7" color="0" icon="220701" mibaoID="210701" guanqiaID="0:101403#1:101403" pinzhiName="[e83b0d]橙色一阶秘宝碎片[-]" showName="[e83b0d]朱雀扳指碎片[-]" />
<MiBaoNewSuiPian id="220702" nameID="220702" descID="220702" pinzhi="7" color="0" icon="220702" mibaoID="210702" guanqiaID="0:101403#1:101403" pinzhiName="[e83b0d]橙色一阶秘宝碎片[-]" showName="[e83b0d]神农朱雀兵典碎片[-]" />
<MiBaoNewSuiPian id="220703" nameID="220703" descID="220703" pinzhi="7" color="0" icon="220703" mibaoID="210703" guanqiaID="0:101403#1:101403" pinzhiName="[e83b0d]橙色一阶秘宝碎片[-]" showName="[e83b0d]神农朱雀玺碎片[-]" />
<MiBaoNewSuiPian id="220704" nameID="220704" descID="220704" pinzhi="7" color="0" icon="220704" mibaoID="210704" guanqiaID="0:101403#1:101403" pinzhiName="[e83b0d]橙色一阶秘宝碎片[-]" showName="[e83b0d]神农朱雀佩碎片[-]" />
<MiBaoNewSuiPian id="220705" nameID="220705" descID="220705" pinzhi="7" color="0" icon="220705" mibaoID="210705" guanqiaID="0:101403#1:101403" pinzhiName="[e83b0d]橙色一阶秘宝碎片[-]" showName="[e83b0d]神农朱雀神珠碎片[-]" />
<MiBaoNewSuiPian id="220706" nameID="220706" descID="220706" pinzhi="7" color="0" icon="220706" mibaoID="210706" guanqiaID="0:101403#1:101403" pinzhiName="[e83b0d]橙色一阶秘宝碎片[-]" showName="[e83b0d]神农朱雀鼎碎片[-]" />
<MiBaoNewSuiPian id="220707" nameID="220707" descID="220707" pinzhi="7" color="0" icon="220707" mibaoID="210707" guanqiaID="0:101403#1:101403" pinzhiName="[e83b0d]橙色一阶秘宝碎片[-]" showName="[e83b0d]神农朱雀尊碎片[-]" />
<MiBaoNewSuiPian id="220708" nameID="220708" descID="220708" pinzhi="7" color="0" icon="220708" mibaoID="210708" guanqiaID="0:101403#1:101403" pinzhiName="[e83b0d]橙色一阶秘宝碎片[-]" showName="[e83b0d]神农朱雀鼓碎片[-]" />
<MiBaoNewSuiPian id="220709" nameID="220709" descID="220709" pinzhi="7" color="0" icon="220709" mibaoID="210709" guanqiaID="0:101403#1:101403" pinzhiName="[e83b0d]橙色一阶秘宝碎片[-]" showName="[e83b0d]朱雀宝卷碎片[-]" />
<MiBaoNewSuiPian id="220801" nameID="220801" descID="220801" pinzhi="8" color="0" icon="220801" mibaoID="210801" guanqiaID="0:101403#1:101403" pinzhiName="[e83b0d]橙色二阶秘宝碎片[-]" showName="[e83b0d]白虎扳指碎片[-]" />
<MiBaoNewSuiPian id="220802" nameID="220802" descID="220802" pinzhi="8" color="0" icon="220802" mibaoID="210802" guanqiaID="0:101403#1:101403" pinzhiName="[e83b0d]橙色二阶秘宝碎片[-]" showName="[e83b0d]少昊白虎兵典碎片[-]" />
<MiBaoNewSuiPian id="220803" nameID="220803" descID="220803" pinzhi="8" color="0" icon="220803" mibaoID="210803" guanqiaID="0:101403#1:101403" pinzhiName="[e83b0d]橙色二阶秘宝碎片[-]" showName="[e83b0d]少昊白虎玺碎片[-]" />
<MiBaoNewSuiPian id="220804" nameID="220804" descID="220804" pinzhi="8" color="0" icon="220804" mibaoID="210804" guanqiaID="0:101403#1:101403" pinzhiName="[e83b0d]橙色二阶秘宝碎片[-]" showName="[e83b0d]少昊白虎佩碎片[-]" />
<MiBaoNewSuiPian id="220805" nameID="220805" descID="220805" pinzhi="8" color="0" icon="220805" mibaoID="210805" guanqiaID="0:101403#1:101403" pinzhiName="[e83b0d]橙色二阶秘宝碎片[-]" showName="[e83b0d]少昊白虎神珠碎片[-]" />
<MiBaoNewSuiPian id="220806" nameID="220806" descID="220806" pinzhi="8" color="0" icon="220806" mibaoID="210806" guanqiaID="0:101403#1:101403" pinzhiName="[e83b0d]橙色二阶秘宝碎片[-]" showName="[e83b0d]少昊白虎鼎碎片[-]" />
<MiBaoNewSuiPian id="220807" nameID="220807" descID="220807" pinzhi="8" color="0" icon="220807" mibaoID="210807" guanqiaID="0:101403#1:101403" pinzhiName="[e83b0d]橙色二阶秘宝碎片[-]" showName="[e83b0d]少昊白虎尊碎片[-]" />
<MiBaoNewSuiPian id="220808" nameID="220808" descID="220808" pinzhi="8" color="0" icon="220808" mibaoID="210808" guanqiaID="0:101403#1:101403" pinzhiName="[e83b0d]橙色二阶秘宝碎片[-]" showName="[e83b0d]少昊白虎钟碎片[-]" />
<MiBaoNewSuiPian id="220809" nameID="220809" descID="220809" pinzhi="8" color="0" icon="220809" mibaoID="210809" guanqiaID="0:101403#1:101403" pinzhiName="[e83b0d]橙色二阶秘宝碎片[-]" showName="[e83b0d]白虎宝卷碎片[-]" />
<MiBaoNewSuiPian id="220901" nameID="220901" descID="220901" pinzhi="9" color="0" icon="220901" mibaoID="210901" guanqiaID="0:101403#1:101403" pinzhiName="[e83b0d]橙色三阶秘宝碎片[-]" showName="[e83b0d]青龙扳指碎片[-]" />
<MiBaoNewSuiPian id="220902" nameID="220902" descID="220902" pinzhi="9" color="0" icon="220902" mibaoID="210902" guanqiaID="0:101403#1:101403" pinzhiName="[e83b0d]橙色三阶秘宝碎片[-]" showName="[e83b0d]羲皇青龙兵典碎片[-]" />
<MiBaoNewSuiPian id="220903" nameID="220903" descID="220903" pinzhi="9" color="0" icon="220903" mibaoID="210903" guanqiaID="0:101403#1:101403" pinzhiName="[e83b0d]橙色三阶秘宝碎片[-]" showName="[e83b0d]羲皇青龙玺碎片[-]" />
<MiBaoNewSuiPian id="220904" nameID="220904" descID="220904" pinzhi="9" color="0" icon="220904" mibaoID="210904" guanqiaID="0:101403#1:101403" pinzhiName="[e83b0d]橙色三阶秘宝碎片[-]" showName="[e83b0d]羲皇青龙佩碎片[-]" />
<MiBaoNewSuiPian id="220905" nameID="220905" descID="220905" pinzhi="9" color="0" icon="220905" mibaoID="210905" guanqiaID="0:101403#1:101403" pinzhiName="[e83b0d]橙色三阶秘宝碎片[-]" showName="[e83b0d]羲皇青龙神珠碎片[-]" />
<MiBaoNewSuiPian id="220906" nameID="220906" descID="220906" pinzhi="9" color="0" icon="220906" mibaoID="210906" guanqiaID="0:101403#1:101403" pinzhiName="[e83b0d]橙色三阶秘宝碎片[-]" showName="[e83b0d]羲皇青龙鼎碎片[-]" />
<MiBaoNewSuiPian id="220907" nameID="220907" descID="220907" pinzhi="9" color="0" icon="220907" mibaoID="210907" guanqiaID="0:101403#1:101403" pinzhiName="[e83b0d]橙色三阶秘宝碎片[-]" showName="[e83b0d]羲皇青龙尊碎片[-]" />
<MiBaoNewSuiPian id="220908" nameID="220908" descID="220908" pinzhi="9" color="0" icon="220908" mibaoID="210908" guanqiaID="0:101403#1:101403" pinzhiName="[e83b0d]橙色三阶秘宝碎片[-]" showName="[e83b0d]羲皇双龙琴碎片[-]" />
<MiBaoNewSuiPian id="220909" nameID="220909" descID="220909" pinzhi="9" color="0" icon="220909" mibaoID="210909" guanqiaID="0:101403#1:101403" pinzhiName="[e83b0d]橙色三阶秘宝碎片[-]" showName="[e83b0d]青龙宝卷碎片[-]" />
</dataset>