<?xml version="1.0" encoding="UTF-8"?>
<dataset>
<Mishu id="210100" pinzhiName="[06de34]绿色一阶秘术[-]" name="[06de34]狡兔诡杀术[-]" icon="210100" color="3" pinzhi="1" gongji="0" fangyu="0" shengming="0" wqSH="0" wqJM="20" wqBJ="0" wqRX="20" jnSH="20" jnJM="0" jnBJ="20" jnRX="0" title="[e5e205]绿色一阶秘宝属性加成[-]" totalGongji="0" totalFangyu="0" totalShengming="0" totalWqSH="0" totalWqJM="20" totalWqBJ="0" totalWqRX="20" totalJnSH="20" totalJnJM="0" totalJnBJ="20" totalJnRX="0" />
<Mishu id="210200" pinzhiName="[00cbf0]蓝色一阶秘术[-]" name="[00cbf0]奔羊破袭术[-]" icon="210200" color="4" pinzhi="2" gongji="0" fangyu="0" shengming="0" wqSH="0" wqJM="40" wqBJ="40" wqRX="0" jnSH="0" jnJM="40" jnBJ="40" jnRX="0" title="[e5e205]蓝色一阶秘宝属性加成[-]" totalGongji="0" totalFangyu="0" totalShengming="0" totalWqSH="0" totalWqJM="60" totalWqBJ="40" totalWqRX="20" totalJnSH="20" totalJnJM="40" totalJnBJ="60" totalJnRX="0" />
<Mishu id="210300" pinzhiName="[00cbf0]蓝色二阶秘术[-]" name="[00cbf0]虎啸摧心术[-]" icon="210300" color="4" pinzhi="3" gongji="0" fangyu="0" shengming="0" wqSH="60" wqJM="0" wqBJ="0" wqRX="60" jnSH="60" jnJM="0" jnBJ="0" jnRX="60" title="[e5e205]蓝色二阶秘宝属性加成[-]" totalGongji="0" totalFangyu="0" totalShengming="0" totalWqSH="60" totalWqJM="60" totalWqBJ="40" totalWqRX="80" totalJnSH="80" totalJnJM="40" totalJnBJ="60" totalJnRX="60" />
<Mishu id="210400" pinzhiName="[cb02d8]紫色一阶秘术[-]" name="[cb02d8]狮吼陷阵术[-]" icon="210400" color="5" pinzhi="4" gongji="0" fangyu="0" shengming="0" wqSH="0" wqJM="80" wqBJ="80" wqRX="0" jnSH="80" jnJM="0" jnBJ="0" jnRX="80" title="[e5e205]紫色一阶秘宝属性加成[-]" totalGongji="0" totalFangyu="0" totalShengming="0" totalWqSH="60" totalWqJM="140" totalWqBJ="120" totalWqRX="80" totalJnSH="160" totalJnJM="40" totalJnBJ="60" totalJnRX="140" />
<Mishu id="210500" pinzhiName="[cb02d8]紫色二阶秘术[-]" name="[cb02d8]怒象破军术[-]" icon="210500" color="5" pinzhi="5" gongji="0" fangyu="0" shengming="0" wqSH="100" wqJM="0" wqBJ="0" wqRX="0" jnSH="0" jnJM="100" jnBJ="100" jnRX="100" title="[e5e205]紫色二阶秘宝属性加成[-]" totalGongji="0" totalFangyu="0" totalShengming="0" totalWqSH="160" totalWqJM="140" totalWqBJ="120" totalWqRX="80" totalJnSH="160" totalJnJM="140" totalJnBJ="160" totalJnRX="240" />
<Mishu id="210600" pinzhiName="[cb02d8]紫色三阶秘术[-]" name="[cb02d8]玄武幽冥术[-]" icon="210600" color="5" pinzhi="6" gongji="0" fangyu="0" shengming="0" wqSH="0" wqJM="0" wqBJ="120" wqRX="0" jnSH="120" jnJM="120" jnBJ="0" jnRX="120" title="[e5e205]紫色三阶秘宝属性加成[-]" totalGongji="0" totalFangyu="0" totalShengming="0" totalWqSH="160" totalWqJM="140" totalWqBJ="240" totalWqRX="80" totalJnSH="280" totalJnJM="260" totalJnBJ="160" totalJnRX="360" />
<Mishu id="210700" pinzhiName="[e83b0d]橙色一阶秘术[-]" name="[e83b0d]祝融流火术[-]" icon="210700" color="2" pinzhi="7" gongji="0" fangyu="0" shengming="0" wqSH="140" wqJM="0" wqBJ="0" wqRX="140" jnSH="140" jnJM="0" jnBJ="0" jnRX="140" title="[e5e205]橙色一阶秘宝属性加成[-]" totalGongji="0" totalFangyu="0" totalShengming="0" totalWqSH="300" totalWqJM="140" totalWqBJ="240" totalWqRX="220" totalJnSH="420" totalJnJM="260" totalJnBJ="160" totalJnRX="500" />
<Mishu id="210800" pinzhiName="[e83b0d]橙色二阶秘术[-]" name="[e83b0d]白虎降魔术[-]" icon="210800" color="2" pinzhi="8" gongji="0" fangyu="0" shengming="0" wqSH="0" wqJM="160" wqBJ="160" wqRX="0" jnSH="0" jnJM="160" jnBJ="160" jnRX="0" title="[e5e205]橙色二阶秘宝属性加成[-]" totalGongji="0" totalFangyu="0" totalShengming="0" totalWqSH="300" totalWqJM="300" totalWqBJ="400" totalWqRX="220" totalJnSH="420" totalJnJM="420" totalJnBJ="320" totalJnRX="500" />
<Mishu id="210900" pinzhiName="[e83b0d]橙色三阶秘术[-]" name="[e83b0d]青龙傲天术[-]" icon="210900" color="2" pinzhi="9" gongji="0" fangyu="0" shengming="0" wqSH="180" wqJM="180" wqBJ="0" wqRX="180" jnSH="0" jnJM="0" jnBJ="180" jnRX="0" title="[e5e205]橙色三阶秘宝属性加成[-]" totalGongji="0" totalFangyu="0" totalShengming="0" totalWqSH="480" totalWqJM="480" totalWqBJ="400" totalWqRX="400" totalJnSH="420" totalJnJM="420" totalJnBJ="500" totalJnRX="500" />
</dataset>