<?xml version="1.0" encoding="UTF-8"?>
<dataset>
<ModelTemplate  modelId="-4" path="_3D/Chars/Players/HaoJie/HaoJie_CreateRole" effects="0" sounds="0" radius="1.2" height="2" icon="0" attackCount="2" beatdownable="1" />
<ModelTemplate  modelId="-3" path="New/NpcInCity" effects="0" sounds="0" radius="1.2" height="2" icon="0" attackCount="2" beatdownable="1" />
<ModelTemplate  modelId="-7" path="_3D/Chars/Players/LuoLi/LuoLi_CreateRole" effects="0" sounds="0" radius="1.2" height="2" icon="0" attackCount="2" beatdownable="1" />
<ModelTemplate  modelId="101" path="New/PlayerModel/HaoJie_Chengzhong" effects="0" sounds="0" radius="1.2" height="2" icon="0" attackCount="2" beatdownable="1" />
<ModelTemplate  modelId="102" path="New/PlayerModel/XiaKe_Chengzhong" effects="0" sounds="0" radius="1.2" height="2" icon="0" attackCount="2" beatdownable="1" />
<ModelTemplate  modelId="103" path="New/PlayerModel/QiangWei_Chengzhong" effects="0" sounds="0" radius="1.2" height="2" icon="0" attackCount="2" beatdownable="1" />
<ModelTemplate  modelId="104" path="New/PlayerModel/LuoLi_Chengzhong" effects="0" sounds="0" radius="1.2" height="2" icon="0" attackCount="2" beatdownable="1" />
<ModelTemplate  modelId="100" path="_3D/Chars/NPCs/Npc100" effects="0" sounds="0" radius="1.2" height="2" icon="0" attackCount="2" beatdownable="1" />
<ModelTemplate  modelId="200" path="_3D/Chars/NPCs/Npc200" effects="0" sounds="0" radius="1.2" height="2" icon="0" attackCount="2" beatdownable="1" />
<ModelTemplate  modelId="300" path="_3D/Chars/NPCs/Npc300" effects="0" sounds="0" radius="1.2" height="2" icon="0" attackCount="2" beatdownable="1" />
<ModelTemplate  modelId="400" path="_3D/Chars/NPCs/Npc400" effects="0" sounds="0" radius="1.2" height="2" icon="0" attackCount="2" beatdownable="1" />
<ModelTemplate  modelId="500" path="_3D/Chars/NPCs/Npc500" effects="0" sounds="0" radius="1.2" height="2" icon="0" attackCount="2" beatdownable="1" />
<ModelTemplate  modelId="600" path="_3D/Chars/NPCs/Npc600" effects="0" sounds="0" radius="1.2" height="2" icon="0" attackCount="2" beatdownable="1" />
<ModelTemplate  modelId="700" path="_3D/Chars/NPCs/Npc700" effects="0" sounds="0" radius="1.2" height="2" icon="0" attackCount="2" beatdownable="1" />
<ModelTemplate  modelId="800" path="_3D/Chars/NPCs/Npc800" effects="0" sounds="0" radius="1.2" height="2" icon="0" attackCount="2" beatdownable="1" />
<ModelTemplate  modelId="801" path="_3D/Chars/NPCs/Npc801" effects="0" sounds="0" radius="1.2" height="2" icon="0" attackCount="2" beatdownable="1" />
<ModelTemplate  modelId="802" path="_3D/Chars/NPCs/Npc802" effects="0" sounds="0" radius="1.2" height="2" icon="0" attackCount="2" beatdownable="1" />
<ModelTemplate  modelId="803" path="_3D/Chars/NPCs/Npc803" effects="0" sounds="0" radius="1.2" height="2" icon="0" attackCount="2" beatdownable="1" />
<ModelTemplate  modelId="804" path="_3D/Chars/NPCs/Npc804" effects="0" sounds="0" radius="1.2" height="2" icon="0" attackCount="2" beatdownable="1" />
<ModelTemplate  modelId="805" path="_3D/Chars/NPCs/Npc805" effects="0" sounds="0" radius="1.2" height="2" icon="0" attackCount="2" beatdownable="1" />
<ModelTemplate  modelId="806" path="_3D/Chars/NPCs/Npc806" effects="0" sounds="0" radius="1.2" height="2" icon="0" attackCount="2" beatdownable="1" />
<ModelTemplate  modelId="999" path="_3D/Chars/NPCs/Npc999" effects="0" sounds="0" radius="1.2" height="2" icon="0" attackCount="2" beatdownable="1" />
<ModelTemplate  modelId="521" path="_3D/Chars/JuqingNpc/Juqing521" effects="0" sounds="0" radius="1.2" height="2" icon="0" attackCount="2" beatdownable="1" />
<ModelTemplate  modelId="522" path="_3D/Chars/JuqingNpc/Juqing522" effects="0" sounds="0" radius="1.2" height="2" icon="0" attackCount="2" beatdownable="1" />
<ModelTemplate  modelId="523" path="_3D/Chars/JuqingNpc/Juqing523" effects="0" sounds="0" radius="1.2" height="2" icon="0" attackCount="2" beatdownable="1" />
<ModelTemplate  modelId="531" path="_3D/Chars/JuqingNpc/Juqing531" effects="0" sounds="0" radius="1.2" height="2" icon="0" attackCount="2" beatdownable="1" />
<ModelTemplate  modelId="532" path="_3D/Chars/JuqingNpc/Juqing532" effects="0" sounds="0" radius="1.2" height="2" icon="0" attackCount="2" beatdownable="1" />
<ModelTemplate  modelId="533" path="_3D/Chars/JuqingNpc/Juqing533" effects="0" sounds="0" radius="1.2" height="2" icon="0" attackCount="2" beatdownable="1" />
<ModelTemplate  modelId="541" path="_3D/Chars/JuqingNpc/Juqing541" effects="0" sounds="0" radius="1.2" height="2" icon="0" attackCount="2" beatdownable="1" />
<ModelTemplate  modelId="542" path="_3D/Chars/JuqingNpc/Juqing542" effects="0" sounds="0" radius="1.2" height="2" icon="0" attackCount="2" beatdownable="1" />
<ModelTemplate  modelId="543" path="_3D/Chars/JuqingNpc/Juqing543" effects="0" sounds="0" radius="1.2" height="2" icon="0" attackCount="2" beatdownable="1" />
<ModelTemplate  modelId="551" path="_3D/Chars/JuqingNpc/Juqing551" effects="0" sounds="0" radius="1.2" height="2" icon="0" attackCount="2" beatdownable="1" />
<ModelTemplate  modelId="552" path="_3D/Chars/JuqingNpc/Juqing552" effects="0" sounds="0" radius="1.2" height="2" icon="0" attackCount="2" beatdownable="1" />
<ModelTemplate  modelId="553" path="_3D/Chars/JuqingNpc/Juqing553" effects="0" sounds="0" radius="1.2" height="2" icon="0" attackCount="2" beatdownable="1" />
<ModelTemplate  modelId="930" path="_3D/Chars/JuqingNpc/Juqing930" effects="0" sounds="0" radius="1.2" height="2" icon="0" attackCount="2" beatdownable="1" />
<ModelTemplate  modelId="931" path="_3D/Chars/JuqingNpc/Juqing931" effects="0" sounds="0" radius="1.2" height="2" icon="0" attackCount="2" beatdownable="1" />
<ModelTemplate  modelId="932" path="_3D/Chars/JuqingNpc/Juqing932" effects="0" sounds="0" radius="1.2" height="2" icon="0" attackCount="2" beatdownable="1" />
<ModelTemplate  modelId="933" path="_3D/Chars/JuqingNpc/Juqing933" effects="0" sounds="0" radius="1.2" height="2" icon="0" attackCount="2" beatdownable="1" />
<ModelTemplate  modelId="934" path="_3D/Chars/JuqingNpc/Juqing934" effects="0" sounds="0" radius="1.2" height="2" icon="0" attackCount="2" beatdownable="1" />
<ModelTemplate  modelId="935" path="_3D/Chars/JuqingNpc/Juqing935" effects="0" sounds="0" radius="1.2" height="2" icon="0" attackCount="2" beatdownable="1" />
<ModelTemplate  modelId="936" path="_3D/Chars/JuqingNpc/Juqing936" effects="0" sounds="0" radius="1.2" height="2" icon="0" attackCount="2" beatdownable="1" />
<ModelTemplate  modelId="937" path="_3D/Chars/JuqingNpc/Juqing937" effects="0" sounds="0" radius="0.5" height="1.2" icon="0" attackCount="2" beatdownable="1" />
<ModelTemplate  modelId="938" path="_3D/Chars/JuqingNpc/Juqing938" effects="0" sounds="0" radius="1.2" height="2" icon="0" attackCount="2" beatdownable="1" />
<ModelTemplate  modelId="939" path="_3D/Chars/JuqingNpc/Juqing939" effects="0" sounds="0" radius="1.2" height="2" icon="0" attackCount="2" beatdownable="1" />
<ModelTemplate  modelId="940" path="_3D/Chars/JuqingNpc/Juqing940" effects="0" sounds="0" radius="1.2" height="2" icon="0" attackCount="2" beatdownable="1" />
<ModelTemplate  modelId="941" path="_3D/Chars/JuqingNpc/Juqing941" effects="0" sounds="0" radius="1.2" height="2" icon="0" attackCount="0" beatdownable="0" />
<ModelTemplate  modelId="1000" path="_3D/Chars/JuqingNpc/JuqingNull" effects="0" sounds="0" radius="1.2" height="2" icon="0" attackCount="2" beatdownable="1" />
<ModelTemplate  modelId="1002" path="_3D/Models/BattleField/Player_1_HaoJie" effects="600166,600274,600275,600276,600277,600278,600279,600280,600281,600282,600283,600284,600285,600286,600287,600288,600289,600290,600291,600292,600293,601254,100009,620222,620223,100191,620219,620218,600227,600228,600229,600230,100002,100169,100009,600216,600211,600210,600162,600163,600164,600165,600166,51020,51010,51000,50071,50000,10315,10310,10206,10205,10100,100169,3000,1050,1030,1020,1010,1000,303,302,301,251,250,150,104,81,80,79,78,77,76,75,74,73,71,70,69,6800,68,67,66,59,58,57,56,53,52,51,50,48,44,28,27,26,25,13" sounds="210917|210957|410000|811860|310100|310101|310102|310200|2004|3309|3310|3314|3315|3316|3000|3001|3002|3030|3031|3032|3033|3034|3035|3036|3037|3200|3201|3202|3203|3300|3301|3302|3303|3304|3305|4028|4029|4030|4025|4026|4027|0|3317|3318|3319|4018|4019|4020|4021|4022|4023|4024|33000|33060|33061|400220|400210|400200|400120|400100|400000|410000|420110|420120|420130|420140|420150|420160|420170|4218|4219|4220|330020|330000|330010|33081|33082|33083|33084|33801|33802|33803|33804|4000|4001|4002|4003|4004|4005|3016|3017|3018|3019|3020|3021|4006|4007|4008|4009|4010|4011|3006|3007|3008|0" radius="0.5" height="2" icon="1001" attackCount="2" beatdownable="1" />
<ModelTemplate  modelId="1003" path="_3D/Models/BattleField/Player_2_Ruya" effects="600324,600300,600301,600302,600303,600304,600305,600306,600307,600308,600309,600310,600311,600312,600313,600314,600315,600316,600317,600318,600319,601254,100009,620222,620223,100191,620219,620218,600227,600228,600229,600230,100002,100169,100009,600216,600211,600210,600162,600163,600164,600165,600166,51020,51010,51000,50071,50000,10315,10310,10206,10205,10100,100169,3000,1050,1030,1020,1010,1000,303,302,301,251,250,150,104,81,80,79,78,77,76,75,74,73,71,70,69,6800,68,67,66,59,58,57,56,53,52,51,50,48,44,28,27,26,25,13" sounds="210917|210957|410000|811920|811880|310100|310101|310102|310200|2004|3309|3310|3314|3315|3316|3000|3001|3002|3030|3031|3032|3033|3034|3035|3036|3037|3200|3201|3202|3203|3300|3301|3302|3303|3304|3305|4028|4029|4030|4025|4026|4027|0|3317|3318|3319|4018|4019|4020|4021|4022|4023|4024|33000|33060|33061|400220|400210|400200|400120|400100|400000|410000|4218|4219|4220|4222|4223|4225|4226|4227|4228|4229|4230|420110|420120|420130|420140|420150|420160|420170|330020|330000|330010|33081|33082|33083|33084|33801|33802|33803|33804" radius="0.5" height="2" icon="1002" attackCount="2" beatdownable="1" />
<ModelTemplate  modelId="1004" path="_3D/Models/BattleField/Player_3_YuJie" effects="600325,601268,600294,600295,600296,600297,600298,600299,600254,600255,600256,600257,600258,600259,601254,100009,620222,620223,100191,620219,620218,600227,600228,600229,600230,100002,100169,100009,600216,600211,600210,600162,600163,600164,600165,600166,51020,51010,51000,50071,50000,10315,10310,10206,10205,10100,100169,3000,1050,1030,1020,1010,1000,303,302,301,251,250,150,104,81,80,79,78,77,76,75,74,73,71,70,69,6800,68,67,66,59,58,57,56,53,52,51,50,48,44,28,27,26,25,13" sounds="210917|210957|410000|811870|310100|310101|310102|310200|2004|3309|3310|3314|3315|3316|3000|3001|3002|3030|3031|3032|3033|3034|3035|3036|3037|3200|3201|3202|3203|3300|3301|3302|3303|3304|3305|4028|4029|4030|4025|4026|4027|0|3317|3318|3319|4018|4019|4020|4021|4022|4023|4024|33000|33060|33061|400220|400210|400200|400120|400100|400000|410000|520101|520102|520103|520201|520202|520301|520302|520303|520401|520402|520403|420110|420120|420130|420140|420150|420160|420170|330020|330000|330010|33081|33082|33083|33084|33801|33802|33803|33804" radius="0.5" height="2" icon="1003" attackCount="2" beatdownable="1" />
<ModelTemplate  modelId="1005" path="_3D/Models/BattleField/Player_4_LuoLi" effects="600323,601266,601267,601254,600260,600261,600262,600263,600264,600265,600266,600267,600268,600269,600270,600271,600272,600273,600250,600251,600252,600253,100009,620222,620223,100191,620219,620218,600227,600228,600229,600230,100002,100169,100009,600216,600211,600210,600162,600163,600164,600165,600166,51020,51010,51000,50071,50000,10315,10310,10206,10205,10100,100169,3000,1050,1030,1020,1010,1000,303,302,301,251,250,150,104,81,80,79,78,77,76,75,74,73,71,70,69,6800,68,67,66,59,58,57,56,53,52,51,50,48,44,28,27,26,25,13" sounds="210917|210957|410000|811890|310100|310101|310102|310200|2004|3309|3310|3314|3315|3316|3000|3001|3002|3030|3031|3032|3033|3034|3035|3036|3037|3200|3201|3202|3203|3300|3301|3302|3303|3304|3305|4028|4029|4030|4025|4026|4027|0|3317|3318|3319|4018|4019|4020|4021|4022|4023|4024|33000|33060|33061|400220|400210|400200|400120|400100|400000|410000|420110|420120|420130|420140|420150|420160|420170|500101|500102|500103|500201|500202|500301|500302|500303|500401|500402|500403|330020|330000|330010|33081|33082|33083|33084|33801|33802|33803|33804" radius="0.5" height="2" icon="1004" attackCount="2" beatdownable="1" />
<ModelTemplate  modelId="3001" path="_3D/Models/BattleField/Monster3001" effects="0" sounds="3022|3023|3024|3025|3026|3027|3028|3029|3308|3309|3310|3314|3315|3316|3000|3001|3002|3307|4031|4032|4033|4034|4035|4036|4037|4038|4039|4000|4001|4002|4003|4004|4005|3306|33060|33061|43000|43002|43005|43010|43012|43020|43021|300001|300002|300003|300004|300005|300006|300007|300008|3016|3017|3018|3019|3020|3021|4006|4007|4008|4009|4010|4011|3006|3007|3008|4150|4151|4152|4200|4201|4202|4203|4204|4205|400000|400099|400100|400110|400120|400200|400210|400220|0" radius="0.8" height="2" icon="3001" attackCount="2" beatdownable="1" />
<ModelTemplate  modelId="3002" path="_3D/Models/BattleField/Monster3002" effects="0" sounds="3022|3023|3024|3025|3026|3027|3028|3029|3308|3309|3310|3314|3315|3316|3000|3001|3002|3307|4031|4032|4033|4034|4035|4036|4037|4038|4039|4000|4001|4002|4003|4004|4005|3306|33060|33061|43000|43002|43005|43010|43012|43020|43021|300001|300002|300003|300004|300005|300006|300007|300008|3016|3017|3018|3019|3020|3021|4006|4007|4008|4009|4010|4011|3006|3007|3008|4150|4151|4152|4200|4201|4202|4203|4204|4205|400000|400099|400100|400110|400120|400200|400210|400220|0" radius="0.8" height="2" icon="3002" attackCount="2" beatdownable="1" />
<ModelTemplate  modelId="3003" path="_3D/Models/BattleField/Monster3003" effects="0" sounds="3022|3023|3024|3025|3026|3027|3028|3029|3308|3309|3310|3314|3315|3316|3000|3001|3002|3307|4031|4032|4033|4034|4035|4036|4037|4038|4039|4000|4001|4002|4003|4004|4005|3306|33060|33061|43000|43002|43005|43010|43012|43020|43021|300001|300002|300003|300004|300005|300006|300007|300008|3016|3017|3018|3019|3020|3021|4006|4007|4008|4009|4010|4011|3006|3007|3008|4150|4151|4152|4200|4201|4202|4203|4204|4205|400000|400099|400100|400110|400120|400200|400210|400220|0" radius="0.8" height="2" icon="3003" attackCount="2" beatdownable="1" />
<ModelTemplate  modelId="3004" path="_3D/Models/BattleField/Monster3004" effects="0" sounds="3022|3023|3024|3025|3026|3027|3028|3029|3308|3309|3310|3314|3315|3316|3000|3001|3002|3307|4031|4032|4033|4034|4035|4036|4037|4038|4039|4000|4001|4002|4003|4004|4005|3306|33060|33061|43000|43002|43005|43010|43012|43020|43021|300001|300002|300003|300004|300005|300006|300007|300008|3016|3017|3018|3019|3020|3021|4006|4007|4008|4009|4010|4011|3006|3007|3008|4150|4151|4152|4200|4201|4202|4203|4204|4205|400000|400099|400100|400110|400120|400200|400210|400220|0" radius="0.8" height="2" icon="3004" attackCount="2" beatdownable="1" />
<ModelTemplate  modelId="3005" path="_3D/Models/BattleField/Monster3005" effects="0" sounds="3022|3023|3024|3025|3026|3027|3028|3029|3308|3309|3310|3314|3315|3316|3000|3001|3002|3307|4031|4032|4033|4034|4035|4036|4037|4038|4039|4000|4001|4002|4003|4004|4005|3306|33060|33061|43000|43002|43005|43010|43012|43020|43021|300001|300002|300003|300004|300005|300006|300007|300008|3016|3017|3018|3019|3020|3021|4006|4007|4008|4009|4010|4011|3006|3007|3008|4150|4151|4152|4200|4201|4202|4203|4204|4205|400000|400099|400100|400110|400120|400200|400210|400220|0" radius="0.8" height="2" icon="3005" attackCount="2" beatdownable="1" />
<ModelTemplate  modelId="3006" path="_3D/Models/BattleField/Monster3006" effects="0" sounds="3022|3023|3024|3025|3026|3027|3028|3029|3308|3309|3310|3314|3315|3316|3000|3001|3002|3307|4031|4032|4033|4034|4035|4036|4037|4038|4039|4000|4001|4002|4003|4004|4005|3306|33060|33061|43000|43002|43005|43010|43012|43020|43021|300001|300002|300003|300004|300005|300006|300007|300008|3016|3017|3018|3019|3020|3021|4006|4007|4008|4009|4010|4011|3006|3007|3008|4150|4151|4152|4200|4201|4202|4203|4204|4205|400000|400099|400100|400110|400120|400200|400210|400220|0" radius="0.8" height="2" icon="3006" attackCount="2" beatdownable="1" />
<ModelTemplate  modelId="3007" path="_3D/Models/BattleField/Monster3007" effects="0" sounds="3022|3023|3024|3025|3026|3027|3028|3029|3308|3309|3310|3314|3315|3316|3000|3001|3002|3307|4031|4032|4033|4034|4035|4036|4037|4038|4039|4000|4001|4002|4003|4004|4005|3306|33060|33061|43000|43002|43005|43010|43012|43020|43021|300001|300002|300003|300004|300005|300006|300007|300008|3016|3017|3018|3019|3020|3021|4006|4007|4008|4009|4010|4011|3006|3007|3008|4150|4151|4152|4200|4201|4202|4203|4204|4205|400000|400099|400100|400110|400120|400200|400210|400220|0" radius="0.8" height="2" icon="3007" attackCount="2" beatdownable="0" />
<ModelTemplate  modelId="3008" path="_3D/Models/BattleField/Monster3008" effects="0" sounds="3022|3023|3024|3025|3026|3027|3028|3029|3308|3309|3310|3314|3315|3316|3000|3001|3002|3307|4031|4032|4033|4034|4035|4036|4037|4038|4039|4000|4001|4002|4003|4004|4005|3306|33060|33061|43000|43002|43005|43010|43012|43020|43021|300001|300002|300003|300004|300005|300006|300007|300008|3016|3017|3018|3019|3020|3021|4006|4007|4008|4009|4010|4011|3006|3007|3008|4150|4151|4152|4200|4201|4202|4203|4204|4205|400000|400099|400100|400110|400120|400200|400210|400220|0" radius="0.8" height="2" icon="3008" attackCount="2" beatdownable="1" />
<ModelTemplate  modelId="3009" path="_3D/Models/BattleField/Monster3009" effects="0" sounds="3022|3023|3024|3025|3026|3027|3028|3029|3308|3309|3310|3314|3315|3316|3000|3001|3002|3307|4031|4032|4033|4034|4035|4036|4037|4038|4039|4000|4001|4002|4003|4004|4005|3306|33060|33061|43000|43002|43005|43010|43012|43020|43021|300001|300002|300003|300004|300005|300006|300007|300008|3016|3017|3018|3019|3020|3021|4006|4007|4008|4009|4010|4011|3006|3007|3008|4150|4151|4152|4200|4201|4202|4203|4204|4205|400000|400099|400100|400110|400120|400200|400210|400220|0" radius="0.8" height="2" icon="3009" attackCount="2" beatdownable="1" />
<ModelTemplate  modelId="3010" path="_3D/Models/BattleField/Monster3010" effects="0" sounds="3022|3023|3024|3025|3026|3027|3028|3029|3308|3309|3310|3314|3315|3316|3000|3001|3002|3307|4031|4032|4033|4034|4035|4036|4037|4038|4039|4000|4001|4002|4003|4004|4005|3306|33060|33061|43000|43002|43005|43010|43012|43020|43021|300001|300002|300003|300004|300005|300006|300007|300008|3016|3017|3018|3019|3020|3021|4006|4007|4008|4009|4010|4011|3006|3007|3008|4150|4151|4152|4200|4201|4202|4203|4204|4205|400000|400099|400100|400110|400120|400200|400210|400220|0" radius="0.8" height="2" icon="3010" attackCount="2" beatdownable="1" />
<ModelTemplate  modelId="3011" path="_3D/Models/BattleField/Monster3011" effects="0" sounds="3022|3023|3024|3025|3026|3027|3028|3029|3308|3309|3310|3314|3315|3316|3000|3001|3002|3307|4031|4032|4033|4034|4035|4036|4037|4038|4039|4000|4001|4002|4003|4004|4005|3306|33060|33061|43000|43002|43005|43010|43012|43020|43021|300001|300002|300003|300004|300005|300006|300007|300008|3016|3017|3018|3019|3020|3021|4006|4007|4008|4009|4010|4011|3006|3007|3008|4150|4151|4152|4200|4201|4202|4203|4204|4205|400000|400099|400100|400110|400120|400200|400210|400220|0" radius="0.8" height="2" icon="3011" attackCount="2" beatdownable="1" />
<ModelTemplate  modelId="3012" path="_3D/Models/BattleField/Monster3012" effects="0" sounds="3022|3023|3024|3025|3026|3027|3028|3029|3308|3309|3310|3314|3315|3316|3000|3001|3002|3307|4031|4032|4033|4034|4035|4036|4037|4038|4039|4000|4001|4002|4003|4004|4005|3306|33060|33061|43000|43002|43005|43010|43012|43020|43021|300001|300002|300003|300004|300005|300006|300007|300008|3016|3017|3018|3019|3020|3021|4006|4007|4008|4009|4010|4011|3006|3007|3008|4150|4151|4152|4200|4201|4202|4203|4204|4205|400000|400099|400100|400110|400120|400200|400210|400220|0" radius="0.8" height="2" icon="3012" attackCount="2" beatdownable="1" />
<ModelTemplate  modelId="3013" path="_3D/Models/BattleField/Monster3013" effects="0" sounds="3022|3023|3024|3025|3026|3027|3028|3029|3308|3309|3310|3314|3315|3316|3000|3001|3002|3307|4031|4032|4033|4034|4035|4036|4037|4038|4039|4000|4001|4002|4003|4004|4005|3306|33060|33061|43000|43002|43005|43010|43012|43020|43021|300001|300002|300003|300004|300005|300006|300007|300008|3016|3017|3018|3019|3020|3021|4006|4007|4008|4009|4010|4011|3006|3007|3008|4150|4151|4152|4200|4201|4202|4203|4204|4205|400000|400099|400100|400110|400120|400200|400210|400220|0" radius="0.8" height="2" icon="3013" attackCount="2" beatdownable="1" />
<ModelTemplate  modelId="3014" path="_3D/Models/BattleField/Monster3014" effects="0" sounds="3022|3023|3024|3025|3026|3027|3028|3029|3308|3309|3310|3314|3315|3316|3000|3001|3002|3307|4031|4032|4033|4034|4035|4036|4037|4038|4039|4000|4001|4002|4003|4004|4005|3306|33060|33061|43000|43002|43005|43010|43012|43020|43021|300001|300002|300003|300004|300005|300006|300007|300008|3016|3017|3018|3019|3020|3021|4006|4007|4008|4009|4010|4011|3006|3007|3008|4150|4151|4152|4200|4201|4202|4203|4204|4205|400000|400099|400100|400110|400120|400200|400210|400220|0" radius="0.8" height="2" icon="3014" attackCount="2" beatdownable="1" />
<ModelTemplate  modelId="3015" path="_3D/Models/BattleField/Monster3015" effects="0" sounds="3022|3023|3024|3025|3026|3027|3028|3029|3308|3309|3310|3314|3315|3316|3000|3001|3002|3307|4031|4032|4033|4034|4035|4036|4037|4038|4039|4000|4001|4002|4003|4004|4005|3306|33060|33061|43000|43002|43005|43010|43012|43020|43021|300001|300002|300003|300004|300005|300006|300007|300008|3016|3017|3018|3019|3020|3021|4006|4007|4008|4009|4010|4011|3006|3007|3008|4150|4151|4152|4200|4201|4202|4203|4204|4205|400000|400099|400100|400110|400120|400200|400210|400220|0" radius="0.8" height="2" icon="4001" attackCount="2" beatdownable="1" />
<ModelTemplate  modelId="3016" path="_3D/Models/BattleField/Monster3016" effects="0" sounds="3022|3023|3024|3025|3026|3027|3028|3029|3308|3309|3310|3314|3315|3316|3000|3001|3002|3307|4031|4032|4033|4034|4035|4036|4037|4038|4039|4000|4001|4002|4003|4004|4005|3306|33060|33061|43000|43002|43005|43010|43012|43020|43021|300001|300002|300003|300004|300005|300006|300007|300008|3016|3017|3018|3019|3020|3021|4006|4007|4008|4009|4010|4011|3006|3007|3008|4150|4151|4152|4200|4201|4202|4203|4204|4205|400000|400099|400100|400110|400120|400200|400210|400220|0" radius="0.8" height="2" icon="4001" attackCount="2" beatdownable="1" />
<ModelTemplate  modelId="3017" path="_3D/Models/BattleField/Monster3017" effects="0" sounds="3022|3023|3024|3025|3026|3027|3028|3029|3308|3309|3310|3314|3315|3316|3000|3001|3002|3307|4031|4032|4033|4034|4035|4036|4037|4038|4039|4000|4001|4002|4003|4004|4005|3306|33060|33061|43000|43002|43005|43010|43012|43020|43021|300001|300002|300003|300004|300005|300006|300007|300008|3016|3017|3018|3019|3020|3021|4006|4007|4008|4009|4010|4011|3006|3007|3008|4150|4151|4152|4200|4201|4202|4203|4204|4205|400000|400099|400100|400110|400120|400200|400210|400220|0" radius="0.8" height="2" icon="4001" attackCount="2" beatdownable="1" />
<ModelTemplate  modelId="3018" path="_3D/Models/BattleField/Monster3018" effects="0" sounds="3022|3023|3024|3025|3026|3027|3028|3029|3308|3309|3310|3314|3315|3316|3000|3001|3002|3307|4031|4032|4033|4034|4035|4036|4037|4038|4039|4000|4001|4002|4003|4004|4005|3306|33060|33061|43000|43002|43005|43010|43012|43020|43021|300001|300002|300003|300004|300005|300006|300007|300008|3016|3017|3018|3019|3020|3021|4006|4007|4008|4009|4010|4011|3006|3007|3008|4150|4151|4152|4200|4201|4202|4203|4204|4205|400000|400099|400100|400110|400120|400200|400210|400220|0" radius="0.8" height="2" icon="4001" attackCount="1" beatdownable="0" />
<ModelTemplate  modelId="3019" path="_3D/Models/BattleField/Monster3019" effects="0" sounds="3022|3023|3024|3025|3026|3027|3028|3029|3308|3309|3310|3314|3315|3316|3000|3001|3002|3307|4031|4032|4033|4034|4035|4036|4037|4038|4039|4000|4001|4002|4003|4004|4005|3306|33060|33061|43000|43002|43005|43010|43012|43020|43021|300001|300002|300003|300004|300005|300006|300007|300008|3016|3017|3018|3019|3020|3021|4006|4007|4008|4009|4010|4011|3006|3007|3008|4150|4151|4152|4200|4201|4202|4203|4204|4205|400000|400099|400100|400110|400120|400200|400210|400220|0" radius="0.8" height="2" icon="4001" attackCount="1" beatdownable="1" />
<ModelTemplate  modelId="3020" path="_3D/Models/BattleField/Monster3020" effects="0" sounds="3022|3023|3024|3025|3026|3027|3028|3029|3308|3309|3310|3314|3315|3316|3000|3001|3002|3307|4031|4032|4033|4034|4035|4036|4037|4038|4039|4000|4001|4002|4003|4004|4005|3306|33060|33061|43000|43002|43005|43010|43012|43020|43021|300001|300002|300003|300004|300005|300006|300007|300008|3016|3017|3018|3019|3020|3021|4006|4007|4008|4009|4010|4011|3006|3007|3008|4150|4151|4152|4200|4201|4202|4203|4204|4205|400000|400099|400100|400110|400120|400200|400210|400220|0" radius="0.8" height="2" icon="4001" attackCount="1" beatdownable="1" />
<ModelTemplate  modelId="3021" path="_3D/Models/BattleField/Monster3021" effects="0" sounds="3022|3023|3024|3025|3026|3027|3028|3029|3308|3309|3310|3314|3315|3316|3000|3001|3002|3307|4031|4032|4033|4034|4035|4036|4037|4038|4039|4000|4001|4002|4003|4004|4005|3306|33060|33061|43000|43002|43005|43010|43012|43020|43021|300001|300002|300003|300004|300005|300006|300007|300008|3016|3017|3018|3019|3020|3021|4006|4007|4008|4009|4010|4011|3006|3007|3008|4150|4151|4152|4200|4201|4202|4203|4204|4205|400000|400099|400100|400110|400120|400200|400210|400220|0" radius="0.8" height="2" icon="4001" attackCount="1" beatdownable="1" />
<ModelTemplate  modelId="3022" path="_3D/Models/BattleField/Monster3022" effects="0" sounds="3022|3023|3024|3025|3026|3027|3028|3029|3308|3309|3310|3314|3315|3316|3000|3001|3002|3307|4031|4032|4033|4034|4035|4036|4037|4038|4039|4000|4001|4002|4003|4004|4005|3306|33060|33061|43000|43002|43005|43010|43012|43020|43021|300001|300002|300003|300004|300005|300006|300007|300008|3016|3017|3018|3019|3020|3021|4006|4007|4008|4009|4010|4011|3006|3007|3008|4150|4151|4152|4200|4201|4202|4203|4204|4205|400000|400099|400100|400110|400120|400200|400210|400220|0" radius="0.8" height="1" icon="4001" attackCount="2" beatdownable="1" />
<ModelTemplate  modelId="4000" path="_3D/Models/BattleField/Monster4000" effects="0" sounds="3022|3023|3024|3025|3026|3027|3028|3029|3308|3309|3310|3314|3315|3316|3000|3001|3002|3307|4031|4032|4033|4034|4035|4036|4037|4038|4039|4000|4001|4002|4003|4004|4005|3306|33060|33061|43000|43002|43005|43010|43012|43020|43021|300001|300002|300003|300004|300005|300006|300007|300008|3016|3017|3018|3019|3020|3021|4006|4007|4008|4009|4010|4011|3006|3007|3008|4150|4151|4152|4200|4201|4202|4203|4204|4205|400000|400099|400100|400110|400120|400200|400210|400220|0" radius="1" height="0" icon="0" attackCount="2" beatdownable="1" />
<ModelTemplate  modelId="4001" path="_3D/Models/BattleField/Monster4001" effects="600238,66,67,68,69,70,71" sounds="3022|3023|3024|3025|3026|3027|3028|3029|3308|3309|3310|3314|3315|3316|3000|3001|3002|3307|4031|4032|4033|4034|4035|4036|4037|4038|4039|4000|4001|4002|4003|4004|4005|3306|33060|33061|43000|43002|43005|43010|43012|43020|43021|300001|300002|300003|300004|300005|300006|300007|300008|3016|3017|3018|3019|3020|3021|4006|4007|4008|4009|4010|4011|3006|3007|3008|4150|4151|4152|4200|4201|4202|4203|4204|4205|400000|400099|400100|400110|400120|400200|400210|400220|0" radius="1" height="2" icon="4001" attackCount="2" beatdownable="1" />
<ModelTemplate  modelId="4002" path="_3D/Models/BattleField/Monster4002" effects="67,600231,600232" sounds="3022|3023|3024|3025|3026|3027|3028|3029|3308|3309|3310|3314|3315|3316|3000|3001|3002|3307|4031|4032|4033|4034|4035|4036|4037|4038|4039|4000|4001|4002|4003|4004|4005|3306|33060|33061|43000|43002|43005|43010|43012|43020|43021|300001|300002|300003|300004|300005|300006|300007|300008|3016|3017|3018|3019|3020|3021|4006|4007|4008|4009|4010|4011|3006|3007|3008|4150|4151|4152|4200|4201|4202|4203|4204|4205|400000|400099|400100|400110|400120|400200|400210|400220|0" radius="1" height="2" icon="4002" attackCount="2" beatdownable="1" />
<ModelTemplate  modelId="4003" path="_3D/Models/BattleField/Monster4003" effects="600233" sounds="3022|3023|3024|3025|3026|3027|3028|3029|3308|3309|3310|3314|3315|3316|3000|3001|3002|3307|4031|4032|4033|4034|4035|4036|4037|4038|4039|4000|4001|4002|4003|4004|4005|3306|33060|33061|43000|43002|43005|43010|43012|43020|43021|300001|300002|300003|300004|300005|300006|300007|300008|3016|3017|3018|3019|3020|3021|4006|4007|4008|4009|4010|4011|3006|3007|3008|4150|4151|4152|4200|4201|4202|4203|4204|4205|400000|400099|400100|400110|400120|400200|400210|400220|0" radius="1" height="2" icon="4003" attackCount="2" beatdownable="1" />
<ModelTemplate  modelId="4004" path="_3D/Models/BattleField/Monster4004" effects="600234,600235" sounds="3022|3023|3024|3025|3026|3027|3028|3029|3308|3309|3310|3314|3315|3316|3000|3001|3002|3307|4031|4032|4033|4034|4035|4036|4037|4038|4039|4000|4001|4002|4003|4004|4005|3306|33060|33061|43000|43002|43005|43010|43012|43020|43021|300001|300002|300003|300004|300005|300006|300007|300008|3016|3017|3018|3019|3020|3021|4006|4007|4008|4009|4010|4011|3006|3007|3008|4150|4151|4152|4200|4201|4202|4203|4204|4205|400000|400099|400100|400110|400120|400200|400210|400220|0" radius="1" height="2" icon="4004" attackCount="2" beatdownable="1" />
<ModelTemplate  modelId="4005" path="_3D/Models/BattleField/Monster4005" effects="0" sounds="3022|3023|3024|3025|3026|3027|3028|3029|3308|3309|3310|3314|3315|3316|3000|3001|3002|3307|4031|4032|4033|4034|4035|4036|4037|4038|4039|4000|4001|4002|4003|4004|4005|3306|33060|33061|43000|43002|43005|43010|43012|43020|43021|300001|300002|300003|300004|300005|300006|300007|300008|3016|3017|3018|3019|3020|3021|4006|4007|4008|4009|4010|4011|3006|3007|3008|4150|4151|4152|4200|4201|4202|4203|4204|4205|400000|400099|400100|400110|400120|400200|400210|400220|0" radius="1" height="2.8" icon="4005" attackCount="2" beatdownable="0" />
<ModelTemplate  modelId="4006" path="_3D/Models/BattleField/Monster4006" effects="0" sounds="3022|3023|3024|3025|3026|3027|3028|3029|3308|3309|3310|3314|3315|3316|3000|3001|3002|3307|4031|4032|4033|4034|4035|4036|4037|4038|4039|4000|4001|4002|4003|4004|4005|3306|33060|33061|43000|43002|43005|43010|43012|43020|43021|300001|300002|300003|300004|300005|300006|300007|300008|3016|3017|3018|3019|3020|3021|4006|4007|4008|4009|4010|4011|3006|3007|3008|4150|4151|4152|4200|4201|4202|4203|4204|4205|400000|400099|400100|400110|400120|400200|400210|400220|0" radius="1" height="2.8" icon="4006" attackCount="2" beatdownable="0" />
<ModelTemplate  modelId="4007" path="_3D/Models/BattleField/Monster4007" effects="0" sounds="3022|3023|3024|3025|3026|3027|3028|3029|3308|3309|3310|3314|3315|3316|3000|3001|3002|3307|4031|4032|4033|4034|4035|4036|4037|4038|4039|4000|4001|4002|4003|4004|4005|3306|33060|33061|43000|43002|43005|43010|43012|43020|43021|300001|300002|300003|300004|300005|300006|300007|300008|3016|3017|3018|3019|3020|3021|4006|4007|4008|4009|4010|4011|3006|3007|3008|4150|4151|4152|4200|4201|4202|4203|4204|4205|400000|400099|400100|400110|400120|400200|400210|400220|0" radius="1" height="2" icon="4007" attackCount="2" beatdownable="1" />
<ModelTemplate  modelId="4008" path="_3D/Models/BattleField/Monster4008" effects="0" sounds="3022|3023|3024|3025|3026|3027|3028|3029|3308|3309|3310|3314|3315|3316|3000|3001|3002|3307|4031|4032|4033|4034|4035|4036|4037|4038|4039|4000|4001|4002|4003|4004|4005|3306|33060|33061|43000|43002|43005|43010|43012|43020|43021|300001|300002|300003|300004|300005|300006|300007|300008|3016|3017|3018|3019|3020|3021|4006|4007|4008|4009|4010|4011|3006|3007|3008|4150|4151|4152|4200|4201|4202|4203|4204|4205|400000|400099|400100|400110|400120|400200|400210|400220|0" radius="1" height="2" icon="4008" attackCount="2" beatdownable="1" />
<ModelTemplate  modelId="4009" path="_3D/Models/BattleField/Monster4009" effects="0" sounds="3022|3023|3024|3025|3026|3027|3028|3029|3308|3309|3310|3314|3315|3316|3000|3001|3002|3307|4031|4032|4033|4034|4035|4036|4037|4038|4039|4000|4001|4002|4003|4004|4005|3306|33060|33061|43000|43002|43005|43010|43012|43020|43021|300001|300002|300003|300004|300005|300006|300007|300008|3016|3017|3018|3019|3020|3021|4006|4007|4008|4009|4010|4011|3006|3007|3008|4150|4151|4152|4200|4201|4202|4203|4204|4205|400000|400099|400100|400110|400120|400200|400210|400220|0" radius="1" height="2.8" icon="4009" attackCount="2" beatdownable="0" />
<ModelTemplate  modelId="4010" path="_3D/Models/BattleField/Monster4010" effects="0" sounds="3022|3023|3024|3025|3026|3027|3028|3029|3308|3309|3310|3314|3315|3316|3000|3001|3002|3307|4031|4032|4033|4034|4035|4036|4037|4038|4039|4000|4001|4002|4003|4004|4005|3306|33060|33061|43000|43002|43005|43010|43012|43020|43021|300001|300002|300003|300004|300005|300006|300007|300008|3016|3017|3018|3019|3020|3021|4006|4007|4008|4009|4010|4011|3006|3007|3008|4150|4151|4152|4200|4201|4202|4203|4204|4205|400000|400099|400100|400110|400120|400200|400210|400220|0" radius="1" height="2" icon="4010" attackCount="2" beatdownable="1" />
<ModelTemplate  modelId="4011" path="_3D/Models/BattleField/Monster4011" effects="0" sounds="3022|3023|3024|3025|3026|3027|3028|3029|3308|3309|3310|3314|3315|3316|3000|3001|3002|3307|4031|4032|4033|4034|4035|4036|4037|4038|4039|4000|4001|4002|4003|4004|4005|3306|33060|33061|43000|43002|43005|43010|43012|43020|43021|300001|300002|300003|300004|300005|300006|300007|300008|3016|3017|3018|3019|3020|3021|4006|4007|4008|4009|4010|4011|3006|3007|3008|4150|4151|4152|4200|4201|4202|4203|4204|4205|400000|400099|400100|400110|400120|400200|400210|400220|0" radius="1" height="2" icon="4011" attackCount="2" beatdownable="1" />
<ModelTemplate  modelId="4012" path="_3D/Models/BattleField/Monster4012" effects="0" sounds="3022|3023|3024|3025|3026|3027|3028|3029|3308|3309|3310|3314|3315|3316|3000|3001|3002|3307|4031|4032|4033|4034|4035|4036|4037|4038|4039|4000|4001|4002|4003|4004|4005|3306|33060|33061|43000|43002|43005|43010|43012|43020|43021|300001|300002|300003|300004|300005|300006|300007|300008|3016|3017|3018|3019|3020|3021|4006|4007|4008|4009|4010|4011|3006|3007|3008|4150|4151|4152|4200|4201|4202|4203|4204|4205|400000|400099|400100|400110|400120|400200|400210|400220|0" radius="1" height="2.2" icon="4012" attackCount="2" beatdownable="1" />
<ModelTemplate  modelId="4013" path="_3D/Models/BattleField/Monster4013" effects="0" sounds="3022|3023|3024|3025|3026|3027|3028|3029|3308|3309|3310|3314|3315|3316|3000|3001|3002|3307|4031|4032|4033|4034|4035|4036|4037|4038|4039|4000|4001|4002|4003|4004|4005|3306|33060|33061|43000|43002|43005|43010|43012|43020|43021|300001|300002|300003|300004|300005|300006|300007|300008|3016|3017|3018|3019|3020|3021|4006|4007|4008|4009|4010|4011|3006|3007|3008|4150|4151|4152|4200|4201|4202|4203|4204|4205|400000|400099|400100|400110|400120|400200|400210|400220|0" radius="1" height="2.8" icon="4013" attackCount="2" beatdownable="0" />
<ModelTemplate  modelId="4014" path="_3D/Models/BattleField/Monster4014" effects="0" sounds="3022|3023|3024|3025|3026|3027|3028|3029|3308|3309|3310|3314|3315|3316|3000|3001|3002|3307|4031|4032|4033|4034|4035|4036|4037|4038|4039|4000|4001|4002|4003|4004|4005|3306|33060|33061|43000|43002|43005|43010|43012|43020|43021|300001|300002|300003|300004|300005|300006|300007|300008|3016|3017|3018|3019|3020|3021|4006|4007|4008|4009|4010|4011|3006|3007|3008|4150|4151|4152|4200|4201|4202|4203|4204|4205|400000|400099|400100|400110|400120|400200|400210|400220|0" radius="1" height="2" icon="4014" attackCount="2" beatdownable="1" />
<ModelTemplate  modelId="4015" path="_3D/Models/BattleField/Monster4015" effects="0" sounds="3022|3023|3024|3025|3026|3027|3028|3029|3308|3309|3310|3314|3315|3316|3000|3001|3002|3307|4031|4032|4033|4034|4035|4036|4037|4038|4039|4000|4001|4002|4003|4004|4005|3306|33060|33061|43000|43002|43005|43010|43012|43020|43021|300001|300002|300003|300004|300005|300006|300007|300008|3016|3017|3018|3019|3020|3021|4006|4007|4008|4009|4010|4011|3006|3007|3008|4150|4151|4152|4200|4201|4202|4203|4204|4205|400000|400099|400100|400110|400120|400200|400210|400220|0" radius="1" height="2" icon="4015" attackCount="2" beatdownable="1" />
<ModelTemplate  modelId="4016" path="_3D/Models/BattleField/Monster4016" effects="0" sounds="3022|3023|3024|3025|3026|3027|3028|3029|3308|3309|3310|3314|3315|3316|3000|3001|3002|3307|4031|4032|4033|4034|4035|4036|4037|4038|4039|4000|4001|4002|4003|4004|4005|3306|33060|33061|43000|43002|43005|43010|43012|43020|43021|300001|300002|300003|300004|300005|300006|300007|300008|3016|3017|3018|3019|3020|3021|4006|4007|4008|4009|4010|4011|3006|3007|3008|4150|4151|4152|4200|4201|4202|4203|4204|4205|400000|400099|400100|400110|400120|400200|400210|400220|0" radius="1" height="2" icon="4016" attackCount="2" beatdownable="1" />
<ModelTemplate  modelId="4017" path="_3D/Models/BattleField/Monster4017" effects="0" sounds="3022|3023|3024|3025|3026|3027|3028|3029|3308|3309|3310|3314|3315|3316|3000|3001|3002|3307|4031|4032|4033|4034|4035|4036|4037|4038|4039|4000|4001|4002|4003|4004|4005|3306|33060|33061|43000|43002|43005|43010|43012|43020|43021|300001|300002|300003|300004|300005|300006|300007|300008|3016|3017|3018|3019|3020|3021|4006|4007|4008|4009|4010|4011|3006|3007|3008|4150|4151|4152|4200|4201|4202|4203|4204|4205|400000|400099|400100|400110|400120|400200|400210|400220|0" radius="1" height="2" icon="4017" attackCount="2" beatdownable="1" />
<ModelTemplate  modelId="4018" path="_3D/Models/BattleField/Monster4018" effects="0" sounds="3022|3023|3024|3025|3026|3027|3028|3029|3308|3309|3310|3314|3315|3316|3000|3001|3002|3307|4031|4032|4033|4034|4035|4036|4037|4038|4039|4000|4001|4002|4003|4004|4005|3306|33060|33061|43000|43002|43005|43010|43012|43020|43021|300001|300002|300003|300004|300005|300006|300007|300008|3016|3017|3018|3019|3020|3021|4006|4007|4008|4009|4010|4011|3006|3007|3008|4150|4151|4152|4200|4201|4202|4203|4204|4205|400000|400099|400100|400110|400120|400200|400210|400220|0" radius="1" height="2" icon="4018" attackCount="2" beatdownable="1" />
<ModelTemplate  modelId="4019" path="_3D/Models/BattleField/Monster4019" effects="0" sounds="3022|3023|3024|3025|3026|3027|3028|3029|3308|3309|3310|3314|3315|3316|3000|3001|3002|3307|4031|4032|4033|4034|4035|4036|4037|4038|4039|4000|4001|4002|4003|4004|4005|3306|33060|33061|43000|43002|43005|43010|43012|43020|43021|300001|300002|300003|300004|300005|300006|300007|300008|3016|3017|3018|3019|3020|3021|4006|4007|4008|4009|4010|4011|3006|3007|3008|4150|4151|4152|4200|4201|4202|4203|4204|4205|400000|400099|400100|400110|400120|400200|400210|400220|0" radius="1" height="2" icon="4019" attackCount="2" beatdownable="1" />
<ModelTemplate  modelId="4020" path="_3D/Models/BattleField/Monster4020" effects="600239,600240" sounds="3022|3023|3024|3025|3026|3027|3028|3029|3308|3309|3310|3314|3315|3316|3000|3001|3002|3307|4031|4032|4033|4034|4035|4036|4037|4038|4039|4000|4001|4002|4003|4004|4005|3306|33060|33061|43000|43002|43005|43010|43012|43020|43021|300001|300002|300003|300004|300005|300006|300007|300008|3016|3017|3018|3019|3020|3021|4006|4007|4008|4009|4010|4011|3006|3007|3008|4150|4151|4152|4200|4201|4202|4203|4204|4205|400000|400099|400100|400110|400120|400200|400210|400220|0" radius="1" height="2" icon="4020" attackCount="2" beatdownable="1" />
<ModelTemplate  modelId="4021" path="_3D/Models/BattleField/Monster4021" effects="0" sounds="3022|3023|3024|3025|3026|3027|3028|3029|3308|3309|3310|3314|3315|3316|3000|3001|3002|3307|4031|4032|4033|4034|4035|4036|4037|4038|4039|4000|4001|4002|4003|4004|4005|3306|33060|33061|43000|43002|43005|43010|43012|43020|43021|300001|300002|300003|300004|300005|300006|300007|300008|3016|3017|3018|3019|3020|3021|4006|4007|4008|4009|4010|4011|3006|3007|3008|4150|4151|4152|4200|4201|4202|4203|4204|4205|400000|400099|400100|400110|400120|400200|400210|400220|4150|4151|4152|4200|4201|4202|4203|4204|4205|0" radius="1" height="2" icon="4021" attackCount="2" beatdownable="1" />
<ModelTemplate  modelId="4022" path="_3D/Models/BattleField/Monster4022" effects="600242,600243,600244,600158" sounds="3022|3023|3024|3025|3026|3027|3028|3029|3308|3309|3310|3314|3315|3316|3000|3001|3002|3307|4031|4032|4033|4034|4035|4036|4037|4038|4039|4000|4001|4002|4003|4004|4005|3306|33060|33061|43000|43002|43005|43010|43012|43020|43021|300001|300002|300003|300004|300005|300006|300007|300008|3016|3017|3018|3019|3020|3021|4006|4007|4008|4009|4010|4011|3006|3007|3008|4150|4151|4152|4200|4201|4202|4203|4204|4205|400000|400099|400100|400110|400120|400200|400210|400220|42050|42051|42052|42053|42054|42055|42056|900100|0" radius="1" height="2" icon="4022" attackCount="3" beatdownable="1" />
<ModelTemplate  modelId="4023" path="_3D/Models/BattleField/Monster4023" effects="0" sounds="3022|3023|3024|3025|3026|3027|3028|3029|3308|3309|3310|3314|3315|3316|3000|3001|3002|3307|4031|4032|4033|4034|4035|4036|4037|4038|4039|4000|4001|4002|4003|4004|4005|3306|33060|33061|43000|43002|43005|43010|43012|43020|43021|300001|300002|300003|300004|300005|300006|300007|300008|3016|3017|3018|3019|3020|3021|4006|4007|4008|4009|4010|4011|3006|3007|3008|4150|4151|4152|4200|4201|4202|4203|4204|4205|400000|400099|400100|400110|400120|400200|400210|400220|0" radius="1" height="2" icon="4023" attackCount="2" beatdownable="1" />
<ModelTemplate  modelId="4024" path="_3D/Models/BattleField/Monster4024" effects="0" sounds="3022|3023|3024|3025|3026|3027|3028|3029|3308|3309|3310|3314|3315|3316|3000|3001|3002|3307|4031|4032|4033|4034|4035|4036|4037|4038|4039|4000|4001|4002|4003|4004|4005|3306|33060|33061|43000|43002|43005|43010|43012|43020|43021|300001|300002|300003|300004|300005|300006|300007|300008|3016|3017|3018|3019|3020|3021|4006|4007|4008|4009|4010|4011|3006|3007|3008|4150|4151|4152|4200|4201|4202|4203|4204|4205|400000|400099|400100|400110|400120|400200|400210|400220|42054|42055|42056|42057|42058|42059|0" radius="1" height="2" icon="4024" attackCount="2" beatdownable="1" />
<ModelTemplate  modelId="4025" path="_3D/Models/BattleField/Monster4025" effects="0" sounds="3022|3023|3024|3025|3026|3027|3028|3029|3308|3309|3310|3314|3315|3316|3000|3001|3002|3307|4031|4032|4033|4034|4035|4036|4037|4038|4039|4000|4001|4002|4003|4004|4005|3306|33060|33061|43000|43002|43005|43010|43012|43020|43021|300001|300002|300003|300004|300005|300006|300007|300008|3016|3017|3018|3019|3020|3021|4006|4007|4008|4009|4010|4011|3006|3007|3008|4150|4151|4152|4200|4201|4202|4203|4204|4205|400000|400099|400100|400110|400120|400200|400210|400220|0" radius="1" height="2.8" icon="4025" attackCount="2" beatdownable="0" />
<ModelTemplate  modelId="4026" path="_3D/Models/BattleField/Monster4026" effects="0" sounds="3022|3023|3024|3025|3026|3027|3028|3029|3308|3309|3310|3314|3315|3316|3000|3001|3002|3307|4031|4032|4033|4034|4035|4036|4037|4038|4039|4000|4001|4002|4003|4004|4005|3306|33060|33061|43000|43002|43005|43010|43012|43020|43021|300001|300002|300003|300004|300005|300006|300007|300008|3016|3017|3018|3019|3020|3021|4006|4007|4008|4009|4010|4011|3006|3007|3008|4150|4151|4152|4200|4201|4202|4203|4204|4205|400000|400099|400100|400110|400120|400200|400210|400220|0" radius="1" height="2" icon="4026" attackCount="2" beatdownable="1" />
<ModelTemplate  modelId="4027" path="_3D/Models/BattleField/Monster4027" effects="0" sounds="3022|3023|3024|3025|3026|3027|3028|3029|3308|3309|3310|3314|3315|3316|3000|3001|3002|3307|4031|4032|4033|4034|4035|4036|4037|4038|4039|4000|4001|4002|4003|4004|4005|3306|33060|33061|43000|43002|43005|43010|43012|43020|43021|300001|300002|300003|300004|300005|300006|300007|300008|3016|3017|3018|3019|3020|3021|4006|4007|4008|4009|4010|4011|3006|3007|3008|4150|4151|4152|4200|4201|4202|4203|4204|4205|400000|400099|400100|400110|400120|400200|400210|400220|0" radius="1" height="2" icon="4027" attackCount="2" beatdownable="1" />
<ModelTemplate  modelId="4028" path="_3D/Models/BattleField/Monster4028" effects="0" sounds="3022|3023|3024|3025|3026|3027|3028|3029|3308|3309|3310|3314|3315|3316|3000|3001|3002|3307|4031|4032|4033|4034|4035|4036|4037|4038|4039|4000|4001|4002|4003|4004|4005|3306|33060|33061|43000|43002|43005|43010|43012|43020|43021|300001|300002|300003|300004|300005|300006|300007|300008|3016|3017|3018|3019|3020|3021|4006|4007|4008|4009|4010|4011|3006|3007|3008|4150|4151|4152|4200|4201|4202|4203|4204|4205|400000|400099|400100|400110|400120|400200|400210|400220|0" radius="1" height="2" icon="4028" attackCount="2" beatdownable="1" />
<ModelTemplate  modelId="4029" path="_3D/Models/BattleField/Monster4029" effects="0" sounds="3022|3023|3024|3025|3026|3027|3028|3029|3308|3309|3310|3314|3315|3316|3000|3001|3002|3307|4031|4032|4033|4034|4035|4036|4037|4038|4039|4000|4001|4002|4003|4004|4005|3306|33060|33061|43000|43002|43005|43010|43012|43020|43021|300001|300002|300003|300004|300005|300006|300007|300008|3016|3017|3018|3019|3020|3021|4006|4007|4008|4009|4010|4011|3006|3007|3008|4150|4151|4152|4200|4201|4202|4203|4204|4205|400000|400099|400100|400110|400120|400200|400210|400220|0" radius="1" height="2" icon="4029" attackCount="2" beatdownable="1" />
<ModelTemplate  modelId="4030" path="_3D/Models/BattleField/Monster4030" effects="0" sounds="3022|3023|3024|3025|3026|3027|3028|3029|3308|3309|3310|3314|3315|3316|3000|3001|3002|3307|4031|4032|4033|4034|4035|4036|4037|4038|4039|4000|4001|4002|4003|4004|4005|3306|33060|33061|43000|43002|43005|43010|43012|43020|43021|300001|300002|300003|300004|300005|300006|300007|300008|3016|3017|3018|3019|3020|3021|4006|4007|4008|4009|4010|4011|3006|3007|3008|4150|4151|4152|4200|4201|4202|4203|4204|4205|400000|400099|400100|400110|400120|400200|400210|400220|0" radius="1" height="2" icon="4030" attackCount="2" beatdownable="0" />
<ModelTemplate  modelId="4031" path="_3D/Models/BattleField/Monster4031" effects="0" sounds="3022|3023|3024|3025|3026|3027|3028|3029|3308|3309|3310|3314|3315|3316|3000|3001|3002|3307|4031|4032|4033|4034|4035|4036|4037|4038|4039|4000|4001|4002|4003|4004|4005|3306|33060|33061|43000|43002|43005|43010|43012|43020|43021|300001|300002|300003|300004|300005|300006|300007|300008|3016|3017|3018|3019|3020|3021|4006|4007|4008|4009|4010|4011|3006|3007|3008|4150|4151|4152|4200|4201|4202|4203|4204|4205|400000|400099|400100|400110|400120|400200|400210|400220|0" radius="1" height="2" icon="4031" attackCount="2" beatdownable="1" />
<ModelTemplate  modelId="4032" path="_3D/Models/BattleField/Monster4032" effects="0" sounds="3022|3023|3024|3025|3026|3027|3028|3029|3308|3309|3310|3314|3315|3316|3000|3001|3002|3307|4031|4032|4033|4034|4035|4036|4037|4038|4039|4000|4001|4002|4003|4004|4005|3306|33060|33061|43000|43002|43005|43010|43012|43020|43021|300001|300002|300003|300004|300005|300006|300007|300008|3016|3017|3018|3019|3020|3021|4006|4007|4008|4009|4010|4011|3006|3007|3008|4150|4151|4152|4200|4201|4202|4203|4204|4205|400000|400099|400100|400110|400120|400200|400210|400220|0" radius="1" height="2" icon="4032" attackCount="2" beatdownable="1" />
<ModelTemplate  modelId="5001" path="_3D/Models/BattleField/Gear5001" effects="0" sounds="0" radius="0" height="0" icon="0" attackCount="2" beatdownable="1" />
<ModelTemplate  modelId="5002" path="_3D/Models/BattleField/Gear5002" effects="0" sounds="0" radius="0" height="0" icon="0" attackCount="2" beatdownable="1" />
<ModelTemplate  modelId="5003" path="_3D/Models/BattleField/Gear5003" effects="0" sounds="0" radius="0" height="0" icon="0" attackCount="2" beatdownable="1" />
<ModelTemplate  modelId="5004" path="_3D/Models/BattleField/Gear5004" effects="0" sounds="0" radius="0" height="0" icon="0" attackCount="2" beatdownable="1" />
<ModelTemplate  modelId="5005" path="_3D/Models/BattleField/Gear5005" effects="0" sounds="0" radius="0" height="0" icon="0" attackCount="2" beatdownable="1" />
<ModelTemplate  modelId="5006" path="_3D/Models/BattleField/Gear5006" effects="0" sounds="0" radius="0" height="0" icon="0" attackCount="2" beatdownable="1" />
<ModelTemplate  modelId="5007" path="_3D/Models/BattleField/Gear5007" effects="0" sounds="0" radius="0" height="0" icon="0" attackCount="2" beatdownable="1" />
<ModelTemplate  modelId="6001" path="_3D/Models/BattleField/Droppen6001" effects="200001" sounds="0" radius="0" height="0" icon="0" attackCount="2" beatdownable="1" />
<ModelTemplate  modelId="6002" path="_3D/Models/BattleField/Droppen6002" effects="200001" sounds="0" radius="0" height="0" icon="0" attackCount="2" beatdownable="1" />
<ModelTemplate  modelId="7001" path="_3D/Models/BattleField/Door7001" effects="0" sounds="900100" radius="0" height="0" icon="0" attackCount="2" beatdownable="1" />
<ModelTemplate  modelId="7002" path="_3D/Models/TreasureCity/TreasureBoxObj" effects="0" sounds="0" radius="0" height="0" icon="0" attackCount="0" beatdownable="1" />
<ModelTemplate  modelId="7003" path="_3D/Models/TreasureCity/TreasureYB" effects="0" sounds="0" radius="0" height="0" icon="0" attackCount="0" beatdownable="1" />
<ModelTemplate  modelId="10101" path="_3D/Models/PlayerWeapon/Heavy/Weapon10101" effects="0" sounds="0" radius="0" height="0" icon="0" attackCount="2" beatdownable="1" />
<ModelTemplate  modelId="10102" path="_3D/Models/PlayerWeapon/Heavy/Weapon10102" effects="0" sounds="0" radius="0" height="0" icon="0" attackCount="2" beatdownable="1" />
<ModelTemplate  modelId="10103" path="_3D/Models/PlayerWeapon/Heavy/Weapon10103" effects="0" sounds="0" radius="0" height="0" icon="0" attackCount="2" beatdownable="1" />
<ModelTemplate  modelId="10104" path="_3D/Models/PlayerWeapon/Heavy/Weapon10104" effects="0" sounds="0" radius="0" height="0" icon="0" attackCount="2" beatdownable="1" />
<ModelTemplate  modelId="10105" path="_3D/Models/PlayerWeapon/Heavy/Weapon10105" effects="0" sounds="0" radius="0" height="0" icon="0" attackCount="2" beatdownable="1" />
<ModelTemplate  modelId="10106" path="_3D/Models/PlayerWeapon/Heavy/Weapon10106" effects="0" sounds="0" radius="0" height="0" icon="0" attackCount="2" beatdownable="1" />
<ModelTemplate  modelId="10107" path="_3D/Models/PlayerWeapon/Heavy/Weapon10107" effects="0" sounds="0" radius="0" height="0" icon="0" attackCount="2" beatdownable="1" />
<ModelTemplate  modelId="10108" path="_3D/Models/PlayerWeapon/Heavy/Weapon10108" effects="0" sounds="0" radius="0" height="0" icon="0" attackCount="2" beatdownable="1" />
<ModelTemplate  modelId="10109" path="_3D/Models/PlayerWeapon/Heavy/Weapon10109" effects="0" sounds="0" radius="0" height="0" icon="0" attackCount="2" beatdownable="1" />
<ModelTemplate  modelId="10110" path="_3D/Models/PlayerWeapon/Heavy/Weapon10110" effects="0" sounds="0" radius="0" height="0" icon="0" attackCount="2" beatdownable="1" />
<ModelTemplate  modelId="10111" path="_3D/Models/PlayerWeapon/Heavy/Weapon10111" effects="0" sounds="0" radius="0" height="0" icon="0" attackCount="2" beatdownable="1" />
<ModelTemplate  modelId="10201" path="_3D/Models/PlayerWeapon/Light/Weapon10201" effects="0" sounds="0" radius="0" height="0" icon="0" attackCount="2" beatdownable="1" />
<ModelTemplate  modelId="10202" path="_3D/Models/PlayerWeapon/Light/Weapon10202" effects="0" sounds="0" radius="0" height="0" icon="0" attackCount="2" beatdownable="1" />
<ModelTemplate  modelId="10203" path="_3D/Models/PlayerWeapon/Light/Weapon10203" effects="0" sounds="0" radius="0" height="0" icon="0" attackCount="2" beatdownable="1" />
<ModelTemplate  modelId="10204" path="_3D/Models/PlayerWeapon/Light/Weapon10204" effects="0" sounds="0" radius="0" height="0" icon="0" attackCount="2" beatdownable="1" />
<ModelTemplate  modelId="10205" path="_3D/Models/PlayerWeapon/Light/Weapon10205" effects="0" sounds="0" radius="0" height="0" icon="0" attackCount="2" beatdownable="1" />
<ModelTemplate  modelId="10206" path="_3D/Models/PlayerWeapon/Light/Weapon10206" effects="0" sounds="0" radius="0" height="0" icon="0" attackCount="2" beatdownable="1" />
<ModelTemplate  modelId="10207" path="_3D/Models/PlayerWeapon/Light/Weapon10207" effects="0" sounds="0" radius="0" height="0" icon="0" attackCount="2" beatdownable="1" />
<ModelTemplate  modelId="10208" path="_3D/Models/PlayerWeapon/Light/Weapon10208" effects="0" sounds="0" radius="0" height="0" icon="0" attackCount="2" beatdownable="1" />
<ModelTemplate  modelId="10209" path="_3D/Models/PlayerWeapon/Light/Weapon10209" effects="0" sounds="0" radius="0" height="0" icon="0" attackCount="2" beatdownable="1" />
<ModelTemplate  modelId="10210" path="_3D/Models/PlayerWeapon/Light/Weapon10210" effects="0" sounds="0" radius="0" height="0" icon="0" attackCount="2" beatdownable="1" />
<ModelTemplate  modelId="10211" path="_3D/Models/PlayerWeapon/Light/Weapon10211" effects="0" sounds="0" radius="0" height="0" icon="0" attackCount="2" beatdownable="1" />
<ModelTemplate  modelId="10301" path="_3D/Models/PlayerWeapon/Range/Weapon10301" effects="0" sounds="0" radius="0" height="0" icon="0" attackCount="2" beatdownable="1" />
<ModelTemplate  modelId="10302" path="_3D/Models/PlayerWeapon/Range/Weapon10302" effects="0" sounds="0" radius="0" height="0" icon="0" attackCount="2" beatdownable="1" />
<ModelTemplate  modelId="10303" path="_3D/Models/PlayerWeapon/Range/Weapon10303" effects="0" sounds="0" radius="0" height="0" icon="0" attackCount="2" beatdownable="1" />
<ModelTemplate  modelId="10304" path="_3D/Models/PlayerWeapon/Range/Weapon10304" effects="0" sounds="0" radius="0" height="0" icon="0" attackCount="2" beatdownable="1" />
<ModelTemplate  modelId="10305" path="_3D/Models/PlayerWeapon/Range/Weapon10305" effects="0" sounds="0" radius="0" height="0" icon="0" attackCount="2" beatdownable="1" />
<ModelTemplate  modelId="10306" path="_3D/Models/PlayerWeapon/Range/Weapon10306" effects="0" sounds="0" radius="0" height="0" icon="0" attackCount="2" beatdownable="1" />
<ModelTemplate  modelId="10307" path="_3D/Models/PlayerWeapon/Range/Weapon10307" effects="0" sounds="0" radius="0" height="0" icon="0" attackCount="2" beatdownable="1" />
<ModelTemplate  modelId="10308" path="_3D/Models/PlayerWeapon/Range/Weapon10308" effects="0" sounds="0" radius="0" height="0" icon="0" attackCount="2" beatdownable="1" />
<ModelTemplate  modelId="10309" path="_3D/Models/PlayerWeapon/Range/Weapon10309" effects="0" sounds="0" radius="0" height="0" icon="0" attackCount="2" beatdownable="1" />
<ModelTemplate  modelId="10310" path="_3D/Models/PlayerWeapon/Range/Weapon10310" effects="0" sounds="0" radius="0" height="0" icon="0" attackCount="2" beatdownable="1" />
<ModelTemplate  modelId="10311" path="_3D/Models/PlayerWeapon/Range/Weapon10311" effects="0" sounds="0" radius="0" height="0" icon="0" attackCount="2" beatdownable="1" />
</dataset>