<?xml version="1.0" encoding="UTF-8"?>
<dataset>
<NameKu type="1" name="姬" />
<NameKu type="1" name="王" />
<NameKu type="1" name="李" />
<NameKu type="1" name="孙" />
<NameKu type="1" name="薛" />
<NameKu type="1" name="嬴" />
<NameKu type="1" name="赵" />
<NameKu type="1" name="韩" />
<NameKu type="1" name="魏" />
<NameKu type="1" name="燕" />
<NameKu type="1" name="姜" />
<NameKu type="1" name="田" />
<NameKu type="1" name="陈" />
<NameKu type="1" name="庞" />
<NameKu type="1" name="智" />
<NameKu type="1" name="卫" />
<NameKu type="1" name="商" />
<NameKu type="1" name="秦" />
<NameKu type="1" name="孔" />
<NameKu type="1" name="熊" />
<NameKu type="1" name="屈" />
<NameKu type="1" name="昭" />
<NameKu type="1" name="子" />
<NameKu type="1" name="周" />
<NameKu type="1" name="吕" />
<NameKu type="1" name="宋" />
<NameKu type="1" name="申" />
<NameKu type="1" name="晏" />
<NameKu type="1" name="管" />
<NameKu type="1" name="鲁" />
<NameKu type="1" name="蔡" />
<NameKu type="1" name="许" />
<NameKu type="1" name="郑" />
<NameKu type="1" name="曹" />
<NameKu type="1" name="项" />
<NameKu type="1" name="张" />
<NameKu type="1" name="苏" />
<NameKu type="1" name="墨" />
<NameKu type="1" name="荀" />
<NameKu type="1" name="杨" />
<NameKu type="1" name="任" />
<NameKu type="1" name="曾" />
<NameKu type="1" name="徐" />
<NameKu type="1" name="章" />
<NameKu type="1" name="黄" />
<NameKu type="1" name="邓" />
<NameKu type="1" name="司徒" />
<NameKu type="1" name="百里" />
<NameKu type="1" name="吴" />
<NameKu type="1" name="夏" />
<NameKu type="1" name="安" />
<NameKu type="1" name="柏" />
<NameKu type="1" name="鲍" />
<NameKu type="1" name="毕" />
<NameKu type="1" name="岑" />
<NameKu type="1" name="昌" />
<NameKu type="1" name="常" />
<NameKu type="1" name="丁" />
<NameKu type="1" name="酆" />
<NameKu type="1" name="傅" />
<NameKu type="1" name="郝" />
<NameKu type="1" name="赫" />
<NameKu type="1" name="华" />
<NameKu type="1" name="解" />
<NameKu type="1" name="雷" />
<NameKu type="1" name="廉" />
<NameKu type="1" name="马" />
<NameKu type="1" name="聂" />
<NameKu type="1" name="潘" />
<NameKu type="1" name="彭" />
<NameKu type="1" name="史" />
<NameKu type="1" name="汤" />
<NameKu type="1" name="陶" />
<NameKu type="1" name="滕" />
<NameKu type="1" name="邬" />
<NameKu type="1" name="严" />
<NameKu type="1" name="应" />
<NameKu type="1" name="杭" />
<NameKu type="1" name="喻" />
<NameKu type="1" name="仇" />
<NameKu type="1" name="卢" />
<NameKu type="1" name="江" />
<NameKu type="1" name="万" />
<NameKu type="1" name="堪" />
<NameKu type="1" name="黎" />
<NameKu type="1" name="席" />
<NameKu type="1" name="经" />
<NameKu type="1" name="车" />
<NameKu type="1" name="贾" />
<NameKu type="1" name="裘" />
<NameKu type="1" name="支" />
<NameKu type="1" name="费" />
<NameKu type="1" name="祁" />
<NameKu type="1" name="纪" />
<NameKu type="1" name="鄂" />
<NameKu type="1" name="尹" />
<NameKu type="1" name="阎" />
<NameKu type="1" name="粱" />
<NameKu type="1" name="罗" />
<NameKu type="1" name="咎" />
<NameKu type="1" name="禹" />
<NameKu type="1" name="高" />
<NameKu type="1" name="穆" />
<NameKu type="1" name="汪" />
<NameKu type="1" name="骆" />
<NameKu type="1" name="袁" />
<NameKu type="1" name="姚" />
<NameKu type="1" name="由" />
<NameKu type="1" name="钮" />
<NameKu type="1" name="惠" />
<NameKu type="1" name="刘" />
<NameKu type="1" name="诸" />
<NameKu type="1" name="甄" />
<NameKu type="1" name="孟" />
<NameKu type="1" name="於" />
<NameKu type="1" name="俞" />
<NameKu type="1" name="景" />
<NameKu type="1" name="唐" />
<NameKu type="1" name="石" />
<NameKu type="1" name="吉" />
<NameKu type="1" name="符" />
<NameKu type="1" name="包" />
<NameKu type="1" name="羊" />
<NameKu type="1" name="宓" />
<NameKu type="1" name="程" />
<NameKu type="1" name="荣" />
<NameKu type="1" name="詹" />
<NameKu type="1" name="家" />
<NameKu type="1" name="崔" />
<NameKu type="1" name="封" />
<NameKu type="1" name="钱" />
<NameKu type="1" name="洪" />
<NameKu type="1" name="左" />
<NameKu type="1" name="贺" />
<NameKu type="1" name="邵" />
<NameKu type="1" name="邢" />
<NameKu type="1" name="鹿" />
<NameKu type="1" name="方" />
<NameKu type="1" name="戚" />
<NameKu type="1" name="范" />
<NameKu type="1" name="冯" />
<NameKu type="1" name="谢" />
<NameKu type="1" name="施" />
<NameKu type="1" name="段" />
<NameKu type="1" name="柳" />
<NameKu type="1" name="裴" />
<NameKu type="1" name="沈" />
<NameKu type="1" name="陆" />
<NameKu type="1" name="邹" />
<NameKu type="1" name="翟" />
<NameKu type="1" name="何" />
<NameKu type="1" name="韦" />
<NameKu type="1" name="卓" />
<NameKu type="1" name="蒋" />
<NameKu type="1" name="窦" />
<NameKu type="1" name="苗" />
<NameKu type="1" name="翁" />
<NameKu type="1" name="牧" />
<NameKu type="1" name="贲" />
<NameKu type="1" name="牟" />
<NameKu type="1" name="郁" />
<NameKu type="1" name="颜" />
<NameKu type="1" name="闵" />
<NameKu type="1" name="莫" />
<NameKu type="1" name="樊" />
<NameKu type="1" name="蔺" />
<NameKu type="1" name="嵇" />
<NameKu type="1" name="邱" />
<NameKu type="1" name="向" />
<NameKu type="1" name="楼" />
<NameKu type="1" name="缪" />
<NameKu type="1" name="龚" />
<NameKu type="1" name="温" />
<NameKu type="1" name="褚" />
<NameKu type="1" name="柯" />
<NameKu type="1" name="虞" />
<NameKu type="1" name="韶" />
<NameKu type="1" name="郜" />
<NameKu type="1" name="宗" />
<NameKu type="1" name="凌" />
<NameKu type="1" name="郦" />
<NameKu type="1" name="霍" />
<NameKu type="1" name="宣" />
<NameKu type="1" name="狄" />
<NameKu type="1" name="叶" />
<NameKu type="1" name="卜" />
<NameKu type="1" name="元" />
<NameKu type="1" name="单" />
<NameKu type="1" name="白" />
<NameKu type="1" name="慕" />
<NameKu type="1" name="巫" />
<NameKu type="1" name="廖" />
<NameKu type="1" name="沙" />
<NameKu type="1" name="武" />
<NameKu type="1" name="仲" />
<NameKu type="1" name="连" />
<NameKu type="1" name="宁" />
<NameKu type="1" name="祖" />
<NameKu type="1" name="齐" />
<NameKu type="1" name="阮" />
<NameKu type="1" name="童" />
<NameKu type="1" name="浑" />
<NameKu type="1" name="秋" />
<NameKu type="1" name="尤" />
<NameKu type="1" name="于" />
<NameKu type="1" name="朱" />
<NameKu type="1" name="顾" />
<NameKu type="1" name="房" />
<NameKu type="1" name="董" />
<NameKu type="1" name="余" />
<NameKu type="1" name="侯" />
<NameKu type="1" name="宫" />
<NameKu type="1" name="伍" />
<NameKu type="1" name="乔" />
<NameKu type="1" name="佟" />
<NameKu type="1" name="萧" />
<NameKu type="1" name="占" />
<NameKu type="1" name="干" />
<NameKu type="1" name="雍" />
<NameKu type="1" name="糜" />
<NameKu type="1" name="全" />
<NameKu type="1" name="葛" />
<NameKu type="1" name="苻" />
<NameKu type="1" name="权" />
<NameKu type="1" name="祝" />
<NameKu type="1" name="皮" />
<NameKu type="1" name="庾" />
<NameKu type="1" name="曲" />
<NameKu type="1" name="赖" />
<NameKu type="1" name="瞿" />
<NameKu type="1" name="牛" />
<NameKu type="1" name="资" />
<NameKu type="1" name="公冶" />
<NameKu type="1" name="伯赏" />
<NameKu type="1" name="轩辕" />
<NameKu type="1" name="长孙" />
<NameKu type="1" name="司马" />
<NameKu type="1" name="鲜于" />
<NameKu type="1" name="欧阳" />
<NameKu type="1" name="司空" />
<NameKu type="1" name="单于" />
<NameKu type="1" name="夏侯" />
<NameKu type="1" name="上官" />
<NameKu type="1" name="皇甫" />
<NameKu type="1" name="南宫" />
<NameKu type="1" name="诸葛" />
<NameKu type="1" name="巫马" />
<NameKu type="1" name="阳佟" />
<NameKu type="1" name="太叔" />
<NameKu type="1" name="东方" />
<NameKu type="1" name="尉迟" />
<NameKu type="1" name="呼延" />
<NameKu type="1" name="慕容" />
<NameKu type="1" name="宇文" />
<NameKu type="1" name="淳于" />
<NameKu type="1" name="子车" />
<NameKu type="1" name="闾丘" />
<NameKu type="1" name="东郭" />
<NameKu type="1" name="归海" />
<NameKu type="1" name="赫连" />
<NameKu type="1" name="乐正" />
<NameKu type="1" name="濮阳" />
<NameKu type="1" name="西门" />
<NameKu type="1" name="令狐" />
<NameKu type="1" name="左丘" />
<NameKu type="1" name="公西" />
<NameKu type="1" name="谷粱" />
<NameKu type="1" name="拓跋" />
<NameKu type="2" name="渊" />
<NameKu type="2" name="轲" />
<NameKu type="2" name="礼" />
<NameKu type="2" name="安" />
<NameKu type="2" name="仲" />
<NameKu type="2" name="豹" />
<NameKu type="2" name="虎" />
<NameKu type="2" name="陵" />
<NameKu type="2" name="阙" />
<NameKu type="2" name="舟" />
<NameKu type="2" name="襄" />
<NameKu type="2" name="向" />
<NameKu type="2" name="义" />
<NameKu type="2" name="毅" />
<NameKu type="2" name="恬" />
<NameKu type="2" name="政" />
<NameKu type="2" name="浣" />
<NameKu type="2" name="离" />
<NameKu type="2" name="齐" />
<NameKu type="2" name="期" />
<NameKu type="2" name="奇" />
<NameKu type="2" name="戚" />
<NameKu type="2" name="余" />
<NameKu type="2" name="昱" />
<NameKu type="2" name="禹" />
<NameKu type="2" name="瑜" />
<NameKu type="2" name="顺" />
<NameKu type="2" name="熙" />
<NameKu type="2" name="犀" />
<NameKu type="2" name="霸" />
<NameKu type="2" name="巴" />
<NameKu type="2" name="惠" />
<NameKu type="2" name="徽" />
<NameKu type="2" name="昂" />
<NameKu type="2" name="广" />
<NameKu type="2" name="班" />
<NameKu type="2" name="邦" />
<NameKu type="2" name="谤" />
<NameKu type="2" name="奔" />
<NameKu type="2" name="勃" />
<NameKu type="2" name="卜" />
<NameKu type="2" name="参" />
<NameKu type="2" name="粲" />
<NameKu type="2" name="苍" />
<NameKu type="2" name="沧" />
<NameKu type="2" name="策" />
<NameKu type="2" name="岑" />
<NameKu type="2" name="葱" />
<NameKu type="2" name="琮" />
<NameKu type="2" name="产" />
<NameKu type="2" name="禅" />
<NameKu type="2" name="常" />
<NameKu type="2" name="尝" />
<NameKu type="2" name="昌" />
<NameKu type="2" name="畅" />
<NameKu type="2" name="澈" />
<NameKu type="2" name="辰" />
<NameKu type="2" name="成" />
<NameKu type="2" name="乘" />
<NameKu type="2" name="程" />
<NameKu type="2" name="丞" />
<NameKu type="2" name="承" />
<NameKu type="2" name="宠" />
<NameKu type="2" name="充" />
<NameKu type="2" name="种" />
<NameKu type="2" name="崇" />
<NameKu type="2" name="丑" />
<NameKu type="2" name="仇" />
<NameKu type="2" name="畴" />
<NameKu type="2" name="杵" />
<NameKu type="2" name="单" />
<NameKu type="2" name="荡" />
<NameKu type="2" name="登" />
<NameKu type="2" name="度" />
<NameKu type="2" name="笃" />
<NameKu type="2" name="遁" />
<NameKu type="2" name="栋" />
<NameKu type="2" name="封" />
<NameKu type="2" name="范" />
<NameKu type="2" name="玄" />
<NameKu type="2" name="越泽" />
<NameKu type="2" name="锦程" />
<NameKu type="2" name="修杰" />
<NameKu type="2" name="立辉" />
<NameKu type="2" name="致远" />
<NameKu type="2" name="天思" />
<NameKu type="2" name="修洁" />
<NameKu type="2" name="初彤" />
<NameKu type="2" name="平灵" />
<NameKu type="2" name="源智" />
<NameKu type="2" name="烨华" />
<NameKu type="2" name="振家" />
<NameKu type="2" name="越彬" />
<NameKu type="2" name="乞" />
<NameKu type="2" name="子轩" />
<NameKu type="2" name="伟宸" />
<NameKu type="2" name="晋鹏" />
<NameKu type="2" name="觅松" />
<NameKu type="2" name="海亦" />
<NameKu type="2" name="戾" />
<NameKu type="2" name="嵩" />
<NameKu type="2" name="邑" />
<NameKu type="2" name="鸿" />
<NameKu type="2" name="卿" />
<NameKu type="2" name="裘" />
<NameKu type="2" name="契" />
<NameKu type="2" name="涛" />
<NameKu type="2" name="疾" />
<NameKu type="2" name="驳" />
<NameKu type="2" name="凛" />
<NameKu type="2" name="逊" />
<NameKu type="2" name="鹰" />
<NameKu type="2" name="威" />
<NameKu type="2" name="紊" />
<NameKu type="2" name="阁" />
<NameKu type="2" name="康" />
<NameKu type="2" name="焱" />
<NameKu type="2" name="城" />
<NameKu type="2" name="誉" />
<NameKu type="2" name="祥" />
<NameKu type="2" name="虔" />
<NameKu type="2" name="胜" />
<NameKu type="2" name="穆" />
<NameKu type="2" name="豁" />
<NameKu type="2" name="霆" />
<NameKu type="2" name="凡" />
<NameKu type="2" name="枫" />
<NameKu type="2" name="豪" />
<NameKu type="2" name="铭" />
<NameKu type="2" name="罡" />
<NameKu type="2" name="扬" />
<NameKu type="2" name="垣" />
<NameKu type="2" name="师" />
<NameKu type="2" name="翼" />
<NameKu type="2" name="秋" />
<NameKu type="2" name="傥" />
<NameKu type="2" name="浩宇" />
<NameKu type="2" name="志泽" />
<NameKu type="2" name="南松" />
<NameKu type="2" name="凝海" />
<NameKu type="2" name="靖易" />
<NameKu type="2" name="箴" />
<NameKu type="2" name="睿渊" />
<NameKu type="2" name="博超" />
<NameKu type="2" name="天磊" />
<NameKu type="2" name="雍" />
<NameKu type="2" name="达" />
<NameKu type="2" name="乾" />
<NameKu type="2" name="鑫" />
<NameKu type="2" name="萧" />
<NameKu type="2" name="鲂" />
<NameKu type="2" name="冥" />
<NameKu type="2" name="翰" />
<NameKu type="2" name="隶" />
<NameKu type="2" name="钧" />
<NameKu type="2" name="坤" />
<NameKu type="2" name="荆" />
<NameKu type="2" name="蹇" />
<NameKu type="2" name="骁" />
<NameKu type="2" name="沅" />
<NameKu type="2" name="剑" />
<NameKu type="2" name="勒" />
<NameKu type="2" name="筮" />
<NameKu type="2" name="磬" />
<NameKu type="2" name="戎" />
<NameKu type="2" name="翎" />
<NameKu type="2" name="函" />
<NameKu type="2" name="嚣" />
<NameKu type="2" name="炳" />
<NameKu type="2" name="耷" />
<NameKu type="2" name="惮" />
<NameKu type="2" name="鞯" />
<NameKu type="2" name="擎" />
<NameKu type="2" name="靖" />
<NameKu type="2" name="遥" />
<NameKu type="2" name="颤" />
<NameKu type="2" name="孱" />
<NameKu type="2" name="续" />
<NameKu type="2" name="岩" />
<NameKu type="2" name="奄" />
<NameKu type="2" name="鹏飞" />
<NameKu type="2" name="弘文" />
<NameKu type="2" name="白易" />
<NameKu type="2" name="远航" />
<NameKu type="2" name="笑白" />
<NameKu type="2" name="智宸" />
<NameKu type="2" name="君浩" />
<NameKu type="2" name="绍辉" />
<NameKu type="2" name="冷安" />
<NameKu type="2" name="盼旋" />
<NameKu type="2" name="博" />
<NameKu type="2" name="绯" />
<NameKu type="2" name="匕" />
<NameKu type="2" name="奎" />
<NameKu type="2" name="仰" />
<NameKu type="2" name="乌" />
<NameKu type="2" name="邴" />
<NameKu type="2" name="败" />
<NameKu type="2" name="捕" />
<NameKu type="2" name="糜" />
<NameKu type="2" name="汲" />
<NameKu type="2" name="涔" />
<NameKu type="2" name="悲" />
<NameKu type="2" name="臻" />
<NameKu type="2" name="厉" />
<NameKu type="2" name="栾" />
<NameKu type="2" name="伊" />
<NameKu type="2" name="储" />
<NameKu type="2" name="羿" />
<NameKu type="2" name="富" />
<NameKu type="2" name="松" />
<NameKu type="2" name="寇" />
<NameKu type="2" name="珩" />
<NameKu type="2" name="靳" />
<NameKu type="2" name="鞅" />
<NameKu type="2" name="弼" />
<NameKu type="2" name="焦" />
<NameKu type="2" name="天德" />
<NameKu type="2" name="铁身" />
<NameKu type="2" name="半山" />
<NameKu type="2" name="一江" />
<NameKu type="2" name="冰安" />
<NameKu type="2" name="皓轩" />
<NameKu type="2" name="子默" />
<NameKu type="2" name="青寒" />
<NameKu type="2" name="烨磊" />
<NameKu type="2" name="愚志" />
<NameKu type="2" name="问筠" />
<NameKu type="2" name="冷之" />
<NameKu type="2" name="正豪" />
<NameKu type="2" name="文博" />
<NameKu type="2" name="明辉" />
<NameKu type="2" name="哲瀚" />
<NameKu type="2" name="子骞" />
<NameKu type="2" name="泽洋" />
<NameKu type="2" name="灵竹" />
<NameKu type="2" name="擎汉" />
<NameKu type="2" name="自中" />
<NameKu type="2" name="开山" />
<NameKu type="2" name="百川" />
<NameKu type="2" name="世倌" />
<NameKu type="2" name="岱周" />
<NameKu type="2" name="擎苍" />
<NameKu type="2" name="思远" />
<NameKu type="2" name="鸿涛" />
<NameKu type="2" name="孤风" />
<NameKu type="2" name="青文" />
<NameKu type="2" name="盼秋" />
<NameKu type="2" name="怜烟" />
<NameKu type="2" name="浩然" />
<NameKu type="2" name="明杰" />
<NameKu type="2" name="昊焱" />
<NameKu type="2" name="伟诚" />
<NameKu type="2" name="鹏涛" />
<NameKu type="2" name="鑫磊" />
<NameKu type="2" name="醉薇" />
<NameKu type="2" name="靖仇" />
<NameKu type="2" name="成威" />
<NameKu type="2" name="人英" />
<NameKu type="2" name="世德" />
<NameKu type="2" name="世平" />
<NameKu type="2" name="广山" />
<NameKu type="2" name="德天" />
<NameKu type="2" name="人杰" />
<NameKu type="2" name="不言" />
<NameKu type="2" name="世立" />
<NameKu type="2" name="元龙" />
<NameKu type="2" name="士晋" />
<NameKu type="2" name="伯云" />
<NameKu type="2" name="浩轩" />
<NameKu type="2" name="煜城" />
<NameKu type="2" name="天佑" />
<NameKu type="2" name="文轩" />
<NameKu type="2" name="立诚" />
<NameKu type="2" name="沛山" />
<NameKu type="2" name="远山" />
<NameKu type="2" name="语堂" />
<NameKu type="2" name="文昊" />
<NameKu type="2" name="荣轩" />
<NameKu type="2" name="立轩" />
<NameKu type="2" name="山河" />
<NameKu type="2" name="三问" />
<NameKu type="2" name="海" />
<NameKu type="2" name="文涛" />
<NameKu type="2" name="刚" />
<NameKu type="2" name="纲" />
<NameKu type="2" name="晓刚" />
<NameKu type="2" name="洪纲" />
<NameKu type="3" name="月儿" />
<NameKu type="3" name="瑾如" />
<NameKu type="3" name="悦风" />
<NameKu type="3" name="子桐" />
<NameKu type="3" name="灵" />
<NameKu type="3" name="玉" />
<NameKu type="3" name="妍" />
<NameKu type="3" name="嫣" />
<NameKu type="3" name="元香" />
<NameKu type="3" name="菱" />
<NameKu type="3" name="蓉" />
<NameKu type="3" name="琴" />
<NameKu type="3" name="傲雪" />
<NameKu type="3" name="珊" />
<NameKu type="3" name="翠" />
<NameKu type="3" name="婉儿" />
<NameKu type="3" name="菡" />
<NameKu type="3" name="书梦" />
<NameKu type="3" name="君雅" />
<NameKu type="3" name="沐春" />
<NameKu type="3" name="若言" />
<NameKu type="3" name="如烟" />
<NameKu type="3" name="小芸" />
<NameKu type="3" name="听雨" />
<NameKu type="3" name="薇" />
<NameKu type="3" name="雪" />
<NameKu type="3" name="兰" />
<NameKu type="3" name="珍" />
<NameKu type="3" name="贞" />
<NameKu type="3" name="青莲" />
<NameKu type="3" name="初蕊" />
<NameKu type="3" name="含玉" />
<NameKu type="3" name="诗韵" />
<NameKu type="3" name="瑶" />
<NameKu type="3" name="曼" />
<NameKu type="3" name="凌霜" />
<NameKu type="3" name="小柔" />
<NameKu type="3" name="灵竹" />
<NameKu type="3" name="梦岚" />
<NameKu type="3" name="思君" />
<NameKu type="3" name="淑童" />
<NameKu type="3" name="晴" />
<NameKu type="3" name="彩蝶" />
<NameKu type="3" name="小芙" />
<NameKu type="3" name="雨萱" />
<NameKu type="3" name="燕燕" />
<NameKu type="3" name="曼青" />
<NameKu type="3" name="巧巧" />
<NameKu type="3" name="怀裳" />
<NameKu type="3" name="雨菲" />
<NameKu type="3" name="紫萱" />
<NameKu type="3" name="紫霜" />
<NameKu type="3" name="紫南" />
<NameKu type="3" name="紫菱" />
<NameKu type="3" name="紫蓝" />
<NameKu type="3" name="紫翠" />
<NameKu type="3" name="紫安" />
<NameKu type="3" name="姿" />
<NameKu type="3" name="芷天" />
<NameKu type="3" name="芷容" />
<NameKu type="3" name="芷巧" />
<NameKu type="3" name="芷卉" />
<NameKu type="3" name="芷荷" />
<NameKu type="3" name="芷" />
<NameKu type="3" name="芝" />
<NameKu type="3" name="之桃" />
<NameKu type="3" name="筝" />
<NameKu type="3" name="真" />
<NameKu type="3" name="元霜" />
<NameKu type="3" name="语雪" />
<NameKu type="3" name="语山" />
<NameKu type="3" name="语蓉" />
<NameKu type="3" name="语琴" />
<NameKu type="3" name="语芙" />
<NameKu type="3" name="语儿" />
<NameKu type="3" name="语蝶" />
<NameKu type="3" name="雨雪" />
<NameKu type="3" name="雨文" />
<NameKu type="3" name="雨梅" />
<NameKu type="3" name="雨莲" />
<NameKu type="3" name="雨兰" />
<NameKu type="3" name="幼丝" />
<NameKu type="3" name="又菡" />
<NameKu type="3" name="友梅" />
<NameKu type="3" name="友儿" />
<NameKu type="3" name="映萱" />
<NameKu type="3" name="映安" />
<NameKu type="3" name="迎梦" />
<NameKu type="3" name="婴" />
<NameKu type="3" name="易巧" />
<NameKu type="3" name="亦丝" />
<NameKu type="3" name="亦巧" />
<NameKu type="3" name="忆雪" />
<NameKu type="3" name="忆文" />
<NameKu type="3" name="忆梅" />
<NameKu type="3" name="雅彤" />
<NameKu type="3" name="雅琴" />
<NameKu type="3" name="寻梅" />
<NameKu type="3" name="雪珍" />
<NameKu type="3" name="雪瑶" />
<NameKu type="3" name="雪旋" />
<NameKu type="3" name="雪卉" />
<NameKu type="3" name="秀" />
<NameKu type="3" name="笑蓝" />
<NameKu type="3" name="晓亦" />
<NameKu type="3" name="晓夏" />
<NameKu type="3" name="向梦" />
<NameKu type="3" name="香萱" />
<NameKu type="3" name="香岚" />
<NameKu type="3" name="夏真" />
<NameKu type="3" name="夏兰" />
<NameKu type="3" name="惜雪" />
<NameKu type="3" name="惜蕊" />
<NameKu type="3" name="惜灵" />
<NameKu type="3" name="问夏" />
<NameKu type="3" name="问蕊" />
<NameKu type="3" name="问梅" />
<NameKu type="3" name="雯" />
<NameKu type="3" name="纹" />
<NameKu type="3" name="菀" />
<NameKu type="3" name="莞" />
<NameKu type="3" name="宛" />
<NameKu type="3" name="桐" />
<NameKu type="3" name="彤" />
<NameKu type="3" name="听筠" />
<NameKu type="3" name="听枫" />
<NameKu type="3" name="天曼" />
<NameKu type="3" name="愫" />
<NameKu type="3" name="素" />
<NameKu type="3" name="思菱" />
<NameKu type="3" name="水瑶" />
<NameKu type="3" name="水彤" />
<NameKu type="3" name="姝" />
<NameKu type="3" name="书竹" />
<NameKu type="3" name="诗桃" />
<NameKu type="3" name="诗双" />
<NameKu type="3" name="诗珊" />
<NameKu type="3" name="诗蕊" />
<NameKu type="3" name="山菡" />
<NameKu type="3" name="山蝶" />
<NameKu type="3" name="若雁" />
<NameKu type="3" name="若菱" />
<NameKu type="3" name="若" />
<NameKu type="3" name="如风" />
<NameKu type="3" name="秋柔" />
<NameKu type="3" name="清" />
<NameKu type="3" name="青雪" />
<NameKu type="3" name="青曼" />
<NameKu type="3" name="青" />
<NameKu type="3" name="巧蕊" />
<NameKu type="3" name="千柔" />
<NameKu type="3" name="千柳" />
<NameKu type="3" name="绮琴" />
<NameKu type="3" name="绮梅" />
<NameKu type="3" name="莆" />
<NameKu type="3" name="萍" />
<NameKu type="3" name="平萱" />
<NameKu type="3" name="平露" />
<NameKu type="3" name="颦" />
<NameKu type="3" name="沛儿" />
<NameKu type="3" name="盼烟" />
<NameKu type="3" name="凝雁" />
<NameKu type="3" name="茗" />
<NameKu type="3" name="敏" />
<NameKu type="3" name="妙之" />
<NameKu type="3" name="妙梦" />
<NameKu type="3" name="妙柏" />
<NameKu type="3" name="娩" />
<NameKu type="3" name="梦之" />
<NameKu type="3" name="梦桃" />
<NameKu type="3" name="梦琪" />
<NameKu type="3" name="梦露" />
<NameKu type="3" name="梦凡" />
<NameKu type="3" name="怜阳" />
<NameKu type="3" name="怜珊" />
<NameKu type="3" name="冷雪" />
<NameKu type="3" name="冷荷" />
<NameKu type="3" name="乐萱" />
<NameKu type="3" name="斓" />
<NameKu type="3" name="澜" />
<NameKu type="3" name="蓝" />
<NameKu type="3" name="静芙" />
<NameKu type="3" name="靖柏" />
<NameKu type="3" name="寄真" />
<NameKu type="3" name="寄文" />
<NameKu type="3" name="寄琴" />
<NameKu type="3" name="惠" />
<NameKu type="3" name="荟" />
<NameKu type="3" name="幻珊" />
<NameKu type="3" name="寒梦" />
<NameKu type="3" name="寒荷" />
<NameKu type="3" name="涵菱" />
<NameKu type="3" name="含烟" />
<NameKu type="3" name="含灵" />
<NameKu type="3" name="含蕾" />
<NameKu type="3" name="谷兰" />
<NameKu type="3" name="访云" />
<NameKu type="3" name="访烟" />
<NameKu type="3" name="凡灵" />
<NameKu type="3" name="凡蕾" />
<NameKu type="3" name="孤菱" />
<NameKu type="3" name="沛萍" />
<NameKu type="3" name="从阳" />
<NameKu type="3" name="白梅" />
<NameKu type="3" name="秋烟" />
<NameKu type="3" name="元珊" />
<NameKu type="3" name="依珊" />
<NameKu type="3" name="雨寒" />
<NameKu type="3" name="芙" />
<NameKu type="3" name="书琴" />
<NameKu type="3" name="水香" />
<NameKu type="3" name="向彤" />
<NameKu type="3" name="璎" />
<NameKu type="3" name="姒" />
<NameKu type="3" name="苠" />
<NameKu type="3" name="淇" />
<NameKu type="3" name="绮" />
<NameKu type="3" name="怜梦" />
<NameKu type="3" name="安珊" />
<NameKu type="3" name="映阳" />
<NameKu type="3" name="初珍" />
<NameKu type="3" name="灵珊" />
<NameKu type="3" name="夏彤" />
<NameKu type="3" name="映菡" />
<NameKu type="3" name="青筠" />
<NameKu type="3" name="易真" />
<NameKu type="3" name="凡桃" />
<NameKu type="3" name="醉蝶" />
<NameKu type="3" name="冰萍" />
<NameKu type="3" name="小萱" />
<NameKu type="3" name="白筠" />
<NameKu type="3" name="依云" />
<NameKu type="3" name="丹烟" />
<NameKu type="3" name="雁" />
<NameKu type="3" name="念云" />
<NameKu type="3" name="易蓉" />
<NameKu type="3" name="涵柳" />
<NameKu type="3" name="映菱" />
<NameKu type="3" name="依凝" />
<NameKu type="3" name="怜南" />
<NameKu type="3" name="水儿" />
<NameKu type="3" name="从筠" />
<NameKu type="3" name="代芙" />
<NameKu type="3" name="之卉" />
<NameKu type="3" name="书瑶" />
<NameKu type="3" name="含之" />
<NameKu type="3" name="雪珊" />
<NameKu type="3" name="寄云" />
<NameKu type="3" name="谷梦" />
<NameKu type="3" name="襄" />
<NameKu type="3" name="雁兰" />
<NameKu type="3" name="晓灵" />
<NameKu type="3" name="向珊" />
<NameKu type="3" name="宛筠" />
<NameKu type="3" name="笑南" />
<NameKu type="3" name="梦容" />
<NameKu type="3" name="寄柔" />
<NameKu type="3" name="静枫" />
<NameKu type="3" name="迎彤" />
<NameKu type="3" name="念寒" />
<NameKu type="3" name="紫" />
<NameKu type="3" name="芯" />
<NameKu type="3" name="沂" />
<NameKu type="3" name="衣" />
<NameKu type="3" name="荠" />
<NameKu type="3" name="莺" />
<NameKu type="3" name="萤" />
<NameKu type="3" name="采梦" />
<NameKu type="3" name="怡" />
<NameKu type="3" name="苡" />
<NameKu type="3" name="悒" />
<NameKu type="3" name="慕晴" />
<NameKu type="3" name="安彤" />
<NameKu type="3" name="荧" />
<NameKu type="3" name="半烟" />
<NameKu type="3" name="翠桃" />
<NameKu type="3" name="书蝶" />
<NameKu type="3" name="芷文" />
<NameKu type="3" name="茈" />
<NameKu type="3" name="南露" />
<NameKu type="3" name="向真" />
<NameKu type="3" name="又晴" />
<NameKu type="3" name="香" />
<NameKu type="3" name="绫" />
<NameKu type="3" name="千儿" />
<NameKu type="3" name="玲" />
<NameKu type="3" name="凌蝶" />
<NameKu type="3" name="雨双" />
<NameKu type="3" name="依白" />
<NameKu type="3" name="樱" />
<NameKu type="3" name="颜" />
<NameKu type="3" name="以筠" />
<NameKu type="3" name="含巧" />
<NameKu type="3" name="艳" />
<NameKu type="3" name="晓瑶" />
<NameKu type="3" name="以莲" />
<NameKu type="3" name="颖" />
<NameKu type="3" name="盈" />
<NameKu type="3" name="千凝" />
<NameKu type="3" name="琦" />
<NameKu type="3" name="香菱" />
<NameKu type="3" name="友蕊" />
<NameKu type="3" name="若云" />
<NameKu type="3" name="天晴" />
<NameKu type="3" name="笑珊" />
<NameKu type="3" name="凡霜" />
<NameKu type="3" name="南珍" />
<NameKu type="3" name="晓霜" />
<NameKu type="3" name="芷云" />
<NameKu type="3" name="谷芹" />
<NameKu type="3" name="芷蝶" />
<NameKu type="3" name="寄翠" />
<NameKu type="3" name="涵菡" />
<NameKu type="3" name="雁卉" />
<NameKu type="3" name="念薇" />
<NameKu type="3" name="忻" />
<NameKu type="3" name="芸" />
<NameKu type="3" name="笙" />
<NameKu type="3" name="芳" />
<NameKu type="3" name="绮兰" />
<NameKu type="3" name="迎蕾" />
<NameKu type="3" name="秋荷" />
<NameKu type="3" name="丝" />
<NameKu type="3" name="诗兰" />
<NameKu type="3" name="凝琴" />
<NameKu type="3" name="凝芙" />
<NameKu type="3" name="忆灵" />
<NameKu type="3" name="涵双" />
<NameKu type="3" name="从梦" />
<NameKu type="3" name="秋灵" />
<NameKu type="3" name="湘" />
<NameKu type="3" name="灵凡" />
<NameKu type="3" name="冰夏" />
<NameKu type="3" name="听露" />
<NameKu type="3" name="翠容" />
<NameKu type="3" name="绮晴" />
<NameKu type="3" name="乐蕊" />
<NameKu type="3" name="凡柔" />
<NameKu type="3" name="曼凝" />
<NameKu type="3" name="沛柔" />
<NameKu type="3" name="迎蓉" />
<NameKu type="3" name="映真" />
<NameKu type="3" name="采文" />
<NameKu type="3" name="曼文" />
<NameKu type="3" name="新筠" />
<NameKu type="3" name="碧玉" />
<NameKu type="3" name="秋柳" />
<NameKu type="3" name="白莲" />
<NameKu type="3" name="妙竹" />
<NameKu type="3" name="易烟" />
<NameKu type="3" name="怀蕊" />
<NameKu type="3" name="萃" />
<NameKu type="3" name="小玉" />
<NameKu type="3" name="萝" />
<NameKu type="3" name="听荷" />
<NameKu type="3" name="赛君" />
<NameKu type="3" name="闭月" />
<NameKu type="3" name="紫寒" />
<NameKu type="3" name="傲晴" />
<NameKu type="3" name="凌瑶" />
<NameKu type="3" name="初曼" />
<NameKu type="3" name="芷珍" />
<NameKu type="3" name="凌晴" />
<NameKu type="3" name="惜霜" />
<NameKu type="3" name="紫青" />
<NameKu type="3" name="代萱" />
<NameKu type="3" name="紫萍" />
<NameKu type="3" name="半凡" />
<NameKu type="3" name="雁芙" />
<NameKu type="3" name="白秋" />
<NameKu type="3" name="梦寒" />
<NameKu type="3" name="小蕊" />
<NameKu type="3" name="慕卉" />
<NameKu type="3" name="映梦" />
<NameKu type="3" name="绿蝶" />
<NameKu type="3" name="芹" />
<NameKu type="3" name="凌翠" />
<NameKu type="3" name="慕灵" />
<NameKu type="3" name="碧琴" />
<NameKu type="3" name="冷雁" />
<NameKu type="3" name="乐双" />
<NameKu type="3" name="念梦" />
<NameKu type="3" name="之柔" />
<NameKu type="3" name="新瑶" />
<NameKu type="3" name="雪巧" />
<NameKu type="3" name="盛男" />
<NameKu type="3" name="竺" />
<NameKu type="3" name="洙" />
<NameKu type="3" name="凝莲" />
<NameKu type="3" name="雪莲" />
<NameKu type="3" name="依琴" />
<NameKu type="3" name="醉柳" />
<NameKu type="3" name="秋双" />
<NameKu type="3" name="珠" />
<NameKu type="3" name="寄瑶" />
<NameKu type="3" name="冰蝶" />
<NameKu type="3" name="半梅" />
<NameKu type="3" name="友菱" />
<NameKu type="3" name="飞双" />
<NameKu type="3" name="沛容" />
<NameKu type="3" name="南晴" />
<NameKu type="3" name="琳" />
<NameKu type="3" name="巧荷" />
<NameKu type="3" name="寻双" />
<NameKu type="3" name="芷雪" />
<NameKu type="3" name="又夏" />
<NameKu type="3" name="梦玉" />
<NameKu type="3" name="安梦" />
<NameKu type="3" name="凝荷" />
<NameKu type="3" name="凤" />
<NameKu type="3" name="忆曼" />
<NameKu type="3" name="凝蝶" />
<NameKu type="3" name="以寒" />
<NameKu type="3" name="芫" />
<NameKu type="3" name="若翠" />
<NameKu type="3" name="小珍" />
<NameKu type="3" name="青荷" />
<NameKu type="3" name="寄凡" />
<NameKu type="3" name="元容" />
<NameKu type="3" name="丹琴" />
<NameKu type="3" name="寒珊" />
<NameKu type="3" name="飞雪" />
<NameKu type="3" name="妙芙" />
<NameKu type="3" name="碧凡" />
<NameKu type="3" name="思柔" />
<NameKu type="3" name="雁菡" />
<NameKu type="3" name="宛秋" />
<NameKu type="3" name="代珊" />
<NameKu type="3" name="惜珊" />
<NameKu type="3" name="葶" />
<NameKu type="3" name="芮" />
<NameKu type="3" name="青梦" />
<NameKu type="3" name="书南" />
<NameKu type="3" name="含卉" />
<NameKu type="3" name="平蝶" />
<NameKu type="3" name="沛珊" />
<NameKu type="3" name="沁" />
<NameKu type="3" name="凝云" />
<NameKu type="3" name="亦竹" />
<NameKu type="3" name="寒凡" />
<NameKu type="3" name="傲柔" />
<NameKu type="3" name="觅风" />
<NameKu type="3" name="平彤" />
<NameKu type="3" name="念露" />
<NameKu type="3" name="翠彤" />
<NameKu type="3" name="秋玲" />
<NameKu type="3" name="若蕊" />
<NameKu type="3" name="灵萱" />
<NameKu type="3" name="含雁" />
<NameKu type="3" name="思真" />
<NameKu type="3" name="香薇" />
<NameKu type="3" name="碧萱" />
<NameKu type="3" name="夏柳" />
<NameKu type="3" name="白风" />
<NameKu type="3" name="安双" />
<NameKu type="3" name="凌萱" />
<NameKu type="3" name="盼夏" />
<NameKu type="3" name="幻巧" />
<NameKu type="3" name="怜寒" />
<NameKu type="3" name="冰枫" />
<NameKu type="3" name="如萱" />
<NameKu type="3" name="代玉" />
<NameKu type="3" name="可仁" />
<NameKu type="3" name="可兰" />
<NameKu type="3" name="可愁" />
<NameKu type="3" name="可燕" />
<NameKu type="3" name="妙彤" />
<NameKu type="3" name="小凝" />
<NameKu type="3" name="妙晴" />
<NameKu type="3" name="冰薇" />
<NameKu type="3" name="语兰" />
<NameKu type="3" name="小蕾" />
<NameKu type="3" name="忆翠" />
<NameKu type="3" name="听云" />
<NameKu type="3" name="静竹" />
<NameKu type="3" name="初蓝" />
<NameKu type="3" name="幻香" />
<NameKu type="3" name="冰香" />
<NameKu type="3" name="凌香" />
<NameKu type="3" name="妙菱" />
<NameKu type="3" name="访彤" />
<NameKu type="3" name="凡雁" />
<NameKu type="3" name="紫真" />
<NameKu type="3" name="书双" />
<NameKu type="3" name="问晴" />
<NameKu type="3" name="惜萱" />
<NameKu type="3" name="白萱" />
<NameKu type="3" name="靖柔" />
<NameKu type="3" name="凡白" />
<NameKu type="3" name="晓曼" />
<NameKu type="3" name="曼岚" />
<NameKu type="3" name="雁菱" />
<NameKu type="3" name="谷菱" />
<NameKu type="3" name="夏烟" />
<NameKu type="3" name="问儿" />
<NameKu type="3" name="含蕊" />
<NameKu type="3" name="迎南" />
<NameKu type="3" name="又琴" />
<NameKu type="3" name="飞荷" />
<NameKu type="3" name="秋莲" />
<NameKu type="3" name="白玉" />
<NameKu type="3" name="傲南" />
<NameKu type="3" name="山芙" />
<NameKu type="3" name="夏青" />
<NameKu type="3" name="如霜" />
<NameKu type="3" name="沛芹" />
<NameKu type="3" name="玉兰" />
<NameKu type="3" name="汝燕" />
<NameKu type="3" name="若男" />
<NameKu type="3" name="素阴" />
<NameKu type="3" name="元彤" />
<NameKu type="3" name="绿竹" />
<NameKu type="3" name="雨真" />
<NameKu type="3" name="乐巧" />
<NameKu type="3" name="亚男" />
<NameKu type="3" name="白薇" />
<NameKu type="3" name="雨筠" />
<NameKu type="3" name="秋尽" />
<NameKu type="3" name="婷冉" />
<NameKu type="3" name="冰凡" />
<NameKu type="3" name="亦云" />
<NameKu type="3" name="芙蓉" />
<NameKu type="3" name="涵瑶" />
<NameKu type="3" name="南烟" />
<NameKu type="3" name="傲霜" />
<NameKu type="3" name="凤灵" />
<NameKu type="3" name="新竹" />
<NameKu type="3" name="媚颜" />
<NameKu type="3" name="紫雪" />
<NameKu type="3" name="寒香" />
<NameKu type="3" name="幼晴" />
<NameKu type="3" name="宛菡" />
<NameKu type="3" name="采珊" />
<NameKu type="3" name="凝蕊" />
<NameKu type="3" name="梨愁" />
<NameKu type="3" name="谷南" />
<NameKu type="3" name="雪兰" />
<NameKu type="3" name="夏菡" />
<NameKu type="3" name="巧凡" />
<NameKu type="3" name="映雁" />
<NameKu type="3" name="梦芝" />
<NameKu type="3" name="如凡" />
<NameKu type="3" name="双双" />
<NameKu type="3" name="无春" />
<NameKu type="3" name="紫烟" />
<NameKu type="3" name="飞凤" />
<NameKu type="3" name="思卉" />
<NameKu type="3" name="初雪" />
<NameKu type="3" name="向薇" />
<NameKu type="3" name="落雁" />
<NameKu type="3" name="凡英" />
<NameKu type="3" name="依柔" />
<NameKu type="3" name="雅蕊" />
<NameKu type="3" name="幻竹" />
<NameKu type="3" name="晓绿" />
<NameKu type="3" name="寄容" />
<NameKu type="3" name="小翠" />
<NameKu type="3" name="小霜" />
<NameKu type="3" name="语薇" />
<NameKu type="3" name="芷蕾" />
<NameKu type="3" name="血茗" />
<NameKu type="3" name="天荷" />
<NameKu type="3" name="思烟" />
<NameKu type="3" name="雅寒" />
<NameKu type="3" name="碧蓉" />
<NameKu type="3" name="绮南" />
<NameKu type="3" name="白凡" />
<NameKu type="3" name="元瑶" />
<NameKu type="3" name="若南" />
<NameKu type="3" name="涵雁" />
<NameKu type="3" name="碧菡" />
<NameKu type="3" name="如雪" />
<NameKu type="3" name="珊珊" />
<NameKu type="3" name="念珍" />
<NameKu type="3" name="朝雪" />
<NameKu type="3" name="茹嫣" />
<NameKu type="3" name="又菱" />
<NameKu type="3" name="迎夏" />
<NameKu type="3" name="幻灵" />
<NameKu type="3" name="初夏" />
<NameKu type="3" name="代柔" />
<NameKu type="3" name="雨琴" />
<NameKu type="3" name="听芹" />
<NameKu type="3" name="梦秋" />
<NameKu type="3" name="诗蕾" />
<NameKu type="3" name="寻菱" />
<NameKu type="3" name="绮烟" />
<NameKu type="3" name="凝竹" />
<NameKu type="3" name="元菱" />
<NameKu type="3" name="念芹" />
<NameKu type="3" name="如彤" />
<NameKu type="3" name="香彤" />
<NameKu type="3" name="涵梅" />
<NameKu type="3" name="映容" />
<NameKu type="3" name="小夏" />
<NameKu type="3" name="元灵" />
<NameKu type="3" name="晓蕾" />
<NameKu type="3" name="笑晴" />
<NameKu type="3" name="亦瑶" />
<NameKu type="3" name="半芹" />
<NameKu type="3" name="幼萱" />
<NameKu type="3" name="凡双" />
<NameKu type="3" name="阑香" />
<NameKu type="3" name="阑悦" />
<NameKu type="3" name="溪灵" />
<NameKu type="3" name="妙芹" />
<NameKu type="3" name="飞飞" />
<NameKu type="3" name="惋清" />
<NameKu type="3" name="太清" />
<NameKu type="3" name="灵安" />
<NameKu type="3" name="觅珍" />
<NameKu type="3" name="依风" />
<NameKu type="3" name="若颜" />
<NameKu type="3" name="觅露" />
<NameKu type="3" name="问柳" />
<NameKu type="3" name="晓兰" />
<NameKu type="3" name="梦菡" />
<NameKu type="3" name="思萱" />
<NameKu type="3" name="若灵" />
<NameKu type="3" name="依霜" />
<NameKu type="3" name="忆彤" />
<NameKu type="3" name="念双" />
<NameKu type="3" name="小凡" />
<NameKu type="3" name="雪曼" />
<NameKu type="3" name="寻琴" />
<NameKu type="3" name="语梦" />
<NameKu type="3" name="青槐" />
<NameKu type="3" name="嫣然" />
<NameKu type="3" name="善愁" />
<NameKu type="3" name="善若" />
<NameKu type="3" name="善斓" />
<NameKu type="3" name="冬灵" />
<NameKu type="3" name="白梦" />
<NameKu type="3" name="芷珊" />
<NameKu type="3" name="雪青" />
<NameKu type="3" name="荧荧" />
<NameKu type="3" name="迎荷" />
<NameKu type="3" name="雪萍" />
<NameKu type="3" name="千兰" />
<NameKu type="3" name="寻雪" />
<NameKu type="3" name="新晴" />
<NameKu type="3" name="芷蕊" />
<NameKu type="3" name="寻真" />
<NameKu type="3" name="寒烟" />
<NameKu type="3" name="易云" />
<NameKu type="3" name="唯雪" />
<NameKu type="3" name="嫣娆" />
<NameKu type="3" name="梦菲" />
<NameKu type="3" name="幻然" />
<NameKu type="3" name="傲菡" />
<NameKu type="3" name="忆南" />
<NameKu type="3" name="碧彤" />
<NameKu type="3" name="怜菡" />
<NameKu type="3" name="雅香" />
<NameKu type="3" name="盼晴" />
<NameKu type="3" name="依萱" />
<NameKu type="3" name="曼柔" />
<NameKu type="3" name="小小" />
<NameKu type="3" name="如南" />
<NameKu type="3" name="诗翠" />
<NameKu type="3" name="丹翠" />
<NameKu type="3" name="傲薇" />
<NameKu type="3" name="宛白" />
<NameKu type="3" name="幻枫" />
<NameKu type="3" name="初瑶" />
<NameKu type="3" name="如蓉" />
<NameKu type="3" name="海瑶" />
<NameKu type="3" name="代曼" />
<NameKu type="3" name="靖荷" />
<NameKu type="3" name="采枫" />
<NameKu type="3" name="孤晴" />
<NameKu type="3" name="如音" />
<NameKu type="3" name="书雪" />
<NameKu type="3" name="怜翠" />
<NameKu type="3" name="雪柳" />
<NameKu type="3" name="翠琴" />
<NameKu type="3" name="安萱" />
<NameKu type="3" name="雨灵" />
<NameKu type="3" name="新烟" />
<NameKu type="3" name="妙菡" />
<NameKu type="3" name="雪晴" />
<NameKu type="3" name="友瑶" />
<NameKu type="3" name="丹珍" />
<NameKu type="3" name="白凝" />
<NameKu type="3" name="孤萍" />
<NameKu type="3" name="寒蕾" />
<NameKu type="3" name="幻嫣" />
<NameKu type="3" name="若冰" />
<NameKu type="3" name="向雪" />
<NameKu type="3" name="丹雪" />
<NameKu type="3" name="念瑶" />
<NameKu type="3" name="怀梦" />
<NameKu type="3" name="幼菱" />
<NameKu type="3" name="芸遥" />
<NameKu type="3" name="秋凌" />
<NameKu type="3" name="晓凡" />
<NameKu type="3" name="冰颜" />
<NameKu type="3" name="行云" />
<NameKu type="3" name="天菱" />
<NameKu type="3" name="念真" />
<NameKu type="3" name="惜萍" />
<NameKu type="3" name="幻雪" />
<NameKu type="3" name="飞烟" />
<NameKu type="3" name="沛菡" />
<NameKu type="3" name="依瑶" />
<NameKu type="3" name="夏岚" />
<NameKu type="3" name="晓筠" />
<NameKu type="3" name="若烟" />
<NameKu type="3" name="寄风" />
<NameKu type="3" name="思雁" />
<NameKu type="3" name="乐荷" />
<NameKu type="3" name="雨南" />
<NameKu type="3" name="乐蓉" />
<NameKu type="3" name="易梦" />
<NameKu type="3" name="凡儿" />
<NameKu type="3" name="翠曼" />
<NameKu type="3" name="静曼" />
<NameKu type="3" name="凝珍" />
<NameKu type="3" name="惜芹" />
<NameKu type="3" name="笑柳" />
<NameKu type="3" name="山彤" />
<NameKu type="3" name="盼雁" />
<NameKu type="3" name="山晴" />
<NameKu type="3" name="乐瑶" />
<NameKu type="3" name="灵薇" />
<NameKu type="3" name="宛儿" />
<NameKu type="3" name="从灵" />
<NameKu type="3" name="如娆" />
<NameKu type="3" name="南霜" />
<NameKu type="3" name="元蝶" />
<NameKu type="3" name="忆霜" />
<NameKu type="3" name="冬云" />
<NameKu type="3" name="紫夏" />
<NameKu type="3" name="青烟" />
<NameKu type="3" name="千琴" />
<NameKu type="3" name="问凝" />
<NameKu type="3" name="如冰" />
<NameKu type="3" name="艳血" />
<NameKu type="3" name="语蕊" />
<NameKu type="3" name="代灵" />
<NameKu type="3" name="秋珊" />
<NameKu type="3" name="代云" />
<NameKu type="3" name="代双" />
<NameKu type="3" name="晓蓝" />
<NameKu type="3" name="茗茗" />
<NameKu type="3" name="南琴" />
<NameKu type="3" name="寻芹" />
<NameKu type="3" name="诗柳" />
<NameKu type="3" name="一一" />
<NameKu type="3" name="冰菱" />
<NameKu type="3" name="绮菱" />
<NameKu type="3" name="雨竹" />
<NameKu type="3" name="尔烟" />
<NameKu type="3" name="冬菱" />
<NameKu type="3" name="诗筠" />
<NameKu type="3" name="凌雪" />
<NameKu type="3" name="怜晴" />
<NameKu type="3" name="傲玉" />
<NameKu type="3" name="柔" />
<NameKu type="3" name="幻儿" />
<NameKu type="3" name="书萱" />
<NameKu type="3" name="绮玉" />
<NameKu type="3" name="诗霜" />
<NameKu type="3" name="惜寒" />
<NameKu type="3" name="惜梦" />
<NameKu type="3" name="乐安" />
<NameKu type="3" name="以蓝" />
<NameKu type="3" name="之瑶" />
<NameKu type="3" name="夏寒" />
<NameKu type="3" name="丹亦" />
<NameKu type="3" name="凌珍" />
<NameKu type="3" name="问寒" />
<NameKu type="3" name="访梦" />
<NameKu type="3" name="新蕾" />
<NameKu type="3" name="书文" />
<NameKu type="3" name="平凡" />
<NameKu type="3" name="如天" />
<NameKu type="3" name="怀柔" />
<NameKu type="3" name="语柔" />
<NameKu type="3" name="芾" />
<NameKu type="3" name="宛丝" />
<NameKu type="3" name="南蕾" />
<NameKu type="3" name="代芹" />
<NameKu type="3" name="巧曼" />
<NameKu type="3" name="代秋" />
<NameKu type="3" name="慕梅" />
<NameKu type="3" name="幼蓉" />
<NameKu type="3" name="亦寒" />
<NameKu type="3" name="莹" />
<NameKu type="3" name="丹云" />
<NameKu type="3" name="丹寒" />
<NameKu type="3" name="丹蝶" />
<NameKu type="3" name="代真" />
<NameKu type="3" name="翠梅" />
<NameKu type="3" name="初柔" />
<NameKu type="3" name="初露" />
<NameKu type="3" name="初蝶" />
<NameKu type="3" name="采萱" />
<NameKu type="3" name="雁凡" />
<NameKu type="3" name="书翠" />
<NameKu type="3" name="千凡" />
<NameKu type="3" name="半青" />
<NameKu type="3" name="惜儿" />
<NameKu type="3" name="曼凡" />
<NameKu type="3" name="乐珍" />
<NameKu type="3" name="新柔" />
<NameKu type="3" name="翠萱" />
<NameKu type="3" name="飞瑶" />
<NameKu type="3" name="梦蕊" />
<NameKu type="3" name="晓露" />
<NameKu type="3" name="白枫" />
<NameKu type="3" name="怀薇" />
<NameKu type="3" name="雁露" />
<NameKu type="3" name="梦竹" />
<NameKu type="3" name="盼柳" />
<NameKu type="3" name="沛岚" />
<NameKu type="3" name="静珊" />
<NameKu type="3" name="雁蓉" />
<NameKu type="3" name="笑萍" />
<NameKu type="3" name="从雪" />
<NameKu type="3" name="书雁" />
<NameKu type="3" name="曼雁" />
<NameKu type="3" name="念蕾" />
<NameKu type="3" name="雅柔" />
<NameKu type="3" name="采柳" />
<NameKu type="3" name="语芹" />
<NameKu type="3" name="秋蝶" />
<NameKu type="3" name="曼卉" />
<NameKu type="3" name="凝梦" />
<NameKu type="3" name="向南" />
<NameKu type="3" name="冰蓝" />
<NameKu type="3" name="听南" />
<NameKu type="3" name="乐菱" />
<NameKu type="3" name="怀蝶" />
<NameKu type="3" name="冬萱" />
<NameKu type="3" name="初南" />
<NameKu type="3" name="语风" />
<NameKu type="3" name="白竹" />
<NameKu type="3" name="夏瑶" />
<NameKu type="3" name="雅绿" />
<NameKu type="3" name="怜雪" />
<NameKu type="3" name="从菡" />
<NameKu type="3" name="安青" />
<NameKu type="3" name="觅柔" />
<NameKu type="3" name="雅青" />
<NameKu type="3" name="宛凝" />
</dataset>