﻿<?xml version="1.0" encoding="UTF-8"?>
<dataset>
<NpcChat  id="0" seriestId="1" ChatName="(引导)临时工" pText="临时文字" Icon="200" SoundId="-1" position="0" />
<NpcChat  id="100000" seriestId="1" ChatName="(引导)临时工" pText="领完这个奖励就升级，就开启[战斗]了" Icon="200" SoundId="-1" position="0" />
<NpcChat  id="100001" seriestId="2" ChatName="(引导)临时工" pText="开启[战斗]后请打完2-1回城领奖" Icon="200" SoundId="-1" position="0" />
<NpcChat  id="200100" seriestId="1" ChatName="小七" pText="快去见[10ff2b]鬼谷子[-]老师吧！\n[10ff2b]点击前往[-]即可自动寻路......" Icon="200" SoundId="-1" position="0" />
<NpcChat  id="110020" seriestId="1" ChatName="小七" pText="[06de34]新关卡[-]开启了呦！" Icon="200" SoundId="-1" position="0" />
<NpcChat  id="200800" seriestId="1" ChatName="小七" pText="接下来的敌人很强大，快去找铁匠师傅强化一下武器吧！" Icon="200" SoundId="811250" position="0" />
<NpcChat  id="200810" seriestId="1" ChatName="铁匠" pText="你想[0dbce8]强化[-]些什么？" Icon="300" SoundId="811280" position="0" />
<NpcChat  id="200820" seriestId="1" ChatName="铁匠" pText="[0dbce8]选好强化的材料[-]，剩下的就交给老夫吧！" Icon="300" SoundId="810120" position="0" />
<NpcChat  id="200830" seriestId="1" ChatName="xxxxx" pText="似乎感受到一股力量在身体里涌动！我们走吧，去试一试武器[0dbce8]强化[-]后的效果！" Icon="0" SoundId="-1" position="1" />
<NpcChat  id="200600" seriestId="1" ChatName="小七" pText="恭喜您[FF8000]战力提升啦[-]~快去战场上试试身手吧！" Icon="200" SoundId="810070" position="0" />
<NpcChat  id="100010" seriestId="1" ChatName="小七" pText="恭喜您获得了一件装备！快穿上试试看！" Icon="200" SoundId="811270" position="0" />
<NpcChat  id="201300" seriestId="1" ChatName="小七" pText="您刚刚获得的那件[e15a00]青铜战甲[-]可是一件宝贝呦！[06de34]穿戴装备[-]，可以提升您的防御力！还不试试看？" Icon="200" SoundId="-1" position="0" />
<NpcChat  id="100020" seriestId="1" ChatName="小七" pText="进阶材料足够了呢！快去[06de34]进阶长柄武器[-]吧！" Icon="200" SoundId="-1" position="0" />
<NpcChat  id="110060" seriestId="1" ChatName="小七" pText="工欲善其事，必先利其器！您有装备[06de34]可以进阶了[-]！" Icon="200" SoundId="811300" position="0" />
<NpcChat  id="201000" seriestId="1" ChatName="小七" pText="点击进入，将[e15a00]双持武器[-]进阶到[0dbce8]蓝色品质[-]！" Icon="200" SoundId="810140" position="0" />
<NpcChat  id="100030" seriestId="1" ChatName="小七" pText="恭喜您掌握了【装备进阶】的操作方法！\n请继续搜集材料[0dbce8]强化[-]任意装备到[10ff2b]5级[-]吧！" Icon="200" SoundId="-1" position="0" />
<NpcChat  id="100036" seriestId="1" ChatName="小七" pText="连续[0dbce8]强化任意装备到5级[-]吧！" Icon="200" SoundId="811530" position="0" />
<NpcChat  id="201200" seriestId="1" ChatName="小七" pText="恭喜您成功通关！请再接再厉，\n一举[0dbce8]击败商鞅[-]吧！" Icon="200" SoundId="810150" position="0" />
<NpcChat  id="100040" seriestId="1" ChatName="小七" pText="恭喜您成功击败商鞅，\n快去[06de34]领取通章奖励[-]吧！" Icon="200" SoundId="-1" position="0" />
<NpcChat  id="200250" seriestId="1" ChatName="小七" pText="记得返回前一章[06de34]领取通章奖励[-]呦！" Icon="200" SoundId="-1" position="0" />
<NpcChat  id="100041" seriestId="1" ChatName="小七" pText="每通关一个章节，\n便可以领取丰厚的通章奖励呦！" Icon="200" SoundId="811320" position="0" />
<NpcChat  id="110012" seriestId="1" ChatName="小七" pText="孙膑先生正在城中等您。快去[06de34]拜见孙膑先生[-]吧！" Icon="200" SoundId="811110" position="0" />
<NpcChat  id="100050" seriestId="1" ChatName="铁匠" pText="小英雄请留步！昨日老夫夜观天象，紫微暗淡，霸星横空。料想将有不世出之枭雄横扫天下，一统九州。老夫观你器宇不凡，乃是万中无一的英雄。" Icon="300" SoundId="-1" position="0" />
<NpcChat  id="100050" seriestId="2" ChatName="铁匠" pText="然而英雄怎能无利器在手？不如将你身上的兵刃交给老夫进阶一下如何？你身上带的进阶材料老夫已经看到了，快拿出来给老夫瞧瞧？" Icon="300" SoundId="-1" position="0" />
<NpcChat  id="100050" seriestId="3" ChatName="xxxxx" pText="真是巧了！在下身上带的材料刚好进阶！老师傅快帮忙进阶兵器吧！" Icon="0" SoundId="-1" position="1" />
<NpcChat  id="200400" seriestId="1" ChatName="小七" pText="[FF8000]【探宝】[-]功能开启了！通过探宝可以获得[cb02d8]将魂[-]呦~快去试试手气吧！" Icon="200" SoundId="810050" position="0" />
<NpcChat  id="200410" seriestId="1" ChatName="小七" pText="每隔一段时间都可[FF8000]免费探宝[-]！[06de34] 快快点击[-]【购买一次】试试看！" Icon="200" SoundId="-1" position="0" />
<NpcChat  id="200490" seriestId="1" ChatName="小七" pText="[cb02d8]【将魂】[-]功能开启了~" Icon="200" SoundId="-1" position="0" />
<NpcChat  id="200500" seriestId="1" ChatName="小七" pText="恭喜您获得第一个[e15a00]将魂[-]！拥有的[e15a00]将魂[-]越多您的战斗力就越强。快去[0dbce8]给将魂升级[-]吧！" Icon="200" SoundId="-1" position="0" />
<NpcChat  id="200510" seriestId="1" ChatName="小七" pText="您拥有的[0dbce8]将魂等级[-]越高，战力就越强。但是[e15a00]将魂[-]的等级不能超过[0dbce8]君主等级[-]。所以请记得尽可能将[0dbce8]将魂等级[-]提升到最高上限呦~" Icon="200" SoundId="811550" position="0" />
<NpcChat  id="200511" seriestId="1" ChatName="小七" pText="点击[ff8000]升级将魂[-]，可以[06de34] 连续点击[-]快速升级哦！" Icon="200" SoundId="-1" position="0" />
<NpcChat  id="200512" seriestId="1" ChatName="小七" pText="可以[06de34]再点一次[-]哦！" Icon="200" SoundId="-1" position="0" />
<NpcChat  id="200513" seriestId="1" ChatName="小七" pText="主人今天好棒！三连击了呢！" Icon="200" SoundId="-1" position="0" />
<NpcChat  id="110021" seriestId="1" ChatName="小七" pText="可以攻打[06de34]新的章节[-]啦！" Icon="200" SoundId="811120" position="0" />
<NpcChat  id="100005" seriestId="1" ChatName="小七" pText="有[06de34]新的功能开启了[-]呦，快去看看吧！" Icon="200" SoundId="811250" position="0" />
<NpcChat  id="201400" seriestId="1" ChatName="小七" pText="[FF8000]【百战千军】[-]功能开启了！您可以挑战其他玩家啦！" Icon="200" SoundId="811590" position="0" />
<NpcChat  id="201400" seriestId="2" ChatName="小七" pText="[FF8000]【百战千军】[-]是天下英豪之间角逐PK的玩法，\n可以获得[e15a00]威望[-]呦！快去试试身手吧！" Icon="200" SoundId="810210" position="0" />
<NpcChat  id="201405" seriestId="1" ChatName="小七" pText="这个敌人的战力不及主人，快去挑战他吧！" Icon="200" SoundId="811600" position="0" />
<NpcChat  id="201410" seriestId="1" ChatName="小七" pText="恭喜您获得了[0dbce8]威望[-]。\n威望可以用来[06de34] 兑换奖励[-]呦~" Icon="200" SoundId="811620" position="0" />
<NpcChat  id="201411" seriestId="1" ChatName="小七" pText="哇，好多宝贝呀！请您现在就使用[e15a00]威望[-]兑换必需品吧~" Icon="200" SoundId="810230" position="0" />
<NpcChat  id="201415" seriestId="1" ChatName="小七" pText="听说[FF8000]百战千军[-]中有人在挑衅您！\n快回去收拾他吧！" Icon="200" SoundId="-1" position="0" />
<NpcChat  id="201417" seriestId="1" ChatName="小七" pText="进去看看是谁这么嚣张！\n名次竟然排在主人前面！" Icon="200" SoundId="811410" position="0" />
<NpcChat  id="201433" seriestId="1" ChatName="小七" pText="号外号外！[FF8000]封测大福利[-]！\n [10ff2b]首次元宝十连探宝免费[-]耶！" Icon="200" SoundId="811400" position="0" />
<NpcChat  id="201435" seriestId="1" ChatName="小七" pText="【购买中级武器强化石】中【购买十次】[cb02d8]必得将魂[-]！" Icon="200" SoundId="-1" position="0" />
<NpcChat  id="201437" seriestId="1" ChatName="小七" pText="继续战斗吧！" Icon="200" SoundId="-1" position="0" />
<NpcChat  id="100060" seriestId="1" ChatName="鬼谷子" pText="啧啧啧，徒儿，我看你经过一番磨练之后，武器技艺隐隐有突破的迹象了。" Icon="404" SoundId="-1" position="0" />
<NpcChat  id="100060" seriestId="2" ChatName="小七" pText="呀！现在我们可以[06de34]突破技能[-]了！" Icon="200" SoundId="811650" position="0" />
<NpcChat  id="100065" seriestId="1" ChatName="小七" pText="当您的等级满足条件时，即可通过[06de34]突破[-]来提升武器伤害和技能伤害了呦！" Icon="200" SoundId="-1" position="0" />
<NpcChat  id="100067" seriestId="1" ChatName="小七" pText="您有新的技能可以突破了，快去[06de34]突破技能[-]吧！" Icon="200" SoundId="-1" position="0" />
<NpcChat  id="110050" seriestId="1" ChatName="小七" pText="现有的强化材料充足，快去[10ff2b]强化装备[-]吧！" Icon="200" SoundId="811280" position="0" />
<NpcChat  id="110052" seriestId="1" ChatName="小七" pText="可以[06de34]连续点击快速强化[-]哦！快试试吧！" Icon="200" SoundId="-1" position="0" />
<NpcChat  id="110053" seriestId="1" ChatName="小七" pText="[06de34]再点1次[-]！" Icon="200" SoundId="-1" position="0" />
<NpcChat  id="110054" seriestId="1" ChatName="小七" pText="主人真棒！装备强度快速提升了！再[06de34]强化1次[-]！" Icon="200" SoundId="-1" position="0" />
<NpcChat  id="110055" seriestId="1" ChatName="小七" pText="主人又有新的强化材料了！快去[06de34]将装备强化到10级吧[-]！" Icon="200" SoundId="811670" position="0" />
<NpcChat  id="110070" seriestId="1" ChatName="小七" pText="恭喜呦！\n现在您可以[06de34]突破技能[-]了！" Icon="200" SoundId="811310" position="0" />
<NpcChat  id="110015" seriestId="1" ChatName="小七" pText="[10ff2b]点击前往[-]即可自动寻路......" Icon="200" SoundId="811260" position="0" />
<NpcChat  id="202900" seriestId="1" ChatName="小七" pText="[FF8000]【试练】[-]玩法开启了！挑战试练关卡可以获得[0dbce8] 强化材料、铜币和精气值[-]呦~" Icon="200" SoundId="810410" position="0" />
<NpcChat  id="202300" seriestId="1" ChatName="小七" pText="[FF8000]【传奇关卡】[-]开启了！“传奇”是难度更高的关卡，准备好挑战自己了吗？" Icon="200" SoundId="-1" position="0" />
<NpcChat  id="202400" seriestId="1" ChatName="小七" pText="恭喜您获得[e15a00]将魂碎片[-]！快去[0dbce8]激活新的将魂[-]吧！" Icon="200" SoundId="-1" position="0" />
<NpcChat  id="110085" seriestId="1" ChatName="小七" pText="有新的[cb02d8]将魂可以激活[-]了！" Icon="200" SoundId="-1" position="0" />
<NpcChat  id="110030" seriestId="1" ChatName="小七" pText="挑战传奇关卡成功即可[cb02d8]获得将魂碎片[-]！点击快速前往。" Icon="200" SoundId="811130" position="0" />
<NpcChat  id="110080" seriestId="1" ChatName="小七" pText="[FF8000]传奇关卡[-]胜利通关！集齐升星所需的[e15a00]将魂碎片[-]了！快[06de34]去将魂升星[-]吧！" Icon="200" SoundId="811340" position="0" />
<NpcChat  id="110081" seriestId="1" ChatName="小七" pText="[06de34]碎片进度条[-]满了就可以对这个将魂进行[cb02d8]升星[-]啦！" Icon="200" SoundId="-1" position="0" />
<NpcChat  id="110100" seriestId="1" ChatName="小七" pText="装备都进阶到蓝色，就可在【君主】右上角[0dbce8]【激活】套装[-]属性啦！" Icon="200" SoundId="-1" position="0" />
<NpcChat  id="202500" seriestId="1" ChatName="小七" pText="[FF8000]【行镖】[-]玩法开启了！运镖和]劫镖均可获取大量[FF8000]铜币[-]呢！\n行镖玩法是[FF8000]实时多人对战[-]，建议[06de34] 连接wifi保持网络通畅[-]。" Icon="200" SoundId="810390" position="0" />
<NpcChat  id="202500" seriestId="1" ChatName="小七" pText="[06de34] 镖师姐姐[-]可是个大美女呦~准备好了就快去和她聊聊吧！" Icon="200" SoundId="-1" position="0" />
<NpcChat  id="202505" seriestId="1" ChatName="小七" pText="不理解的地方可以随时查看[06de34]帮助[-]哦！" Icon="200" SoundId="-1" position="0" />
<NpcChat  id="202510" seriestId="1" ChatName="女镖师" pText="你终于来了，点击[06de34]【开始运镖】[-]就可以自动寻路到[0dbce8]安全区[-]找到我，如果离开安全区，当心其他玩家的攻击。\n运镖可以获得丰厚的铜币奖励哦！" Icon="701" SoundId="-1" position="0" />
<NpcChat  id="202520" seriestId="1" ChatName="女镖师" pText="点击【帮助】，可以看到更多关于本玩法的说明。" Icon="701" SoundId="-1" position="0" />
<NpcChat  id="202530" seriestId="1" ChatName="女镖师" pText="[06de34]点击[-]进入马场。\n别忘了[FF0000]福利时段[-]可领额外次数！" Icon="701" SoundId="-1" position="0" />
<NpcChat  id="202540" seriestId="1" ChatName="小七" pText="每次运镖前[FF8000]系统自动免费选马1次[-]，\n马的品质越高，收益就越高！" Icon="200" SoundId="811430" position="0" />
<NpcChat  id="202541" seriestId="1" ChatName="女镖师" pText="升级到最高品质吧！" Icon="701" SoundId="-1" position="0" />
<NpcChat  id="202542" seriestId="1" ChatName="小七" pText="[FF8000]购置马具[-]除了使马儿具备神奇的功效以外，\n也可以额外增加收益的哟！" Icon="200" SoundId="811440" position="0" />
<NpcChat  id="202543" seriestId="1" ChatName="女镖师" pText="买一只[cb02d8]高级马鞭[-]吧！" Icon="701" SoundId="-1" position="0" />
<NpcChat  id="202545" seriestId="1" ChatName="女镖师" pText="[FF8000]马和马具的收益可叠加[-]，别忘了哟！" Icon="701" SoundId="-1" position="0" />
<NpcChat  id="202547" seriestId="1" ChatName="女镖师" pText="出发吧！" Icon="701" SoundId="-1" position="0" />
<NpcChat  id="200115" seriestId="1" ChatName="小七" pText="咦？是什么在闪闪发光呢？\n赶快打开[FF8000]【成就】[-]看看吧！" Icon="200" SoundId="-1" position="0" />
<NpcChat  id="200117" seriestId="1" ChatName="小七" pText="探宝不但能得[cb02d8]绝世将魂[-]，\n[FF8000]首次十连探宝[-]更可获得成就大奖哦！\n主人不要忘记哟！" Icon="200" SoundId="811580" position="0" />
<NpcChat  id="110065" seriestId="1" ChatName="小七" pText="[06de34]集齐装备残图[-]就可以[0dbce8] 进阶装备[-]了，别忘了多多收集装备残图和领取通章奖励哟！" Icon="200" SoundId="-1" position="0" />
<NpcChat  id="110039" seriestId="1" ChatName="小七" pText="主人！您只差一个装备残图就可以进阶双刀啦！" Icon="200" SoundId="-1" position="0" />
<NpcChat  id="110040" seriestId="1" ChatName="小七" pText="您获得了[06de34]新的装备[-]！快去穿上吧！" Icon="200" SoundId="811270" position="0" />
<NpcChat  id="201910" seriestId="2" ChatName="小七" pText="快去找[06de34] 商铺老板[-]看看有什么宝贝吧！" Icon="200" SoundId="810330" position="0" />
<NpcChat  id="202000" seriestId="1" ChatName="商铺老板" pText="呦，小英雄，最近奴家手里可有一批上等货！都是上古时代流传下来的[e15a00]符文[-]呢！要不要买两个回去试试看？" Icon="703" SoundId="810340" position="0" />
<NpcChat  id="202010" seriestId="1" ChatName="小七" pText="[FF8000]【符文】功能[-]开启了！" Icon="200" SoundId="810350" position="0" />
<NpcChat  id="202010" seriestId="2" ChatName="小七" pText="[e15a00]宝石[-]可以增强[e15a00]攻击[-]、[e15a00]防御[-]和[e15a00]生命[-]三种属性。而[e15a00]符文[-]可以增强和战斗相关的其他属性。" Icon="200" SoundId="-1" position="0" />
<NpcChat  id="202010" seriestId="3" ChatName="小七" pText="装备[e15a00]宝石[-]和[e15a00]符文[-]可以极大增强战力呦~" Icon="200" SoundId="-1" position="0" />
<NpcChat  id="202200" seriestId="1" ChatName="小七" pText="主人，如今兵荒马乱，城外并不太平！不如先找[4169E1]铁匠师傅[-][0dbce8]把兵器洗练一下[-]再出发吧！" Icon="200" SoundId="-1" position="0" />
<NpcChat  id="202210" seriestId="1" ChatName="小七" pText="通过[0dbce8]洗练[-]武器装备，可以去除武器装备中的杂质，从而提升武器装备的属性呦！" Icon="200" SoundId="810360" position="0" />
<NpcChat  id="202220" seriestId="1" ChatName="小七" pText="每天[FF8000]【签到】[-]很快就可以获得[cb02d8]将魂[-]了，主人要每天来看小七哦！" Icon="200" SoundId="811380" position="0" />
<NpcChat  id="202225" seriestId="1" ChatName="小七" pText="本次封测为您准备了[ffb12a]V特权宝箱[-]，\n每天都可以[ffb12a]提升V特权等级[-]哦！" Icon="200" SoundId="811390" position="0" />
<NpcChat  id="100002" seriestId="1" ChatName="小七" pText="新关卡开启了呦！" Icon="200" SoundId="811140" position="0" />
<NpcChat  id="100003" seriestId="1" ChatName="小七" pText="快继续战斗吧！" Icon="200" SoundId="-1" position="0" />
<NpcChat  id="100004" seriestId="1" ChatName="小七" pText="快继续推进吧！" Icon="200" SoundId="-1" position="0" />
<NpcChat  id="201500" seriestId="1" ChatName="小七" pText="您刚刚用[e15a00]威望[-]兑换的[e15a00]将魂碎片[-]已经足够[cb02d8]激活将魂[-]了呦！快去[0dbce8]激活将魂[-]吧！" Icon="200" SoundId="810250" position="0" />
<NpcChat  id="201510" seriestId="1" ChatName="小七" pText="恭喜您获得了新的[cb02d8]将魂[-]！" Icon="200" SoundId="-1" position="0" />
<NpcChat  id="100006" seriestId="1" ChatName="小七" pText="[06de34]点此关闭界面[-]" Icon="200" SoundId="-1" position="0" />
<NpcChat  id="100007" seriestId="1" ChatName="小七" pText="[06de34]点击此处[-]继续" Icon="200" SoundId="-1" position="0" />
<NpcChat  id="100008" seriestId="1" ChatName="小七" pText="点击即可自动寻路了呦~" Icon="200" SoundId="811110" position="0" />
<NpcChat  id="100009" seriestId="1" ChatName="小七" pText="点击即可快捷跳转到秘宝碎片所在关卡。" Icon="200" SoundId="-1" position="0" />
<NpcChat  id="100015" seriestId="1" ChatName="小七" pText="恭喜获得秘宝，\n快去[06de34]激活它们提升战力[-]吧！" Icon="200" SoundId="-1" position="0" />
<NpcChat  id="100016" seriestId="1" ChatName="小七" pText="激活成套秘宝后\n就可以[cb02d8]解锁秘术[-]了！" Icon="200" SoundId="-1" position="0" />
<NpcChat  id="100035" seriestId="1" ChatName="小七" pText="现有的强化材料充足，快去[10ff2b]强化装备[-]吧！" Icon="200" SoundId="-1" position="0" />
<NpcChat  id="110010" seriestId="1" ChatName="小七" pText="[06de34]新功能开启了[-]！快去看看吧！" Icon="200" SoundId="811100" position="0" />
<NpcChat  id="110090" seriestId="1" ChatName="小七" pText="收集到的[cb02d8]将魂[-]已经足够激活[cb02d8]无双技[-]了！" Icon="200" SoundId="-1" position="0" />
<NpcChat  id="200000" seriestId="1" ChatName="(引导)临时工" pText="这里该发展剧情了，求明曦" Icon="200" SoundId="-1" position="0" />
<NpcChat  id="200005" seriestId="1" ChatName="(引导)临时工" pText="大师！您解锁了【闪避】！可以使用这个新的技能躲避敌人的强力攻击了，赶紧去第三章试试吧！" Icon="200" SoundId="-1" position="0" />
<NpcChat  id="200001" seriestId="1" ChatName="小七" pText="任务完成咯！快去[0dbce8]领取任务奖励[-]吧！" Icon="200" SoundId="810000" position="0" />
<NpcChat  id="200150" seriestId="1" ChatName="周天子" pText="爱卿准备好了，就快出发吧！" Icon="403" SoundId="810020" position="0" />
<NpcChat  id="200200" seriestId="1" ChatName="小七" pText="如果主人准备好了，就快出发，挑战[0dbce8]【过关斩将】[-]第二章第一关[ffb12a]【潜入晋国】[-]吧！" Icon="200" SoundId="-1" position="0" />
<NpcChat  id="200300" seriestId="1" ChatName="小七" pText="恭喜主人成功[ffb12a]潜入晋国[-]！下面请主人继续挑战第二章第二关[ffb12a]【偶遇韩虎】[-]吧！" Icon="200" SoundId="-1" position="0" />
<NpcChat  id="200700" seriestId="1" ChatName="小七" pText="通过前三关的练习，现在主人应该对三种武器的使用技巧都很熟悉了吧？现在三种武器全部解锁了呦~主人快继续征程吧！" Icon="200" SoundId="810090" position="0" />
<NpcChat  id="200805" seriestId="1" ChatName="小七" pText="【铁匠】功能开启了呦~" Icon="200" SoundId="810110" position="0" />
<NpcChat  id="200900" seriestId="1" ChatName="小七" pText="主人该去拜访[4169E1]荀翰丞[-]了！不知他的伤势有无大碍！" Icon="200" SoundId="810130" position="0" />
<NpcChat  id="201010" seriestId="1" ChatName="xxxxx" pText="欧老爹，我想给我的[e15a00]长柄武器[-]进阶到[10ff2b]绿色品质[-]！请老爹务必帮我这个忙！" Icon="0" SoundId="-1" position="1" />
<NpcChat  id="201010" seriestId="2" ChatName="铁匠" pText="好说好说！只要钱到位，你想进阶到橙色品质都不是问题！把家伙拿来给老夫瞧瞧！" Icon="300" SoundId="810140" position="0" />
<NpcChat  id="201020" seriestId="1" ChatName="铁匠" pText="武器你可以拿走了！不是吹牛，全洛阳城数我[4169E1]欧老爹[-]手艺最好！我祖父可是铸剑大师[4169E1]欧冶子[-]！怎么样？嘿嘿......" Icon="300" SoundId="-1" position="0" />
<NpcChat  id="201020" seriestId="2" ChatName="xxxxx" pText="兵器果然锋利了许多！我们快出发吧！" Icon="0" SoundId="-1" position="1" />
<NpcChat  id="201100" seriestId="1" ChatName="小七" pText="请主人继续挑战第二章第六关[ffb12a]【遭遇信使】[-]吧！" Icon="200" SoundId="-1" position="0" />
<NpcChat  id="201210" seriestId="1" ChatName="小七" pText="恭喜主人成功剿灭了[4169E1]智伯瑶[-]乱党！快去将这个消息[0dbce8]告知陛下[-]吧！他老人家一定很高兴！" Icon="200" SoundId="810160" position="0" />
<NpcChat  id="201310" seriestId="1" ChatName="小七" pText="呀，主人戴上[e15a00]头盔[-]真好看！快去[0dbce8]找铁匠师傅强化[-]一下吧！强化后的头盔防御力更强呦！" Icon="200" SoundId="810180" position="0" />
<NpcChat  id="201350" seriestId="1" ChatName="小七" pText="恭喜主人的战力更上一层楼！不如我们出城去找几个毛贼试试新装备的效果吧！" Icon="200" SoundId="810190" position="0" />
<NpcChat  id="201511" seriestId="2" ChatName="小七" pText="[cb02d8]无双技[-]解锁了！收集更多[cb02d8]将魂[-]，可以解锁更多的[cb02d8]无双技[-]呦！" Icon="200" SoundId="810260" position="0" />
<NpcChat  id="201520" seriestId="1" ChatName="小七" pText="主人已经激活了一个[cb02d8]无双技[-]快去试试看吧！" Icon="200" SoundId="810270" position="0" />
<NpcChat  id="201530" seriestId="1" ChatName="小七" pText="进入战斗前，在这里切换[cb02d8]无双技[-]后，就进入战斗吧！" Icon="200" SoundId="-1" position="0" />
<NpcChat  id="201540" seriestId="1" ChatName="小七" pText="主人，记得升级[cb02d8]将魂[-]哦。" Icon="200" SoundId="-1" position="0" />
<NpcChat  id="201600" seriestId="1" ChatName="小七" pText="[4169E1]荀翰丞[-]将军正在[D2691E]演武场[-]中等您。" Icon="200" SoundId="-1" position="0" />
<NpcChat  id="201700" seriestId="1" ChatName="铁匠" pText="把要进阶的[e15a00]武器装备[-]和[e15a00]进阶材料[-]都交给老夫吧！" Icon="300" SoundId="810300" position="0" />
<NpcChat  id="201800" seriestId="1" ChatName="小七" pText="现在主人一定很熟悉游戏的内容了！接下来如果主人不知道新的任务目标，可以到[0dbce8]每日任务[-]中查看呦~" Icon="200" SoundId="810310" position="0" />
<NpcChat  id="201800" seriestId="2" ChatName="xxxxx" pText="我知道了。现在我们快去[D2691E]晋国[-]帮[4169E1]荀将军[-]取回[e15a00]齐王的文书[-]吧！" Icon="0" SoundId="-1" position="1" />
<NpcChat  id="201900" seriestId="1" ChatName="小九" pText="我是[4169E1]小七[-]的妹妹[4169E1]小九[-]。在[4169E1]小七[-]不在的这段时间里就由我代替她的位置吧！[0dbce8]【商铺】功能[-]开启了！快去找[4169E1]商铺老板[-]看看有什么宝贝吧！" Icon="200" SoundId="810320" position="0" />
<NpcChat  id="202100" seriestId="1" ChatName="xxxxx" pText="[4169E1]小七[-]，我这就来救你！" Icon="0" SoundId="-1" position="1" />
<NpcChat  id="202600" seriestId="1" ChatName="小七" pText="城中的疫情越来越严重了！主人快[0dbce8]出城[-]去采摘草药吧！" Icon="200" SoundId="-1" position="0" />
<NpcChat  id="202700" seriestId="1" ChatName="小七" pText="[FF8000]【君主天赋】[-]功能开启了！\n[0dbce8]升级天赋[-]可以增强战力呦~" Icon="200" SoundId="810400" position="0" />
<NpcChat  id="202800" seriestId="1" ChatName="xxxxx" pText="感觉自己又变强了很多！我们快[0dbce8]出发[-]吧！" Icon="0" SoundId="-1" position="1" />
<NpcChat  id="203000" seriestId="1" ChatName="xxxxx" pText="我该去魏军大营[0dbce8]盗取魏军虎符[-]了！但愿[4169E1]孙膑[-]言而有信！" Icon="0" SoundId="-1" position="1" />
<NpcChat  id="203098" seriestId="1" ChatName="小七" pText="快用扫荡获得的碎片\n[0dbce8]进阶双持武器吧[-]！" Icon="200" SoundId="811300" position="0" />
<NpcChat  id="203099" seriestId="1" ChatName="小七" pText="装备都进阶为一个颜色品质后，\n就可在【君主】界面右上角\n[0dbce8]激活套装属性[-]了" Icon="200" SoundId="-1" position="0" />
<NpcChat  id="203100" seriestId="1" ChatName="小七" pText="[0dbce8]【联盟】[-]功能开启了！[0dbce8]创建或者加入一个联盟[-]不但可以扩大自己在游戏世界中的势力，还可以体验更多的游戏内容呦~" Icon="200" SoundId="-1" position="0" />
<NpcChat  id="300002" seriestId="1" ChatName="小七" pText="七雄乱世，[FF8000]联盟[-]是你浪迹天涯的依仗，快[10ff2b]加入联盟[-]与盟友并肩作战吧！" Icon="200" SoundId="811680" position="0" />
<NpcChat  id="300005" seriestId="1" ChatName="小七" pText="恭喜你有了自己的联盟，快去联盟小屋领取君主经验奖励吧！" Icon="200" SoundId="811450" position="0" />
<NpcChat  id="300010" seriestId="1" ChatName="小七" pText="每隔一段时间，小屋经验就会增长，不要忘记经常来看看哦！" Icon="200" SoundId="811460" position="0" />
<NpcChat  id="300010" seriestId="2" ChatName="小七" pText="请点击【领取】，领取君主经验吧！" Icon="200" SoundId="811520" position="0" />
<NpcChat  id="300020" seriestId="1" ChatName="小七" pText="哇！快去【联盟宗庙】看看吧！" Icon="200" SoundId="811470" position="0" />
<NpcChat  id="300025" seriestId="1" ChatName="小七" pText="点击【祭拜】可以用联盟贡献值抽取各种奖励喔！" Icon="200" SoundId="811480" position="0" />
<NpcChat  id="300030" seriestId="1" ChatName="小七" pText="缺少贡献值怎么办？别着急！去联盟图腾获取吧！" Icon="200" SoundId="811490" position="0" />
<NpcChat  id="300035" seriestId="1" ChatName="小七" pText="点击【膜拜】，在获得体力的同时，还可以获得联盟贡献值喔！" Icon="200" SoundId="811500" position="0" />
<NpcChat  id="300040" seriestId="1" ChatName="小七" pText="哇！这次又获得了好多贡献度，快去联盟商铺里购买商品吧" Icon="200" SoundId="811510" position="0" />
<NpcChat  id="300045" seriestId="1" ChatName="小七" pText="点击【膜拜】，在获得体力的同时，还可以获得联盟贡献值喔！" Icon="200" SoundId="-1" position="0" />
<NpcChat  id="400000" seriestId="1" ChatName="小七" pText="前方就是魏国境内了呦！\n快前进吧！" Icon="200" SoundId="811350" position="0" />
<NpcChat  id="400001" seriestId="1" ChatName="小七" pText="新关卡开启了！\n本关将解锁新的武器呦！" Icon="200" SoundId="-1" position="0" />
<NpcChat  id="400010" seriestId="1" ChatName="小七" pText="师兄想必出事了！\n快去找寻师兄的下落！" Icon="200" SoundId="-1" position="0" />
<NpcChat  id="400011" seriestId="1" ChatName="小七" pText="新关卡开启了！\n快去试试青铜战甲的威力吧！" Icon="200" SoundId="811220" position="0" />
<NpcChat  id="400020" seriestId="1" ChatName="小七" pText="师兄至今杳无音讯，\n快去找寻线索吧！" Icon="200" SoundId="-1" position="0" />
<NpcChat  id="400021" seriestId="1" ChatName="小七" pText="新关卡开启了！\n精英关卡有意外惊喜呦~" Icon="200" SoundId="811220" position="0" />
<NpcChat  id="400030" seriestId="1" ChatName="小七" pText="总算知晓师兄的下落了！\n快去救出师兄吧！" Icon="200" SoundId="-1" position="0" />
<NpcChat  id="400031" seriestId="1" ChatName="小七" pText="新关卡开启了！\n快去试试武器强化的效果吧！" Icon="200" SoundId="811220" position="0" />
<NpcChat  id="400040" seriestId="1" ChatName="小七" pText="继续战斗吧！\n孙膑师兄正在前方等着我们！" Icon="200" SoundId="-1" position="0" />
<NpcChat  id="400041" seriestId="1" ChatName="小七" pText="新关卡开启了！\n你准备好了吗？" Icon="200" SoundId="811220" position="0" />
<NpcChat  id="400050" seriestId="1" ChatName="小七" pText="继续战斗吧！" Icon="200" SoundId="-1" position="0" />
<NpcChat  id="400051" seriestId="1" ChatName="小七" pText="快！不要被女密探逃走了！" Icon="200" SoundId="811360" position="0" />
<NpcChat  id="400060" seriestId="1" ChatName="小七" pText="新关卡开启了！\n师兄的仇人商鞅就在前方！" Icon="200" SoundId="811220" position="0" />
<NpcChat  id="400061" seriestId="1" ChatName="小七" pText="击败商鞅！为师兄复仇！" Icon="200" SoundId="-1" position="0" />
<NpcChat  id="400070" seriestId="1" ChatName="小七" pText="战力又有所提升了！快去挑战新章节吧！" Icon="200" SoundId="811230" position="0" />
<NpcChat  id="400080" seriestId="1" ChatName="小七" pText="新关卡开启了！\n齐王的猎场就在前方！" Icon="200" SoundId="-1" position="0" />
<NpcChat  id="400090" seriestId="1" ChatName="小七" pText="新关卡开启了！\n护送师兄摆脱田忌的追捕！" Icon="200" SoundId="-1" position="0" />
<NpcChat  id="400095" seriestId="1" ChatName="小七" pText="恭喜主人获得了第一个将魂！" Icon="200" SoundId="-1" position="0" />
<NpcChat  id="400100" seriestId="1" ChatName="小七" pText="新关卡开启了！" Icon="200" SoundId="-1" position="0" />
<NpcChat  id="400101" seriestId="1" ChatName="小七" pText="点击相应[cb02d8]无双技[-]即可上阵使用！" Icon="200" SoundId="-1" position="0" />
<NpcChat  id="400102" seriestId="1" ChatName="小七" pText="现在去试试[cb02d8]无双技[-]吧！" Icon="200" SoundId="811420" position="0" />
<NpcChat  id="400103" seriestId="1" ChatName="小七" pText="开始战斗！" Icon="200" SoundId="-1" position="0" />
<NpcChat  id="400110" seriestId="1" ChatName="小七" pText="新关卡开启了！\n向齐王的营帐进军！" Icon="200" SoundId="811220" position="0" />
<NpcChat  id="400120" seriestId="1" ChatName="小七" pText="新关卡开启了！\n去感受下天赋升级的效果吧！" Icon="200" SoundId="-1" position="0" />
<NpcChat  id="400130" seriestId="1" ChatName="小七" pText="击败田忌！\n向下一关冲锋吧！" Icon="200" SoundId="-1" position="0" />
<NpcChat  id="400140" seriestId="1" ChatName="小七" pText="传奇关卡开启了！\n去镌写属于自己的传奇吧！" Icon="200" SoundId="-1" position="0" />
<NpcChat  id="400150" seriestId="1" ChatName="小七" pText="传奇关卡开启了！\n去感受[cb02d8]将魂升星[-]的效果吧！" Icon="200" SoundId="-1" position="0" />
<NpcChat  id="400160" seriestId="1" ChatName="小七" pText="传奇关卡开启了！\n再战商鞅，扬我鬼谷威名！" Icon="200" SoundId="-1" position="0" />
<NpcChat  id="400170" seriestId="1" ChatName="小七" pText="恭喜主人！为您猎符的NPC品质提升了！猎符过程中有一定几率提升NPC的品质呦！" Icon="200" SoundId="-1" position="0" />
<NpcChat  id="400175" seriestId="1" ChatName="小七" pText="为您猎符的NPC品质代表着这个NPC的能力！\n品质越高的NPC为您猎符获得的符文品质就越高呦！" Icon="200" SoundId="-1" position="0" />
<NpcChat  id="400175" seriestId="2" ChatName="小七" pText="猎符过程中有一定几率提升NPC的品质呦！" Icon="200" SoundId="-1" position="0" />
<NpcChat  id="500100" seriestId="1" ChatName="xxxxx" pText="小七，我们该出发了！" Icon="0" SoundId="-1" position="1" />
<NpcChat  id="500200" seriestId="1" ChatName="小七" pText="恭喜主人通过[ffb12a]精英关卡[-]！达成关卡条件即可领取相应[ffb12a]星级奖励[-]！" Icon="200" SoundId="-1" position="0" />
<NpcChat  id="500300" seriestId="1" ChatName="小七" pText="先去[0dbce8]领取任务奖励[-]吧。" Icon="200" SoundId="-1" position="0" />
<NpcChat  id="600100" seriestId="1" ChatName="周天子" pText="咳咳咳，你在[D2691E]千重楼[-]中的表现，本王已经有所耳闻了。" Icon="403" SoundId="-1" position="0" />
<NpcChat  id="600100" seriestId="2" ChatName="周天子" pText="唉......如今天下动荡已久，大周的百年基业摇摇欲坠。现在本王想要重整乾坤，平息战火，拯救万民，耐何无人可用！" Icon="403" SoundId="-1" position="0" />
<NpcChat  id="600100" seriestId="3" ChatName="xxxxx" pText="陛下心系百姓，是我等草民之福。如果陛下不弃，草民愿为陛下驱驰！" Icon="0" SoundId="-1" position="1" />
<NpcChat  id="600100" seriestId="4" ChatName="周天子" pText="好！本王刚刚收到消息晋国上卿[4169E1]智伯瑶[-]犯上作乱。本王要你立刻动身[0dbce8]前往晋国[-]，伺机除掉[4169E1]智伯瑶[-]，平定晋国内乱！" Icon="403" SoundId="-1" position="0" />
<NpcChat  id="600100" seriestId="5" ChatName="周天子" pText="[4169E1]小七[-]就派到你身边作为你的侍从吧！你们二人前去[D2691E]晋国[-]，路途艰辛，也好有个照应！准备好了就出发吧！" Icon="403" SoundId="-1" position="0" />
<NpcChat  id="600200" seriestId="1" ChatName="xxxxx" pText="我回来了！荀兄的伤可有好些？" Icon="0" SoundId="-1" position="1" />
<NpcChat  id="600200" seriestId="2" ChatName="荀翰丞" pText="多谢英雄挂念，在下的伤不打紧。那[4169E1]智伯瑶[-]联合[4169E1]魏驹[-]、[4169E1]韩虎[-]、[4169E1]赵无恤[-]三家起兵叛乱控制了[D2691E]晋国[-]！咳咳咳......" Icon="400" SoundId="-1" position="0" />
<NpcChat  id="600200" seriestId="3" ChatName="荀翰丞" pText="如今又贪得无厌，想要独掌大权，仗着自家势大迫使[4169E1]魏驹[-]和[4169E1]韩虎[-]跟随他一起攻打[4169E1]赵家[-]......" Icon="400" SoundId="-1" position="0" />
<NpcChat  id="600200" seriestId="4" ChatName="xxxxx" pText="哼，[4169E1]智伯瑶[-]与[4169E1]赵魏韩三家[-]都是蛇鼠一窝！陛下已命我[0dbce8]前去晋国平叛[-]。只是手中的兵器不太趁手！不只荀兄有没有什么办法？" Icon="0" SoundId="-1" position="1" />
<NpcChat  id="600200" seriestId="5" ChatName="荀翰丞" pText="此事好说！进入[4169E1]君主界面[-]通过[0dbce8]武器进阶[-]就可以提升武器属性了！" Icon="400" SoundId="-1" position="0" />
<NpcChat  id="600300" seriestId="1" ChatName="xxxxx" pText="草民启禀陛下，叛党[4169E1]智伯瑶[-]已经伏法。但是草民查知[4169E1]赵魏韩三家[-]与[4169E1]智伯瑶[-]本是同党！" Icon="0" SoundId="-1" position="1" />
<NpcChat  id="600300" seriestId="2" ChatName="xxxxx" pText="如今乱党尚存，[4169E1]晋国公族[-]遭到软禁，[4169E1]上将军[-]流亡[D2691E]洛阳[-]。草民请求陛下发兵讨伐叛党余孽，为[4169E1]晋国公族[-]和[4169E1]荀将军[-]主持公道！" Icon="0" SoundId="-1" position="1" />
<NpcChat  id="600300" seriestId="3" ChatName="周天子" pText="咳咳咳......此事......此事还须从长计议！如今[4169E1]赵魏韩[-]三家牢牢控制着[D2691E]晋国[-]，木已成舟，寡人兵微将寡无可奈何......这是寡人赐予你的[e15a00]头盔[-]，你且先退下吧......" Icon="403" SoundId="-1" position="0" />
<NpcChat  id="600300" seriestId="4" ChatName="xxxxx" pText="谢陛下赏赐！可是......草民告退！" Icon="0" SoundId="-1" position="1" />
<NpcChat  id="600300" seriestId="5" ChatName="周天子" pText="小七，你等等......咳咳咳......这个人你要替本王盯紧！交好[4169E1]赵魏韩[-]三家，对本王的大业至关重要，千万不能出差错！" Icon="403" SoundId="-1" position="0" />
<NpcChat  id="600300" seriestId="6" ChatName="小七" pText="是，奴婢遵命！" Icon="200" SoundId="-1" position="0" />
<NpcChat  id="600400" seriestId="1" ChatName="荀翰丞" pText="在下已经听闻[4169E1]智伯瑶[-]被诛杀的消息！大仇得报，足下真是荀某的大恩人！" Icon="400" SoundId="-1" position="0" />
<NpcChat  id="600400" seriestId="2" ChatName="xxxxx" pText="可惜未能彻底剿灭乱党，如今[4169E1]赵魏韩[-]三家依然逍遥法外！[4169E1]荀将军[-]您也无法返回[D2691E]晋国[-]！" Icon="0" SoundId="-1" position="1" />
<NpcChat  id="600400" seriestId="3" ChatName="荀翰丞" pText="在下本来也没打算再返回[D2691E]晋国[-]。[4169E1]家父[-]在世时，与[4169E1]齐王[-]交好，曾与[4169E1]齐王[-]约定，将来荀氏子孙若在[D2691E]晋国[-]有难，可随时前往[D2691E]齐国[-]避难。" Icon="400" SoundId="-1" position="0" />
<NpcChat  id="600400" seriestId="4" ChatName="荀翰丞" pText="只是与[4169E1]家父[-]立约的[4169E1]齐王[-]已经过世，不知[4169E1]新任齐王[-]是否愿意守约。而且那个约定还留在[D2691E]晋国老宅[-]，在下逃出[D2691E]晋国[-]时未能带在身上。" Icon="400" SoundId="-1" position="0" />
<NpcChat  id="600400" seriestId="5" ChatName="xxxxx" pText="此事好说！我再去一次[D2691E]晋国[-]，替荀兄[0dbce8]取回约定的文书[-]便是！" Icon="0" SoundId="-1" position="1" />
<NpcChat  id="600400" seriestId="6" ChatName="荀翰丞" pText="多谢足下！足下可以进入[4169E1]君主界面[-]那通过[0dbce8]扫荡过关斩将的关卡[-]来获得[e15a00]进阶材料[-]。待[0dbce8]将头盔进阶[-]后，再前往[D2691E]晋国[-]！" Icon="400" SoundId="-1" position="0" />
<NpcChat  id="600410" seriestId="1" ChatName="小七" pText="主人主人，防具也是可以进阶的哦，去看看需要什么样的进阶材料吧！" Icon="200" SoundId="810290" position="0" />
<NpcChat  id="600500" seriestId="1" ChatName="xxxxx" pText="荀兄，这是[e15a00]契约[-]，给！" Icon="0" SoundId="-1" position="1" />
<NpcChat  id="600500" seriestId="2" ChatName="荀翰丞" pText="咳咳咳......多谢......多谢......待我病愈，我就去[D2691E]齐国[-]求见[4169E1]齐王[-]......" Icon="400" SoundId="-1" position="0" />
<NpcChat  id="600500" seriestId="3" ChatName="荀翰丞" pText="最近[D2691E]洛阳城[-]在闹疫症......城内的居民很多都病了。根本请不到医生，连草药都被抢购一空......你一定要想想办法！" Icon="400" SoundId="-1" position="0" />
<NpcChat  id="600500" seriestId="4" ChatName="xxxxx" pText="荀兄好生在城内歇息！我这就[0dbce8]出城进山去采草药[-]，给你和全城百姓[0dbce8]救治疫症[-]！" Icon="0" SoundId="-1" position="1" />
<NpcChat  id="600600" seriestId="1" ChatName="xxxxx" pText="[4169E1]孙膑先生[-]！[4169E1]小七[-]被天子的刺客刺伤了！听[4169E1]小七[-]说先生可以让我和[4169E1]荀翰丞将军[-]平安前往[D2691E]齐国[-]......" Icon="0" SoundId="-1" position="1" />
<NpcChat  id="600600" seriestId="2" ChatName="孙膑" pText="嗯。把她交给我吧！想要老夫帮你们也可以。不过......" Icon="401" SoundId="-1" position="0" />
<NpcChat  id="600600" seriestId="3" ChatName="xxxxx" pText="先生有什么条件，尽管提出来！" Icon="0" SoundId="-1" position="1" />
<NpcChat  id="600600" seriestId="4" ChatName="孙膑" pText="听闻近日[4169E1]魏国上将军庞涓[-]要出兵攻赵，你就去[0dbce8]盗取魏军虎符[-]吧！若是你办成了这件事，我就保证你和[4169E1]荀将军[-]平安抵达[D2691E]齐国[-]。" Icon="401" SoundId="-1" position="0" />
<NpcChat  id="600600" seriestId="5" ChatName="xxxxx" pText="好，一言既出，驷马难追！" Icon="0" SoundId="-1" position="1" />
<NpcChat  id="600700" seriestId="1" ChatName="xxxxx" pText="[4169E1]孙膑先生[-]，这是[e15a00]魏军虎符[-]！" Icon="0" SoundId="-1" position="1" />
<NpcChat  id="600700" seriestId="2" ChatName="孙膑" pText="嗯，这能让魏军出兵缓一些时日。你们就作为我的护卫，跟我[0dbce8]返回齐国[-]吧！[4169E1]周天子[-]还不敢对[D2691E]齐国[-]的人马下手！" Icon="401" SoundId="-1" position="0" />
<NpcChat  id="600800" seriestId="1" ChatName="xxxxx" pText="孙膑先生，我来了！不知[4169E1]荀将军[-]和[4169E1]齐王[-]谈得怎样？" Icon="0" SoundId="-1" position="1" />
<NpcChat  id="600800" seriestId="2" ChatName="孙膑" pText="[4169E1]荀将军[-]有[e15a00]契约[-]在手，自然不用你操心。老夫正要与[4169E1]田忌将军[-]一起[0dbce8]出兵援赵[-]，你作为我的副手，随我前去[D2691E]赵国[-]如何？" Icon="401" SoundId="-1" position="0" />
<NpcChat  id="600800" seriestId="3" ChatName="xxxxx" pText="听说先生用兵如神，在下正想跟随先生学两手！不知[4169E1]小七[-]的伤势怎样？" Icon="0" SoundId="-1" position="1" />
<NpcChat  id="600800" seriestId="4" ChatName="孙膑" pText="已经痊愈了。她会与我们一起去[D2691E]赵国[-]。你收拾一下，就立刻随我们大军出发吧！在出发前，你可以首先加入一个[0dbce8]联盟[-]，来增强自己的势力！" Icon="401" SoundId="-1" position="0" />
<NpcChat  id="600900" seriestId="1" ChatName="小七" pText="喂，老师有要事找你呢！快去见他吧！" Icon="200" SoundId="-1" position="0" />
<NpcChat  id="601000" seriestId="1" ChatName="xxxxx" pText="先生有事找我？" Icon="0" SoundId="-1" position="1" />
<NpcChat  id="601000" seriestId="2" ChatName="孙膑" pText="嗯，[4169E1]庞涓[-]再次出兵攻韩，[D2691E]韩国[-]向[4169E1]齐王[-]求救。我们[0dbce8]再走一趟魏国[-]，再来一次“围魏救韩”！" Icon="401" SoundId="-1" position="0" />
<NpcChat  id="601000" seriestId="3" ChatName="xxxxx" pText="在下没什么好准备的。我们这就出发吧！" Icon="0" SoundId="-1" position="1" />
<NpcChat  id="601100" seriestId="1" ChatName="小七" pText="主人，刚才[4169E1]田忌将军[-]派人来，邀请我们去他的封邑[0dbce8]参加庆功宴[-]呢！" Icon="200" SoundId="-1" position="0" />
<NpcChat  id="601100" seriestId="2" ChatName="xxxxx" pText="哦？有这等好事！那我们快出发吧！" Icon="0" SoundId="-1" position="1" />
<NpcChat  id="601200" seriestId="1" ChatName="孙膑" pText="你们终于来了！" Icon="401" SoundId="-1" position="0" />
<NpcChat  id="601200" seriestId="2" ChatName="xxxxx" pText="我们一路遭到[4169E1]邹忌[-]的追杀......总算九死一生！" Icon="0" SoundId="-1" position="1" />
<NpcChat  id="601200" seriestId="3" ChatName="孙膑" pText="这里也不是绝对安全的！[4169E1]周天子[-]对你们的诛杀令并没有取消。[D2691E]洛阳[-]亦非久留之地！" Icon="401" SoundId="-1" position="0" />
<NpcChat  id="601200" seriestId="4" ChatName="xxxxx" pText="那......请先生指条明路，我们接下来该去哪里？" Icon="0" SoundId="-1" position="1" />
<NpcChat  id="601200" seriestId="5" ChatName="孙膑" pText="此事还须从长计议。你们先[0dbce8]随我出城[-]去吧！该去[0dbce8]拜祭亡者[-]了！" Icon="401" SoundId="-1" position="0" />
<NpcChat  id="601300" seriestId="1" ChatName="xxxxx" pText="先生，我把[4169E1]小七[-]带回来了！" Icon="0" SoundId="-1" position="1" />
<NpcChat  id="601300" seriestId="2" ChatName="孙膑" pText="好......好......不过[4169E1]邹忌[-]既然已经盯上了我们，死咬着不放，[D2691E]洛阳[-]就已经不再安全了！我这就带你们去见我的老师[4169E1]鬼谷子[-]，他一定有办法！" Icon="401" SoundId="-1" position="0" />
<NpcChat  id="601300" seriestId="3" ChatName="小七" pText="老师......我父亲真的是被你......" Icon="200" SoundId="-1" position="0" />
<NpcChat  id="601300" seriestId="4" ChatName="孙膑" pText="唉，这件事......我们以后再谈吧......" Icon="401" SoundId="-1" position="0" />
<NpcChat  id="601400" seriestId="1" ChatName="xxxxx" pText="先生，我们接下来该作何打算？" Icon="0" SoundId="-1" position="1" />
<NpcChat  id="601400" seriestId="2" ChatName="孙膑" pText="嗯......也许我们可以去问问老师的意见。" Icon="401" SoundId="-1" position="0" />
<NpcChat  id="601500" seriestId="1" ChatName="孙膑" pText="老师！学生遇到挫折，特来请老师指点迷津！想必我们在[D2691E]齐国[-]的遭遇，老师也已经有所耳闻。学生想请老师指点接下来我们该何去何从？" Icon="401" SoundId="-1" position="0" />
<NpcChat  id="601500" seriestId="2" ChatName="鬼谷子" pText="你随我回山。至于这个后辈，[D2691E]赵魏韩齐四国[-]都没有立足之地，[D2691E]秦国楚国[-]老夫也没有门路。" Icon="404" SoundId="-1" position="0" />
<NpcChat  id="601500" seriestId="3" ChatName="鬼谷子" pText="老夫的学生[4169E1]苏秦[-]正在[D2691E]燕国[-]，[D2691E]燕国[-]如今内乱，正有立功的机缘，是个好去处！" Icon="404" SoundId="-1" position="0" />
<NpcChat  id="601500" seriestId="4" ChatName="xxxxx" pText="既然如此，在下就去[D2691E]燕国[-]投奔[4169E1]苏秦先生[-]，[0dbce8]帮助燕国平定内乱[-]！" Icon="0" SoundId="-1" position="1" />
<NpcChat  id="601600" seriestId="1" ChatName="xxxxx" pText="[4169E1]苏秦先生[-]！[4169E1]子之[-]已死！燕王与苏先生可以高枕无忧了！" Icon="0" SoundId="-1" position="1" />
<NpcChat  id="601600" seriestId="2" ChatName="苏秦" pText="唉......[0dbce8]子之作乱[-]虽然平息，可是[D2691E]燕国[-]国力大损，[4169E1]齐军[-]趁机大举入侵，我军节节败退！[4169E1]燕王[-]也因此一病不起！这该如何是好？" Icon="402" SoundId="-1" position="0" />
<NpcChat  id="601600" seriestId="3" ChatName="xxxxx" pText="在下这就南下去[0dbce8]阻截齐军[-]！为[4169E1]燕王[-]与先生排忧解难！" Icon="0" SoundId="-1" position="1" />
<NpcChat  id="601700" seriestId="1" ChatName="xxxxx" pText="[4169E1]苏秦先生[-]，在下已经准备完毕，只待大军开拔！" Icon="0" SoundId="-1" position="1" />
<NpcChat  id="601700" seriestId="2" ChatName="苏秦" pText="[D2691E]燕国[-]此前内耗过剧，粮草完备还需一些时日，所以我军主力需要迟一些出发。但是如今[0dbce8]齐军新败[-]，正是[0dbce8]出兵伐齐[-]的最佳时机。" Icon="402" SoundId="-1" position="0" />
<NpcChat  id="601700" seriestId="3" ChatName="苏秦" pText="所以还请将军能够[0dbce8]担当先锋[-]，在[D2691E]齐国[-]有所警觉之前打他们一个措手不及！" Icon="402" SoundId="-1" position="0" />
<NpcChat  id="601700" seriestId="4" ChatName="xxxxx" pText="甚妙！[4169E1]齐王[-]骄纵，必然不会料到我军会反戈一击。先生尽管放心，在下这就出发！" Icon="0" SoundId="-1" position="1" />
<NpcChat  id="601800" seriestId="1" ChatName="苏秦" pText="恭喜英雄得胜归来！英雄和[4169E1]乐毅将军[-]大破齐军[0dbce8]攻陷临淄[-]的消息早已传回[D2691E]蓟城[-]！现在我大燕举国欢腾！可算出了一口恶气！" Icon="402" SoundId="-1" position="0" />
<NpcChat  id="601800" seriestId="2" ChatName="xxxxx" pText="都是[4169E1]乐毅将军[-]和我军将士的功劳！在下只是尽了些绵薄之力。在下此次回国是有要事相告！" Icon="0" SoundId="-1" position="1" />
<NpcChat  id="601800" seriestId="3" ChatName="xxxxx" pText="此次齐军战败，[4169E1]齐王[-]逃出[D2691E]临淄[-]，被[D2691E]齐国[-]暴乱的民众杀死，现在[D2691E]齐国[-]上下一片混乱，正是灭齐良机。还请燕王和先生早作谋划！" Icon="0" SoundId="-1" position="1" />
<NpcChat  id="601800" seriestId="4" ChatName="苏秦" pText="[4169E1]主公[-]近日正打算亲自前往前线大营[0dbce8]慰劳将士[-]，足下与我一起[0dbce8]陪同主公前往[-]吧！" Icon="402" SoundId="-1" position="0" />
<NpcChat  id="601900" seriestId="1" ChatName="xxxxx" pText="先生，我回来了！[4169E1]乐毅将军[-]执意要坚守前线，未能和我一起回来。" Icon="0" SoundId="-1" position="1" />
<NpcChat  id="601900" seriestId="2" ChatName="苏秦" pText="[4169E1]乐毅将军[-]大难临头了！[4169E1]燕王[-]昨日驾崩，如今[4169E1]太子[-]登基继位为新君，这[4169E1]太子[-]与[4169E1]乐毅将军[-]素有旧怨，恐怕不会善罢甘休！" Icon="402" SoundId="-1" position="0" />
<NpcChat  id="601900" seriestId="3" ChatName="xxxxx" pText="依先生之见，此事该当如何是好？" Icon="0" SoundId="-1" position="1" />
<NpcChat  id="601900" seriestId="4" ChatName="苏秦" pText="若依我看来，[4169E1]乐毅将军[-]当率军回国，以重兵逼迫[4169E1]太子[-]退位，再扶持其他公子继位。但是[4169E1]乐毅将军[-]绝不会答应。" Icon="402" SoundId="-1" position="0" />
<NpcChat  id="601900" seriestId="5" ChatName="苏秦" pText="我这里有一封写给[4169E1]乐毅将军[-]的[e15a00]书信[-]，还请足下带给[4169E1]乐毅将军[-]，敦促他赶快离开[D2691E]燕国[-]！" Icon="402" SoundId="-1" position="0" />
<NpcChat  id="602000" seriestId="1" ChatName="xxxxx" pText="[4169E1]苏秦先生[-]，我军在[D2691E]齐国[-]大败。在下没能挽回败局，[4169E1]乐毅将军[-]数年来的苦心经营全都付之东流了！" Icon="0" SoundId="-1" position="1" />
<NpcChat  id="602000" seriestId="2" ChatName="苏秦" pText="唉......天意！不过当下最要紧的不是[D2691E]齐国[-]的战事，而是[4169E1]乐毅将军[-]！" Icon="402" SoundId="-1" position="0" />
<NpcChat  id="602000" seriestId="3" ChatName="苏秦" pText="[4169E1]乐毅将军[-]被[4169E1]燕王[-]软禁在[D2691E]城外的一座村子[-]里，连老夫都见不到他。" Icon="402" SoundId="-1" position="0" />
<NpcChat  id="602000" seriestId="4" ChatName="xxxxx" pText="我这就[0dbce8]潜入村子[-]，将[4169E1]乐毅将军[-]救出来！" Icon="0" SoundId="-1" position="1" />
<NpcChat  id="600140" seriestId="1" ChatName="鬼谷子" pText="好酒......好酒......" Icon="404" SoundId="-1" position="0" />
<NpcChat  id="600140" seriestId="5" ChatName="苏秦" pText="老师，我准备好出发了。" Icon="402" SoundId="-1" position="0" />
<NpcChat  id="733001" seriestId="1" ChatName="小七" pText="[06de34]点此按钮[-]开始攻击。[06de34] 长按[-]可以持续攻击。" Icon="300" SoundId="-1" position="0" />
<NpcChat  id="733002" seriestId="1" ChatName="小七" pText="[06de34]点此按钮[-]释放[FF8000]八荒裂日[-]技能。" Icon="300" SoundId="-1" position="0" />
<NpcChat  id="733003" seriestId="1" ChatName="小七" pText="[06de34]点此按钮[-]，更换[FF8000]双持武器[-]。" Icon="300" SoundId="-1" position="0" />
<NpcChat  id="733004" seriestId="1" ChatName="小七" pText="[06de34]点此按钮[-]，释放[FF8000]绝影星光斩[-]技能。" Icon="300" SoundId="-1" position="0" />
<NpcChat  id="733005" seriestId="1" ChatName="小七" pText="[06de34]点此按钮[-]，更换[FF8000]远程武器[-]。" Icon="300" SoundId="-1" position="0" />
<NpcChat  id="733006" seriestId="1" ChatName="小七" pText="[06de34]点此按钮[-]，释放[06de34] 追星箭[-]技能。" Icon="300" SoundId="-1" position="0" />
<NpcChat  id="733007" seriestId="1" ChatName="小七" pText="[06de34]点此按钮[-]，使用[06de34]翻滚[-]技能躲避敌人攻击。" Icon="300" SoundId="-1" position="0" />
<NpcChat  id="733008" seriestId="1" ChatName="小七" pText="[06de34]点此按钮[-]，释放[FF8000]乾坤斗转[-]技能。" Icon="300" SoundId="-1" position="0" />
<NpcChat  id="733009" seriestId="1" ChatName="小七" pText="[06de34]点此按钮[-]，释放[FF8000]八荒裂日[-]技能。" Icon="300" SoundId="-1" position="0" />
<NpcChat  id="733010" seriestId="1" ChatName="小七" pText="[06de34]点此按钮[-]，释放[FF8000]血祭烙印[-]技能。" Icon="300" SoundId="-1" position="0" />
<NpcChat  id="733011" seriestId="1" ChatName="小七" pText="[06de34]点此按钮[-]，释放[FF8000]绝影星光斩[-]技能。" Icon="300" SoundId="-1" position="0" />
<NpcChat  id="733012" seriestId="1" ChatName="小七" pText="[06de34]点此按钮[-]，释放[FF8000]寒冰箭[-]技能。" Icon="300" SoundId="-1" position="0" />
<NpcChat  id="733013" seriestId="1" ChatName="小七" pText="[06de34]点此按钮[-]，领取通关奖励，进入主城。" Icon="300" SoundId="-1" position="0" />
<NpcChat  id="733014" seriestId="1" ChatName="小七" pText="[06de34]点此按钮[-]，更换[FF8000]长柄武器[-]。" Icon="300" SoundId="-1" position="0" />
<NpcChat  id="733015" seriestId="1" ChatName="小七" pText="[06de34]点此按钮[-]，更换[FF8000]双持武器[-]。" Icon="300" SoundId="-1" position="0" />
<NpcChat  id="733016" seriestId="1" ChatName="小七" pText="[06de34]点此按钮[-]，更换[FF8000]弓箭武器[-]。" Icon="300" SoundId="-1" position="0" />
<NpcChat  id="733017" seriestId="1" ChatName="小七" pText="[06de34]点此按钮[-]，释放[FF8000]八荒裂日[-]技能。" Icon="300" SoundId="-1" position="0" />
<NpcChat  id="733018" seriestId="1" ChatName="小七" pText="[06de34]点此按钮[-]，释放[FF8000]乾坤斗转[-]技能。" Icon="300" SoundId="-1" position="0" />
<NpcChat  id="733019" seriestId="1" ChatName="小七" pText="[06de34]点此按钮[-]，释放[FF8000]绝影星光斩[-]技能。" Icon="300" SoundId="-1" position="0" />
<NpcChat  id="733020" seriestId="1" ChatName="小七" pText="[06de34]点此按钮[-]，释放[FF8000]血祭烙印[-]技能。" Icon="300" SoundId="-1" position="0" />
<NpcChat  id="733021" seriestId="1" ChatName="小七" pText="[06de34]点此按钮[-]，释放[06de34] 追星箭[-]技能。" Icon="300" SoundId="-1" position="0" />
<NpcChat  id="733022" seriestId="1" ChatName="小七" pText="[06de34]点此按钮[-]，释放[FF8000]寒冰箭[-]技能。" Icon="300" SoundId="-1" position="0" />
<NpcChat  id="733023" seriestId="1" ChatName="小七" pText="[06de34]点此按钮[-]，释放[cb02d8]无双技[-]。" Icon="300" SoundId="-1" position="0" />
<NpcChat  id="733024" seriestId="1" ChatName="小七" pText="释放[FF8000]乾坤斗转[-]后释放[FF8000]八荒裂日[-]！" Icon="300" SoundId="-1" position="0" />
<NpcChat  id="733025" seriestId="1" ChatName="小七" pText="释放[FF8000]血祭烙印[-]后释放[FF8000]绝影星光斩[-]！" Icon="300" SoundId="-1" position="0" />
<NpcChat  id="733026" seriestId="1" ChatName="小七" pText="[06de34] 点此按钮[-]，释放[cb02d8]无双技[-]。" Icon="300" SoundId="-1" position="0" />
<NpcChat  id="733027" seriestId="1" ChatName="小七" pText="拖动[06de34] 摇杆按钮[-]，控制君主移动。" Icon="300" SoundId="-1" position="0" />
<NpcChat  id="733028" seriestId="1" ChatName="小七" pText="[06de34]点此按钮[-]，可以切换到[FF8000]自动战斗[-]。" Icon="300" SoundId="-1" position="0" />
<NpcChat  id="733029" seriestId="1" ChatName="小七" pText="[FF8000]自动战斗[-]过程中，可以[06de34]点此技能按钮[-]释放技能。" Icon="300" SoundId="-1" position="0" />
<NpcChat  id="733030" seriestId="1" ChatName="小七" pText="[FF8000]单个敌人时[-]更适合使用双持武器，可以[06de34]点击此处[-]切换至双持武器战斗。" Icon="300" SoundId="-1" position="0" />
<NpcChat  id="733031" seriestId="1" ChatName="小七" pText="[FF8000]多个敌人时[-]更适合使用长柄武器，可以[06de34]点击此处[-]切换至长柄武器战斗。" Icon="300" SoundId="-1" position="0" />
<NpcChat  id="733032" seriestId="1" ChatName="小七" pText="快看！这是BOSS的[FF8000]霸体条[-]，打破霸体就可以击倒BOSS了！" Icon="300" SoundId="-1" position="0" />
<NpcChat  id="750000" seriestId="1" ChatName="小七" pText="您可算是醒了！竟然昏睡了这么多天！" Icon="200" SoundId="-1" position="0" />
<NpcChat  id="750000" seriestId="2" ChatName="xxxxx" pText="哎......刺秦失败了！历史的宿命，果然无法逆转吗？" Icon="0" SoundId="-1" position="1" />
<NpcChat  id="750000" seriestId="3" ChatName="小七" pText="老师正在城中等您呢！快去城中见他老人家吧！" Icon="200" SoundId="811150" position="0" />
<NpcChat  id="800000" seriestId="1" ChatName="xxxxx" pText="老师！那秦国一统、[FF8000]荆轲刺秦[-]之事，果真会[06de34] 在三百年后发生吗？[-]" Icon="0" SoundId="-1" position="1" />
<NpcChat  id="800000" seriestId="2" ChatName="鬼谷子" pText="哈哈哈，本就是老夫幻化的[FF8000]梦境[-]，你又何必当真！" Icon="404" SoundId="-1" position="0" />
<NpcChat  id="800000" seriestId="3" ChatName="鬼谷子" pText="为师有一事要你立刻去办！你和小七即刻出发，[06de34] 去魏国把孙膑带回来！[-]" Icon="404" SoundId="811160" position="0" />
<NpcChat  id="800000" seriestId="4" ChatName="xxxxx" pText="弟子遵命！" Icon="0" SoundId="-1" position="1" />
<NpcChat  id="800100" seriestId="1" ChatName="xxxxx" pText="师兄，您腿上的伤是否好些了？您接下来作何打算？" Icon="0" SoundId="-1" position="1" />
<NpcChat  id="800100" seriestId="2" ChatName="孙膑" pText="咳咳咳，庞涓这个小人！我一定要报仇！你和小七收拾收拾，送我去齐国！" Icon="401" SoundId="-1" position="0" />
<NpcChat  id="800100" seriestId="3" ChatName="xxxxx" pText="使不得，老师吩咐......" Icon="0" SoundId="-1" position="1" />
<NpcChat  id="800100" seriestId="4" ChatName="孙膑" pText="少啰嗦！我心意已决，你和小七快去准备！" Icon="401" SoundId="-1" position="0" />
<NpcChat  id="800200" seriestId="1" ChatName="xxxxx" pText="恭喜师兄！师兄穿上这身官袍，看起来威风多了！" Icon="0" SoundId="-1" position="1" />
<NpcChat  id="800200" seriestId="2" ChatName="孙膑" pText="哼，不过换了身衣服而已，不足挂齿！不过如今复仇的机会来了！你们准备一下，随后与我出师魏国！" Icon="401" SoundId="-1" position="0" />
<NpcChat  id="800400" seriestId="1" ChatName="xxxxx" pText="师父，学生回来了！这是孙膑师兄写给您老的信件。" Icon="0" SoundId="-1" position="1" />
<NpcChat  id="800400" seriestId="2" ChatName="鬼谷子" pText="嗯，拿来吧，为师稍后再看。你和小七离开这么久，为师想出趟门都没人陪着！" Icon="404" SoundId="-1" position="0" />
<NpcChat  id="800400" seriestId="3" ChatName="鬼谷子" pText="现在你们可算回来了！就陪为师去定陶城会会老友吧！" Icon="404" SoundId="-1" position="0" />
<NpcChat  id="800500" seriestId="1" ChatName="范蠡" pText="此次因为在下的事情，害你们开罪了孟尝君，孙膑先生一定会受牵连！你还是快返回齐国去帮助孙膑先生吧！" Icon="3010" SoundId="-1" position="0" />
<NpcChat  id="800500" seriestId="2" ChatName="xxxxx" pText="范先生言重了！我这就回孙膑师兄那里。我师父今日出门，还请范先生帮忙转告师父！" Icon="0" SoundId="-1" position="1" />
<NpcChat  id="800700" seriestId="1" ChatName="xxxxx" pText="师父，我和师兄还有小七回来了！" Icon="0" SoundId="-1" position="1" />
<NpcChat  id="800700" seriestId="2" ChatName="鬼谷子" pText="嗯，你们的事情我已经听说了！你师兄他选择了归隐，你如何打算呢？" Icon="404" SoundId="-1" position="0" />
<NpcChat  id="800700" seriestId="3" ChatName="xxxxx" pText="如今我们正在天子脚下，我打算去投奔周天子，看一看有没有一展才华的机会！" Icon="0" SoundId="-1" position="1" />
<NpcChat  id="800700" seriestId="4" ChatName="鬼谷子" pText="嗯，也好。可是你见周天子总不能两手空空着去。你去城西一趟，一定有所发现！" Icon="404" SoundId="-1" position="0" />
<NpcChat  id="800800" seriestId="1" ChatName="周天子" pText="哈哈，你在城西保护寡人的镖车之事寡人已经听说了！有你这等人才为寡人出力，何愁大周不兴？说，要什么赏赐？" Icon="403" SoundId="-1" position="0" />
<NpcChat  id="800800" seriestId="2" ChatName="xxxxx" pText="在下是大周子民，为陛下分忧，是草民分内之事！草民只求能为陛下出力，匡扶社稷，终止战乱！" Icon="0" SoundId="-1" position="1" />
<NpcChat  id="800800" seriestId="3" ChatName="周天子" pText="好！寡人此时正好有一事要你去做！秦军大举进攻魏国河西。寡人要你去帮一帮魏国。" Icon="403" SoundId="-1" position="0" />
<NpcChat  id="800800" seriestId="4" ChatName="xxxxx" pText="草民一定不负陛下重托！" Icon="0" SoundId="-1" position="1" />
<NpcChat  id="800900" seriestId="1" ChatName="龙贾" pText="多亏了英雄，秦军果然撤了！不过......唉，秦军刚走，赵军就来了！赵国派遣平原君从北方杀来！这可如何是好！" Icon="400" SoundId="-1" position="0" />
<NpcChat  id="800900" seriestId="2" ChatName="xxxxx" pText="将军不必担忧！在下一定帮助将军击退赵军！" Icon="0" SoundId="-1" position="1" />
<NpcChat  id="801100" seriestId="1" ChatName="周天子" pText="哈哈哈。爱卿的英勇事迹寡人已经听说了！此次大展我大周国威，寡人要重重的赏你。来人！" Icon="403" SoundId="-1" position="0" />
<NpcChat  id="801100" seriestId="2" ChatName="xxxxx" pText="微臣旗开得胜，全赖大王的恩泽庇佑！微臣不敢要什么赏赐！只是微臣离开师门日久，所以想请陛下准许微臣回一趟师门，好探望家师。" Icon="0" SoundId="-1" position="1" />
<NpcChat  id="801100" seriestId="3" ChatName="周天子" pText="嗯，也好。准了！寡人的赏赐你也要全部收下！" Icon="403" SoundId="-1" position="0" />
<NpcChat  id="801200" seriestId="1" ChatName="苏秦" pText="此次平定子之叛乱，多亏有你在！我已经与燕王聊过，燕王对我的主张大为满意！只是如今燕国缺乏人才......" Icon="402" SoundId="-1" position="0" />
<NpcChat  id="801200" seriestId="2" ChatName="xxxxx" pText="说到人才，我倒是可以给你举荐一位！此人名叫乐毅，据说当下正在赵国。我这就动身去寻他！" Icon="0" SoundId="-1" position="1" />
<NpcChat  id="801300" seriestId="1" ChatName="xxxxx" pText="恭喜苏兄担任燕国上卿！" Icon="0" SoundId="-1" position="1" />
<NpcChat  id="801300" seriestId="2" ChatName="苏秦" pText="其实都是你的功劳，燕王想拜你为上将军，不知意下如何？" Icon="402" SoundId="-1" position="0" />
<NpcChat  id="801300" seriestId="3" ChatName="xxxxx" pText="力量无边觉寂寞，自感无趣退江湖。" Icon="0" SoundId="-1" position="1" />
<NpcChat  id="801300" seriestId="4" ChatName="xxxxx" pText="举头沉默望青山，山中野兽俱哀鸣。" Icon="0" SoundId="-1" position="1" />
<NpcChat  id="801300" seriestId="5" ChatName="xxxxx" pText="本人从此成神话，千古佳话百世传。" Icon="0" SoundId="-1" position="1" />
<NpcChat  id="801300" seriestId="6" ChatName="小七" pText="【彩蛋】亲爱的战神！感谢您陪伴小七到本版本的最后一程！恭喜您已经翻版！且听下回分解！敬请期待！截图加入QQ群467690600有惊喜！" Icon="200" SoundId="-1" position="0" />
</dataset>