<?xml version="1.0" encoding="UTF-8"?>
<dataset>
<NpcCity id="1" type="1" npcId="1" npcShowId="200" npcIcon="200" npcName="990010" functionId="1" posX="-30.42" posY="2.8" posZ="3.6" radius1="4" radius2="10" direct="180" dialog1="101" dialog2="102" dialog3="103" NameDirectX="40" NameDirectY="180" />
<NpcCity id="2" type="1" npcId="2" npcShowId="400" npcIcon="0" npcName="990009" functionId="1" posX="1.799999" posY="4.67" posZ="36.60001" radius1="4" radius2="10" direct="180" dialog1="-1" dialog2="-1" dialog3="-1" NameDirectX="40" NameDirectY="180" />
<NpcCity id="3" type="1" npcId="3" npcShowId="803" npcIcon="301" npcName="991111" functionId="1" posX="19.3" posY="4.4" posZ="33.8" radius1="4" radius2="10" direct="180" dialog1="-1" dialog2="-1" dialog3="-1" NameDirectX="40" NameDirectY="180" />
<NpcCity id="4" type="-1" npcId="4" npcShowId="300" npcIcon="300" npcName="990000" functionId="1" posX="2.1" posY="-100" posZ="34.32" radius1="4" radius2="10" direct="180" dialog1="-1" dialog2="-1" dialog3="-1" NameDirectX="40" NameDirectY="180" />
<NpcCity id="5" type="1" npcId="5" npcShowId="805" npcIcon="0" npcName="410029" functionId="1" posX="11.24" posY="4.5" posZ="32.95999" radius1="4" radius2="10" direct="180" dialog1="-1" dialog2="-1" dialog3="-1" NameDirectX="40" NameDirectY="180" />
<NpcCity id="6" type="1" npcId="6" npcShowId="100" npcIcon="100" npcName="990006" functionId="1" posX="37.13" posY="-2.33" posZ="0.629" radius1="4" radius2="10" direct="180" dialog1="601" dialog2="602" dialog3="603" NameDirectX="40" NameDirectY="180" />
<NpcCity id="8" type="1" npcId="8" npcShowId="806" npcIcon="0" npcName="10425" functionId="1" posX="-3.75" posY="0" posZ="8.550003" radius1="4" radius2="10" direct="180" dialog1="101" dialog2="102" dialog3="103" NameDirectX="40" NameDirectY="180" />
<NpcCity id="100" type="1" npcId="100" npcShowId="800" npcIcon="0" npcName="991000" functionId="1" posX="-34.7" posY="3" posZ="-6.9" radius1="4" radius2="10" direct="90" dialog1="-1" dialog2="-1" dialog3="-1" NameDirectX="40" NameDirectY="180" />
<NpcCity id="110" type="1" npcId="110" npcShowId="700" npcIcon="0" npcName="991010" functionId="1" posX="2.25" posY="0.1" posZ="-0.55" radius1="4" radius2="10" direct="180" dialog1="-1" dialog2="-1" dialog3="-1" NameDirectX="40" NameDirectY="180" />
<NpcCity id="120" type="1" npcId="120" npcShowId="600" npcIcon="0" npcName="991020" functionId="1" posX="42.16" posY="-2.33" posZ="-7.110001" radius1="4" radius2="10" direct="270" dialog1="-1" dialog2="-1" dialog3="-1" NameDirectX="40" NameDirectY="180" />
<NpcCity id="801" type="1" npcId="801" npcShowId="801" npcIcon="0" npcName="991100" functionId="1" posX="8.5" posY="0" posZ="8.15" radius1="4" radius2="10" direct="180" dialog1="-1" dialog2="-1" dialog3="-1" NameDirectX="40" NameDirectY="180" />
<NpcCity id="802" type="-1" npcId="802" npcShowId="804" npcIcon="600" npcName="991013" functionId="1" posX="-3.34" posY="-100" posZ="95" radius1="4" radius2="10" direct="180" dialog1="-1" dialog2="-1" dialog3="-1" NameDirectX="40" NameDirectY="180" />
<NpcCity id="803" type="1" npcId="803" npcShowId="999" npcIcon="700" npcName="991014" functionId="1" posX="-7.14" posY="4.46" posZ="33.15" radius1="4" radius2="10" direct="180" dialog1="-1" dialog2="-1" dialog3="-1" NameDirectX="40" NameDirectY="180" />
<NpcCity id="1" type="2" npcId="1" npcShowId="200" npcIcon="200" npcName="990010" functionId="1" posX="-30.42" posY="2.8" posZ="3.6" radius1="4" radius2="10" direct="180" dialog1="101" dialog2="102" dialog3="103" NameDirectX="40" NameDirectY="180" />
<NpcCity id="2" type="2" npcId="2" npcShowId="400" npcIcon="0" npcName="990009" functionId="1" posX="1.78" posY="4.67" posZ="32.6" radius1="4" radius2="10" direct="180" dialog1="-1" dialog2="-1" dialog3="-1" NameDirectX="40" NameDirectY="180" />
<NpcCity id="3" type="2" npcId="3" npcShowId="803" npcIcon="301" npcName="991011" functionId="1" posX="31.7" posY="0.09" posZ="-0.43" radius1="4" radius2="10" direct="180" dialog1="-1" dialog2="-1" dialog3="-1" NameDirectX="40" NameDirectY="180" />
<NpcCity id="4" type="2" npcId="4" npcShowId="300" npcIcon="300" npcName="990000" functionId="1" posX="-34.73" posY="3.88" posZ="64.34" radius1="4" radius2="10" direct="90" dialog1="-1" dialog2="-1" dialog3="-1" NameDirectX="40" NameDirectY="270" />
<NpcCity id="5" type="2" npcId="5" npcShowId="500" npcIcon="0" npcName="990008" functionId="1" posX="13.7" posY="1.3" posZ="62.72" radius1="4" radius2="10" direct="180" dialog1="-1" dialog2="-1" dialog3="-1" NameDirectX="40" NameDirectY="180" />
<NpcCity id="6" type="2" npcId="6" npcShowId="100" npcIcon="100" npcName="990006" functionId="1" posX="37.46" posY="0.09" posZ="-2.3" radius1="4" radius2="10" direct="180" dialog1="601" dialog2="602" dialog3="603" NameDirectX="40" NameDirectY="180" />
<NpcCity id="8" type="2" npcId="8" npcShowId="802" npcIcon="500" npcName="991012" functionId="1" posX="-11" posY="0.5" posZ="97" radius1="4" radius2="10" direct="180" dialog1="-1" dialog2="-1" dialog3="-1" NameDirectX="40" NameDirectY="180" />
<NpcCity id="100" type="2" npcId="100" npcShowId="800" npcIcon="0" npcName="991000" functionId="1" posX="-19" posY="0.5" posZ="187" radius1="4" radius2="10" direct="180" dialog1="-1" dialog2="-1" dialog3="-1" NameDirectX="40" NameDirectY="180" />
<NpcCity id="110" type="2" npcId="110" npcShowId="700" npcIcon="0" npcName="991010" functionId="1" posX="-45" posY="0.5" posZ="138.3" radius1="4" radius2="10" direct="180" dialog1="-1" dialog2="-1" dialog3="-1" NameDirectX="40" NameDirectY="180" />
<NpcCity id="120" type="2" npcId="120" npcShowId="600" npcIcon="0" npcName="991020" functionId="1" posX="-37" posY="0.5" posZ="138.3" radius1="4" radius2="10" direct="180" dialog1="-1" dialog2="-1" dialog3="-1" NameDirectX="40" NameDirectY="180" />
<NpcCity id="801" type="2" npcId="801" npcShowId="801" npcIcon="0" npcName="991100" functionId="1" posX="-1.16" posY="1.3" posZ="54.6" radius1="4" radius2="10" direct="270" dialog1="-1" dialog2="-1" dialog3="-1" NameDirectX="40" NameDirectY="90" />
<NpcCity id="802" type="2" npcId="802" npcShowId="804" npcIcon="600" npcName="991013" functionId="1" posX="2" posY="4.97" posZ="123" radius1="4" radius2="10" direct="180" dialog1="-1" dialog2="-1" dialog3="-1" NameDirectX="40" NameDirectY="180" />
<NpcCity id="803" type="2" npcId="803" npcShowId="999" npcIcon="700" npcName="991014" functionId="1" posX="15.1" posY="0.5" posZ="97.5" radius1="4" radius2="10" direct="180" dialog1="-1" dialog2="-1" dialog3="-1" NameDirectX="40" NameDirectY="180" />
<NpcCity id="10000" type="2" npcId="10000" npcShowId="300" npcIcon="0" npcName="990037" functionId="1" posX="6" posY="0.7" posZ="58" radius1="4" radius2="10" direct="180" dialog1="101" dialog2="102" dialog3="103" NameDirectX="40" NameDirectY="180" />
<NpcCity id="10060" type="2" npcId="10060" npcShowId="-3" npcIcon="-3" npcName="990037" functionId="1" posX="8" posY="0.26" posZ="-49" radius1="4" radius2="294" direct="294" dialog1="-1" dialog2="-1" dialog3="-1" NameDirectX="40" NameDirectY="180" />
<NpcCity id="10061" type="2" npcId="10061" npcShowId="-3" npcIcon="-3" npcName="990037" functionId="1" posX="8" posY="0.26" posZ="235" radius1="4" radius2="187" direct="187" dialog1="-1" dialog2="-1" dialog3="-1" NameDirectX="40" NameDirectY="180" />
<NpcCity id="10062" type="2" npcId="10062" npcShowId="-3" npcIcon="-3" npcName="990037" functionId="1" posX="-98" posY="0.26" posZ="179" radius1="4" radius2="100" direct="100" dialog1="-1" dialog2="-1" dialog3="-1" NameDirectX="40" NameDirectY="180" />
<NpcCity id="10063" type="2" npcId="10063" npcShowId="-3" npcIcon="-3" npcName="990037" functionId="1" posX="122" posY="0.26" posZ="179" radius1="4" radius2="10" direct="180" dialog1="-1" dialog2="-1" dialog3="-1" NameDirectX="40" NameDirectY="180" />
<NpcCity id="1001" type="3" npcId="1001" npcShowId="-3" npcIcon="-3" npcName="990037" functionId="1" posX="34.83" posY="0.3" posZ="24.25" radius1="4" radius2="10" direct="90" dialog1="-1" dialog2="-1" dialog3="-1" NameDirectX="40" NameDirectY="180" />
<NpcCity id="1002" type="3" npcId="1002" npcShowId="-3" npcIcon="-3" npcName="990037" functionId="1" posX="76.68" posY="0.3" posZ="22.31" radius1="4" radius2="10" direct="180" dialog1="-1" dialog2="-1" dialog3="-1" NameDirectX="40" NameDirectY="180" />
<NpcCity id="1003" type="3" npcId="1003" npcShowId="-3" npcIcon="-3" npcName="990037" functionId="1" posX="72.62" posY="0.3" posZ="66.16" radius1="4" radius2="10" direct="180" dialog1="-1" dialog2="-1" dialog3="-1" NameDirectX="40" NameDirectY="180" />
<NpcCity id="1004" type="3" npcId="1004" npcShowId="-3" npcIcon="-3" npcName="990037" functionId="1" posX="-59.94" posY="0.3" posZ="22.44" radius1="4" radius2="10" direct="270" dialog1="-1" dialog2="-1" dialog3="-1" NameDirectX="40" NameDirectY="180" />
<NpcCity id="1005" type="3" npcId="1005" npcShowId="-3" npcIcon="-3" npcName="990037" functionId="1" posX="-61.06" posY="0.3" posZ="58.82" radius1="4" radius2="10" direct="270" dialog1="-1" dialog2="-1" dialog3="-1" NameDirectX="40" NameDirectY="180" />
<NpcCity id="1006" type="3" npcId="1006" npcShowId="-3" npcIcon="-3" npcName="990037" functionId="1" posX="117.01" posY="0.3" posZ="46.32" radius1="4" radius2="10" direct="180" dialog1="-1" dialog2="-1" dialog3="-1" NameDirectX="40" NameDirectY="180" />
<NpcCity id="1007" type="3" npcId="1007" npcShowId="-3" npcIcon="-3" npcName="990037" functionId="1" posX="118.4" posY="0.3" posZ="87.18" radius1="4" radius2="10" direct="180" dialog1="-1" dialog2="-1" dialog3="-1" NameDirectX="40" NameDirectY="180" />
<NpcCity id="1008" type="3" npcId="1008" npcShowId="-3" npcIcon="-3" npcName="990037" functionId="1" posX="113.79" posY="0.3" posZ="110.77" radius1="4" radius2="10" direct="90" dialog1="-1" dialog2="-1" dialog3="-1" NameDirectX="40" NameDirectY="180" />
<NpcCity id="1009" type="3" npcId="1009" npcShowId="-3" npcIcon="-3" npcName="990037" functionId="1" posX="114.86" posY="0.3" posZ="147.23" radius1="4" radius2="10" direct="270" dialog1="-1" dialog2="-1" dialog3="-1" NameDirectX="40" NameDirectY="180" />
<NpcCity id="1010" type="3" npcId="1010" npcShowId="-3" npcIcon="-3" npcName="990037" functionId="1" posX="116.17" posY="0.3" posZ="201.35" radius1="4" radius2="10" direct="180" dialog1="-1" dialog2="-1" dialog3="-1" NameDirectX="40" NameDirectY="180" />
<NpcCity id="1011" type="3" npcId="1011" npcShowId="-3" npcIcon="-3" npcName="990037" functionId="1" posX="89.08" posY="0.3" posZ="201.35" radius1="4" radius2="10" direct="180" dialog1="-1" dialog2="-1" dialog3="-1" NameDirectX="40" NameDirectY="180" />
<NpcCity id="1012" type="3" npcId="1012" npcShowId="-3" npcIcon="-3" npcName="990037" functionId="1" posX="56.95" posY="0.3" posZ="201.38" radius1="4" radius2="10" direct="90" dialog1="-1" dialog2="-1" dialog3="-1" NameDirectX="40" NameDirectY="180" />
<NpcCity id="1013" type="3" npcId="1013" npcShowId="-3" npcIcon="-3" npcName="990037" functionId="1" posX="37.21" posY="0.3" posZ="199.47" radius1="4" radius2="10" direct="90" dialog1="-1" dialog2="-1" dialog3="-1" NameDirectX="40" NameDirectY="180" />
<NpcCity id="1014" type="3" npcId="1014" npcShowId="-3" npcIcon="-3" npcName="990037" functionId="1" posX="-17.7" posY="0.3" posZ="237.15" radius1="4" radius2="10" direct="180" dialog1="-1" dialog2="-1" dialog3="-1" NameDirectX="40" NameDirectY="180" />
<NpcCity id="1015" type="3" npcId="1015" npcShowId="-3" npcIcon="-3" npcName="990037" functionId="1" posX="-22.21" posY="0.3" posZ="229.97" radius1="4" radius2="10" direct="180" dialog1="-1" dialog2="-1" dialog3="-1" NameDirectX="40" NameDirectY="180" />
<NpcCity id="1016" type="3" npcId="1016" npcShowId="-3" npcIcon="-3" npcName="990037" functionId="1" posX="-50.23" posY="0.3" posZ="201.51" radius1="4" radius2="10" direct="270" dialog1="-1" dialog2="-1" dialog3="-1" NameDirectX="40" NameDirectY="180" />
<NpcCity id="1017" type="3" npcId="1017" npcShowId="-3" npcIcon="-3" npcName="990037" functionId="1" posX="-74.72" posY="0.3" posZ="200.14" radius1="4" radius2="10" direct="270" dialog1="-1" dialog2="-1" dialog3="-1" NameDirectX="40" NameDirectY="180" />
<NpcCity id="1018" type="3" npcId="1018" npcShowId="-3" npcIcon="-3" npcName="990037" functionId="1" posX="-99.8" posY="0.3" posZ="200.14" radius1="4" radius2="10" direct="180" dialog1="-1" dialog2="-1" dialog3="-1" NameDirectX="40" NameDirectY="180" />
<NpcCity id="1019" type="3" npcId="1019" npcShowId="-3" npcIcon="-3" npcName="990037" functionId="1" posX="-98.01" posY="0.3" posZ="48.26" radius1="4" radius2="10" direct="180" dialog1="-1" dialog2="-1" dialog3="-1" NameDirectX="40" NameDirectY="180" />
<NpcCity id="1020" type="3" npcId="1020" npcShowId="-3" npcIcon="-3" npcName="990037" functionId="1" posX="-98.01" posY="0.3" posZ="21.31" radius1="4" radius2="10" direct="90" dialog1="-1" dialog2="-1" dialog3="-1" NameDirectX="40" NameDirectY="180" />
<NpcCity id="1021" type="3" npcId="1021" npcShowId="-3" npcIcon="-3" npcName="990037" functionId="1" posX="53" posY="2" posZ="97" radius1="4" radius2="10" direct="270" dialog1="-1" dialog2="-1" dialog3="-1" NameDirectX="40" NameDirectY="180" />
<NpcCity id="1022" type="3" npcId="1022" npcShowId="-3" npcIcon="-3" npcName="990037" functionId="1" posX="47" posY="2" posZ="100" radius1="4" radius2="10" direct="180" dialog1="-1" dialog2="-1" dialog3="-1" NameDirectX="40" NameDirectY="180" />
<NpcCity id="1023" type="3" npcId="1023" npcShowId="-3" npcIcon="-3" npcName="990037" functionId="1" posX="30" posY="2" posZ="100" radius1="4" radius2="10" direct="180" dialog1="-1" dialog2="-1" dialog3="-1" NameDirectX="40" NameDirectY="180" />
<NpcCity id="1024" type="3" npcId="1024" npcShowId="-3" npcIcon="-3" npcName="990037" functionId="1" posX="-3" posY="2" posZ="97" radius1="4" radius2="10" direct="90" dialog1="-1" dialog2="-1" dialog3="-1" NameDirectX="40" NameDirectY="180" />
<NpcCity id="1025" type="3" npcId="1025" npcShowId="-3" npcIcon="-3" npcName="990037" functionId="1" posX="-30" posY="2" posZ="21" radius1="4" radius2="10" direct="90" dialog1="-1" dialog2="-1" dialog3="-1" NameDirectX="40" NameDirectY="180" />
<NpcCity id="1026" type="3" npcId="1026" npcShowId="-3" npcIcon="-3" npcName="990037" functionId="1" posX="-20" posY="2" posZ="25" radius1="4" radius2="10" direct="180" dialog1="-1" dialog2="-1" dialog3="-1" NameDirectX="40" NameDirectY="180" />
<NpcCity id="1027" type="3" npcId="1027" npcShowId="-3" npcIcon="-3" npcName="990037" functionId="1" posX="27" posY="2" posZ="25" radius1="4" radius2="10" direct="180" dialog1="-1" dialog2="-1" dialog3="-1" NameDirectX="40" NameDirectY="180" />
<NpcCity id="1028" type="3" npcId="1028" npcShowId="-3" npcIcon="-3" npcName="990037" functionId="1" posX="49" posY="2" posZ="23" radius1="4" radius2="10" direct="270" dialog1="-1" dialog2="-1" dialog3="-1" NameDirectX="40" NameDirectY="180" />
<NpcCity id="1029" type="3" npcId="1029" npcShowId="-3" npcIcon="-3" npcName="990037" functionId="1" posX="49" posY="2" posZ="58" radius1="4" radius2="10" direct="270" dialog1="-1" dialog2="-1" dialog3="-1" NameDirectX="40" NameDirectY="180" />
<NpcCity id="1030" type="3" npcId="1030" npcShowId="-3" npcIcon="-3" npcName="990037" functionId="1" posX="29" posY="2" posZ="64" radius1="4" radius2="10" direct="180" dialog1="-1" dialog2="-1" dialog3="-1" NameDirectX="40" NameDirectY="180" />
<NpcCity id="1031" type="3" npcId="1031" npcShowId="-3" npcIcon="-3" npcName="990037" functionId="1" posX="-20" posY="2" posZ="64" radius1="4" radius2="10" direct="180" dialog1="-1" dialog2="-1" dialog3="-1" NameDirectX="40" NameDirectY="180" />
<NpcCity id="1032" type="3" npcId="1032" npcShowId="-3" npcIcon="-3" npcName="990037" functionId="1" posX="-36" posY="2" posZ="64" radius1="4" radius2="10" direct="90" dialog1="-1" dialog2="-1" dialog3="-1" NameDirectX="40" NameDirectY="180" />
<NpcCity id="1033" type="3" npcId="1033" npcShowId="-3" npcIcon="-3" npcName="990037" functionId="1" posX="53" posY="2" posZ="97" radius1="4" radius2="10" direct="270" dialog1="-1" dialog2="-1" dialog3="-1" NameDirectX="40" NameDirectY="180" />
<NpcCity id="1034" type="3" npcId="1034" npcShowId="-3" npcIcon="-3" npcName="990037" functionId="1" posX="47" posY="2" posZ="100" radius1="4" radius2="10" direct="180" dialog1="-1" dialog2="-1" dialog3="-1" NameDirectX="40" NameDirectY="180" />
<NpcCity id="1035" type="3" npcId="1035" npcShowId="-3" npcIcon="-3" npcName="990037" functionId="1" posX="30" posY="2" posZ="100" radius1="4" radius2="10" direct="180" dialog1="-1" dialog2="-1" dialog3="-1" NameDirectX="40" NameDirectY="180" />
<NpcCity id="1036" type="3" npcId="1036" npcShowId="-3" npcIcon="-3" npcName="990037" functionId="1" posX="-3" posY="2" posZ="97" radius1="4" radius2="10" direct="90" dialog1="-1" dialog2="-1" dialog3="-1" NameDirectX="40" NameDirectY="180" />
<NpcCity id="1037" type="3" npcId="1037" npcShowId="-3" npcIcon="-3" npcName="990037" functionId="1" posX="-30" posY="2" posZ="21" radius1="4" radius2="10" direct="90" dialog1="-1" dialog2="-1" dialog3="-1" NameDirectX="40" NameDirectY="180" />
<NpcCity id="1038" type="3" npcId="1038" npcShowId="-3" npcIcon="-3" npcName="990037" functionId="1" posX="-20" posY="2" posZ="25" radius1="4" radius2="10" direct="180" dialog1="-1" dialog2="-1" dialog3="-1" NameDirectX="40" NameDirectY="180" />
<NpcCity id="1039" type="3" npcId="1039" npcShowId="-3" npcIcon="-3" npcName="990037" functionId="1" posX="27" posY="2" posZ="25" radius1="4" radius2="10" direct="180" dialog1="-1" dialog2="-1" dialog3="-1" NameDirectX="40" NameDirectY="180" />
<NpcCity id="1040" type="3" npcId="1040" npcShowId="-3" npcIcon="-3" npcName="990037" functionId="1" posX="49" posY="2" posZ="23" radius1="4" radius2="10" direct="270" dialog1="-1" dialog2="-1" dialog3="-1" NameDirectX="40" NameDirectY="180" />
<NpcCity id="1041" type="3" npcId="1041" npcShowId="-3" npcIcon="-3" npcName="990037" functionId="1" posX="49" posY="2" posZ="58" radius1="4" radius2="10" direct="270" dialog1="-1" dialog2="-1" dialog3="-1" NameDirectX="40" NameDirectY="180" />
<NpcCity id="1042" type="3" npcId="1042" npcShowId="-3" npcIcon="-3" npcName="990037" functionId="1" posX="29" posY="2" posZ="64" radius1="4" radius2="10" direct="180" dialog1="-1" dialog2="-1" dialog3="-1" NameDirectX="40" NameDirectY="180" />
<NpcCity id="1043" type="3" npcId="1043" npcShowId="-3" npcIcon="-3" npcName="990037" functionId="1" posX="-20" posY="2" posZ="64" radius1="4" radius2="10" direct="180" dialog1="-1" dialog2="-1" dialog3="-1" NameDirectX="40" NameDirectY="180" />
<NpcCity id="1044" type="3" npcId="1044" npcShowId="-3" npcIcon="-3" npcName="990037" functionId="1" posX="-36" posY="2" posZ="64" radius1="4" radius2="10" direct="90" dialog1="-1" dialog2="-1" dialog3="-1" NameDirectX="40" NameDirectY="180" />
<NpcCity id="1045" type="3" npcId="1045" npcShowId="-3" npcIcon="-3" npcName="990037" functionId="1" posX="53" posY="2" posZ="97" radius1="4" radius2="10" direct="270" dialog1="-1" dialog2="-1" dialog3="-1" NameDirectX="40" NameDirectY="180" />
<NpcCity id="1046" type="3" npcId="1046" npcShowId="-3" npcIcon="-3" npcName="990037" functionId="1" posX="47" posY="2" posZ="100" radius1="4" radius2="10" direct="180" dialog1="-1" dialog2="-1" dialog3="-1" NameDirectX="40" NameDirectY="180" />
<NpcCity id="1047" type="3" npcId="1047" npcShowId="-3" npcIcon="-3" npcName="990037" functionId="1" posX="30" posY="2" posZ="100" radius1="4" radius2="10" direct="180" dialog1="-1" dialog2="-1" dialog3="-1" NameDirectX="40" NameDirectY="180" />
<NpcCity id="1048" type="3" npcId="1048" npcShowId="-3" npcIcon="-3" npcName="990037" functionId="1" posX="-3" posY="2" posZ="100" radius1="4" radius2="10" direct="90" dialog1="-1" dialog2="-1" dialog3="-1" NameDirectX="40" NameDirectY="180" />
<NpcCity id="1049" type="3" npcId="1049" npcShowId="-3" npcIcon="-3" npcName="990037" functionId="1" posX="-28" posY="2" posZ="101" radius1="4" radius2="10" direct="180" dialog1="-1" dialog2="-1" dialog3="-1" NameDirectX="40" NameDirectY="180" />
<NpcCity id="1050" type="3" npcId="1050" npcShowId="-3" npcIcon="-3" npcName="990037" functionId="1" posX="-30" posY="2" posZ="96" radius1="4" radius2="10" direct="180" dialog1="-1" dialog2="-1" dialog3="-1" NameDirectX="40" NameDirectY="180" />
<NpcCity id="1101" type="2" npcId="1101" npcShowId="-3" npcIcon="-3" npcName="990037" functionId="1" posX="-60" posY="0.3" posZ="57" radius1="4" radius2="10" direct="180" dialog1="-1" dialog2="-1" dialog3="-1" NameDirectX="40" NameDirectY="180" />
<NpcCity id="1102" type="2" npcId="1102" npcShowId="-3" npcIcon="-3" npcName="990037" functionId="1" posX="-55" posY="0.3" posZ="21.6" radius1="4" radius2="10" direct="180" dialog1="-1" dialog2="-1" dialog3="-1" NameDirectX="40" NameDirectY="180" />
<NpcCity id="1103" type="2" npcId="1103" npcShowId="-3" npcIcon="-3" npcName="990037" functionId="1" posX="33" posY="0.3" posZ="22" radius1="4" radius2="10" direct="180" dialog1="-1" dialog2="-1" dialog3="-1" NameDirectX="40" NameDirectY="180" />
<NpcCity id="1104" type="2" npcId="1104" npcShowId="-3" npcIcon="-3" npcName="990037" functionId="1" posX="75" posY="0.3" posZ="20" radius1="4" radius2="10" direct="180" dialog1="-1" dialog2="-1" dialog3="-1" NameDirectX="40" NameDirectY="180" />
<NpcCity id="1105" type="2" npcId="1105" npcShowId="-3" npcIcon="-3" npcName="990037" functionId="1" posX="72" posY="0.3" posZ="64" radius1="4" radius2="10" direct="180" dialog1="-1" dialog2="-1" dialog3="-1" NameDirectX="40" NameDirectY="180" />
<NpcCity id="1151" type="3" npcId="1151" npcShowId="-3" npcIcon="-3" npcName="990037" functionId="1" posX="6" posY="2" posZ="-46" radius1="4" radius2="10" direct="180" dialog1="-1" dialog2="-1" dialog3="-1" NameDirectX="40" NameDirectY="180" />
</dataset>