<?xml version="1.0" encoding="UTF-8"?>
<dataset>
<Purchase id="10001" name="0" funDesc="0" type="1" time="1" yuanbao="10" itemId="900001" number="400" />
<Purchase id="10002" name="0" funDesc="0" type="1" time="2" yuanbao="10" itemId="900001" number="405" />
<Purchase id="10003" name="0" funDesc="0" type="1" time="3" yuanbao="20" itemId="900001" number="410" />
<Purchase id="10004" name="0" funDesc="0" type="1" time="4" yuanbao="20" itemId="900001" number="415" />
<Purchase id="10005" name="0" funDesc="0" type="1" time="5" yuanbao="20" itemId="900001" number="420" />
<Purchase id="10006" name="0" funDesc="0" type="1" time="6" yuanbao="20" itemId="900001" number="425" />
<Purchase id="10007" name="0" funDesc="0" type="1" time="7" yuanbao="40" itemId="900001" number="430" />
<Purchase id="10008" name="0" funDesc="0" type="1" time="8" yuanbao="40" itemId="900001" number="435" />
<Purchase id="10009" name="0" funDesc="0" type="1" time="9" yuanbao="40" itemId="900001" number="440" />
<Purchase id="10010" name="0" funDesc="0" type="1" time="10" yuanbao="40" itemId="900001" number="445" />
<Purchase id="10011" name="0" funDesc="0" type="1" time="11" yuanbao="60" itemId="900001" number="450" />
<Purchase id="10012" name="0" funDesc="0" type="1" time="12" yuanbao="60" itemId="900001" number="455" />
<Purchase id="10013" name="0" funDesc="0" type="1" time="13" yuanbao="60" itemId="900001" number="460" />
<Purchase id="10014" name="0" funDesc="0" type="1" time="14" yuanbao="60" itemId="900001" number="465" />
<Purchase id="10015" name="0" funDesc="0" type="1" time="15" yuanbao="100" itemId="900001" number="470" />
<Purchase id="10016" name="0" funDesc="0" type="1" time="16" yuanbao="100" itemId="900001" number="475" />
<Purchase id="10017" name="0" funDesc="0" type="1" time="17" yuanbao="100" itemId="900001" number="480" />
<Purchase id="10018" name="0" funDesc="0" type="1" time="18" yuanbao="100" itemId="900001" number="485" />
<Purchase id="10019" name="0" funDesc="0" type="1" time="19" yuanbao="100" itemId="900001" number="490" />
<Purchase id="10020" name="0" funDesc="0" type="1" time="20" yuanbao="100" itemId="900001" number="495" />
<Purchase id="10021" name="0" funDesc="0" type="1" time="21" yuanbao="100" itemId="900001" number="500" />
<Purchase id="10022" name="0" funDesc="0" type="1" time="22" yuanbao="100" itemId="900001" number="500" />
<Purchase id="10023" name="0" funDesc="0" type="1" time="23" yuanbao="100" itemId="900001" number="500" />
<Purchase id="10024" name="0" funDesc="0" type="1" time="24" yuanbao="100" itemId="900001" number="500" />
<Purchase id="10025" name="0" funDesc="0" type="1" time="25" yuanbao="100" itemId="900001" number="500" />
<Purchase id="10026" name="0" funDesc="0" type="1" time="26" yuanbao="100" itemId="900001" number="500" />
<Purchase id="10027" name="0" funDesc="0" type="1" time="27" yuanbao="100" itemId="900001" number="500" />
<Purchase id="10028" name="0" funDesc="0" type="1" time="28" yuanbao="100" itemId="900001" number="500" />
<Purchase id="10029" name="0" funDesc="0" type="1" time="29" yuanbao="100" itemId="900001" number="500" />
<Purchase id="10030" name="0" funDesc="0" type="1" time="30" yuanbao="100" itemId="900001" number="500" />
<Purchase id="10031" name="0" funDesc="0" type="1" time="31" yuanbao="100" itemId="900001" number="500" />
<Purchase id="10032" name="0" funDesc="0" type="1" time="32" yuanbao="100" itemId="900001" number="500" />
<Purchase id="10033" name="0" funDesc="0" type="1" time="33" yuanbao="100" itemId="900001" number="500" />
<Purchase id="10034" name="0" funDesc="0" type="1" time="34" yuanbao="100" itemId="900001" number="500" />
<Purchase id="10035" name="0" funDesc="0" type="1" time="35" yuanbao="100" itemId="900001" number="500" />
<Purchase id="10036" name="0" funDesc="0" type="1" time="36" yuanbao="100" itemId="900001" number="500" />
<Purchase id="10037" name="0" funDesc="0" type="1" time="37" yuanbao="100" itemId="900001" number="500" />
<Purchase id="10038" name="0" funDesc="0" type="1" time="38" yuanbao="100" itemId="900001" number="500" />
<Purchase id="10039" name="0" funDesc="0" type="1" time="39" yuanbao="100" itemId="900001" number="500" />
<Purchase id="10040" name="0" funDesc="0" type="1" time="40" yuanbao="100" itemId="900001" number="500" />
<Purchase id="10041" name="0" funDesc="0" type="1" time="41" yuanbao="100" itemId="900001" number="500" />
<Purchase id="10042" name="0" funDesc="0" type="1" time="42" yuanbao="100" itemId="900001" number="500" />
<Purchase id="10043" name="0" funDesc="0" type="1" time="43" yuanbao="100" itemId="900001" number="500" />
<Purchase id="10044" name="0" funDesc="0" type="1" time="44" yuanbao="100" itemId="900001" number="500" />
<Purchase id="10045" name="0" funDesc="0" type="1" time="45" yuanbao="100" itemId="900001" number="500" />
<Purchase id="10046" name="0" funDesc="0" type="1" time="46" yuanbao="100" itemId="900001" number="500" />
<Purchase id="10047" name="0" funDesc="0" type="1" time="47" yuanbao="100" itemId="900001" number="500" />
<Purchase id="10048" name="0" funDesc="0" type="1" time="48" yuanbao="100" itemId="900001" number="500" />
<Purchase id="10049" name="0" funDesc="0" type="1" time="49" yuanbao="100" itemId="900001" number="500" />
<Purchase id="10050" name="0" funDesc="0" type="1" time="50" yuanbao="100" itemId="900001" number="500" />
<Purchase id="10051" name="0" funDesc="0" type="1" time="51" yuanbao="100" itemId="900001" number="500" />
<Purchase id="10052" name="0" funDesc="0" type="1" time="52" yuanbao="100" itemId="900001" number="500" />
<Purchase id="10053" name="0" funDesc="0" type="1" time="53" yuanbao="100" itemId="900001" number="500" />
<Purchase id="10054" name="0" funDesc="0" type="1" time="54" yuanbao="100" itemId="900001" number="500" />
<Purchase id="10055" name="0" funDesc="0" type="1" time="55" yuanbao="100" itemId="900001" number="500" />
<Purchase id="10056" name="0" funDesc="0" type="1" time="56" yuanbao="100" itemId="900001" number="500" />
<Purchase id="10057" name="0" funDesc="0" type="1" time="57" yuanbao="100" itemId="900001" number="500" />
<Purchase id="10058" name="0" funDesc="0" type="1" time="58" yuanbao="100" itemId="900001" number="500" />
<Purchase id="10059" name="0" funDesc="0" type="1" time="59" yuanbao="100" itemId="900001" number="500" />
<Purchase id="10060" name="0" funDesc="0" type="1" time="60" yuanbao="100" itemId="900001" number="500" />
<Purchase id="10061" name="0" funDesc="0" type="1" time="61" yuanbao="100" itemId="900001" number="500" />
<Purchase id="10062" name="0" funDesc="0" type="1" time="62" yuanbao="100" itemId="900001" number="500" />
<Purchase id="10063" name="0" funDesc="0" type="1" time="63" yuanbao="100" itemId="900001" number="500" />
<Purchase id="10064" name="0" funDesc="0" type="1" time="64" yuanbao="100" itemId="900001" number="500" />
<Purchase id="10065" name="0" funDesc="0" type="1" time="65" yuanbao="100" itemId="900001" number="500" />
<Purchase id="10066" name="0" funDesc="0" type="1" time="66" yuanbao="100" itemId="900001" number="500" />
<Purchase id="10067" name="0" funDesc="0" type="1" time="67" yuanbao="100" itemId="900001" number="500" />
<Purchase id="10068" name="0" funDesc="0" type="1" time="68" yuanbao="100" itemId="900001" number="500" />
<Purchase id="10069" name="0" funDesc="0" type="1" time="69" yuanbao="100" itemId="900001" number="500" />
<Purchase id="10070" name="0" funDesc="0" type="1" time="70" yuanbao="100" itemId="900001" number="500" />
<Purchase id="10071" name="0" funDesc="0" type="1" time="71" yuanbao="100" itemId="900001" number="500" />
<Purchase id="10072" name="0" funDesc="0" type="1" time="72" yuanbao="100" itemId="900001" number="500" />
<Purchase id="10073" name="0" funDesc="0" type="1" time="73" yuanbao="100" itemId="900001" number="500" />
<Purchase id="10074" name="0" funDesc="0" type="1" time="74" yuanbao="100" itemId="900001" number="500" />
<Purchase id="10075" name="0" funDesc="0" type="1" time="75" yuanbao="100" itemId="900001" number="500" />
<Purchase id="10076" name="0" funDesc="0" type="1" time="76" yuanbao="100" itemId="900001" number="500" />
<Purchase id="10077" name="0" funDesc="0" type="1" time="77" yuanbao="100" itemId="900001" number="500" />
<Purchase id="10078" name="0" funDesc="0" type="1" time="78" yuanbao="100" itemId="900001" number="500" />
<Purchase id="10079" name="0" funDesc="0" type="1" time="79" yuanbao="100" itemId="900001" number="500" />
<Purchase id="10080" name="0" funDesc="0" type="1" time="80" yuanbao="100" itemId="900001" number="500" />
<Purchase id="10081" name="0" funDesc="0" type="1" time="81" yuanbao="100" itemId="900001" number="500" />
<Purchase id="10082" name="0" funDesc="0" type="1" time="82" yuanbao="100" itemId="900001" number="500" />
<Purchase id="10083" name="0" funDesc="0" type="1" time="83" yuanbao="100" itemId="900001" number="500" />
<Purchase id="10084" name="0" funDesc="0" type="1" time="84" yuanbao="100" itemId="900001" number="500" />
<Purchase id="10085" name="0" funDesc="0" type="1" time="85" yuanbao="100" itemId="900001" number="500" />
<Purchase id="10086" name="0" funDesc="0" type="1" time="86" yuanbao="100" itemId="900001" number="500" />
<Purchase id="10087" name="0" funDesc="0" type="1" time="87" yuanbao="100" itemId="900001" number="500" />
<Purchase id="10088" name="0" funDesc="0" type="1" time="88" yuanbao="100" itemId="900001" number="500" />
<Purchase id="10089" name="0" funDesc="0" type="1" time="89" yuanbao="100" itemId="900001" number="500" />
<Purchase id="10090" name="0" funDesc="0" type="1" time="90" yuanbao="100" itemId="900001" number="500" />
<Purchase id="10091" name="0" funDesc="0" type="1" time="91" yuanbao="100" itemId="900001" number="500" />
<Purchase id="10092" name="0" funDesc="0" type="1" time="92" yuanbao="100" itemId="900001" number="500" />
<Purchase id="10093" name="0" funDesc="0" type="1" time="93" yuanbao="100" itemId="900001" number="500" />
<Purchase id="10094" name="0" funDesc="0" type="1" time="94" yuanbao="100" itemId="900001" number="500" />
<Purchase id="10095" name="0" funDesc="0" type="1" time="95" yuanbao="100" itemId="900001" number="500" />
<Purchase id="10096" name="0" funDesc="0" type="1" time="96" yuanbao="100" itemId="900001" number="500" />
<Purchase id="10097" name="0" funDesc="0" type="1" time="97" yuanbao="100" itemId="900001" number="500" />
<Purchase id="10098" name="0" funDesc="0" type="1" time="98" yuanbao="100" itemId="900001" number="500" />
<Purchase id="10099" name="0" funDesc="0" type="1" time="99" yuanbao="100" itemId="900001" number="500" />
<Purchase id="10100" name="0" funDesc="0" type="1" time="100" yuanbao="100" itemId="900001" number="500" />
<Purchase id="10101" name="0" funDesc="0" type="1" time="101" yuanbao="100" itemId="900001" number="500" />
<Purchase id="10102" name="0" funDesc="0" type="1" time="102" yuanbao="100" itemId="900001" number="500" />
<Purchase id="10103" name="0" funDesc="0" type="1" time="103" yuanbao="100" itemId="900001" number="500" />
<Purchase id="10104" name="0" funDesc="0" type="1" time="104" yuanbao="100" itemId="900001" number="500" />
<Purchase id="10105" name="0" funDesc="0" type="1" time="105" yuanbao="100" itemId="900001" number="500" />
<Purchase id="10106" name="0" funDesc="0" type="1" time="106" yuanbao="100" itemId="900001" number="500" />
<Purchase id="10107" name="0" funDesc="0" type="1" time="107" yuanbao="100" itemId="900001" number="500" />
<Purchase id="10108" name="0" funDesc="0" type="1" time="108" yuanbao="100" itemId="900001" number="500" />
<Purchase id="10109" name="0" funDesc="0" type="1" time="109" yuanbao="100" itemId="900001" number="500" />
<Purchase id="10110" name="0" funDesc="0" type="1" time="110" yuanbao="100" itemId="900001" number="500" />
<Purchase id="10111" name="0" funDesc="0" type="1" time="111" yuanbao="100" itemId="900001" number="500" />
<Purchase id="10112" name="0" funDesc="0" type="1" time="112" yuanbao="100" itemId="900001" number="500" />
<Purchase id="10113" name="0" funDesc="0" type="1" time="113" yuanbao="100" itemId="900001" number="500" />
<Purchase id="10114" name="0" funDesc="0" type="1" time="114" yuanbao="100" itemId="900001" number="500" />
<Purchase id="10115" name="0" funDesc="0" type="1" time="115" yuanbao="100" itemId="900001" number="500" />
<Purchase id="10116" name="0" funDesc="0" type="1" time="116" yuanbao="100" itemId="900001" number="500" />
<Purchase id="10117" name="0" funDesc="0" type="1" time="117" yuanbao="100" itemId="900001" number="500" />
<Purchase id="10118" name="0" funDesc="0" type="1" time="118" yuanbao="100" itemId="900001" number="500" />
<Purchase id="10119" name="0" funDesc="0" type="1" time="119" yuanbao="100" itemId="900001" number="500" />
<Purchase id="10120" name="0" funDesc="0" type="1" time="120" yuanbao="100" itemId="900001" number="500" />
<Purchase id="10121" name="0" funDesc="0" type="1" time="121" yuanbao="100" itemId="900001" number="500" />
<Purchase id="10122" name="0" funDesc="0" type="1" time="122" yuanbao="100" itemId="900001" number="500" />
<Purchase id="10123" name="0" funDesc="0" type="1" time="123" yuanbao="100" itemId="900001" number="500" />
<Purchase id="10124" name="0" funDesc="0" type="1" time="124" yuanbao="100" itemId="900001" number="500" />
<Purchase id="10125" name="0" funDesc="0" type="1" time="125" yuanbao="100" itemId="900001" number="500" />
<Purchase id="10126" name="0" funDesc="0" type="1" time="126" yuanbao="100" itemId="900001" number="500" />
<Purchase id="10127" name="0" funDesc="0" type="1" time="127" yuanbao="100" itemId="900001" number="500" />
<Purchase id="10128" name="0" funDesc="0" type="1" time="128" yuanbao="100" itemId="900001" number="500" />
<Purchase id="10129" name="0" funDesc="0" type="1" time="129" yuanbao="100" itemId="900001" number="500" />
<Purchase id="10130" name="0" funDesc="0" type="1" time="130" yuanbao="100" itemId="900001" number="500" />
<Purchase id="10131" name="0" funDesc="0" type="1" time="131" yuanbao="100" itemId="900001" number="500" />
<Purchase id="10132" name="0" funDesc="0" type="1" time="132" yuanbao="100" itemId="900001" number="500" />
<Purchase id="10133" name="0" funDesc="0" type="1" time="133" yuanbao="100" itemId="900001" number="500" />
<Purchase id="10134" name="0" funDesc="0" type="1" time="134" yuanbao="100" itemId="900001" number="500" />
<Purchase id="10135" name="0" funDesc="0" type="1" time="135" yuanbao="100" itemId="900001" number="500" />
<Purchase id="10136" name="0" funDesc="0" type="1" time="136" yuanbao="100" itemId="900001" number="500" />
<Purchase id="10137" name="0" funDesc="0" type="1" time="137" yuanbao="100" itemId="900001" number="500" />
<Purchase id="10138" name="0" funDesc="0" type="1" time="138" yuanbao="100" itemId="900001" number="500" />
<Purchase id="10139" name="0" funDesc="0" type="1" time="139" yuanbao="100" itemId="900001" number="500" />
<Purchase id="10140" name="0" funDesc="0" type="1" time="140" yuanbao="100" itemId="900001" number="500" />
<Purchase id="10141" name="0" funDesc="0" type="1" time="141" yuanbao="100" itemId="900001" number="500" />
<Purchase id="10142" name="0" funDesc="0" type="1" time="142" yuanbao="100" itemId="900001" number="500" />
<Purchase id="10143" name="0" funDesc="0" type="1" time="143" yuanbao="100" itemId="900001" number="500" />
<Purchase id="10144" name="0" funDesc="0" type="1" time="144" yuanbao="100" itemId="900001" number="500" />
<Purchase id="10145" name="0" funDesc="0" type="1" time="145" yuanbao="100" itemId="900001" number="500" />
<Purchase id="10146" name="0" funDesc="0" type="1" time="146" yuanbao="100" itemId="900001" number="500" />
<Purchase id="10147" name="0" funDesc="0" type="1" time="147" yuanbao="100" itemId="900001" number="500" />
<Purchase id="10148" name="0" funDesc="0" type="1" time="148" yuanbao="100" itemId="900001" number="500" />
<Purchase id="10149" name="0" funDesc="0" type="1" time="149" yuanbao="100" itemId="900001" number="500" />
<Purchase id="10150" name="0" funDesc="0" type="1" time="150" yuanbao="100" itemId="900001" number="500" />
<Purchase id="10151" name="0" funDesc="0" type="1" time="151" yuanbao="100" itemId="900001" number="500" />
<Purchase id="10152" name="0" funDesc="0" type="1" time="152" yuanbao="100" itemId="900001" number="500" />
<Purchase id="10153" name="0" funDesc="0" type="1" time="153" yuanbao="100" itemId="900001" number="500" />
<Purchase id="10154" name="0" funDesc="0" type="1" time="154" yuanbao="100" itemId="900001" number="500" />
<Purchase id="10155" name="0" funDesc="0" type="1" time="155" yuanbao="100" itemId="900001" number="500" />
<Purchase id="10156" name="0" funDesc="0" type="1" time="156" yuanbao="100" itemId="900001" number="500" />
<Purchase id="10157" name="0" funDesc="0" type="1" time="157" yuanbao="100" itemId="900001" number="500" />
<Purchase id="10158" name="0" funDesc="0" type="1" time="158" yuanbao="100" itemId="900001" number="500" />
<Purchase id="10159" name="0" funDesc="0" type="1" time="159" yuanbao="100" itemId="900001" number="500" />
<Purchase id="10160" name="0" funDesc="0" type="1" time="160" yuanbao="100" itemId="900001" number="500" />
<Purchase id="10161" name="0" funDesc="0" type="1" time="161" yuanbao="100" itemId="900001" number="500" />
<Purchase id="10162" name="0" funDesc="0" type="1" time="162" yuanbao="100" itemId="900001" number="500" />
<Purchase id="10163" name="0" funDesc="0" type="1" time="163" yuanbao="100" itemId="900001" number="500" />
<Purchase id="10164" name="0" funDesc="0" type="1" time="164" yuanbao="100" itemId="900001" number="500" />
<Purchase id="10165" name="0" funDesc="0" type="1" time="165" yuanbao="100" itemId="900001" number="500" />
<Purchase id="10166" name="0" funDesc="0" type="1" time="166" yuanbao="100" itemId="900001" number="500" />
<Purchase id="10167" name="0" funDesc="0" type="1" time="167" yuanbao="100" itemId="900001" number="500" />
<Purchase id="10168" name="0" funDesc="0" type="1" time="168" yuanbao="100" itemId="900001" number="500" />
<Purchase id="10169" name="0" funDesc="0" type="1" time="169" yuanbao="100" itemId="900001" number="500" />
<Purchase id="10170" name="0" funDesc="0" type="1" time="170" yuanbao="100" itemId="900001" number="500" />
<Purchase id="10171" name="0" funDesc="0" type="1" time="171" yuanbao="100" itemId="900001" number="500" />
<Purchase id="10172" name="0" funDesc="0" type="1" time="172" yuanbao="100" itemId="900001" number="500" />
<Purchase id="10173" name="0" funDesc="0" type="1" time="173" yuanbao="100" itemId="900001" number="500" />
<Purchase id="10174" name="0" funDesc="0" type="1" time="174" yuanbao="100" itemId="900001" number="500" />
<Purchase id="10175" name="0" funDesc="0" type="1" time="175" yuanbao="100" itemId="900001" number="500" />
<Purchase id="10176" name="0" funDesc="0" type="1" time="176" yuanbao="100" itemId="900001" number="500" />
<Purchase id="10177" name="0" funDesc="0" type="1" time="177" yuanbao="100" itemId="900001" number="500" />
<Purchase id="10178" name="0" funDesc="0" type="1" time="178" yuanbao="100" itemId="900001" number="500" />
<Purchase id="10179" name="0" funDesc="0" type="1" time="179" yuanbao="100" itemId="900001" number="500" />
<Purchase id="10180" name="0" funDesc="0" type="1" time="180" yuanbao="100" itemId="900001" number="500" />
<Purchase id="10181" name="0" funDesc="0" type="1" time="181" yuanbao="100" itemId="900001" number="500" />
<Purchase id="10182" name="0" funDesc="0" type="1" time="182" yuanbao="100" itemId="900001" number="500" />
<Purchase id="10183" name="0" funDesc="0" type="1" time="183" yuanbao="100" itemId="900001" number="500" />
<Purchase id="10184" name="0" funDesc="0" type="1" time="184" yuanbao="100" itemId="900001" number="500" />
<Purchase id="10185" name="0" funDesc="0" type="1" time="185" yuanbao="100" itemId="900001" number="500" />
<Purchase id="10186" name="0" funDesc="0" type="1" time="186" yuanbao="100" itemId="900001" number="500" />
<Purchase id="10187" name="0" funDesc="0" type="1" time="187" yuanbao="100" itemId="900001" number="500" />
<Purchase id="10188" name="0" funDesc="0" type="1" time="188" yuanbao="100" itemId="900001" number="500" />
<Purchase id="10189" name="0" funDesc="0" type="1" time="189" yuanbao="100" itemId="900001" number="500" />
<Purchase id="10190" name="0" funDesc="0" type="1" time="190" yuanbao="100" itemId="900001" number="500" />
<Purchase id="10191" name="0" funDesc="0" type="1" time="191" yuanbao="100" itemId="900001" number="500" />
<Purchase id="10192" name="0" funDesc="0" type="1" time="192" yuanbao="100" itemId="900001" number="500" />
<Purchase id="10193" name="0" funDesc="0" type="1" time="193" yuanbao="100" itemId="900001" number="500" />
<Purchase id="10194" name="0" funDesc="0" type="1" time="194" yuanbao="100" itemId="900001" number="500" />
<Purchase id="10195" name="0" funDesc="0" type="1" time="195" yuanbao="100" itemId="900001" number="500" />
<Purchase id="10196" name="0" funDesc="0" type="1" time="196" yuanbao="100" itemId="900001" number="500" />
<Purchase id="10197" name="0" funDesc="0" type="1" time="197" yuanbao="100" itemId="900001" number="500" />
<Purchase id="10198" name="0" funDesc="0" type="1" time="198" yuanbao="100" itemId="900001" number="500" />
<Purchase id="10199" name="0" funDesc="0" type="1" time="199" yuanbao="100" itemId="900001" number="500" />
<Purchase id="10200" name="0" funDesc="0" type="1" time="200" yuanbao="100" itemId="900001" number="500" />
<Purchase id="21001" name="0" funDesc="0" type="2" time="1" yuanbao="50" itemId="900003" number="60" />
<Purchase id="21002" name="0" funDesc="0" type="2" time="2" yuanbao="50" itemId="900003" number="60" />
<Purchase id="21003" name="0" funDesc="0" type="2" time="3" yuanbao="100" itemId="900003" number="60" />
<Purchase id="21004" name="0" funDesc="0" type="2" time="4" yuanbao="100" itemId="900003" number="60" />
<Purchase id="21005" name="0" funDesc="0" type="2" time="5" yuanbao="200" itemId="900003" number="60" />
<Purchase id="21006" name="0" funDesc="0" type="2" time="6" yuanbao="200" itemId="900003" number="60" />
<Purchase id="21007" name="0" funDesc="0" type="2" time="7" yuanbao="400" itemId="900003" number="60" />
<Purchase id="21008" name="0" funDesc="0" type="2" time="8" yuanbao="400" itemId="900003" number="60" />
<Purchase id="21009" name="0" funDesc="0" type="2" time="9" yuanbao="600" itemId="900003" number="60" />
<Purchase id="21010" name="0" funDesc="0" type="2" time="10" yuanbao="600" itemId="900003" number="60" />
<Purchase id="21011" name="0" funDesc="0" type="2" time="11" yuanbao="600" itemId="900003" number="60" />
<Purchase id="21012" name="0" funDesc="0" type="2" time="12" yuanbao="600" itemId="900003" number="60" />
<Purchase id="21013" name="0" funDesc="0" type="2" time="13" yuanbao="600" itemId="900003" number="60" />
<Purchase id="21014" name="0" funDesc="0" type="2" time="14" yuanbao="600" itemId="900003" number="60" />
<Purchase id="21015" name="0" funDesc="0" type="2" time="15" yuanbao="600" itemId="900003" number="60" />
<Purchase id="21016" name="0" funDesc="0" type="2" time="16" yuanbao="600" itemId="900003" number="60" />
<Purchase id="21017" name="0" funDesc="0" type="2" time="17" yuanbao="600" itemId="900003" number="60" />
<Purchase id="21018" name="0" funDesc="0" type="2" time="18" yuanbao="600" itemId="900003" number="60" />
<Purchase id="21019" name="0" funDesc="0" type="2" time="19" yuanbao="600" itemId="900003" number="60" />
<Purchase id="21020" name="0" funDesc="0" type="2" time="20" yuanbao="600" itemId="900003" number="60" />
<Purchase id="21021" name="0" funDesc="0" type="2" time="21" yuanbao="600" itemId="900003" number="60" />
<Purchase id="21022" name="0" funDesc="0" type="2" time="22" yuanbao="600" itemId="900003" number="60" />
<Purchase id="21023" name="0" funDesc="0" type="2" time="23" yuanbao="600" itemId="900003" number="60" />
<Purchase id="21024" name="0" funDesc="0" type="2" time="24" yuanbao="600" itemId="900003" number="60" />
<Purchase id="21025" name="0" funDesc="0" type="2" time="25" yuanbao="600" itemId="900003" number="60" />
<Purchase id="21026" name="0" funDesc="0" type="2" time="26" yuanbao="600" itemId="900003" number="60" />
<Purchase id="21027" name="0" funDesc="0" type="2" time="27" yuanbao="600" itemId="900003" number="60" />
<Purchase id="21028" name="0" funDesc="0" type="2" time="28" yuanbao="600" itemId="900003" number="60" />
<Purchase id="21029" name="0" funDesc="0" type="2" time="29" yuanbao="600" itemId="900003" number="60" />
<Purchase id="21030" name="0" funDesc="0" type="2" time="30" yuanbao="600" itemId="900003" number="60" />
<Purchase id="21031" name="0" funDesc="0" type="2" time="31" yuanbao="600" itemId="900003" number="60" />
<Purchase id="21032" name="0" funDesc="0" type="2" time="32" yuanbao="600" itemId="900003" number="60" />
<Purchase id="21033" name="0" funDesc="0" type="2" time="33" yuanbao="600" itemId="900003" number="60" />
<Purchase id="21034" name="0" funDesc="0" type="2" time="34" yuanbao="600" itemId="900003" number="60" />
<Purchase id="21035" name="0" funDesc="0" type="2" time="35" yuanbao="600" itemId="900003" number="60" />
<Purchase id="21036" name="0" funDesc="0" type="2" time="36" yuanbao="600" itemId="900003" number="60" />
<Purchase id="21037" name="0" funDesc="0" type="2" time="37" yuanbao="600" itemId="900003" number="60" />
<Purchase id="21038" name="0" funDesc="0" type="2" time="38" yuanbao="600" itemId="900003" number="60" />
<Purchase id="21039" name="0" funDesc="0" type="2" time="39" yuanbao="600" itemId="900003" number="60" />
<Purchase id="21040" name="0" funDesc="0" type="2" time="40" yuanbao="600" itemId="900003" number="60" />
<Purchase id="22001" name="0" funDesc="0" type="3" time="1" yuanbao="60" itemId="900004" number="3" />
<Purchase id="22002" name="0" funDesc="0" type="3" time="2" yuanbao="120" itemId="900004" number="3" />
<Purchase id="22003" name="0" funDesc="0" type="3" time="3" yuanbao="180" itemId="900004" number="3" />
<Purchase id="22004" name="0" funDesc="0" type="3" time="4" yuanbao="240" itemId="900004" number="3" />
<Purchase id="22005" name="0" funDesc="0" type="3" time="5" yuanbao="300" itemId="900004" number="3" />
<Purchase id="22006" name="0" funDesc="0" type="3" time="6" yuanbao="300" itemId="900004" number="3" />
<Purchase id="22007" name="0" funDesc="0" type="3" time="7" yuanbao="300" itemId="900004" number="3" />
<Purchase id="22008" name="0" funDesc="0" type="3" time="8" yuanbao="300" itemId="900004" number="3" />
<Purchase id="22009" name="0" funDesc="0" type="3" time="9" yuanbao="300" itemId="900004" number="3" />
<Purchase id="22010" name="0" funDesc="0" type="3" time="10" yuanbao="300" itemId="900004" number="3" />
<Purchase id="22011" name="0" funDesc="0" type="3" time="11" yuanbao="300" itemId="900004" number="3" />
<Purchase id="22012" name="0" funDesc="0" type="3" time="12" yuanbao="300" itemId="900004" number="3" />
<Purchase id="22013" name="0" funDesc="0" type="3" time="13" yuanbao="300" itemId="900004" number="3" />
<Purchase id="22014" name="0" funDesc="0" type="3" time="14" yuanbao="300" itemId="900004" number="3" />
<Purchase id="22015" name="0" funDesc="0" type="3" time="15" yuanbao="300" itemId="900004" number="3" />
<Purchase id="22016" name="0" funDesc="0" type="3" time="16" yuanbao="300" itemId="900004" number="3" />
<Purchase id="22017" name="0" funDesc="0" type="3" time="17" yuanbao="300" itemId="900004" number="3" />
<Purchase id="22018" name="0" funDesc="0" type="3" time="18" yuanbao="300" itemId="900004" number="3" />
<Purchase id="22019" name="0" funDesc="0" type="3" time="19" yuanbao="300" itemId="900004" number="3" />
<Purchase id="22020" name="0" funDesc="0" type="3" time="20" yuanbao="300" itemId="900004" number="3" />
<Purchase id="22021" name="0" funDesc="0" type="3" time="21" yuanbao="300" itemId="900004" number="3" />
<Purchase id="22022" name="0" funDesc="0" type="3" time="22" yuanbao="300" itemId="900004" number="3" />
<Purchase id="22023" name="0" funDesc="0" type="3" time="23" yuanbao="300" itemId="900004" number="3" />
<Purchase id="22024" name="0" funDesc="0" type="3" time="24" yuanbao="300" itemId="900004" number="3" />
<Purchase id="22025" name="0" funDesc="0" type="3" time="25" yuanbao="300" itemId="900004" number="3" />
<Purchase id="22026" name="0" funDesc="0" type="3" time="26" yuanbao="300" itemId="900004" number="3" />
<Purchase id="22027" name="0" funDesc="0" type="3" time="27" yuanbao="300" itemId="900004" number="3" />
<Purchase id="22028" name="0" funDesc="0" type="3" time="28" yuanbao="300" itemId="900004" number="3" />
<Purchase id="22029" name="0" funDesc="0" type="3" time="29" yuanbao="300" itemId="900004" number="3" />
<Purchase id="22030" name="0" funDesc="0" type="3" time="30" yuanbao="300" itemId="900004" number="3" />
<Purchase id="22031" name="0" funDesc="0" type="3" time="31" yuanbao="300" itemId="900004" number="3" />
<Purchase id="22032" name="0" funDesc="0" type="3" time="32" yuanbao="300" itemId="900004" number="3" />
<Purchase id="22033" name="0" funDesc="0" type="3" time="33" yuanbao="300" itemId="900004" number="3" />
<Purchase id="22034" name="0" funDesc="0" type="3" time="34" yuanbao="300" itemId="900004" number="3" />
<Purchase id="22035" name="0" funDesc="0" type="3" time="35" yuanbao="300" itemId="900004" number="3" />
<Purchase id="22036" name="0" funDesc="0" type="3" time="36" yuanbao="300" itemId="900004" number="3" />
<Purchase id="22037" name="0" funDesc="0" type="3" time="37" yuanbao="300" itemId="900004" number="3" />
<Purchase id="22038" name="0" funDesc="0" type="3" time="38" yuanbao="300" itemId="900004" number="3" />
<Purchase id="22039" name="0" funDesc="0" type="3" time="39" yuanbao="300" itemId="900004" number="3" />
<Purchase id="22040" name="0" funDesc="0" type="3" time="40" yuanbao="300" itemId="900004" number="3" />
<Purchase id="30001" name="0" funDesc="0" type="101" time="1" yuanbao="100" itemId="900016" number="1" />
<Purchase id="30002" name="0" funDesc="0" type="102" time="1" yuanbao="0" itemId="900017" number="1" />
<Purchase id="40001" name="0" funDesc="0" type="5" time="1" yuanbao="288" itemId="900007" number="1" />
<Purchase id="40002" name="0" funDesc="0" type="6" time="1" yuanbao="2588" itemId="900008" number="1" />
<Purchase id="40011" name="0" funDesc="0" type="7" time="1" yuanbao="10000" itemId="900012" number="1" />
<Purchase id="40012" name="0" funDesc="0" type="8" time="1" yuanbao="90000" itemId="900013" number="1" />
<Purchase id="50001" name="0" funDesc="0" type="10" time="1" yuanbao="10" itemId="900010" number="1" />
<Purchase id="50002" name="0" funDesc="0" type="10" time="2" yuanbao="10" itemId="900010" number="1" />
<Purchase id="50003" name="0" funDesc="0" type="10" time="3" yuanbao="20" itemId="900010" number="1" />
<Purchase id="50004" name="0" funDesc="0" type="10" time="4" yuanbao="20" itemId="900010" number="1" />
<Purchase id="50005" name="0" funDesc="0" type="10" time="5" yuanbao="30" itemId="900010" number="1" />
<Purchase id="50006" name="0" funDesc="0" type="10" time="6" yuanbao="30" itemId="900010" number="1" />
<Purchase id="50007" name="0" funDesc="0" type="10" time="7" yuanbao="40" itemId="900010" number="1" />
<Purchase id="50008" name="0" funDesc="0" type="10" time="8" yuanbao="40" itemId="900010" number="1" />
<Purchase id="50009" name="0" funDesc="0" type="10" time="9" yuanbao="60" itemId="900010" number="1" />
<Purchase id="50010" name="0" funDesc="0" type="10" time="10" yuanbao="60" itemId="900010" number="1" />
<Purchase id="50011" name="0" funDesc="0" type="10" time="11" yuanbao="80" itemId="900010" number="1" />
<Purchase id="50012" name="0" funDesc="0" type="10" time="12" yuanbao="80" itemId="900010" number="1" />
<Purchase id="50013" name="0" funDesc="0" type="10" time="13" yuanbao="100" itemId="900010" number="1" />
<Purchase id="50014" name="0" funDesc="0" type="10" time="14" yuanbao="100" itemId="900010" number="1" />
<Purchase id="50015" name="0" funDesc="0" type="10" time="15" yuanbao="150" itemId="900010" number="1" />
<Purchase id="50016" name="0" funDesc="0" type="10" time="16" yuanbao="150" itemId="900010" number="1" />
<Purchase id="50017" name="0" funDesc="0" type="10" time="17" yuanbao="200" itemId="900010" number="1" />
<Purchase id="50018" name="0" funDesc="0" type="10" time="18" yuanbao="200" itemId="900010" number="1" />
<Purchase id="50019" name="0" funDesc="0" type="10" time="19" yuanbao="200" itemId="900010" number="1" />
<Purchase id="50020" name="0" funDesc="0" type="10" time="20" yuanbao="200" itemId="900010" number="1" />
<Purchase id="60001" name="0" funDesc="0" type="11" time="1" yuanbao="20" itemId="900014" number="3" />
<Purchase id="60002" name="0" funDesc="0" type="11" time="2" yuanbao="50" itemId="900014" number="3" />
<Purchase id="60003" name="0" funDesc="0" type="11" time="3" yuanbao="100" itemId="900014" number="3" />
<Purchase id="60004" name="0" funDesc="0" type="11" time="4" yuanbao="150" itemId="900014" number="3" />
<Purchase id="60005" name="0" funDesc="0" type="11" time="5" yuanbao="200" itemId="900014" number="3" />
<Purchase id="60006" name="0" funDesc="0" type="11" time="6" yuanbao="300" itemId="900014" number="3" />
<Purchase id="60007" name="0" funDesc="0" type="11" time="7" yuanbao="300" itemId="900014" number="3" />
<Purchase id="60008" name="0" funDesc="0" type="11" time="8" yuanbao="300" itemId="900014" number="3" />
<Purchase id="60009" name="0" funDesc="0" type="11" time="9" yuanbao="300" itemId="900014" number="3" />
<Purchase id="60010" name="0" funDesc="0" type="11" time="10" yuanbao="300" itemId="900014" number="3" />
<Purchase id="60011" name="0" funDesc="0" type="11" time="11" yuanbao="300" itemId="900014" number="3" />
<Purchase id="60012" name="0" funDesc="0" type="11" time="12" yuanbao="300" itemId="900014" number="3" />
<Purchase id="60013" name="0" funDesc="0" type="11" time="13" yuanbao="300" itemId="900014" number="3" />
<Purchase id="60014" name="0" funDesc="0" type="11" time="14" yuanbao="300" itemId="900014" number="3" />
<Purchase id="60015" name="0" funDesc="0" type="11" time="15" yuanbao="300" itemId="900014" number="3" />
<Purchase id="60016" name="0" funDesc="0" type="11" time="16" yuanbao="300" itemId="900014" number="3" />
<Purchase id="60017" name="0" funDesc="0" type="11" time="17" yuanbao="300" itemId="900014" number="3" />
<Purchase id="60018" name="0" funDesc="0" type="11" time="18" yuanbao="300" itemId="900014" number="3" />
<Purchase id="60019" name="0" funDesc="0" type="11" time="19" yuanbao="300" itemId="900014" number="3" />
<Purchase id="60020" name="0" funDesc="0" type="11" time="20" yuanbao="300" itemId="900014" number="3" />
<Purchase id="61001" name="0" funDesc="0" type="12" time="1" yuanbao="50" itemId="0" number="0" />
<Purchase id="61002" name="0" funDesc="0" type="12" time="2" yuanbao="50" itemId="0" number="0" />
<Purchase id="62001" name="0" funDesc="0" type="13" time="1" yuanbao="20" itemId="0" number="0" />
<Purchase id="62002" name="0" funDesc="0" type="13" time="2" yuanbao="20" itemId="0" number="0" />
<Purchase id="62003" name="0" funDesc="0" type="13" time="3" yuanbao="100" itemId="0" number="0" />
<Purchase id="62004" name="0" funDesc="0" type="13" time="4" yuanbao="100" itemId="0" number="0" />
<Purchase id="62005" name="0" funDesc="0" type="13" time="5" yuanbao="200" itemId="0" number="0" />
<Purchase id="62006" name="0" funDesc="0" type="13" time="6" yuanbao="200" itemId="0" number="0" />
<Purchase id="62007" name="0" funDesc="0" type="13" time="7" yuanbao="300" itemId="0" number="0" />
<Purchase id="62008" name="0" funDesc="0" type="13" time="8" yuanbao="300" itemId="0" number="0" />
<Purchase id="62009" name="0" funDesc="0" type="13" time="9" yuanbao="300" itemId="0" number="0" />
<Purchase id="62010" name="0" funDesc="0" type="13" time="10" yuanbao="300" itemId="0" number="0" />
<Purchase id="63001" name="0" funDesc="0" type="14" time="1" yuanbao="100" itemId="0" number="0" />
<Purchase id="63002" name="0" funDesc="0" type="14" time="2" yuanbao="100" itemId="0" number="0" />
<Purchase id="63003" name="0" funDesc="0" type="14" time="3" yuanbao="200" itemId="0" number="0" />
<Purchase id="63004" name="0" funDesc="0" type="14" time="4" yuanbao="200" itemId="0" number="0" />
<Purchase id="63005" name="0" funDesc="0" type="14" time="5" yuanbao="400" itemId="0" number="0" />
<Purchase id="63006" name="0" funDesc="0" type="14" time="6" yuanbao="400" itemId="0" number="0" />
<Purchase id="63007" name="0" funDesc="0" type="14" time="7" yuanbao="600" itemId="0" number="0" />
<Purchase id="63008" name="0" funDesc="0" type="14" time="8" yuanbao="600" itemId="0" number="0" />
<Purchase id="63009" name="0" funDesc="0" type="14" time="9" yuanbao="1000" itemId="0" number="0" />
<Purchase id="63010" name="0" funDesc="0" type="14" time="10" yuanbao="1000" itemId="0" number="0" />
<Purchase id="63011" name="0" funDesc="0" type="23" time="1" yuanbao="20" itemId="0" number="0" />
<Purchase id="63012" name="0" funDesc="0" type="23" time="2" yuanbao="20" itemId="0" number="0" />
<Purchase id="63013" name="0" funDesc="0" type="23" time="3" yuanbao="40" itemId="0" number="0" />
<Purchase id="63014" name="0" funDesc="0" type="23" time="4" yuanbao="40" itemId="0" number="0" />
<Purchase id="63015" name="0" funDesc="0" type="23" time="5" yuanbao="80" itemId="0" number="0" />
<Purchase id="63016" name="0" funDesc="0" type="23" time="6" yuanbao="80" itemId="0" number="0" />
<Purchase id="63017" name="0" funDesc="0" type="23" time="7" yuanbao="120" itemId="0" number="0" />
<Purchase id="63018" name="0" funDesc="0" type="23" time="8" yuanbao="120" itemId="0" number="0" />
<Purchase id="63019" name="0" funDesc="0" type="23" time="9" yuanbao="200" itemId="0" number="0" />
<Purchase id="63020" name="0" funDesc="0" type="23" time="10" yuanbao="200" itemId="0" number="0" />
<Purchase id="63021" name="0" funDesc="0" type="24" time="1" yuanbao="20" itemId="0" number="0" />
<Purchase id="63022" name="0" funDesc="0" type="24" time="2" yuanbao="20" itemId="0" number="0" />
<Purchase id="63023" name="0" funDesc="0" type="24" time="3" yuanbao="40" itemId="0" number="0" />
<Purchase id="63024" name="0" funDesc="0" type="24" time="4" yuanbao="40" itemId="0" number="0" />
<Purchase id="63025" name="0" funDesc="0" type="24" time="5" yuanbao="80" itemId="0" number="0" />
<Purchase id="63026" name="0" funDesc="0" type="24" time="6" yuanbao="80" itemId="0" number="0" />
<Purchase id="63027" name="0" funDesc="0" type="24" time="7" yuanbao="120" itemId="0" number="0" />
<Purchase id="63028" name="0" funDesc="0" type="24" time="8" yuanbao="120" itemId="0" number="0" />
<Purchase id="63029" name="0" funDesc="0" type="24" time="9" yuanbao="200" itemId="0" number="0" />
<Purchase id="63030" name="0" funDesc="0" type="24" time="10" yuanbao="200" itemId="0" number="0" />
<Purchase id="63031" name="0" funDesc="0" type="25" time="1" yuanbao="100" itemId="0" number="0" />
<Purchase id="63032" name="0" funDesc="0" type="25" time="2" yuanbao="100" itemId="0" number="0" />
<Purchase id="63033" name="0" funDesc="0" type="25" time="3" yuanbao="200" itemId="0" number="0" />
<Purchase id="63034" name="0" funDesc="0" type="25" time="4" yuanbao="200" itemId="0" number="0" />
<Purchase id="63035" name="0" funDesc="0" type="25" time="5" yuanbao="400" itemId="0" number="0" />
<Purchase id="63036" name="0" funDesc="0" type="25" time="6" yuanbao="400" itemId="0" number="0" />
<Purchase id="63037" name="0" funDesc="0" type="25" time="7" yuanbao="600" itemId="0" number="0" />
<Purchase id="63038" name="0" funDesc="0" type="25" time="8" yuanbao="600" itemId="0" number="0" />
<Purchase id="63039" name="0" funDesc="0" type="25" time="9" yuanbao="1000" itemId="0" number="0" />
<Purchase id="63040" name="0" funDesc="0" type="25" time="10" yuanbao="1000" itemId="0" number="0" />
<Purchase id="64001" name="0" funDesc="0" type="15" time="1" yuanbao="0" itemId="0" number="1" />
<Purchase id="64002" name="0" funDesc="0" type="15" time="2" yuanbao="20" itemId="0" number="1" />
<Purchase id="64003" name="0" funDesc="0" type="15" time="3" yuanbao="20" itemId="0" number="1" />
<Purchase id="64004" name="0" funDesc="0" type="15" time="4" yuanbao="50" itemId="0" number="1" />
<Purchase id="64005" name="0" funDesc="0" type="15" time="5" yuanbao="50" itemId="0" number="1" />
<Purchase id="64006" name="0" funDesc="0" type="15" time="6" yuanbao="100" itemId="0" number="1" />
<Purchase id="64007" name="0" funDesc="0" type="15" time="7" yuanbao="100" itemId="0" number="1" />
<Purchase id="64008" name="0" funDesc="0" type="15" time="8" yuanbao="200" itemId="0" number="1" />
<Purchase id="64009" name="0" funDesc="0" type="15" time="9" yuanbao="200" itemId="0" number="1" />
<Purchase id="64010" name="0" funDesc="0" type="15" time="10" yuanbao="200" itemId="0" number="1" />
<Purchase id="64011" name="0" funDesc="0" type="15" time="11" yuanbao="200" itemId="0" number="1" />
<Purchase id="64012" name="0" funDesc="0" type="15" time="12" yuanbao="200" itemId="0" number="1" />
<Purchase id="64013" name="0" funDesc="0" type="15" time="13" yuanbao="200" itemId="0" number="1" />
<Purchase id="64014" name="0" funDesc="0" type="15" time="14" yuanbao="200" itemId="0" number="1" />
<Purchase id="64015" name="0" funDesc="0" type="15" time="15" yuanbao="200" itemId="0" number="1" />
<Purchase id="64016" name="0" funDesc="0" type="15" time="16" yuanbao="200" itemId="0" number="1" />
<Purchase id="64017" name="0" funDesc="0" type="15" time="17" yuanbao="200" itemId="0" number="1" />
<Purchase id="64018" name="0" funDesc="0" type="15" time="18" yuanbao="200" itemId="0" number="1" />
<Purchase id="64019" name="0" funDesc="0" type="15" time="19" yuanbao="200" itemId="0" number="1" />
<Purchase id="64020" name="0" funDesc="0" type="15" time="20" yuanbao="200" itemId="0" number="1" />
<Purchase id="65001" name="0" funDesc="0" type="16" time="1" yuanbao="20" itemId="900009" number="20" />
<Purchase id="65002" name="0" funDesc="0" type="16" time="2" yuanbao="20" itemId="900009" number="20" />
<Purchase id="65003" name="0" funDesc="0" type="16" time="3" yuanbao="20" itemId="900009" number="20" />
<Purchase id="65004" name="0" funDesc="0" type="16" time="4" yuanbao="20" itemId="900009" number="20" />
<Purchase id="65005" name="0" funDesc="0" type="16" time="5" yuanbao="40" itemId="900009" number="20" />
<Purchase id="65006" name="0" funDesc="0" type="16" time="6" yuanbao="40" itemId="900009" number="20" />
<Purchase id="65007" name="0" funDesc="0" type="16" time="7" yuanbao="40" itemId="900009" number="20" />
<Purchase id="65008" name="0" funDesc="0" type="16" time="8" yuanbao="40" itemId="900009" number="20" />
<Purchase id="65009" name="0" funDesc="0" type="16" time="9" yuanbao="100" itemId="900009" number="20" />
<Purchase id="65010" name="0" funDesc="0" type="16" time="10" yuanbao="100" itemId="900009" number="20" />
<Purchase id="65011" name="0" funDesc="0" type="16" time="11" yuanbao="100" itemId="900009" number="20" />
<Purchase id="65012" name="0" funDesc="0" type="16" time="12" yuanbao="100" itemId="900009" number="20" />
<Purchase id="65013" name="0" funDesc="0" type="16" time="13" yuanbao="100" itemId="900009" number="20" />
<Purchase id="65014" name="0" funDesc="0" type="16" time="14" yuanbao="100" itemId="900009" number="20" />
<Purchase id="65015" name="0" funDesc="0" type="16" time="15" yuanbao="100" itemId="900009" number="20" />
<Purchase id="65016" name="0" funDesc="0" type="16" time="16" yuanbao="100" itemId="900009" number="20" />
<Purchase id="65017" name="0" funDesc="0" type="16" time="17" yuanbao="100" itemId="900009" number="20" />
<Purchase id="65018" name="0" funDesc="0" type="16" time="18" yuanbao="100" itemId="900009" number="20" />
<Purchase id="65019" name="0" funDesc="0" type="16" time="19" yuanbao="100" itemId="900009" number="20" />
<Purchase id="65020" name="0" funDesc="0" type="16" time="20" yuanbao="100" itemId="900009" number="20" />
<Purchase id="65021" name="0" funDesc="0" type="17" time="1" yuanbao="100" itemId="900020" number="1" />
<Purchase id="65022" name="0" funDesc="0" type="17" time="2" yuanbao="200" itemId="900020" number="1" />
<Purchase id="65023" name="0" funDesc="0" type="17" time="3" yuanbao="300" itemId="900020" number="1" />
<Purchase id="65024" name="0" funDesc="0" type="17" time="4" yuanbao="400" itemId="900020" number="1" />
<Purchase id="65025" name="0" funDesc="0" type="17" time="5" yuanbao="500" itemId="900020" number="1" />
<Purchase id="65026" name="0" funDesc="0" type="17" time="6" yuanbao="500" itemId="900020" number="1" />
<Purchase id="65027" name="0" funDesc="0" type="17" time="7" yuanbao="500" itemId="900020" number="1" />
<Purchase id="65028" name="0" funDesc="0" type="17" time="8" yuanbao="500" itemId="900020" number="1" />
<Purchase id="65029" name="0" funDesc="0" type="17" time="9" yuanbao="500" itemId="900020" number="1" />
<Purchase id="65030" name="0" funDesc="0" type="17" time="10" yuanbao="500" itemId="900020" number="1" />
<Purchase id="65031" name="0" funDesc="0" type="18" time="1" yuanbao="100" itemId="900021" number="1" />
<Purchase id="65032" name="0" funDesc="0" type="18" time="2" yuanbao="200" itemId="900021" number="1" />
<Purchase id="65033" name="0" funDesc="0" type="18" time="3" yuanbao="300" itemId="900021" number="1" />
<Purchase id="65034" name="0" funDesc="0" type="18" time="4" yuanbao="400" itemId="900021" number="1" />
<Purchase id="65035" name="0" funDesc="0" type="19" time="1" yuanbao="80" itemId="900022" number="1" />
<Purchase id="65036" name="0" funDesc="0" type="19" time="2" yuanbao="240" itemId="900022" number="1" />
<Purchase id="65037" name="0" funDesc="0" type="19" time="3" yuanbao="480" itemId="900022" number="1" />
<Purchase id="65038" name="0" funDesc="0" type="19" time="4" yuanbao="800" itemId="900022" number="1" />
<Purchase id="65039" name="0" funDesc="0" type="20" time="1" yuanbao="60" itemId="900023" number="3" />
<Purchase id="65040" name="0" funDesc="0" type="20" time="2" yuanbao="120" itemId="900023" number="3" />
<Purchase id="65041" name="0" funDesc="0" type="20" time="3" yuanbao="180" itemId="900023" number="3" />
<Purchase id="65042" name="0" funDesc="0" type="20" time="4" yuanbao="240" itemId="900023" number="3" />
<Purchase id="65043" name="0" funDesc="0" type="20" time="5" yuanbao="300" itemId="900023" number="3" />
<Purchase id="65044" name="0" funDesc="0" type="20" time="6" yuanbao="360" itemId="900023" number="3" />
<Purchase id="65045" name="0" funDesc="0" type="20" time="7" yuanbao="420" itemId="900023" number="3" />
<Purchase id="65046" name="0" funDesc="0" type="20" time="8" yuanbao="480" itemId="900023" number="3" />
<Purchase id="65047" name="0" funDesc="0" type="21" time="1" yuanbao="50" itemId="0" number="0" />
<Purchase id="65048" name="0" funDesc="0" type="21" time="2" yuanbao="50" itemId="0" number="0" />
<Purchase id="65049" name="0" funDesc="0" type="22" time="1" yuanbao="50" itemId="0" number="1" />
<Purchase id="65050" name="0" funDesc="0" type="22" time="2" yuanbao="100" itemId="0" number="1" />
<Purchase id="65051" name="0" funDesc="0" type="22" time="3" yuanbao="150" itemId="0" number="1" />
<Purchase id="65052" name="0" funDesc="0" type="22" time="4" yuanbao="200" itemId="0" number="1" />
<Purchase id="66101" name="0" funDesc="0" type="26" time="1" yuanbao="20" itemId="0" number="1" />
<Purchase id="66102" name="0" funDesc="0" type="26" time="2" yuanbao="20" itemId="0" number="1" />
<Purchase id="66103" name="0" funDesc="0" type="26" time="3" yuanbao="20" itemId="0" number="1" />
<Purchase id="66104" name="0" funDesc="0" type="26" time="4" yuanbao="40" itemId="0" number="1" />
<Purchase id="66105" name="0" funDesc="0" type="26" time="5" yuanbao="40" itemId="0" number="1" />
<Purchase id="66106" name="0" funDesc="0" type="26" time="6" yuanbao="40" itemId="0" number="1" />
<Purchase id="66107" name="0" funDesc="0" type="26" time="7" yuanbao="60" itemId="0" number="1" />
<Purchase id="66108" name="0" funDesc="0" type="26" time="8" yuanbao="60" itemId="0" number="1" />
<Purchase id="66109" name="0" funDesc="0" type="26" time="9" yuanbao="60" itemId="0" number="1" />
<Purchase id="66110" name="0" funDesc="0" type="26" time="10" yuanbao="80" itemId="0" number="1" />
<Purchase id="66111" name="0" funDesc="0" type="26" time="11" yuanbao="80" itemId="0" number="1" />
<Purchase id="66112" name="0" funDesc="0" type="26" time="12" yuanbao="80" itemId="0" number="1" />
<Purchase id="66113" name="0" funDesc="0" type="26" time="13" yuanbao="100" itemId="0" number="1" />
<Purchase id="66114" name="0" funDesc="0" type="26" time="14" yuanbao="100" itemId="0" number="1" />
<Purchase id="66115" name="0" funDesc="0" type="26" time="15" yuanbao="100" itemId="0" number="1" />
<Purchase id="66116" name="0" funDesc="0" type="26" time="16" yuanbao="200" itemId="0" number="1" />
<Purchase id="66117" name="0" funDesc="0" type="26" time="17" yuanbao="200" itemId="0" number="1" />
<Purchase id="66118" name="0" funDesc="0" type="26" time="18" yuanbao="200" itemId="0" number="1" />
<Purchase id="66119" name="0" funDesc="0" type="26" time="19" yuanbao="200" itemId="0" number="1" />
<Purchase id="66120" name="0" funDesc="0" type="26" time="20" yuanbao="200" itemId="0" number="1" />
<Purchase id="66201" name="0" funDesc="0" type="27" time="1" yuanbao="50" itemId="0" number="1" />
<Purchase id="66202" name="0" funDesc="0" type="27" time="2" yuanbao="50" itemId="0" number="1" />
<Purchase id="66203" name="0" funDesc="0" type="27" time="3" yuanbao="100" itemId="0" number="1" />
<Purchase id="66204" name="0" funDesc="0" type="27" time="4" yuanbao="100" itemId="0" number="1" />
<Purchase id="66205" name="0" funDesc="0" type="27" time="5" yuanbao="200" itemId="0" number="1" />
<Purchase id="66206" name="0" funDesc="0" type="27" time="6" yuanbao="200" itemId="0" number="1" />
<Purchase id="66207" name="0" funDesc="0" type="27" time="7" yuanbao="300" itemId="0" number="1" />
<Purchase id="66208" name="0" funDesc="0" type="27" time="8" yuanbao="300" itemId="0" number="1" />
<Purchase id="66209" name="0" funDesc="0" type="27" time="9" yuanbao="400" itemId="0" number="1" />
<Purchase id="66210" name="0" funDesc="0" type="27" time="10" yuanbao="400" itemId="0" number="1" />
<Purchase id="66301" name="0" funDesc="0" type="28" time="1" yuanbao="20" itemId="0" number="1" />
<Purchase id="66302" name="0" funDesc="0" type="28" time="2" yuanbao="20" itemId="0" number="1" />
<Purchase id="66303" name="0" funDesc="0" type="28" time="3" yuanbao="20" itemId="0" number="1" />
<Purchase id="66304" name="0" funDesc="0" type="28" time="4" yuanbao="50" itemId="0" number="1" />
<Purchase id="66305" name="0" funDesc="0" type="28" time="5" yuanbao="50" itemId="0" number="1" />
<Purchase id="66306" name="0" funDesc="0" type="28" time="6" yuanbao="50" itemId="0" number="1" />
<Purchase id="66307" name="0" funDesc="0" type="28" time="7" yuanbao="100" itemId="0" number="1" />
<Purchase id="66308" name="0" funDesc="0" type="28" time="8" yuanbao="100" itemId="0" number="1" />
<Purchase id="66309" name="0" funDesc="0" type="28" time="9" yuanbao="100" itemId="0" number="1" />
<Purchase id="66310" name="0" funDesc="0" type="28" time="10" yuanbao="100" itemId="0" number="1" />
<Purchase id="66311" name="0" funDesc="0" type="28" time="11" yuanbao="100" itemId="0" number="1" />
<Purchase id="66312" name="0" funDesc="0" type="28" time="12" yuanbao="100" itemId="0" number="1" />
<Purchase id="66313" name="0" funDesc="0" type="28" time="13" yuanbao="100" itemId="0" number="1" />
<Purchase id="66314" name="0" funDesc="0" type="28" time="14" yuanbao="100" itemId="0" number="1" />
<Purchase id="66315" name="0" funDesc="0" type="28" time="15" yuanbao="100" itemId="0" number="1" />
<Purchase id="66316" name="0" funDesc="0" type="28" time="16" yuanbao="100" itemId="0" number="1" />
<Purchase id="66317" name="0" funDesc="0" type="28" time="17" yuanbao="100" itemId="0" number="1" />
<Purchase id="66318" name="0" funDesc="0" type="28" time="18" yuanbao="100" itemId="0" number="1" />
<Purchase id="66319" name="0" funDesc="0" type="28" time="19" yuanbao="100" itemId="0" number="1" />
<Purchase id="66320" name="0" funDesc="0" type="28" time="20" yuanbao="100" itemId="0" number="1" />
<Purchase id="67001" name="0" funDesc="0" type="29" time="1" yuanbao="12000" itemId="0" number="1" />
<Purchase id="67002" name="0" funDesc="0" type="29" time="2" yuanbao="12360" itemId="0" number="1" />
<Purchase id="67003" name="0" funDesc="0" type="29" time="3" yuanbao="12720" itemId="0" number="1" />
<Purchase id="67004" name="0" funDesc="0" type="29" time="4" yuanbao="13200" itemId="0" number="1" />
<Purchase id="67005" name="0" funDesc="0" type="29" time="5" yuanbao="13800" itemId="0" number="1" />
<Purchase id="67006" name="0" funDesc="0" type="29" time="6" yuanbao="14520" itemId="0" number="1" />
<Purchase id="67007" name="0" funDesc="0" type="29" time="7" yuanbao="15360" itemId="0" number="1" />
<Purchase id="67008" name="0" funDesc="0" type="29" time="8" yuanbao="16320" itemId="0" number="1" />
<Purchase id="67009" name="0" funDesc="0" type="29" time="9" yuanbao="17400" itemId="0" number="1" />
<Purchase id="67010" name="0" funDesc="0" type="29" time="10" yuanbao="18600" itemId="0" number="1" />
<Purchase id="67011" name="0" funDesc="0" type="29" time="11" yuanbao="19920" itemId="0" number="1" />
<Purchase id="67012" name="0" funDesc="0" type="29" time="12" yuanbao="21360" itemId="0" number="1" />
<Purchase id="67013" name="0" funDesc="0" type="29" time="13" yuanbao="22920" itemId="0" number="1" />
<Purchase id="67014" name="0" funDesc="0" type="29" time="14" yuanbao="24600" itemId="0" number="1" />
<Purchase id="67015" name="0" funDesc="0" type="29" time="15" yuanbao="26400" itemId="0" number="1" />
<Purchase id="67016" name="0" funDesc="0" type="29" time="16" yuanbao="28320" itemId="0" number="1" />
<Purchase id="67017" name="0" funDesc="0" type="29" time="17" yuanbao="30360" itemId="0" number="1" />
<Purchase id="67018" name="0" funDesc="0" type="29" time="18" yuanbao="32520" itemId="0" number="1" />
<Purchase id="67019" name="0" funDesc="0" type="29" time="19" yuanbao="34800" itemId="0" number="1" />
<Purchase id="67020" name="0" funDesc="0" type="29" time="20" yuanbao="37200" itemId="0" number="1" />
<Purchase id="67021" name="0" funDesc="0" type="29" time="21" yuanbao="39720" itemId="0" number="1" />
<Purchase id="67022" name="0" funDesc="0" type="29" time="22" yuanbao="42360" itemId="0" number="1" />
<Purchase id="67023" name="0" funDesc="0" type="29" time="23" yuanbao="45120" itemId="0" number="1" />
<Purchase id="67024" name="0" funDesc="0" type="29" time="24" yuanbao="48000" itemId="0" number="1" />
<Purchase id="67025" name="0" funDesc="0" type="29" time="25" yuanbao="51000" itemId="0" number="1" />
<Purchase id="67026" name="0" funDesc="0" type="29" time="26" yuanbao="54120" itemId="0" number="1" />
<Purchase id="67027" name="0" funDesc="0" type="29" time="27" yuanbao="57360" itemId="0" number="1" />
<Purchase id="67028" name="0" funDesc="0" type="29" time="28" yuanbao="60720" itemId="0" number="1" />
<Purchase id="67029" name="0" funDesc="0" type="29" time="29" yuanbao="64200" itemId="0" number="1" />
<Purchase id="67030" name="0" funDesc="0" type="29" time="30" yuanbao="67800" itemId="0" number="1" />
<Purchase id="67031" name="0" funDesc="0" type="29" time="31" yuanbao="71520" itemId="0" number="1" />
<Purchase id="67032" name="0" funDesc="0" type="29" time="32" yuanbao="75360" itemId="0" number="1" />
<Purchase id="67033" name="0" funDesc="0" type="29" time="33" yuanbao="79320" itemId="0" number="1" />
<Purchase id="67034" name="0" funDesc="0" type="29" time="34" yuanbao="83400" itemId="0" number="1" />
<Purchase id="67035" name="0" funDesc="0" type="29" time="35" yuanbao="87600" itemId="0" number="1" />
<Purchase id="67036" name="0" funDesc="0" type="29" time="36" yuanbao="91920" itemId="0" number="1" />
<Purchase id="67037" name="0" funDesc="0" type="29" time="37" yuanbao="96360" itemId="0" number="1" />
<Purchase id="67038" name="0" funDesc="0" type="29" time="38" yuanbao="100920" itemId="0" number="1" />
<Purchase id="67039" name="0" funDesc="0" type="29" time="39" yuanbao="105600" itemId="0" number="1" />
<Purchase id="67040" name="0" funDesc="0" type="29" time="40" yuanbao="110400" itemId="0" number="1" />
<Purchase id="67041" name="0" funDesc="0" type="29" time="41" yuanbao="115320" itemId="0" number="1" />
<Purchase id="67042" name="0" funDesc="0" type="29" time="42" yuanbao="120360" itemId="0" number="1" />
<Purchase id="67043" name="0" funDesc="0" type="29" time="43" yuanbao="125520" itemId="0" number="1" />
<Purchase id="67044" name="0" funDesc="0" type="29" time="44" yuanbao="130800" itemId="0" number="1" />
<Purchase id="67045" name="0" funDesc="0" type="29" time="45" yuanbao="136200" itemId="0" number="1" />
<Purchase id="67046" name="0" funDesc="0" type="29" time="46" yuanbao="141720" itemId="0" number="1" />
<Purchase id="67047" name="0" funDesc="0" type="29" time="47" yuanbao="147360" itemId="0" number="1" />
<Purchase id="67048" name="0" funDesc="0" type="29" time="48" yuanbao="153120" itemId="0" number="1" />
<Purchase id="67049" name="0" funDesc="0" type="29" time="49" yuanbao="159000" itemId="0" number="1" />
<Purchase id="67050" name="0" funDesc="0" type="29" time="50" yuanbao="165000" itemId="0" number="1" />
<Purchase id="67051" name="0" funDesc="0" type="29" time="51" yuanbao="171120" itemId="0" number="1" />
<Purchase id="67052" name="0" funDesc="0" type="29" time="52" yuanbao="177360" itemId="0" number="1" />
<Purchase id="67053" name="0" funDesc="0" type="29" time="53" yuanbao="183720" itemId="0" number="1" />
<Purchase id="67054" name="0" funDesc="0" type="29" time="54" yuanbao="190200" itemId="0" number="1" />
<Purchase id="67055" name="0" funDesc="0" type="29" time="55" yuanbao="196800" itemId="0" number="1" />
<Purchase id="67056" name="0" funDesc="0" type="29" time="56" yuanbao="203520" itemId="0" number="1" />
<Purchase id="67057" name="0" funDesc="0" type="29" time="57" yuanbao="210360" itemId="0" number="1" />
<Purchase id="67058" name="0" funDesc="0" type="29" time="58" yuanbao="217320" itemId="0" number="1" />
<Purchase id="67059" name="0" funDesc="0" type="29" time="59" yuanbao="224400" itemId="0" number="1" />
<Purchase id="67060" name="0" funDesc="0" type="29" time="60" yuanbao="231600" itemId="0" number="1" />
<Purchase id="67061" name="0" funDesc="0" type="29" time="61" yuanbao="238920" itemId="0" number="1" />
<Purchase id="67062" name="0" funDesc="0" type="29" time="62" yuanbao="246360" itemId="0" number="1" />
<Purchase id="67063" name="0" funDesc="0" type="29" time="63" yuanbao="253920" itemId="0" number="1" />
<Purchase id="67064" name="0" funDesc="0" type="29" time="64" yuanbao="261600" itemId="0" number="1" />
<Purchase id="67065" name="0" funDesc="0" type="29" time="65" yuanbao="269400" itemId="0" number="1" />
<Purchase id="67066" name="0" funDesc="0" type="29" time="66" yuanbao="277320" itemId="0" number="1" />
<Purchase id="67067" name="0" funDesc="0" type="29" time="67" yuanbao="285360" itemId="0" number="1" />
<Purchase id="67068" name="0" funDesc="0" type="29" time="68" yuanbao="293520" itemId="0" number="1" />
<Purchase id="67069" name="0" funDesc="0" type="29" time="69" yuanbao="301800" itemId="0" number="1" />
<Purchase id="67070" name="0" funDesc="0" type="29" time="70" yuanbao="310200" itemId="0" number="1" />
<Purchase id="67071" name="0" funDesc="0" type="29" time="71" yuanbao="318720" itemId="0" number="1" />
<Purchase id="67072" name="0" funDesc="0" type="29" time="72" yuanbao="327360" itemId="0" number="1" />
<Purchase id="67073" name="0" funDesc="0" type="29" time="73" yuanbao="336120" itemId="0" number="1" />
<Purchase id="67074" name="0" funDesc="0" type="29" time="74" yuanbao="345000" itemId="0" number="1" />
<Purchase id="67075" name="0" funDesc="0" type="29" time="75" yuanbao="354000" itemId="0" number="1" />
<Purchase id="67076" name="0" funDesc="0" type="29" time="76" yuanbao="363120" itemId="0" number="1" />
<Purchase id="67077" name="0" funDesc="0" type="29" time="77" yuanbao="372360" itemId="0" number="1" />
<Purchase id="67078" name="0" funDesc="0" type="29" time="78" yuanbao="381720" itemId="0" number="1" />
<Purchase id="67079" name="0" funDesc="0" type="29" time="79" yuanbao="391200" itemId="0" number="1" />
<Purchase id="67080" name="0" funDesc="0" type="29" time="80" yuanbao="400800" itemId="0" number="1" />
<Purchase id="67081" name="0" funDesc="0" type="29" time="81" yuanbao="410520" itemId="0" number="1" />
<Purchase id="67082" name="0" funDesc="0" type="29" time="82" yuanbao="420360" itemId="0" number="1" />
<Purchase id="67083" name="0" funDesc="0" type="29" time="83" yuanbao="430320" itemId="0" number="1" />
<Purchase id="67084" name="0" funDesc="0" type="29" time="84" yuanbao="440400" itemId="0" number="1" />
<Purchase id="67085" name="0" funDesc="0" type="29" time="85" yuanbao="450600" itemId="0" number="1" />
<Purchase id="67086" name="0" funDesc="0" type="29" time="86" yuanbao="460920" itemId="0" number="1" />
<Purchase id="67087" name="0" funDesc="0" type="29" time="87" yuanbao="471360" itemId="0" number="1" />
<Purchase id="67088" name="0" funDesc="0" type="29" time="88" yuanbao="481920" itemId="0" number="1" />
<Purchase id="67089" name="0" funDesc="0" type="29" time="89" yuanbao="492600" itemId="0" number="1" />
<Purchase id="67090" name="0" funDesc="0" type="29" time="90" yuanbao="503400" itemId="0" number="1" />
<Purchase id="67091" name="0" funDesc="0" type="29" time="91" yuanbao="514320" itemId="0" number="1" />
<Purchase id="67092" name="0" funDesc="0" type="29" time="92" yuanbao="525360" itemId="0" number="1" />
<Purchase id="67093" name="0" funDesc="0" type="29" time="93" yuanbao="536520" itemId="0" number="1" />
<Purchase id="67094" name="0" funDesc="0" type="29" time="94" yuanbao="547800" itemId="0" number="1" />
<Purchase id="67095" name="0" funDesc="0" type="29" time="95" yuanbao="559200" itemId="0" number="1" />
<Purchase id="67096" name="0" funDesc="0" type="29" time="96" yuanbao="570720" itemId="0" number="1" />
<Purchase id="67097" name="0" funDesc="0" type="29" time="97" yuanbao="582360" itemId="0" number="1" />
<Purchase id="67098" name="0" funDesc="0" type="29" time="98" yuanbao="594120" itemId="0" number="1" />
<Purchase id="67099" name="0" funDesc="0" type="29" time="99" yuanbao="606000" itemId="0" number="1" />
<Purchase id="67100" name="0" funDesc="0" type="29" time="100" yuanbao="618000" itemId="0" number="1" />
<Purchase id="69001" name="0" funDesc="0" type="30" time="1" yuanbao="50" itemId="0" number="100" />
<Purchase id="69002" name="0" funDesc="0" type="30" time="2" yuanbao="75" itemId="0" number="100" />
<Purchase id="69003" name="0" funDesc="0" type="30" time="3" yuanbao="100" itemId="0" number="100" />
<Purchase id="69004" name="0" funDesc="0" type="30" time="4" yuanbao="100" itemId="0" number="100" />
<Purchase id="69005" name="0" funDesc="0" type="30" time="5" yuanbao="150" itemId="0" number="100" />
<Purchase id="69006" name="0" funDesc="0" type="30" time="6" yuanbao="150" itemId="0" number="100" />
<Purchase id="69007" name="0" funDesc="0" type="30" time="7" yuanbao="200" itemId="0" number="100" />
<Purchase id="69008" name="0" funDesc="0" type="30" time="8" yuanbao="200" itemId="0" number="100" />
<Purchase id="69009" name="0" funDesc="0" type="30" time="9" yuanbao="300" itemId="0" number="100" />
<Purchase id="69010" name="0" funDesc="0" type="30" time="10" yuanbao="300" itemId="0" number="100" />
<Purchase id="69011" name="0" funDesc="0" type="30" time="11" yuanbao="400" itemId="0" number="100" />
<Purchase id="69012" name="0" funDesc="0" type="30" time="12" yuanbao="400" itemId="0" number="100" />
<Purchase id="69013" name="0" funDesc="0" type="30" time="13" yuanbao="400" itemId="0" number="100" />
<Purchase id="69014" name="0" funDesc="0" type="30" time="14" yuanbao="400" itemId="0" number="100" />
<Purchase id="69015" name="0" funDesc="0" type="30" time="15" yuanbao="400" itemId="0" number="100" />
<Purchase id="69016" name="0" funDesc="0" type="30" time="16" yuanbao="400" itemId="0" number="100" />
<Purchase id="69017" name="0" funDesc="0" type="30" time="17" yuanbao="400" itemId="0" number="100" />
<Purchase id="69018" name="0" funDesc="0" type="30" time="18" yuanbao="400" itemId="0" number="100" />
<Purchase id="69019" name="0" funDesc="0" type="30" time="19" yuanbao="400" itemId="0" number="100" />
<Purchase id="69020" name="0" funDesc="0" type="30" time="20" yuanbao="400" itemId="0" number="100" />
<Purchase id="69021" name="0" funDesc="0" type="31" time="1" yuanbao="50" itemId="0" number="1" />
<Purchase id="69022" name="0" funDesc="0" type="31" time="2" yuanbao="75" itemId="0" number="1" />
<Purchase id="69023" name="0" funDesc="0" type="31" time="3" yuanbao="100" itemId="0" number="1" />
<Purchase id="69024" name="0" funDesc="0" type="31" time="4" yuanbao="100" itemId="0" number="1" />
<Purchase id="69025" name="0" funDesc="0" type="31" time="5" yuanbao="150" itemId="0" number="1" />
<Purchase id="69026" name="0" funDesc="0" type="31" time="6" yuanbao="150" itemId="0" number="1" />
<Purchase id="69027" name="0" funDesc="0" type="31" time="7" yuanbao="150" itemId="0" number="1" />
<Purchase id="69028" name="0" funDesc="0" type="31" time="8" yuanbao="150" itemId="0" number="1" />
<Purchase id="69029" name="0" funDesc="0" type="31" time="9" yuanbao="200" itemId="0" number="1" />
<Purchase id="69030" name="0" funDesc="0" type="31" time="10" yuanbao="200" itemId="0" number="1" />
<Purchase id="69031" name="0" funDesc="0" type="31" time="11" yuanbao="200" itemId="0" number="1" />
<Purchase id="69032" name="0" funDesc="0" type="31" time="12" yuanbao="200" itemId="0" number="1" />
<Purchase id="69033" name="0" funDesc="0" type="31" time="13" yuanbao="300" itemId="0" number="1" />
<Purchase id="69034" name="0" funDesc="0" type="31" time="14" yuanbao="300" itemId="0" number="1" />
<Purchase id="69035" name="0" funDesc="0" type="31" time="15" yuanbao="300" itemId="0" number="1" />
<Purchase id="69036" name="0" funDesc="0" type="31" time="16" yuanbao="300" itemId="0" number="1" />
<Purchase id="69037" name="0" funDesc="0" type="31" time="17" yuanbao="400" itemId="0" number="1" />
<Purchase id="69038" name="0" funDesc="0" type="31" time="18" yuanbao="400" itemId="0" number="1" />
<Purchase id="69039" name="0" funDesc="0" type="31" time="19" yuanbao="400" itemId="0" number="1" />
<Purchase id="69040" name="0" funDesc="0" type="31" time="20" yuanbao="400" itemId="0" number="1" />
<Purchase id="700101" name="0" funDesc="0" type="32" time="1" yuanbao="200" itemId="0" number="1" />
<Purchase id="700102" name="0" funDesc="0" type="32" time="2" yuanbao="300" itemId="0" number="1" />
<Purchase id="700103" name="0" funDesc="0" type="32" time="3" yuanbao="400" itemId="0" number="1" />
<Purchase id="700201" name="0" funDesc="0" type="33" time="1" yuanbao="200" itemId="0" number="1" />
<Purchase id="700202" name="0" funDesc="0" type="33" time="2" yuanbao="400" itemId="0" number="1" />
</dataset>