<?xml version="1.0" encoding="UTF-8"?>
<dataset>
<PushInfo ID="10" str="小七：(*^_^*)主人，快来跟我吃午饭呀~12点领取体力！" />
<PushInfo ID="20" str="小七：@_@ 好饿噢，谁来陪我吃晚饭呢…18点领取体力！" />
<PushInfo ID="30" str="小七：主人的体力已经完全恢复了呦！不要再睡懒觉啦！快带小七出去玩！" />
<PushInfo ID="40" str="镖师：您的货物已经成功送达。酬劳已发至您的邮件，还请英雄查收！" />
<PushInfo ID="50" str="镖师：不好啦！您的货物被人劫走了！一定要查出仇家，让他们付出代价！" />
<PushInfo ID="60" str="镖师：小道消息呦！您的仇人正在运镖！您还在等什么？" />
<PushInfo ID="70" str="商铺老板：客官，神秘商品刷新了呦！走过路过不要错过！" />
<PushInfo ID="80" str="百战竞技：急报！您被【YYY】偷袭，排名下降！请夺回属于您的荣誉！" />
<PushInfo ID="90" str="周天子：20分钟后，依【竞技】排名封赏百官！" />
</dataset>