<?xml version="1.0" encoding="UTF-8"?>
<dataset>
<PveFunctionOpen id="100001" levelType="0" joystick="1,0" attack="1,0" skill_light_1="1,0" skill_light_2="-1,0" skill_heavy_1="-1,0" skill_heavy_2="-1,0" skill_ranged_1="-1,0" skill_ranged_2="-1,0" weaponHeavy="1,0" weaponLight="-1,0" weaponRange="-1,0" skill_miBao="-1,0" autoFight="-1,0" pause="-1,0" dodge="-1,0" defaultWeapon="1" broadcastable="0" />

<PveFunctionOpen id="100101" levelType="0" joystick="1,0" attack="1,0" skill_light_1="1,0" skill_light_2="1,0" skill_heavy_1="1,0" skill_heavy_2="1,0" skill_ranged_1="1,0" skill_ranged_2="1,0" weaponHeavy="1,0" weaponLight="-1,0" weaponRange="1,0" skill_miBao="1,0" autoFight="-1,0" pause="1,0" dodge="-1,0" defaultWeapon="1" broadcastable="0" />
<PveFunctionOpen id="100102" levelType="0" joystick="1,0" attack="1,0" skill_light_1="1,0" skill_light_2="1,0" skill_heavy_1="1,0" skill_heavy_2="1,0" skill_ranged_1="1,0" skill_ranged_2="1,0" weaponHeavy="1,0" weaponLight="1,0" weaponRange="1,0" skill_miBao="1,0" autoFight="-1,0" pause="1,0" dodge="-1,0" defaultWeapon="1" broadcastable="1" />
<PveFunctionOpen id="100103" levelType="0" joystick="1,0" attack="1,0" skill_light_1="1,0" skill_light_2="1,0" skill_heavy_1="1,0" skill_heavy_2="1,0" skill_ranged_1="1,0" skill_ranged_2="1,0" weaponHeavy="1,0" weaponLight="1,0" weaponRange="1,0" skill_miBao="1,0" autoFight="-1,0" pause="1,0" dodge="-1,0" defaultWeapon="1" broadcastable="1" />
<PveFunctionOpen id="110103" levelType="1" joystick="1,0" attack="1,0" skill_light_1="1,0" skill_light_2="1,0" skill_heavy_1="1,0" skill_heavy_2="1,0" skill_ranged_1="1,0" skill_ranged_2="1,0" weaponHeavy="1,0" weaponLight="1,0" weaponRange="1,0" skill_miBao="1,0" autoFight="1,0" pause="1,0" dodge="1,0" defaultWeapon="1" broadcastable="1" />
<PveFunctionOpen id="100104" levelType="0" joystick="1,0" attack="1,0" skill_light_1="1,0" skill_light_2="1,0" skill_heavy_1="1,0" skill_heavy_2="1,0" skill_ranged_1="1,0" skill_ranged_2="1,0" weaponHeavy="1,0" weaponLight="1,0" weaponRange="1,0" skill_miBao="1,0" autoFight="-1,0" pause="1,0" dodge="-1,0" defaultWeapon="1" broadcastable="1" />
<PveFunctionOpen id="100105" levelType="0" joystick="1,0" attack="1,0" skill_light_1="1,0" skill_light_2="1,0" skill_heavy_1="1,0" skill_heavy_2="1,0" skill_ranged_1="1,0" skill_ranged_2="1,0" weaponHeavy="1,0" weaponLight="1,0" weaponRange="1,0" skill_miBao="1,0" autoFight="1,0" pause="1,0" dodge="0,0" defaultWeapon="1" broadcastable="1" />
<PveFunctionOpen id="110105" levelType="1" joystick="1,0" attack="1,0" skill_light_1="1,0" skill_light_2="1,0" skill_heavy_1="1,0" skill_heavy_2="1,0" skill_ranged_1="1,0" skill_ranged_2="1,0" weaponHeavy="1,0" weaponLight="1,0" weaponRange="1,0" skill_miBao="1,0" autoFight="1,0" pause="1,0" dodge="1,0" defaultWeapon="1" broadcastable="1" />
<PveFunctionOpen id="100106" levelType="0" joystick="1,0" attack="1,0" skill_light_1="1,0" skill_light_2="1,0" skill_heavy_1="1,0" skill_heavy_2="1,0" skill_ranged_1="1,0" skill_ranged_2="1,0" weaponHeavy="1,0" weaponLight="1,0" weaponRange="1,0" skill_miBao="1,0" autoFight="1,0" pause="1,0" dodge="1,0" defaultWeapon="1" broadcastable="1" />
<PveFunctionOpen id="100107" levelType="0" joystick="1,0" attack="1,0" skill_light_1="1,0" skill_light_2="1,0" skill_heavy_1="1,0" skill_heavy_2="1,0" skill_ranged_1="1,0" skill_ranged_2="1,0" weaponHeavy="1,0" weaponLight="1,0" weaponRange="1,0" skill_miBao="1,0" autoFight="1,0" pause="1,0" dodge="1,0" defaultWeapon="1" broadcastable="1" />
<PveFunctionOpen id="110107" levelType="1" joystick="1,0" attack="1,0" skill_light_1="1,0" skill_light_2="1,0" skill_heavy_1="1,0" skill_heavy_2="1,0" skill_ranged_1="1,0" skill_ranged_2="1,0" weaponHeavy="1,0" weaponLight="1,0" weaponRange="1,0" skill_miBao="1,0" autoFight="1,0" pause="1,0" dodge="1,0" defaultWeapon="1" broadcastable="1" />

<PveFunctionOpen id="100201" levelType="0" joystick="1,0" attack="1,0" skill_light_1="1,0" skill_light_2="1,0" skill_heavy_1="1,0" skill_heavy_2="1,0" skill_ranged_1="1,0" skill_ranged_2="1,0" weaponHeavy="1,0" weaponLight="1,0" weaponRange="1,0" skill_miBao="1,0" autoFight="1,0" pause="1,0" dodge="1,0" defaultWeapon="1" broadcastable="0" />
<PveFunctionOpen id="100202" levelType="0" joystick="1,0" attack="1,0" skill_light_1="1,0" skill_light_2="1,0" skill_heavy_1="1,0" skill_heavy_2="1,0" skill_ranged_1="1,0" skill_ranged_2="1,0" weaponHeavy="1,0" weaponLight="1,0" weaponRange="1,0" skill_miBao="1,0" autoFight="1,0" pause="1,0" dodge="1,0" defaultWeapon="1" broadcastable="0" />
<PveFunctionOpen id="100203" levelType="0" joystick="1,0" attack="1,0" skill_light_1="1,0" skill_light_2="1,0" skill_heavy_1="1,0" skill_heavy_2="1,0" skill_ranged_1="1,0" skill_ranged_2="1,0" weaponHeavy="1,0" weaponLight="1,0" weaponRange="1,0" skill_miBao="1,0" autoFight="1,0" pause="1,0" dodge="1,0" defaultWeapon="1" broadcastable="1" />
<PveFunctionOpen id="110203" levelType="1" joystick="1,0" attack="1,0" skill_light_1="1,0" skill_light_2="1,0" skill_heavy_1="1,0" skill_heavy_2="1,0" skill_ranged_1="1,0" skill_ranged_2="1,0" weaponHeavy="1,1" weaponLight="1,0" weaponRange="1,0" skill_miBao="1,0" autoFight="1,0" pause="1,0" dodge="1,0" defaultWeapon="1" broadcastable="1" />
<PveFunctionOpen id="100204" levelType="0" joystick="1,0" attack="1,0" skill_light_1="1,0" skill_light_2="1,0" skill_heavy_1="1,0" skill_heavy_2="1,0" skill_ranged_1="1,0" skill_ranged_2="1,0" weaponHeavy="1,1" weaponLight="1,1" weaponRange="1,1" skill_miBao="1,0" autoFight="1,1" pause="1,1" dodge="1,0" defaultWeapon="1" broadcastable="1" />
<PveFunctionOpen id="100205" levelType="0" joystick="1,0" attack="1,0" skill_light_1="1,0" skill_light_2="1,0" skill_heavy_1="1,0" skill_heavy_2="1,0" skill_ranged_1="1,0" skill_ranged_2="1,0" weaponHeavy="1,0" weaponLight="1,0" weaponRange="1,0" skill_miBao="1,0" autoFight="1,0" pause="1,0" dodge="1,0" defaultWeapon="1" broadcastable="1" />
<PveFunctionOpen id="110205" levelType="1" joystick="1,0" attack="1,0" skill_light_1="1,0" skill_light_2="1,0" skill_heavy_1="1,0" skill_heavy_2="1,0" skill_ranged_1="1,0" skill_ranged_2="1,0" weaponHeavy="1,0" weaponLight="1,0" weaponRange="1,0" skill_miBao="1,0" autoFight="1,0" pause="1,0" dodge="1,0" defaultWeapon="1" broadcastable="1" />
<PveFunctionOpen id="100206" levelType="0" joystick="1,0" attack="1,0" skill_light_1="1,0" skill_light_2="1,0" skill_heavy_1="1,0" skill_heavy_2="1,0" skill_ranged_1="1,0" skill_ranged_2="1,0" weaponHeavy="1,0" weaponLight="1,0" weaponRange="1,0" skill_miBao="1,0" autoFight="1,0" pause="1,0" dodge="1,0" defaultWeapon="1" broadcastable="1" />
<PveFunctionOpen id="100207" levelType="0" joystick="1,0" attack="1,0" skill_light_1="1,0" skill_light_2="1,0" skill_heavy_1="1,0" skill_heavy_2="1,0" skill_ranged_1="1,0" skill_ranged_2="1,0" weaponHeavy="1,0" weaponLight="1,0" weaponRange="1,0" skill_miBao="1,0" autoFight="1,0" pause="1,0" dodge="1,0" defaultWeapon="1" broadcastable="1" />
<PveFunctionOpen id="110207" levelType="1" joystick="1,0" attack="1,0" skill_light_1="1,0" skill_light_2="1,0" skill_heavy_1="1,0" skill_heavy_2="1,0" skill_ranged_1="1,0" skill_ranged_2="1,0" weaponHeavy="1,0" weaponLight="1,0" weaponRange="1,0" skill_miBao="1,0" autoFight="1,0" pause="1,0" dodge="1,0" defaultWeapon="1" broadcastable="1" />

<PveFunctionOpen id="100301" levelType="0" joystick="1,0" attack="1,0" skill_light_1="1,0" skill_light_2="1,0" skill_heavy_1="1,0" skill_heavy_2="1,0" skill_ranged_1="1,0" skill_ranged_2="1,0" weaponHeavy="1,0" weaponLight="1,0" weaponRange="1,0" skill_miBao="1,0" autoFight="1,0" pause="1,0" dodge="1,0" defaultWeapon="1" broadcastable="1" />
<PveFunctionOpen id="100302" levelType="0" joystick="1,0" attack="1,0" skill_light_1="1,0" skill_light_2="1,0" skill_heavy_1="1,0" skill_heavy_2="1,0" skill_ranged_1="1,0" skill_ranged_2="1,0" weaponHeavy="1,0" weaponLight="1,0" weaponRange="1,0" skill_miBao="1,0" autoFight="1,0" pause="1,0" dodge="1,0" defaultWeapon="1" broadcastable="1" />
<PveFunctionOpen id="100303" levelType="0" joystick="1,0" attack="1,0" skill_light_1="1,0" skill_light_2="1,0" skill_heavy_1="1,0" skill_heavy_2="1,0" skill_ranged_1="1,0" skill_ranged_2="1,0" weaponHeavy="1,0" weaponLight="1,0" weaponRange="1,0" skill_miBao="1,0" autoFight="1,0" pause="1,0" dodge="1,0" defaultWeapon="1" broadcastable="1" />
<PveFunctionOpen id="110303" levelType="1" joystick="1,0" attack="1,0" skill_light_1="1,0" skill_light_2="1,0" skill_heavy_1="1,0" skill_heavy_2="1,0" skill_ranged_1="1,0" skill_ranged_2="1,0" weaponHeavy="1,0" weaponLight="1,0" weaponRange="1,0" skill_miBao="1,0" autoFight="1,0" pause="1,0" dodge="1,0" defaultWeapon="1" broadcastable="1" />
<PveFunctionOpen id="100304" levelType="0" joystick="1,0" attack="1,0" skill_light_1="1,0" skill_light_2="1,0" skill_heavy_1="1,0" skill_heavy_2="1,0" skill_ranged_1="1,0" skill_ranged_2="1,0" weaponHeavy="1,0" weaponLight="1,0" weaponRange="1,0" skill_miBao="1,0" autoFight="1,0" pause="1,0" dodge="1,0" defaultWeapon="1" broadcastable="1" />
<PveFunctionOpen id="100305" levelType="0" joystick="1,0" attack="1,0" skill_light_1="1,0" skill_light_2="1,0" skill_heavy_1="1,0" skill_heavy_2="1,0" skill_ranged_1="1,0" skill_ranged_2="1,0" weaponHeavy="1,0" weaponLight="1,0" weaponRange="1,0" skill_miBao="1,0" autoFight="1,0" pause="1,0" dodge="1,0" defaultWeapon="1" broadcastable="1" />
<PveFunctionOpen id="110305" levelType="1" joystick="1,0" attack="1,0" skill_light_1="1,0" skill_light_2="1,0" skill_heavy_1="1,0" skill_heavy_2="1,0" skill_ranged_1="1,0" skill_ranged_2="1,0" weaponHeavy="1,0" weaponLight="1,0" weaponRange="1,0" skill_miBao="1,0" autoFight="1,0" pause="1,0" dodge="1,0" defaultWeapon="1" broadcastable="1" />
<PveFunctionOpen id="100306" levelType="0" joystick="1,0" attack="1,0" skill_light_1="1,0" skill_light_2="1,0" skill_heavy_1="1,0" skill_heavy_2="1,0" skill_ranged_1="1,0" skill_ranged_2="1,0" weaponHeavy="1,0" weaponLight="1,0" weaponRange="1,0" skill_miBao="1,0" autoFight="1,0" pause="1,0" dodge="1,0" defaultWeapon="1" broadcastable="1" />
<PveFunctionOpen id="100307" levelType="0" joystick="1,0" attack="1,0" skill_light_1="1,0" skill_light_2="1,0" skill_heavy_1="1,0" skill_heavy_2="1,0" skill_ranged_1="1,0" skill_ranged_2="1,0" weaponHeavy="1,0" weaponLight="1,0" weaponRange="1,0" skill_miBao="1,0" autoFight="1,0" pause="1,0" dodge="1,0" defaultWeapon="1" broadcastable="1" />
<PveFunctionOpen id="110307" levelType="1" joystick="1,0" attack="1,0" skill_light_1="1,0" skill_light_2="1,0" skill_heavy_1="1,0" skill_heavy_2="1,0" skill_ranged_1="1,0" skill_ranged_2="1,0" weaponHeavy="1,0" weaponLight="1,0" weaponRange="1,0" skill_miBao="1,0" autoFight="1,0" pause="1,0" dodge="1,0" defaultWeapon="1" broadcastable="1" />

<PveFunctionOpen id="100401" levelType="0" joystick="1,0" attack="1,0" skill_light_1="1,0" skill_light_2="1,0" skill_heavy_1="1,0" skill_heavy_2="1,0" skill_ranged_1="1,0" skill_ranged_2="1,0" weaponHeavy="1,0" weaponLight="1,0" weaponRange="1,0" skill_miBao="1,0" autoFight="1,0" pause="1,0" dodge="1,0" defaultWeapon="1" broadcastable="1" />
<PveFunctionOpen id="100402" levelType="0" joystick="1,0" attack="1,0" skill_light_1="1,0" skill_light_2="1,0" skill_heavy_1="1,0" skill_heavy_2="1,0" skill_ranged_1="1,0" skill_ranged_2="1,0" weaponHeavy="1,0" weaponLight="1,0" weaponRange="1,0" skill_miBao="1,0" autoFight="1,0" pause="1,0" dodge="1,0" defaultWeapon="1" broadcastable="1" />
<PveFunctionOpen id="100403" levelType="0" joystick="1,0" attack="1,0" skill_light_1="1,0" skill_light_2="1,0" skill_heavy_1="1,0" skill_heavy_2="1,0" skill_ranged_1="1,0" skill_ranged_2="1,0" weaponHeavy="1,0" weaponLight="1,0" weaponRange="1,0" skill_miBao="1,0" autoFight="1,0" pause="1,0" dodge="1,0" defaultWeapon="1" broadcastable="1" />
<PveFunctionOpen id="110403" levelType="1" joystick="1,0" attack="1,0" skill_light_1="1,0" skill_light_2="1,0" skill_heavy_1="1,0" skill_heavy_2="1,0" skill_ranged_1="1,0" skill_ranged_2="1,0" weaponHeavy="1,0" weaponLight="1,0" weaponRange="1,0" skill_miBao="1,0" autoFight="1,0" pause="1,0" dodge="1,0" defaultWeapon="1" broadcastable="1" />
<PveFunctionOpen id="100404" levelType="0" joystick="1,0" attack="1,0" skill_light_1="1,0" skill_light_2="1,0" skill_heavy_1="1,0" skill_heavy_2="1,0" skill_ranged_1="1,0" skill_ranged_2="1,0" weaponHeavy="1,0" weaponLight="1,0" weaponRange="1,0" skill_miBao="1,0" autoFight="1,0" pause="1,0" dodge="1,0" defaultWeapon="1" broadcastable="1" />
<PveFunctionOpen id="100405" levelType="0" joystick="1,0" attack="1,0" skill_light_1="1,0" skill_light_2="1,0" skill_heavy_1="1,0" skill_heavy_2="1,0" skill_ranged_1="1,0" skill_ranged_2="1,0" weaponHeavy="1,0" weaponLight="1,0" weaponRange="1,0" skill_miBao="1,0" autoFight="1,0" pause="1,0" dodge="1,0" defaultWeapon="1" broadcastable="1" />
<PveFunctionOpen id="100406" levelType="0" joystick="1,0" attack="1,0" skill_light_1="1,0" skill_light_2="1,0" skill_heavy_1="1,0" skill_heavy_2="1,0" skill_ranged_1="1,0" skill_ranged_2="1,0" weaponHeavy="1,0" weaponLight="1,0" weaponRange="1,0" skill_miBao="1,0" autoFight="1,0" pause="1,0" dodge="1,0" defaultWeapon="1" broadcastable="1" />
<PveFunctionOpen id="110406" levelType="1" joystick="1,0" attack="1,0" skill_light_1="1,0" skill_light_2="1,0" skill_heavy_1="1,0" skill_heavy_2="1,0" skill_ranged_1="1,0" skill_ranged_2="1,0" weaponHeavy="1,0" weaponLight="1,0" weaponRange="1,0" skill_miBao="1,0" autoFight="1,0" pause="1,0" dodge="1,0" defaultWeapon="1" broadcastable="1" />
<PveFunctionOpen id="100407" levelType="0" joystick="1,0" attack="1,0" skill_light_1="1,0" skill_light_2="1,0" skill_heavy_1="1,0" skill_heavy_2="1,0" skill_ranged_1="1,0" skill_ranged_2="1,0" weaponHeavy="1,0" weaponLight="1,0" weaponRange="1,0" skill_miBao="1,0" autoFight="1,0" pause="1,0" dodge="1,0" defaultWeapon="1" broadcastable="1" />
<PveFunctionOpen id="100408" levelType="0" joystick="1,0" attack="1,0" skill_light_1="1,0" skill_light_2="1,0" skill_heavy_1="1,0" skill_heavy_2="1,0" skill_ranged_1="1,0" skill_ranged_2="1,0" weaponHeavy="1,0" weaponLight="1,0" weaponRange="1,0" skill_miBao="1,0" autoFight="1,0" pause="1,0" dodge="1,0" defaultWeapon="1" broadcastable="1" />
<PveFunctionOpen id="100409" levelType="0" joystick="1,0" attack="1,0" skill_light_1="1,0" skill_light_2="1,0" skill_heavy_1="1,0" skill_heavy_2="1,0" skill_ranged_1="1,0" skill_ranged_2="1,0" weaponHeavy="1,0" weaponLight="1,0" weaponRange="1,0" skill_miBao="1,0" autoFight="1,0" pause="1,0" dodge="1,0" defaultWeapon="1" broadcastable="1" />
<PveFunctionOpen id="110409" levelType="1" joystick="1,0" attack="1,0" skill_light_1="1,0" skill_light_2="1,0" skill_heavy_1="1,0" skill_heavy_2="1,0" skill_ranged_1="1,0" skill_ranged_2="1,0" weaponHeavy="1,0" weaponLight="1,0" weaponRange="1,0" skill_miBao="1,0" autoFight="1,0" pause="1,0" dodge="1,0" defaultWeapon="1" broadcastable="1" />

<PveFunctionOpen id="100501" levelType="0" joystick="1,0" attack="1,0" skill_light_1="1,0" skill_light_2="1,0" skill_heavy_1="1,0" skill_heavy_2="1,0" skill_ranged_1="1,0" skill_ranged_2="1,0" weaponHeavy="1,0" weaponLight="1,0" weaponRange="1,0" skill_miBao="1,0" autoFight="1,0" pause="1,0" dodge="1,0" defaultWeapon="1" broadcastable="1" />
<PveFunctionOpen id="100502" levelType="0" joystick="1,0" attack="1,0" skill_light_1="1,0" skill_light_2="1,0" skill_heavy_1="1,0" skill_heavy_2="1,0" skill_ranged_1="1,0" skill_ranged_2="1,0" weaponHeavy="1,0" weaponLight="1,0" weaponRange="1,0" skill_miBao="1,0" autoFight="1,0" pause="1,0" dodge="1,0" defaultWeapon="1" broadcastable="1" />
<PveFunctionOpen id="100503" levelType="0" joystick="1,0" attack="1,0" skill_light_1="1,0" skill_light_2="1,0" skill_heavy_1="1,0" skill_heavy_2="1,0" skill_ranged_1="1,0" skill_ranged_2="1,0" weaponHeavy="1,0" weaponLight="1,0" weaponRange="1,0" skill_miBao="1,0" autoFight="1,0" pause="1,0" dodge="1,0" defaultWeapon="1" broadcastable="1" />
<PveFunctionOpen id="110503" levelType="1" joystick="1,0" attack="1,0" skill_light_1="1,0" skill_light_2="1,0" skill_heavy_1="1,0" skill_heavy_2="1,0" skill_ranged_1="1,0" skill_ranged_2="1,0" weaponHeavy="1,0" weaponLight="1,0" weaponRange="1,0" skill_miBao="1,0" autoFight="1,0" pause="1,0" dodge="1,0" defaultWeapon="1" broadcastable="1" />
<PveFunctionOpen id="100504" levelType="0" joystick="1,0" attack="1,0" skill_light_1="1,0" skill_light_2="1,0" skill_heavy_1="1,0" skill_heavy_2="1,0" skill_ranged_1="1,0" skill_ranged_2="1,0" weaponHeavy="1,0" weaponLight="1,0" weaponRange="1,0" skill_miBao="1,0" autoFight="1,0" pause="1,0" dodge="1,0" defaultWeapon="1" broadcastable="1" />
<PveFunctionOpen id="100505" levelType="0" joystick="1,0" attack="1,0" skill_light_1="1,0" skill_light_2="1,0" skill_heavy_1="1,0" skill_heavy_2="1,0" skill_ranged_1="1,0" skill_ranged_2="1,0" weaponHeavy="1,0" weaponLight="1,0" weaponRange="1,0" skill_miBao="1,0" autoFight="1,0" pause="1,0" dodge="1,0" defaultWeapon="1" broadcastable="1" />
<PveFunctionOpen id="100506" levelType="0" joystick="1,0" attack="1,0" skill_light_1="1,0" skill_light_2="1,0" skill_heavy_1="1,0" skill_heavy_2="1,0" skill_ranged_1="1,0" skill_ranged_2="1,0" weaponHeavy="1,0" weaponLight="1,0" weaponRange="1,0" skill_miBao="1,0" autoFight="1,0" pause="1,0" dodge="1,0" defaultWeapon="1" broadcastable="1" />
<PveFunctionOpen id="110506" levelType="1" joystick="1,0" attack="1,0" skill_light_1="1,0" skill_light_2="1,0" skill_heavy_1="1,0" skill_heavy_2="1,0" skill_ranged_1="1,0" skill_ranged_2="1,0" weaponHeavy="1,0" weaponLight="1,0" weaponRange="1,0" skill_miBao="1,0" autoFight="1,0" pause="1,0" dodge="1,0" defaultWeapon="1" broadcastable="1" />
<PveFunctionOpen id="100507" levelType="0" joystick="1,0" attack="1,0" skill_light_1="1,0" skill_light_2="1,0" skill_heavy_1="1,0" skill_heavy_2="1,0" skill_ranged_1="1,0" skill_ranged_2="1,0" weaponHeavy="1,0" weaponLight="1,0" weaponRange="1,0" skill_miBao="1,0" autoFight="1,0" pause="1,0" dodge="1,0" defaultWeapon="1" broadcastable="1" />
<PveFunctionOpen id="100508" levelType="0" joystick="1,0" attack="1,0" skill_light_1="1,0" skill_light_2="1,0" skill_heavy_1="1,0" skill_heavy_2="1,0" skill_ranged_1="1,0" skill_ranged_2="1,0" weaponHeavy="1,0" weaponLight="1,0" weaponRange="1,0" skill_miBao="1,0" autoFight="1,0" pause="1,0" dodge="1,0" defaultWeapon="1" broadcastable="1" />
<PveFunctionOpen id="100509" levelType="0" joystick="1,0" attack="1,0" skill_light_1="1,0" skill_light_2="1,0" skill_heavy_1="1,0" skill_heavy_2="1,0" skill_ranged_1="1,0" skill_ranged_2="1,0" weaponHeavy="1,0" weaponLight="1,0" weaponRange="1,0" skill_miBao="1,0" autoFight="1,0" pause="1,0" dodge="1,0" defaultWeapon="1" broadcastable="1" />
<PveFunctionOpen id="110509" levelType="1" joystick="1,0" attack="1,0" skill_light_1="1,0" skill_light_2="1,0" skill_heavy_1="1,0" skill_heavy_2="1,0" skill_ranged_1="1,0" skill_ranged_2="1,0" weaponHeavy="1,0" weaponLight="1,0" weaponRange="1,0" skill_miBao="1,0" autoFight="1,0" pause="1,0" dodge="1,0" defaultWeapon="1" broadcastable="1" />

<PveFunctionOpen id="100601" levelType="0" joystick="1,0" attack="1,0" skill_light_1="1,0" skill_light_2="1,0" skill_heavy_1="1,0" skill_heavy_2="1,0" skill_ranged_1="1,0" skill_ranged_2="1,0" weaponHeavy="1,0" weaponLight="1,0" weaponRange="1,0" skill_miBao="1,0" autoFight="1,0" pause="1,0" dodge="1,0" defaultWeapon="1" broadcastable="1" />
<PveFunctionOpen id="100602" levelType="0" joystick="1,0" attack="1,0" skill_light_1="1,0" skill_light_2="1,0" skill_heavy_1="1,0" skill_heavy_2="1,0" skill_ranged_1="1,0" skill_ranged_2="1,0" weaponHeavy="1,0" weaponLight="1,0" weaponRange="1,0" skill_miBao="1,0" autoFight="1,0" pause="1,0" dodge="1,0" defaultWeapon="1" broadcastable="1" />
<PveFunctionOpen id="100603" levelType="0" joystick="1,0" attack="1,0" skill_light_1="1,0" skill_light_2="1,0" skill_heavy_1="1,0" skill_heavy_2="1,0" skill_ranged_1="1,0" skill_ranged_2="1,0" weaponHeavy="1,0" weaponLight="1,0" weaponRange="1,0" skill_miBao="1,0" autoFight="1,0" pause="1,0" dodge="1,0" defaultWeapon="1" broadcastable="1" />
<PveFunctionOpen id="110603" levelType="1" joystick="1,0" attack="1,0" skill_light_1="1,0" skill_light_2="1,0" skill_heavy_1="1,0" skill_heavy_2="1,0" skill_ranged_1="1,0" skill_ranged_2="1,0" weaponHeavy="1,0" weaponLight="1,0" weaponRange="1,0" skill_miBao="1,0" autoFight="1,0" pause="1,0" dodge="1,0" defaultWeapon="1" broadcastable="1" />
<PveFunctionOpen id="100604" levelType="0" joystick="1,0" attack="1,0" skill_light_1="1,0" skill_light_2="1,0" skill_heavy_1="1,0" skill_heavy_2="1,0" skill_ranged_1="1,0" skill_ranged_2="1,0" weaponHeavy="1,0" weaponLight="1,0" weaponRange="1,0" skill_miBao="1,0" autoFight="1,0" pause="1,0" dodge="1,0" defaultWeapon="1" broadcastable="1" />
<PveFunctionOpen id="100605" levelType="0" joystick="1,0" attack="1,0" skill_light_1="1,0" skill_light_2="1,0" skill_heavy_1="1,0" skill_heavy_2="1,0" skill_ranged_1="1,0" skill_ranged_2="1,0" weaponHeavy="1,0" weaponLight="1,0" weaponRange="1,0" skill_miBao="1,0" autoFight="1,0" pause="1,0" dodge="1,0" defaultWeapon="1" broadcastable="1" />
<PveFunctionOpen id="100606" levelType="0" joystick="1,0" attack="1,0" skill_light_1="1,0" skill_light_2="1,0" skill_heavy_1="1,0" skill_heavy_2="1,0" skill_ranged_1="1,0" skill_ranged_2="1,0" weaponHeavy="1,0" weaponLight="1,0" weaponRange="1,0" skill_miBao="1,0" autoFight="1,0" pause="1,0" dodge="1,0" defaultWeapon="1" broadcastable="1" />
<PveFunctionOpen id="110606" levelType="1" joystick="1,0" attack="1,0" skill_light_1="1,0" skill_light_2="1,0" skill_heavy_1="1,0" skill_heavy_2="1,0" skill_ranged_1="1,0" skill_ranged_2="1,0" weaponHeavy="1,0" weaponLight="1,0" weaponRange="1,0" skill_miBao="1,0" autoFight="1,0" pause="1,0" dodge="1,0" defaultWeapon="1" broadcastable="1" />
<PveFunctionOpen id="100607" levelType="0" joystick="1,0" attack="1,0" skill_light_1="1,0" skill_light_2="1,0" skill_heavy_1="1,0" skill_heavy_2="1,0" skill_ranged_1="1,0" skill_ranged_2="1,0" weaponHeavy="1,0" weaponLight="1,0" weaponRange="1,0" skill_miBao="1,0" autoFight="1,0" pause="1,0" dodge="1,0" defaultWeapon="1" broadcastable="1" />
<PveFunctionOpen id="100608" levelType="0" joystick="1,0" attack="1,0" skill_light_1="1,0" skill_light_2="1,0" skill_heavy_1="1,0" skill_heavy_2="1,0" skill_ranged_1="1,0" skill_ranged_2="1,0" weaponHeavy="1,0" weaponLight="1,0" weaponRange="1,0" skill_miBao="1,0" autoFight="1,0" pause="1,0" dodge="1,0" defaultWeapon="1" broadcastable="1" />
<PveFunctionOpen id="100609" levelType="0" joystick="1,0" attack="1,0" skill_light_1="1,0" skill_light_2="1,0" skill_heavy_1="1,0" skill_heavy_2="1,0" skill_ranged_1="1,0" skill_ranged_2="1,0" weaponHeavy="1,0" weaponLight="1,0" weaponRange="1,0" skill_miBao="1,0" autoFight="1,0" pause="1,0" dodge="1,0" defaultWeapon="1" broadcastable="1" />
<PveFunctionOpen id="110609" levelType="1" joystick="1,0" attack="1,0" skill_light_1="1,0" skill_light_2="1,0" skill_heavy_1="1,0" skill_heavy_2="1,0" skill_ranged_1="1,0" skill_ranged_2="1,0" weaponHeavy="1,0" weaponLight="1,0" weaponRange="1,0" skill_miBao="1,0" autoFight="1,0" pause="1,0" dodge="1,0" defaultWeapon="1" broadcastable="1" />

<PveFunctionOpen id="100701" levelType="0" joystick="1,0" attack="1,0" skill_light_1="1,0" skill_light_2="1,0" skill_heavy_1="1,0" skill_heavy_2="1,0" skill_ranged_1="1,0" skill_ranged_2="1,0" weaponHeavy="1,0" weaponLight="1,0" weaponRange="1,0" skill_miBao="1,0" autoFight="1,0" pause="1,0" dodge="1,0" defaultWeapon="1" broadcastable="1" />
<PveFunctionOpen id="100702" levelType="0" joystick="1,0" attack="1,0" skill_light_1="1,0" skill_light_2="1,0" skill_heavy_1="1,0" skill_heavy_2="1,0" skill_ranged_1="1,0" skill_ranged_2="1,0" weaponHeavy="1,0" weaponLight="1,0" weaponRange="1,0" skill_miBao="1,0" autoFight="1,0" pause="1,0" dodge="1,0" defaultWeapon="1" broadcastable="1" />
<PveFunctionOpen id="100703" levelType="0" joystick="1,0" attack="1,0" skill_light_1="1,0" skill_light_2="1,0" skill_heavy_1="1,0" skill_heavy_2="1,0" skill_ranged_1="1,0" skill_ranged_2="1,0" weaponHeavy="1,0" weaponLight="1,0" weaponRange="1,0" skill_miBao="1,0" autoFight="1,0" pause="1,0" dodge="1,0" defaultWeapon="1" broadcastable="1" />
<PveFunctionOpen id="110703" levelType="1" joystick="1,0" attack="1,0" skill_light_1="1,0" skill_light_2="1,0" skill_heavy_1="1,0" skill_heavy_2="1,0" skill_ranged_1="1,0" skill_ranged_2="1,0" weaponHeavy="1,0" weaponLight="1,0" weaponRange="1,0" skill_miBao="1,0" autoFight="1,0" pause="1,0" dodge="1,0" defaultWeapon="1" broadcastable="1" />
<PveFunctionOpen id="100704" levelType="0" joystick="1,0" attack="1,0" skill_light_1="1,0" skill_light_2="1,0" skill_heavy_1="1,0" skill_heavy_2="1,0" skill_ranged_1="1,0" skill_ranged_2="1,0" weaponHeavy="1,0" weaponLight="1,0" weaponRange="1,0" skill_miBao="1,0" autoFight="1,0" pause="1,0" dodge="1,0" defaultWeapon="1" broadcastable="1" />
<PveFunctionOpen id="100705" levelType="0" joystick="1,0" attack="1,0" skill_light_1="1,0" skill_light_2="1,0" skill_heavy_1="1,0" skill_heavy_2="1,0" skill_ranged_1="1,0" skill_ranged_2="1,0" weaponHeavy="1,0" weaponLight="1,0" weaponRange="1,0" skill_miBao="1,0" autoFight="1,0" pause="1,0" dodge="1,0" defaultWeapon="1" broadcastable="1" />
<PveFunctionOpen id="100706" levelType="0" joystick="1,0" attack="1,0" skill_light_1="1,0" skill_light_2="1,0" skill_heavy_1="1,0" skill_heavy_2="1,0" skill_ranged_1="1,0" skill_ranged_2="1,0" weaponHeavy="1,0" weaponLight="1,0" weaponRange="1,0" skill_miBao="1,0" autoFight="1,0" pause="1,0" dodge="1,0" defaultWeapon="1" broadcastable="1" />
<PveFunctionOpen id="110706" levelType="1" joystick="1,0" attack="1,0" skill_light_1="1,0" skill_light_2="1,0" skill_heavy_1="1,0" skill_heavy_2="1,0" skill_ranged_1="1,0" skill_ranged_2="1,0" weaponHeavy="1,0" weaponLight="1,0" weaponRange="1,0" skill_miBao="1,0" autoFight="1,0" pause="1,0" dodge="1,0" defaultWeapon="1" broadcastable="1" />
<PveFunctionOpen id="100707" levelType="0" joystick="1,0" attack="1,0" skill_light_1="1,0" skill_light_2="1,0" skill_heavy_1="1,0" skill_heavy_2="1,0" skill_ranged_1="1,0" skill_ranged_2="1,0" weaponHeavy="1,0" weaponLight="1,0" weaponRange="1,0" skill_miBao="1,0" autoFight="1,0" pause="1,0" dodge="1,0" defaultWeapon="1" broadcastable="1" />
<PveFunctionOpen id="100708" levelType="0" joystick="1,0" attack="1,0" skill_light_1="1,0" skill_light_2="1,0" skill_heavy_1="1,0" skill_heavy_2="1,0" skill_ranged_1="1,0" skill_ranged_2="1,0" weaponHeavy="1,0" weaponLight="1,0" weaponRange="1,0" skill_miBao="1,0" autoFight="1,0" pause="1,0" dodge="1,0" defaultWeapon="1" broadcastable="1" />
<PveFunctionOpen id="100709" levelType="0" joystick="1,0" attack="1,0" skill_light_1="1,0" skill_light_2="1,0" skill_heavy_1="1,0" skill_heavy_2="1,0" skill_ranged_1="1,0" skill_ranged_2="1,0" weaponHeavy="1,0" weaponLight="1,0" weaponRange="1,0" skill_miBao="1,0" autoFight="1,0" pause="1,0" dodge="1,0" defaultWeapon="1" broadcastable="1" />
<PveFunctionOpen id="110709" levelType="1" joystick="1,0" attack="1,0" skill_light_1="1,0" skill_light_2="1,0" skill_heavy_1="1,0" skill_heavy_2="1,0" skill_ranged_1="1,0" skill_ranged_2="1,0" weaponHeavy="1,0" weaponLight="1,0" weaponRange="1,0" skill_miBao="1,0" autoFight="1,0" pause="1,0" dodge="1,0" defaultWeapon="1" broadcastable="1" />

<PveFunctionOpen id="100801" levelType="0" joystick="1,0" attack="1,0" skill_light_1="1,0" skill_light_2="1,0" skill_heavy_1="1,0" skill_heavy_2="1,0" skill_ranged_1="1,0" skill_ranged_2="1,0" weaponHeavy="1,0" weaponLight="1,0" weaponRange="1,0" skill_miBao="1,0" autoFight="1,0" pause="1,0" dodge="1,0" defaultWeapon="1" broadcastable="1" />
<PveFunctionOpen id="100802" levelType="0" joystick="1,0" attack="1,0" skill_light_1="1,0" skill_light_2="1,0" skill_heavy_1="1,0" skill_heavy_2="1,0" skill_ranged_1="1,0" skill_ranged_2="1,0" weaponHeavy="1,0" weaponLight="1,0" weaponRange="1,0" skill_miBao="1,0" autoFight="1,0" pause="1,0" dodge="1,0" defaultWeapon="1" broadcastable="1" />
<PveFunctionOpen id="100803" levelType="0" joystick="1,0" attack="1,0" skill_light_1="1,0" skill_light_2="1,0" skill_heavy_1="1,0" skill_heavy_2="1,0" skill_ranged_1="1,0" skill_ranged_2="1,0" weaponHeavy="1,0" weaponLight="1,0" weaponRange="1,0" skill_miBao="1,0" autoFight="1,0" pause="1,0" dodge="1,0" defaultWeapon="1" broadcastable="1" />
<PveFunctionOpen id="110803" levelType="1" joystick="1,0" attack="1,0" skill_light_1="1,0" skill_light_2="1,0" skill_heavy_1="1,0" skill_heavy_2="1,0" skill_ranged_1="1,0" skill_ranged_2="1,0" weaponHeavy="1,0" weaponLight="1,0" weaponRange="1,0" skill_miBao="1,0" autoFight="1,0" pause="1,0" dodge="1,0" defaultWeapon="1" broadcastable="1" />
<PveFunctionOpen id="100804" levelType="0" joystick="1,0" attack="1,0" skill_light_1="1,0" skill_light_2="1,0" skill_heavy_1="1,0" skill_heavy_2="1,0" skill_ranged_1="1,0" skill_ranged_2="1,0" weaponHeavy="1,0" weaponLight="1,0" weaponRange="1,0" skill_miBao="1,0" autoFight="1,0" pause="1,0" dodge="1,0" defaultWeapon="1" broadcastable="1" />
<PveFunctionOpen id="100805" levelType="0" joystick="1,0" attack="1,0" skill_light_1="1,0" skill_light_2="1,0" skill_heavy_1="1,0" skill_heavy_2="1,0" skill_ranged_1="1,0" skill_ranged_2="1,0" weaponHeavy="1,0" weaponLight="1,0" weaponRange="1,0" skill_miBao="1,0" autoFight="1,0" pause="1,0" dodge="1,0" defaultWeapon="1" broadcastable="1" />
<PveFunctionOpen id="100806" levelType="0" joystick="1,0" attack="1,0" skill_light_1="1,0" skill_light_2="1,0" skill_heavy_1="1,0" skill_heavy_2="1,0" skill_ranged_1="1,0" skill_ranged_2="1,0" weaponHeavy="1,0" weaponLight="1,0" weaponRange="1,0" skill_miBao="1,0" autoFight="1,0" pause="1,0" dodge="1,0" defaultWeapon="1" broadcastable="1" />
<PveFunctionOpen id="110806" levelType="1" joystick="1,0" attack="1,0" skill_light_1="1,0" skill_light_2="1,0" skill_heavy_1="1,0" skill_heavy_2="1,0" skill_ranged_1="1,0" skill_ranged_2="1,0" weaponHeavy="1,0" weaponLight="1,0" weaponRange="1,0" skill_miBao="1,0" autoFight="1,0" pause="1,0" dodge="1,0" defaultWeapon="1" broadcastable="1" />
<PveFunctionOpen id="100807" levelType="0" joystick="1,0" attack="1,0" skill_light_1="1,0" skill_light_2="1,0" skill_heavy_1="1,0" skill_heavy_2="1,0" skill_ranged_1="1,0" skill_ranged_2="1,0" weaponHeavy="1,0" weaponLight="1,0" weaponRange="1,0" skill_miBao="1,0" autoFight="1,0" pause="1,0" dodge="1,0" defaultWeapon="1" broadcastable="1" />
<PveFunctionOpen id="100808" levelType="0" joystick="1,0" attack="1,0" skill_light_1="1,0" skill_light_2="1,0" skill_heavy_1="1,0" skill_heavy_2="1,0" skill_ranged_1="1,0" skill_ranged_2="1,0" weaponHeavy="1,0" weaponLight="1,0" weaponRange="1,0" skill_miBao="1,0" autoFight="1,0" pause="1,0" dodge="1,0" defaultWeapon="1" broadcastable="1" />
<PveFunctionOpen id="100809" levelType="0" joystick="1,0" attack="1,0" skill_light_1="1,0" skill_light_2="1,0" skill_heavy_1="1,0" skill_heavy_2="1,0" skill_ranged_1="1,0" skill_ranged_2="1,0" weaponHeavy="1,0" weaponLight="1,0" weaponRange="1,0" skill_miBao="1,0" autoFight="1,0" pause="1,0" dodge="1,0" defaultWeapon="1" broadcastable="1" />
<PveFunctionOpen id="110809" levelType="1" joystick="1,0" attack="1,0" skill_light_1="1,0" skill_light_2="1,0" skill_heavy_1="1,0" skill_heavy_2="1,0" skill_ranged_1="1,0" skill_ranged_2="1,0" weaponHeavy="1,0" weaponLight="1,0" weaponRange="1,0" skill_miBao="1,0" autoFight="1,0" pause="1,0" dodge="1,0" defaultWeapon="1" broadcastable="1" />

<PveFunctionOpen id="100901" levelType="0" joystick="1,0" attack="1,0" skill_light_1="1,0" skill_light_2="1,0" skill_heavy_1="1,0" skill_heavy_2="1,0" skill_ranged_1="1,0" skill_ranged_2="1,0" weaponHeavy="1,0" weaponLight="1,0" weaponRange="1,0" skill_miBao="1,0" autoFight="1,0" pause="1,0" dodge="1,0" defaultWeapon="1" broadcastable="1" />
<PveFunctionOpen id="100902" levelType="0" joystick="1,0" attack="1,0" skill_light_1="1,0" skill_light_2="1,0" skill_heavy_1="1,0" skill_heavy_2="1,0" skill_ranged_1="1,0" skill_ranged_2="1,0" weaponHeavy="1,0" weaponLight="1,0" weaponRange="1,0" skill_miBao="1,0" autoFight="1,0" pause="1,0" dodge="1,0" defaultWeapon="1" broadcastable="1" />
<PveFunctionOpen id="100903" levelType="0" joystick="1,0" attack="1,0" skill_light_1="1,0" skill_light_2="1,0" skill_heavy_1="1,0" skill_heavy_2="1,0" skill_ranged_1="1,0" skill_ranged_2="1,0" weaponHeavy="1,0" weaponLight="1,0" weaponRange="1,0" skill_miBao="1,0" autoFight="1,0" pause="1,0" dodge="1,0" defaultWeapon="1" broadcastable="1" />
<PveFunctionOpen id="110903" levelType="1" joystick="1,0" attack="1,0" skill_light_1="1,0" skill_light_2="1,0" skill_heavy_1="1,0" skill_heavy_2="1,0" skill_ranged_1="1,0" skill_ranged_2="1,0" weaponHeavy="1,0" weaponLight="1,0" weaponRange="1,0" skill_miBao="1,0" autoFight="1,0" pause="1,0" dodge="1,0" defaultWeapon="1" broadcastable="1" />
<PveFunctionOpen id="100904" levelType="0" joystick="1,0" attack="1,0" skill_light_1="1,0" skill_light_2="1,0" skill_heavy_1="1,0" skill_heavy_2="1,0" skill_ranged_1="1,0" skill_ranged_2="1,0" weaponHeavy="1,0" weaponLight="1,0" weaponRange="1,0" skill_miBao="1,0" autoFight="1,0" pause="1,0" dodge="1,0" defaultWeapon="1" broadcastable="1" />
<PveFunctionOpen id="100905" levelType="0" joystick="1,0" attack="1,0" skill_light_1="1,0" skill_light_2="1,0" skill_heavy_1="1,0" skill_heavy_2="1,0" skill_ranged_1="1,0" skill_ranged_2="1,0" weaponHeavy="1,0" weaponLight="1,0" weaponRange="1,0" skill_miBao="1,0" autoFight="1,0" pause="1,0" dodge="1,0" defaultWeapon="1" broadcastable="1" />
<PveFunctionOpen id="100906" levelType="0" joystick="1,0" attack="1,0" skill_light_1="1,0" skill_light_2="1,0" skill_heavy_1="1,0" skill_heavy_2="1,0" skill_ranged_1="1,0" skill_ranged_2="1,0" weaponHeavy="1,0" weaponLight="1,0" weaponRange="1,0" skill_miBao="1,0" autoFight="1,0" pause="1,0" dodge="1,0" defaultWeapon="1" broadcastable="1" />
<PveFunctionOpen id="110906" levelType="1" joystick="1,0" attack="1,0" skill_light_1="1,0" skill_light_2="1,0" skill_heavy_1="1,0" skill_heavy_2="1,0" skill_ranged_1="1,0" skill_ranged_2="1,0" weaponHeavy="1,0" weaponLight="1,0" weaponRange="1,0" skill_miBao="1,0" autoFight="1,0" pause="1,0" dodge="1,0" defaultWeapon="1" broadcastable="1" />
<PveFunctionOpen id="100907" levelType="0" joystick="1,0" attack="1,0" skill_light_1="1,0" skill_light_2="1,0" skill_heavy_1="1,0" skill_heavy_2="1,0" skill_ranged_1="1,0" skill_ranged_2="1,0" weaponHeavy="1,0" weaponLight="1,0" weaponRange="1,0" skill_miBao="1,0" autoFight="1,0" pause="1,0" dodge="1,0" defaultWeapon="1" broadcastable="1" />
<PveFunctionOpen id="100908" levelType="0" joystick="1,0" attack="1,0" skill_light_1="1,0" skill_light_2="1,0" skill_heavy_1="1,0" skill_heavy_2="1,0" skill_ranged_1="1,0" skill_ranged_2="1,0" weaponHeavy="1,0" weaponLight="1,0" weaponRange="1,0" skill_miBao="1,0" autoFight="1,0" pause="1,0" dodge="1,0" defaultWeapon="1" broadcastable="1" />
<PveFunctionOpen id="100909" levelType="0" joystick="1,0" attack="1,0" skill_light_1="1,0" skill_light_2="1,0" skill_heavy_1="1,0" skill_heavy_2="1,0" skill_ranged_1="1,0" skill_ranged_2="1,0" weaponHeavy="1,0" weaponLight="1,0" weaponRange="1,0" skill_miBao="1,0" autoFight="1,0" pause="1,0" dodge="1,0" defaultWeapon="1" broadcastable="1" />
<PveFunctionOpen id="110909" levelType="1" joystick="1,0" attack="1,0" skill_light_1="1,0" skill_light_2="1,0" skill_heavy_1="1,0" skill_heavy_2="1,0" skill_ranged_1="1,0" skill_ranged_2="1,0" weaponHeavy="1,0" weaponLight="1,0" weaponRange="1,0" skill_miBao="1,0" autoFight="1,0" pause="1,0" dodge="1,0" defaultWeapon="1" broadcastable="1" />

<PveFunctionOpen id="101001" levelType="0" joystick="1,0" attack="1,0" skill_light_1="1,0" skill_light_2="1,0" skill_heavy_1="1,0" skill_heavy_2="1,0" skill_ranged_1="1,0" skill_ranged_2="1,0" weaponHeavy="1,0" weaponLight="1,0" weaponRange="1,0" skill_miBao="1,0" autoFight="1,0" pause="1,0" dodge="1,0" defaultWeapon="1" broadcastable="1" />
<PveFunctionOpen id="101002" levelType="0" joystick="1,0" attack="1,0" skill_light_1="1,0" skill_light_2="1,0" skill_heavy_1="1,0" skill_heavy_2="1,0" skill_ranged_1="1,0" skill_ranged_2="1,0" weaponHeavy="1,0" weaponLight="1,0" weaponRange="1,0" skill_miBao="1,0" autoFight="1,0" pause="1,0" dodge="1,0" defaultWeapon="1" broadcastable="1" />
<PveFunctionOpen id="101003" levelType="0" joystick="1,0" attack="1,0" skill_light_1="1,0" skill_light_2="1,0" skill_heavy_1="1,0" skill_heavy_2="1,0" skill_ranged_1="1,0" skill_ranged_2="1,0" weaponHeavy="1,0" weaponLight="1,0" weaponRange="1,0" skill_miBao="1,0" autoFight="1,0" pause="1,0" dodge="1,0" defaultWeapon="1" broadcastable="1" />
<PveFunctionOpen id="111003" levelType="1" joystick="1,0" attack="1,0" skill_light_1="1,0" skill_light_2="1,0" skill_heavy_1="1,0" skill_heavy_2="1,0" skill_ranged_1="1,0" skill_ranged_2="1,0" weaponHeavy="1,0" weaponLight="1,0" weaponRange="1,0" skill_miBao="1,0" autoFight="1,0" pause="1,0" dodge="1,0" defaultWeapon="1" broadcastable="1" />
<PveFunctionOpen id="101004" levelType="0" joystick="1,0" attack="1,0" skill_light_1="1,0" skill_light_2="1,0" skill_heavy_1="1,0" skill_heavy_2="1,0" skill_ranged_1="1,0" skill_ranged_2="1,0" weaponHeavy="1,0" weaponLight="1,0" weaponRange="1,0" skill_miBao="1,0" autoFight="1,0" pause="1,0" dodge="1,0" defaultWeapon="1" broadcastable="1" />
<PveFunctionOpen id="101005" levelType="0" joystick="1,0" attack="1,0" skill_light_1="1,0" skill_light_2="1,0" skill_heavy_1="1,0" skill_heavy_2="1,0" skill_ranged_1="1,0" skill_ranged_2="1,0" weaponHeavy="1,0" weaponLight="1,0" weaponRange="1,0" skill_miBao="1,0" autoFight="1,0" pause="1,0" dodge="1,0" defaultWeapon="1" broadcastable="1" />
<PveFunctionOpen id="101006" levelType="0" joystick="1,0" attack="1,0" skill_light_1="1,0" skill_light_2="1,0" skill_heavy_1="1,0" skill_heavy_2="1,0" skill_ranged_1="1,0" skill_ranged_2="1,0" weaponHeavy="1,0" weaponLight="1,0" weaponRange="1,0" skill_miBao="1,0" autoFight="1,0" pause="1,0" dodge="1,0" defaultWeapon="1" broadcastable="1" />
<PveFunctionOpen id="111006" levelType="1" joystick="1,0" attack="1,0" skill_light_1="1,0" skill_light_2="1,0" skill_heavy_1="1,0" skill_heavy_2="1,0" skill_ranged_1="1,0" skill_ranged_2="1,0" weaponHeavy="1,0" weaponLight="1,0" weaponRange="1,0" skill_miBao="1,0" autoFight="1,0" pause="1,0" dodge="1,0" defaultWeapon="1" broadcastable="1" />
<PveFunctionOpen id="101007" levelType="0" joystick="1,0" attack="1,0" skill_light_1="1,0" skill_light_2="1,0" skill_heavy_1="1,0" skill_heavy_2="1,0" skill_ranged_1="1,0" skill_ranged_2="1,0" weaponHeavy="1,0" weaponLight="1,0" weaponRange="1,0" skill_miBao="1,0" autoFight="1,0" pause="1,0" dodge="1,0" defaultWeapon="1" broadcastable="1" />
<PveFunctionOpen id="101008" levelType="0" joystick="1,0" attack="1,0" skill_light_1="1,0" skill_light_2="1,0" skill_heavy_1="1,0" skill_heavy_2="1,0" skill_ranged_1="1,0" skill_ranged_2="1,0" weaponHeavy="1,0" weaponLight="1,0" weaponRange="1,0" skill_miBao="1,0" autoFight="1,0" pause="1,0" dodge="1,0" defaultWeapon="1" broadcastable="1" />
<PveFunctionOpen id="101009" levelType="0" joystick="1,0" attack="1,0" skill_light_1="1,0" skill_light_2="1,0" skill_heavy_1="1,0" skill_heavy_2="1,0" skill_ranged_1="1,0" skill_ranged_2="1,0" weaponHeavy="1,0" weaponLight="1,0" weaponRange="1,0" skill_miBao="1,0" autoFight="1,0" pause="1,0" dodge="1,0" defaultWeapon="1" broadcastable="1" />
<PveFunctionOpen id="111009" levelType="1" joystick="1,0" attack="1,0" skill_light_1="1,0" skill_light_2="1,0" skill_heavy_1="1,0" skill_heavy_2="1,0" skill_ranged_1="1,0" skill_ranged_2="1,0" weaponHeavy="1,0" weaponLight="1,0" weaponRange="1,0" skill_miBao="1,0" autoFight="1,0" pause="1,0" dodge="1,0" defaultWeapon="1" broadcastable="1" />

<PveFunctionOpen id="101101" levelType="0" joystick="1,0" attack="1,0" skill_light_1="1,0" skill_light_2="1,0" skill_heavy_1="1,0" skill_heavy_2="1,0" skill_ranged_1="1,0" skill_ranged_2="1,0" weaponHeavy="1,0" weaponLight="1,0" weaponRange="1,0" skill_miBao="1,0" autoFight="1,0" pause="1,0" dodge="1,0" defaultWeapon="1" broadcastable="1" />
<PveFunctionOpen id="101102" levelType="0" joystick="1,0" attack="1,0" skill_light_1="1,0" skill_light_2="1,0" skill_heavy_1="1,0" skill_heavy_2="1,0" skill_ranged_1="1,0" skill_ranged_2="1,0" weaponHeavy="1,0" weaponLight="1,0" weaponRange="1,0" skill_miBao="1,0" autoFight="1,0" pause="1,0" dodge="1,0" defaultWeapon="1" broadcastable="1" />
<PveFunctionOpen id="101103" levelType="0" joystick="1,0" attack="1,0" skill_light_1="1,0" skill_light_2="1,0" skill_heavy_1="1,0" skill_heavy_2="1,0" skill_ranged_1="1,0" skill_ranged_2="1,0" weaponHeavy="1,0" weaponLight="1,0" weaponRange="1,0" skill_miBao="1,0" autoFight="1,0" pause="1,0" dodge="1,0" defaultWeapon="1" broadcastable="1" />
<PveFunctionOpen id="111103" levelType="1" joystick="1,0" attack="1,0" skill_light_1="1,0" skill_light_2="1,0" skill_heavy_1="1,0" skill_heavy_2="1,0" skill_ranged_1="1,0" skill_ranged_2="1,0" weaponHeavy="1,0" weaponLight="1,0" weaponRange="1,0" skill_miBao="1,0" autoFight="1,0" pause="1,0" dodge="1,0" defaultWeapon="1" broadcastable="1" />
<PveFunctionOpen id="101104" levelType="0" joystick="1,0" attack="1,0" skill_light_1="1,0" skill_light_2="1,0" skill_heavy_1="1,0" skill_heavy_2="1,0" skill_ranged_1="1,0" skill_ranged_2="1,0" weaponHeavy="1,0" weaponLight="1,0" weaponRange="1,0" skill_miBao="1,0" autoFight="1,0" pause="1,0" dodge="1,0" defaultWeapon="1" broadcastable="1" />
<PveFunctionOpen id="101105" levelType="0" joystick="1,0" attack="1,0" skill_light_1="1,0" skill_light_2="1,0" skill_heavy_1="1,0" skill_heavy_2="1,0" skill_ranged_1="1,0" skill_ranged_2="1,0" weaponHeavy="1,0" weaponLight="1,0" weaponRange="1,0" skill_miBao="1,0" autoFight="1,0" pause="1,0" dodge="1,0" defaultWeapon="1" broadcastable="1" />
<PveFunctionOpen id="101106" levelType="0" joystick="1,0" attack="1,0" skill_light_1="1,0" skill_light_2="1,0" skill_heavy_1="1,0" skill_heavy_2="1,0" skill_ranged_1="1,0" skill_ranged_2="1,0" weaponHeavy="1,0" weaponLight="1,0" weaponRange="1,0" skill_miBao="1,0" autoFight="1,0" pause="1,0" dodge="1,0" defaultWeapon="1" broadcastable="1" />
<PveFunctionOpen id="111106" levelType="1" joystick="1,0" attack="1,0" skill_light_1="1,0" skill_light_2="1,0" skill_heavy_1="1,0" skill_heavy_2="1,0" skill_ranged_1="1,0" skill_ranged_2="1,0" weaponHeavy="1,0" weaponLight="1,0" weaponRange="1,0" skill_miBao="1,0" autoFight="1,0" pause="1,0" dodge="1,0" defaultWeapon="1" broadcastable="1" />
<PveFunctionOpen id="101107" levelType="0" joystick="1,0" attack="1,0" skill_light_1="1,0" skill_light_2="1,0" skill_heavy_1="1,0" skill_heavy_2="1,0" skill_ranged_1="1,0" skill_ranged_2="1,0" weaponHeavy="1,0" weaponLight="1,0" weaponRange="1,0" skill_miBao="1,0" autoFight="1,0" pause="1,0" dodge="1,0" defaultWeapon="1" broadcastable="1" />
<PveFunctionOpen id="101108" levelType="0" joystick="1,0" attack="1,0" skill_light_1="1,0" skill_light_2="1,0" skill_heavy_1="1,0" skill_heavy_2="1,0" skill_ranged_1="1,0" skill_ranged_2="1,0" weaponHeavy="1,0" weaponLight="1,0" weaponRange="1,0" skill_miBao="1,0" autoFight="1,0" pause="1,0" dodge="1,0" defaultWeapon="1" broadcastable="1" />
<PveFunctionOpen id="101109" levelType="0" joystick="1,0" attack="1,0" skill_light_1="1,0" skill_light_2="1,0" skill_heavy_1="1,0" skill_heavy_2="1,0" skill_ranged_1="1,0" skill_ranged_2="1,0" weaponHeavy="1,0" weaponLight="1,0" weaponRange="1,0" skill_miBao="1,0" autoFight="1,0" pause="1,0" dodge="1,0" defaultWeapon="1" broadcastable="1" />
<PveFunctionOpen id="111109" levelType="1" joystick="1,0" attack="1,0" skill_light_1="1,0" skill_light_2="1,0" skill_heavy_1="1,0" skill_heavy_2="1,0" skill_ranged_1="1,0" skill_ranged_2="1,0" weaponHeavy="1,0" weaponLight="1,0" weaponRange="1,0" skill_miBao="1,0" autoFight="1,0" pause="1,0" dodge="1,0" defaultWeapon="1" broadcastable="1" />

<PveFunctionOpen id="101201" levelType="0" joystick="1,0" attack="1,0" skill_light_1="1,0" skill_light_2="1,0" skill_heavy_1="1,0" skill_heavy_2="1,0" skill_ranged_1="1,0" skill_ranged_2="1,0" weaponHeavy="1,0" weaponLight="1,0" weaponRange="1,0" skill_miBao="1,0" autoFight="1,0" pause="1,0" dodge="1,0" defaultWeapon="1" broadcastable="1" />
<PveFunctionOpen id="101202" levelType="0" joystick="1,0" attack="1,0" skill_light_1="1,0" skill_light_2="1,0" skill_heavy_1="1,0" skill_heavy_2="1,0" skill_ranged_1="1,0" skill_ranged_2="1,0" weaponHeavy="1,0" weaponLight="1,0" weaponRange="1,0" skill_miBao="1,0" autoFight="1,0" pause="1,0" dodge="1,0" defaultWeapon="1" broadcastable="1" />
<PveFunctionOpen id="101203" levelType="0" joystick="1,0" attack="1,0" skill_light_1="1,0" skill_light_2="1,0" skill_heavy_1="1,0" skill_heavy_2="1,0" skill_ranged_1="1,0" skill_ranged_2="1,0" weaponHeavy="1,0" weaponLight="1,0" weaponRange="1,0" skill_miBao="1,0" autoFight="1,0" pause="1,0" dodge="1,0" defaultWeapon="1" broadcastable="1" />
<PveFunctionOpen id="111203" levelType="1" joystick="1,0" attack="1,0" skill_light_1="1,0" skill_light_2="1,0" skill_heavy_1="1,0" skill_heavy_2="1,0" skill_ranged_1="1,0" skill_ranged_2="1,0" weaponHeavy="1,0" weaponLight="1,0" weaponRange="1,0" skill_miBao="1,0" autoFight="1,0" pause="1,0" dodge="1,0" defaultWeapon="1" broadcastable="1" />
<PveFunctionOpen id="101204" levelType="0" joystick="1,0" attack="1,0" skill_light_1="1,0" skill_light_2="1,0" skill_heavy_1="1,0" skill_heavy_2="1,0" skill_ranged_1="1,0" skill_ranged_2="1,0" weaponHeavy="1,0" weaponLight="1,0" weaponRange="1,0" skill_miBao="1,0" autoFight="1,0" pause="1,0" dodge="1,0" defaultWeapon="1" broadcastable="1" />
<PveFunctionOpen id="101205" levelType="0" joystick="1,0" attack="1,0" skill_light_1="1,0" skill_light_2="1,0" skill_heavy_1="1,0" skill_heavy_2="1,0" skill_ranged_1="1,0" skill_ranged_2="1,0" weaponHeavy="1,0" weaponLight="1,0" weaponRange="1,0" skill_miBao="1,0" autoFight="1,0" pause="1,0" dodge="1,0" defaultWeapon="1" broadcastable="1" />
<PveFunctionOpen id="101206" levelType="0" joystick="1,0" attack="1,0" skill_light_1="1,0" skill_light_2="1,0" skill_heavy_1="1,0" skill_heavy_2="1,0" skill_ranged_1="1,0" skill_ranged_2="1,0" weaponHeavy="1,0" weaponLight="1,0" weaponRange="1,0" skill_miBao="1,0" autoFight="1,0" pause="1,0" dodge="1,0" defaultWeapon="1" broadcastable="1" />
<PveFunctionOpen id="111206" levelType="1" joystick="1,0" attack="1,0" skill_light_1="1,0" skill_light_2="1,0" skill_heavy_1="1,0" skill_heavy_2="1,0" skill_ranged_1="1,0" skill_ranged_2="1,0" weaponHeavy="1,0" weaponLight="1,0" weaponRange="1,0" skill_miBao="1,0" autoFight="1,0" pause="1,0" dodge="1,0" defaultWeapon="1" broadcastable="1" />
<PveFunctionOpen id="101207" levelType="0" joystick="1,0" attack="1,0" skill_light_1="1,0" skill_light_2="1,0" skill_heavy_1="1,0" skill_heavy_2="1,0" skill_ranged_1="1,0" skill_ranged_2="1,0" weaponHeavy="1,0" weaponLight="1,0" weaponRange="1,0" skill_miBao="1,0" autoFight="1,0" pause="1,0" dodge="1,0" defaultWeapon="1" broadcastable="1" />
<PveFunctionOpen id="101208" levelType="0" joystick="1,0" attack="1,0" skill_light_1="1,0" skill_light_2="1,0" skill_heavy_1="1,0" skill_heavy_2="1,0" skill_ranged_1="1,0" skill_ranged_2="1,0" weaponHeavy="1,0" weaponLight="1,0" weaponRange="1,0" skill_miBao="1,0" autoFight="1,0" pause="1,0" dodge="1,0" defaultWeapon="1" broadcastable="1" />
<PveFunctionOpen id="101209" levelType="0" joystick="1,0" attack="1,0" skill_light_1="1,0" skill_light_2="1,0" skill_heavy_1="1,0" skill_heavy_2="1,0" skill_ranged_1="1,0" skill_ranged_2="1,0" weaponHeavy="1,0" weaponLight="1,0" weaponRange="1,0" skill_miBao="1,0" autoFight="1,0" pause="1,0" dodge="1,0" defaultWeapon="1" broadcastable="1" />
<PveFunctionOpen id="111209" levelType="1" joystick="1,0" attack="1,0" skill_light_1="1,0" skill_light_2="1,0" skill_heavy_1="1,0" skill_heavy_2="1,0" skill_ranged_1="1,0" skill_ranged_2="1,0" weaponHeavy="1,0" weaponLight="1,0" weaponRange="1,0" skill_miBao="1,0" autoFight="1,0" pause="1,0" dodge="1,0" defaultWeapon="1" broadcastable="1" />

<PveFunctionOpen id="101301" levelType="0" joystick="1,0" attack="1,0" skill_light_1="1,0" skill_light_2="1,0" skill_heavy_1="1,0" skill_heavy_2="1,0" skill_ranged_1="1,0" skill_ranged_2="1,0" weaponHeavy="1,0" weaponLight="1,0" weaponRange="1,0" skill_miBao="1,0" autoFight="1,0" pause="1,0" dodge="1,0" defaultWeapon="1" broadcastable="1" />
<PveFunctionOpen id="101302" levelType="0" joystick="1,0" attack="1,0" skill_light_1="1,0" skill_light_2="1,0" skill_heavy_1="1,0" skill_heavy_2="1,0" skill_ranged_1="1,0" skill_ranged_2="1,0" weaponHeavy="1,0" weaponLight="1,0" weaponRange="1,0" skill_miBao="1,0" autoFight="1,0" pause="1,0" dodge="1,0" defaultWeapon="1" broadcastable="1" />
<PveFunctionOpen id="101303" levelType="0" joystick="1,0" attack="1,0" skill_light_1="1,0" skill_light_2="1,0" skill_heavy_1="1,0" skill_heavy_2="1,0" skill_ranged_1="1,0" skill_ranged_2="1,0" weaponHeavy="1,0" weaponLight="1,0" weaponRange="1,0" skill_miBao="1,0" autoFight="1,0" pause="1,0" dodge="1,0" defaultWeapon="1" broadcastable="1" />
<PveFunctionOpen id="111303" levelType="1" joystick="1,0" attack="1,0" skill_light_1="1,0" skill_light_2="1,0" skill_heavy_1="1,0" skill_heavy_2="1,0" skill_ranged_1="1,0" skill_ranged_2="1,0" weaponHeavy="1,0" weaponLight="1,0" weaponRange="1,0" skill_miBao="1,0" autoFight="1,0" pause="1,0" dodge="1,0" defaultWeapon="1" broadcastable="1" />
<PveFunctionOpen id="101304" levelType="0" joystick="1,0" attack="1,0" skill_light_1="1,0" skill_light_2="1,0" skill_heavy_1="1,0" skill_heavy_2="1,0" skill_ranged_1="1,0" skill_ranged_2="1,0" weaponHeavy="1,0" weaponLight="1,0" weaponRange="1,0" skill_miBao="1,0" autoFight="1,0" pause="1,0" dodge="1,0" defaultWeapon="1" broadcastable="1" />
<PveFunctionOpen id="101305" levelType="0" joystick="1,0" attack="1,0" skill_light_1="1,0" skill_light_2="1,0" skill_heavy_1="1,0" skill_heavy_2="1,0" skill_ranged_1="1,0" skill_ranged_2="1,0" weaponHeavy="1,0" weaponLight="1,0" weaponRange="1,0" skill_miBao="1,0" autoFight="1,0" pause="1,0" dodge="1,0" defaultWeapon="1" broadcastable="1" />
<PveFunctionOpen id="101306" levelType="0" joystick="1,0" attack="1,0" skill_light_1="1,0" skill_light_2="1,0" skill_heavy_1="1,0" skill_heavy_2="1,0" skill_ranged_1="1,0" skill_ranged_2="1,0" weaponHeavy="1,0" weaponLight="1,0" weaponRange="1,0" skill_miBao="1,0" autoFight="1,0" pause="1,0" dodge="1,0" defaultWeapon="1" broadcastable="1" />
<PveFunctionOpen id="111306" levelType="1" joystick="1,0" attack="1,0" skill_light_1="1,0" skill_light_2="1,0" skill_heavy_1="1,0" skill_heavy_2="1,0" skill_ranged_1="1,0" skill_ranged_2="1,0" weaponHeavy="1,0" weaponLight="1,0" weaponRange="1,0" skill_miBao="1,0" autoFight="1,0" pause="1,0" dodge="1,0" defaultWeapon="1" broadcastable="1" />
<PveFunctionOpen id="101307" levelType="0" joystick="1,0" attack="1,0" skill_light_1="1,0" skill_light_2="1,0" skill_heavy_1="1,0" skill_heavy_2="1,0" skill_ranged_1="1,0" skill_ranged_2="1,0" weaponHeavy="1,0" weaponLight="1,0" weaponRange="1,0" skill_miBao="1,0" autoFight="1,0" pause="1,0" dodge="1,0" defaultWeapon="1" broadcastable="1" />
<PveFunctionOpen id="101308" levelType="0" joystick="1,0" attack="1,0" skill_light_1="1,0" skill_light_2="1,0" skill_heavy_1="1,0" skill_heavy_2="1,0" skill_ranged_1="1,0" skill_ranged_2="1,0" weaponHeavy="1,0" weaponLight="1,0" weaponRange="1,0" skill_miBao="1,0" autoFight="1,0" pause="1,0" dodge="1,0" defaultWeapon="1" broadcastable="1" />
<PveFunctionOpen id="101309" levelType="0" joystick="1,0" attack="1,0" skill_light_1="1,0" skill_light_2="1,0" skill_heavy_1="1,0" skill_heavy_2="1,0" skill_ranged_1="1,0" skill_ranged_2="1,0" weaponHeavy="1,0" weaponLight="1,0" weaponRange="1,0" skill_miBao="1,0" autoFight="1,0" pause="1,0" dodge="1,0" defaultWeapon="1" broadcastable="1" />
<PveFunctionOpen id="111309" levelType="1" joystick="1,0" attack="1,0" skill_light_1="1,0" skill_light_2="1,0" skill_heavy_1="1,0" skill_heavy_2="1,0" skill_ranged_1="1,0" skill_ranged_2="1,0" weaponHeavy="1,0" weaponLight="1,0" weaponRange="1,0" skill_miBao="1,0" autoFight="1,0" pause="1,0" dodge="1,0" defaultWeapon="1" broadcastable="1" />

<PveFunctionOpen id="101401" levelType="0" joystick="1,0" attack="1,0" skill_light_1="1,0" skill_light_2="1,0" skill_heavy_1="1,0" skill_heavy_2="1,0" skill_ranged_1="1,0" skill_ranged_2="1,0" weaponHeavy="1,0" weaponLight="1,0" weaponRange="1,0" skill_miBao="1,0" autoFight="1,0" pause="1,0" dodge="1,0" defaultWeapon="1" broadcastable="1" />
<PveFunctionOpen id="101402" levelType="0" joystick="1,0" attack="1,0" skill_light_1="1,0" skill_light_2="1,0" skill_heavy_1="1,0" skill_heavy_2="1,0" skill_ranged_1="1,0" skill_ranged_2="1,0" weaponHeavy="1,0" weaponLight="1,0" weaponRange="1,0" skill_miBao="1,0" autoFight="1,0" pause="1,0" dodge="1,0" defaultWeapon="1" broadcastable="1" />
<PveFunctionOpen id="101403" levelType="0" joystick="1,0" attack="1,0" skill_light_1="1,0" skill_light_2="1,0" skill_heavy_1="1,0" skill_heavy_2="1,0" skill_ranged_1="1,0" skill_ranged_2="1,0" weaponHeavy="1,0" weaponLight="1,0" weaponRange="1,0" skill_miBao="1,0" autoFight="1,0" pause="1,0" dodge="1,0" defaultWeapon="1" broadcastable="1" />
<PveFunctionOpen id="111403" levelType="1" joystick="1,0" attack="1,0" skill_light_1="1,0" skill_light_2="1,0" skill_heavy_1="1,0" skill_heavy_2="1,0" skill_ranged_1="1,0" skill_ranged_2="1,0" weaponHeavy="1,0" weaponLight="1,0" weaponRange="1,0" skill_miBao="1,0" autoFight="1,0" pause="1,0" dodge="1,0" defaultWeapon="1" broadcastable="1" />
<PveFunctionOpen id="101404" levelType="0" joystick="1,0" attack="1,0" skill_light_1="1,0" skill_light_2="1,0" skill_heavy_1="1,0" skill_heavy_2="1,0" skill_ranged_1="1,0" skill_ranged_2="1,0" weaponHeavy="1,0" weaponLight="1,0" weaponRange="1,0" skill_miBao="1,0" autoFight="1,0" pause="1,0" dodge="1,0" defaultWeapon="1" broadcastable="1" />
<PveFunctionOpen id="101405" levelType="0" joystick="1,0" attack="1,0" skill_light_1="1,0" skill_light_2="1,0" skill_heavy_1="1,0" skill_heavy_2="1,0" skill_ranged_1="1,0" skill_ranged_2="1,0" weaponHeavy="1,0" weaponLight="1,0" weaponRange="1,0" skill_miBao="1,0" autoFight="1,0" pause="1,0" dodge="1,0" defaultWeapon="1" broadcastable="1" />
<PveFunctionOpen id="101406" levelType="0" joystick="1,0" attack="1,0" skill_light_1="1,0" skill_light_2="1,0" skill_heavy_1="1,0" skill_heavy_2="1,0" skill_ranged_1="1,0" skill_ranged_2="1,0" weaponHeavy="1,0" weaponLight="1,0" weaponRange="1,0" skill_miBao="1,0" autoFight="1,0" pause="1,0" dodge="1,0" defaultWeapon="1" broadcastable="1" />
<PveFunctionOpen id="111406" levelType="1" joystick="1,0" attack="1,0" skill_light_1="1,0" skill_light_2="1,0" skill_heavy_1="1,0" skill_heavy_2="1,0" skill_ranged_1="1,0" skill_ranged_2="1,0" weaponHeavy="1,0" weaponLight="1,0" weaponRange="1,0" skill_miBao="1,0" autoFight="1,0" pause="1,0" dodge="1,0" defaultWeapon="1" broadcastable="1" />
<PveFunctionOpen id="101407" levelType="0" joystick="1,0" attack="1,0" skill_light_1="1,0" skill_light_2="1,0" skill_heavy_1="1,0" skill_heavy_2="1,0" skill_ranged_1="1,0" skill_ranged_2="1,0" weaponHeavy="1,0" weaponLight="1,0" weaponRange="1,0" skill_miBao="1,0" autoFight="1,0" pause="1,0" dodge="1,0" defaultWeapon="1" broadcastable="1" />
<PveFunctionOpen id="101408" levelType="0" joystick="1,0" attack="1,0" skill_light_1="1,0" skill_light_2="1,0" skill_heavy_1="1,0" skill_heavy_2="1,0" skill_ranged_1="1,0" skill_ranged_2="1,0" weaponHeavy="1,0" weaponLight="1,0" weaponRange="1,0" skill_miBao="1,0" autoFight="1,0" pause="1,0" dodge="1,0" defaultWeapon="1" broadcastable="1" />
<PveFunctionOpen id="101409" levelType="0" joystick="1,0" attack="1,0" skill_light_1="1,0" skill_light_2="1,0" skill_heavy_1="1,0" skill_heavy_2="1,0" skill_ranged_1="1,0" skill_ranged_2="1,0" weaponHeavy="1,0" weaponLight="1,0" weaponRange="1,0" skill_miBao="1,0" autoFight="1,0" pause="1,0" dodge="1,0" defaultWeapon="1" broadcastable="1" />
<PveFunctionOpen id="111409" levelType="1" joystick="1,0" attack="1,0" skill_light_1="1,0" skill_light_2="1,0" skill_heavy_1="1,0" skill_heavy_2="1,0" skill_ranged_1="1,0" skill_ranged_2="1,0" weaponHeavy="1,0" weaponLight="1,0" weaponRange="1,0" skill_miBao="1,0" autoFight="1,0" pause="1,0" dodge="1,0" defaultWeapon="1" broadcastable="1" />
<PveFunctionOpen id="101501" levelType="0" joystick="1,0" attack="1,0" skill_light_1="1,0" skill_light_2="1,0" skill_heavy_1="1,0" skill_heavy_2="1,0" skill_ranged_1="1,0" skill_ranged_2="1,0" weaponHeavy="1,0" weaponLight="1,0" weaponRange="1,0" skill_miBao="1,0" autoFight="1,0" pause="1,0" dodge="1,0" defaultWeapon="1" broadcastable="1" />
<PveFunctionOpen id="101502" levelType="0" joystick="1,0" attack="1,0" skill_light_1="1,0" skill_light_2="1,0" skill_heavy_1="1,0" skill_heavy_2="1,0" skill_ranged_1="1,0" skill_ranged_2="1,0" weaponHeavy="1,0" weaponLight="1,0" weaponRange="1,0" skill_miBao="1,0" autoFight="1,0" pause="1,0" dodge="1,0" defaultWeapon="1" broadcastable="1" />
<PveFunctionOpen id="101503" levelType="0" joystick="1,0" attack="1,0" skill_light_1="1,0" skill_light_2="1,0" skill_heavy_1="1,0" skill_heavy_2="1,0" skill_ranged_1="1,0" skill_ranged_2="1,0" weaponHeavy="1,0" weaponLight="1,0" weaponRange="1,0" skill_miBao="1,0" autoFight="1,0" pause="1,0" dodge="1,0" defaultWeapon="1" broadcastable="1" />
<PveFunctionOpen id="111503" levelType="1" joystick="1,0" attack="1,0" skill_light_1="1,0" skill_light_2="1,0" skill_heavy_1="1,0" skill_heavy_2="1,0" skill_ranged_1="1,0" skill_ranged_2="1,0" weaponHeavy="1,0" weaponLight="1,0" weaponRange="1,0" skill_miBao="1,0" autoFight="1,0" pause="1,0" dodge="1,0" defaultWeapon="1" broadcastable="1" />
<PveFunctionOpen id="101504" levelType="0" joystick="1,0" attack="1,0" skill_light_1="1,0" skill_light_2="1,0" skill_heavy_1="1,0" skill_heavy_2="1,0" skill_ranged_1="1,0" skill_ranged_2="1,0" weaponHeavy="1,0" weaponLight="1,0" weaponRange="1,0" skill_miBao="1,0" autoFight="1,0" pause="1,0" dodge="1,0" defaultWeapon="1" broadcastable="1" />
<PveFunctionOpen id="101505" levelType="0" joystick="1,0" attack="1,0" skill_light_1="1,0" skill_light_2="1,0" skill_heavy_1="1,0" skill_heavy_2="1,0" skill_ranged_1="1,0" skill_ranged_2="1,0" weaponHeavy="1,0" weaponLight="1,0" weaponRange="1,0" skill_miBao="1,0" autoFight="1,0" pause="1,0" dodge="1,0" defaultWeapon="1" broadcastable="1" />
<PveFunctionOpen id="101506" levelType="0" joystick="1,0" attack="1,0" skill_light_1="1,0" skill_light_2="1,0" skill_heavy_1="1,0" skill_heavy_2="1,0" skill_ranged_1="1,0" skill_ranged_2="1,0" weaponHeavy="1,0" weaponLight="1,0" weaponRange="1,0" skill_miBao="1,0" autoFight="1,0" pause="1,0" dodge="1,0" defaultWeapon="1" broadcastable="1" />
<PveFunctionOpen id="111506" levelType="1" joystick="1,0" attack="1,0" skill_light_1="1,0" skill_light_2="1,0" skill_heavy_1="1,0" skill_heavy_2="1,0" skill_ranged_1="1,0" skill_ranged_2="1,0" weaponHeavy="1,0" weaponLight="1,0" weaponRange="1,0" skill_miBao="1,0" autoFight="1,0" pause="1,0" dodge="1,0" defaultWeapon="1" broadcastable="1" />
<PveFunctionOpen id="101507" levelType="0" joystick="1,0" attack="1,0" skill_light_1="1,0" skill_light_2="1,0" skill_heavy_1="1,0" skill_heavy_2="1,0" skill_ranged_1="1,0" skill_ranged_2="1,0" weaponHeavy="1,0" weaponLight="1,0" weaponRange="1,0" skill_miBao="1,0" autoFight="1,0" pause="1,0" dodge="1,0" defaultWeapon="1" broadcastable="1" />
<PveFunctionOpen id="101508" levelType="0" joystick="1,0" attack="1,0" skill_light_1="1,0" skill_light_2="1,0" skill_heavy_1="1,0" skill_heavy_2="1,0" skill_ranged_1="1,0" skill_ranged_2="1,0" weaponHeavy="1,0" weaponLight="1,0" weaponRange="1,0" skill_miBao="1,0" autoFight="1,0" pause="1,0" dodge="1,0" defaultWeapon="1" broadcastable="1" />
<PveFunctionOpen id="101509" levelType="0" joystick="1,0" attack="1,0" skill_light_1="1,0" skill_light_2="1,0" skill_heavy_1="1,0" skill_heavy_2="1,0" skill_ranged_1="1,0" skill_ranged_2="1,0" weaponHeavy="1,0" weaponLight="1,0" weaponRange="1,0" skill_miBao="1,0" autoFight="1,0" pause="1,0" dodge="1,0" defaultWeapon="1" broadcastable="1" />
<PveFunctionOpen id="111509" levelType="1" joystick="1,0" attack="1,0" skill_light_1="1,0" skill_light_2="1,0" skill_heavy_1="1,0" skill_heavy_2="1,0" skill_ranged_1="1,0" skill_ranged_2="1,0" weaponHeavy="1,0" weaponLight="1,0" weaponRange="1,0" skill_miBao="1,0" autoFight="1,0" pause="1,0" dodge="1,0" defaultWeapon="1" broadcastable="1" />

<PveFunctionOpen id="200001" levelType="0" joystick="1,0" attack="1,0" skill_light_1="1,0" skill_light_2="1,0" skill_heavy_1="1,0" skill_heavy_2="1,0" skill_ranged_1="1,0" skill_ranged_2="1,0" weaponHeavy="1,0" weaponLight="1,0" weaponRange="1,0" skill_miBao="1,0" autoFight="1,0" pause="1,0" dodge="1,0" defaultWeapon="1" broadcastable="1" />
<PveFunctionOpen id="200002" levelType="0" joystick="1,0" attack="1,0" skill_light_1="1,0" skill_light_2="1,0" skill_heavy_1="1,0" skill_heavy_2="1,0" skill_ranged_1="1,0" skill_ranged_2="1,0" weaponHeavy="1,0" weaponLight="1,0" weaponRange="1,0" skill_miBao="1,0" autoFight="1,0" pause="1,0" dodge="1,0" defaultWeapon="1" broadcastable="1" />
<PveFunctionOpen id="200003" levelType="0" joystick="1,0" attack="1,0" skill_light_1="1,0" skill_light_2="1,0" skill_heavy_1="1,0" skill_heavy_2="1,0" skill_ranged_1="1,0" skill_ranged_2="1,0" weaponHeavy="1,0" weaponLight="1,0" weaponRange="1,0" skill_miBao="1,0" autoFight="1,0" pause="1,0" dodge="1,0" defaultWeapon="1" broadcastable="1" />
<PveFunctionOpen id="200004" levelType="0" joystick="1,0" attack="1,0" skill_light_1="1,0" skill_light_2="1,0" skill_heavy_1="1,0" skill_heavy_2="1,0" skill_ranged_1="1,0" skill_ranged_2="1,0" weaponHeavy="1,0" weaponLight="1,0" weaponRange="1,0" skill_miBao="1,0" autoFight="1,0" pause="1,0" dodge="1,0" defaultWeapon="1" broadcastable="1" />
<PveFunctionOpen id="200005" levelType="0" joystick="1,0" attack="1,0" skill_light_1="1,0" skill_light_2="1,0" skill_heavy_1="1,0" skill_heavy_2="1,0" skill_ranged_1="1,0" skill_ranged_2="1,0" weaponHeavy="1,0" weaponLight="1,0" weaponRange="1,0" skill_miBao="1,0" autoFight="1,0" pause="1,0" dodge="1,0" defaultWeapon="1" broadcastable="1" />
<PveFunctionOpen id="200006" levelType="0" joystick="1,0" attack="1,0" skill_light_1="1,0" skill_light_2="1,0" skill_heavy_1="1,0" skill_heavy_2="1,0" skill_ranged_1="1,0" skill_ranged_2="1,0" weaponHeavy="1,0" weaponLight="1,0" weaponRange="1,0" skill_miBao="1,0" autoFight="1,0" pause="1,0" dodge="1,0" defaultWeapon="1" broadcastable="1" />
<PveFunctionOpen id="200007" levelType="0" joystick="1,0" attack="1,0" skill_light_1="1,0" skill_light_2="1,0" skill_heavy_1="1,0" skill_heavy_2="1,0" skill_ranged_1="1,0" skill_ranged_2="1,0" weaponHeavy="1,0" weaponLight="1,0" weaponRange="1,0" skill_miBao="1,0" autoFight="1,0" pause="1,0" dodge="1,0" defaultWeapon="1" broadcastable="1" />
<PveFunctionOpen id="200008" levelType="0" joystick="1,0" attack="1,0" skill_light_1="1,0" skill_light_2="1,0" skill_heavy_1="1,0" skill_heavy_2="1,0" skill_ranged_1="1,0" skill_ranged_2="1,0" weaponHeavy="1,0" weaponLight="1,0" weaponRange="1,0" skill_miBao="1,0" autoFight="1,0" pause="1,0" dodge="1,0" defaultWeapon="1" broadcastable="1" />
<PveFunctionOpen id="200009" levelType="0" joystick="1,0" attack="1,0" skill_light_1="1,0" skill_light_2="1,0" skill_heavy_1="1,0" skill_heavy_2="1,0" skill_ranged_1="1,0" skill_ranged_2="1,0" weaponHeavy="1,0" weaponLight="1,0" weaponRange="1,0" skill_miBao="1,0" autoFight="1,0" pause="1,0" dodge="1,0" defaultWeapon="1" broadcastable="1" />
<PveFunctionOpen id="200010" levelType="0" joystick="1,0" attack="1,0" skill_light_1="1,0" skill_light_2="1,0" skill_heavy_1="1,0" skill_heavy_2="1,0" skill_ranged_1="1,0" skill_ranged_2="1,0" weaponHeavy="1,0" weaponLight="1,0" weaponRange="1,0" skill_miBao="1,0" autoFight="1,0" pause="1,0" dodge="1,0" defaultWeapon="1" broadcastable="1" />
<PveFunctionOpen id="200011" levelType="0" joystick="1,0" attack="1,0" skill_light_1="1,0" skill_light_2="1,0" skill_heavy_1="1,0" skill_heavy_2="1,0" skill_ranged_1="1,0" skill_ranged_2="1,0" weaponHeavy="1,0" weaponLight="1,0" weaponRange="1,0" skill_miBao="1,0" autoFight="1,0" pause="1,0" dodge="1,0" defaultWeapon="1" broadcastable="1" />
<PveFunctionOpen id="200012" levelType="0" joystick="1,0" attack="1,0" skill_light_1="1,0" skill_light_2="1,0" skill_heavy_1="1,0" skill_heavy_2="1,0" skill_ranged_1="1,0" skill_ranged_2="1,0" weaponHeavy="1,0" weaponLight="1,0" weaponRange="1,0" skill_miBao="1,0" autoFight="1,0" pause="1,0" dodge="1,0" defaultWeapon="1" broadcastable="1" />
<PveFunctionOpen id="200013" levelType="0" joystick="1,0" attack="1,0" skill_light_1="1,0" skill_light_2="1,0" skill_heavy_1="1,0" skill_heavy_2="1,0" skill_ranged_1="1,0" skill_ranged_2="1,0" weaponHeavy="1,0" weaponLight="1,0" weaponRange="1,0" skill_miBao="1,0" autoFight="1,0" pause="1,0" dodge="1,0" defaultWeapon="1" broadcastable="1" />
<PveFunctionOpen id="200014" levelType="0" joystick="1,0" attack="1,0" skill_light_1="1,0" skill_light_2="1,0" skill_heavy_1="1,0" skill_heavy_2="1,0" skill_ranged_1="1,0" skill_ranged_2="1,0" weaponHeavy="1,0" weaponLight="1,0" weaponRange="1,0" skill_miBao="1,0" autoFight="1,0" pause="1,0" dodge="1,0" defaultWeapon="1" broadcastable="1" />

<PveFunctionOpen id="300101" levelType="0" joystick="1,0" attack="1,0" skill_light_1="-1,0" skill_light_2="-1,0" skill_heavy_1="-1,0" skill_heavy_2="-1,0" skill_ranged_1="1,0" skill_ranged_2="1,0" weaponHeavy="-1,-1" weaponLight="-1,-1" weaponRange="1,0" skill_miBao="1,0" autoFight="1,0" pause="1,0" dodge="1,0" defaultWeapon="3" broadcastable="1" />
<PveFunctionOpen id="300102" levelType="0" joystick="1,0" attack="1,0" skill_light_1="-1,0" skill_light_2="-1,0" skill_heavy_1="-1,0" skill_heavy_2="-1,0" skill_ranged_1="1,0" skill_ranged_2="1,0" weaponHeavy="-1,-1" weaponLight="-1,-1" weaponRange="1,0" skill_miBao="1,0" autoFight="1,0" pause="1,0" dodge="1,0" defaultWeapon="3" broadcastable="1" />
<PveFunctionOpen id="300103" levelType="0" joystick="1,0" attack="1,0" skill_light_1="-1,0" skill_light_2="-1,0" skill_heavy_1="-1,0" skill_heavy_2="-1,0" skill_ranged_1="1,0" skill_ranged_2="1,0" weaponHeavy="-1,-1" weaponLight="-1,-1" weaponRange="1,0" skill_miBao="1,0" autoFight="1,0" pause="1,0" dodge="1,0" defaultWeapon="3" broadcastable="1" />
<PveFunctionOpen id="300104" levelType="0" joystick="1,0" attack="1,0" skill_light_1="-1,0" skill_light_2="-1,0" skill_heavy_1="-1,0" skill_heavy_2="-1,0" skill_ranged_1="1,0" skill_ranged_2="1,0" weaponHeavy="-1,-1" weaponLight="-1,-1" weaponRange="1,0" skill_miBao="1,0" autoFight="1,0" pause="1,0" dodge="1,0" defaultWeapon="3" broadcastable="1" />
<PveFunctionOpen id="300105" levelType="0" joystick="1,0" attack="1,0" skill_light_1="-1,0" skill_light_2="-1,0" skill_heavy_1="-1,0" skill_heavy_2="-1,0" skill_ranged_1="1,0" skill_ranged_2="1,0" weaponHeavy="-1,-1" weaponLight="-1,-1" weaponRange="1,0" skill_miBao="1,0" autoFight="1,0" pause="1,0" dodge="1,0" defaultWeapon="3" broadcastable="1" />
<PveFunctionOpen id="300106" levelType="0" joystick="1,0" attack="1,0" skill_light_1="-1,0" skill_light_2="-1,0" skill_heavy_1="-1,0" skill_heavy_2="-1,0" skill_ranged_1="1,0" skill_ranged_2="1,0" weaponHeavy="-1,-1" weaponLight="-1,-1" weaponRange="1,0" skill_miBao="1,0" autoFight="1,0" pause="1,0" dodge="1,0" defaultWeapon="3" broadcastable="1" />
<PveFunctionOpen id="300107" levelType="0" joystick="1,0" attack="1,0" skill_light_1="-1,0" skill_light_2="-1,0" skill_heavy_1="-1,0" skill_heavy_2="-1,0" skill_ranged_1="1,0" skill_ranged_2="1,0" weaponHeavy="-1,-1" weaponLight="-1,-1" weaponRange="1,0" skill_miBao="1,0" autoFight="1,0" pause="1,0" dodge="1,0" defaultWeapon="3" broadcastable="1" />
<PveFunctionOpen id="300108" levelType="0" joystick="1,0" attack="1,0" skill_light_1="-1,0" skill_light_2="-1,0" skill_heavy_1="-1,0" skill_heavy_2="-1,0" skill_ranged_1="1,0" skill_ranged_2="1,0" weaponHeavy="-1,-1" weaponLight="-1,-1" weaponRange="1,0" skill_miBao="1,0" autoFight="1,0" pause="1,0" dodge="1,0" defaultWeapon="3" broadcastable="1" />
<PveFunctionOpen id="300109" levelType="0" joystick="1,0" attack="1,0" skill_light_1="-1,0" skill_light_2="-1,0" skill_heavy_1="-1,0" skill_heavy_2="-1,0" skill_ranged_1="1,0" skill_ranged_2="1,0" weaponHeavy="-1,-1" weaponLight="-1,-1" weaponRange="1,0" skill_miBao="1,0" autoFight="1,0" pause="1,0" dodge="1,0" defaultWeapon="3" broadcastable="1" />
<PveFunctionOpen id="300110" levelType="0" joystick="1,0" attack="1,0" skill_light_1="-1,0" skill_light_2="-1,0" skill_heavy_1="-1,0" skill_heavy_2="-1,0" skill_ranged_1="1,0" skill_ranged_2="1,0" weaponHeavy="-1,-1" weaponLight="-1,-1" weaponRange="1,0" skill_miBao="1,0" autoFight="1,0" pause="1,0" dodge="1,0" defaultWeapon="3" broadcastable="1" />
<PveFunctionOpen id="300201" levelType="0" joystick="1,0" attack="1,0" skill_light_1="-1,0" skill_light_2="-1,0" skill_heavy_1="1,0" skill_heavy_2="1,0" skill_ranged_1="-1,0" skill_ranged_2="-1,0" weaponHeavy="1,0" weaponLight="-1,-1" weaponRange="-1,-1" skill_miBao="1,0" autoFight="1,0" pause="1,0" dodge="1,0" defaultWeapon="1" broadcastable="1" />
<PveFunctionOpen id="300202" levelType="0" joystick="1,0" attack="1,0" skill_light_1="-1,0" skill_light_2="-1,0" skill_heavy_1="1,0" skill_heavy_2="1,0" skill_ranged_1="-1,0" skill_ranged_2="-1,0" weaponHeavy="1,0" weaponLight="-1,-1" weaponRange="-1,-1" skill_miBao="1,0" autoFight="1,0" pause="1,0" dodge="1,0" defaultWeapon="1" broadcastable="1" />
<PveFunctionOpen id="300203" levelType="0" joystick="1,0" attack="1,0" skill_light_1="-1,0" skill_light_2="-1,0" skill_heavy_1="1,0" skill_heavy_2="1,0" skill_ranged_1="-1,0" skill_ranged_2="-1,0" weaponHeavy="1,0" weaponLight="-1,-1" weaponRange="-1,-1" skill_miBao="1,0" autoFight="1,0" pause="1,0" dodge="1,0" defaultWeapon="1" broadcastable="1" />
<PveFunctionOpen id="300204" levelType="0" joystick="1,0" attack="1,0" skill_light_1="-1,0" skill_light_2="-1,0" skill_heavy_1="1,0" skill_heavy_2="1,0" skill_ranged_1="-1,0" skill_ranged_2="-1,0" weaponHeavy="1,0" weaponLight="-1,-1" weaponRange="-1,-1" skill_miBao="1,0" autoFight="1,0" pause="1,0" dodge="1,0" defaultWeapon="1" broadcastable="1" />
<PveFunctionOpen id="300205" levelType="0" joystick="1,0" attack="1,0" skill_light_1="-1,0" skill_light_2="-1,0" skill_heavy_1="1,0" skill_heavy_2="1,0" skill_ranged_1="-1,0" skill_ranged_2="-1,0" weaponHeavy="1,0" weaponLight="-1,-1" weaponRange="-1,-1" skill_miBao="1,0" autoFight="1,0" pause="1,0" dodge="1,0" defaultWeapon="1" broadcastable="1" />
<PveFunctionOpen id="300206" levelType="0" joystick="1,0" attack="1,0" skill_light_1="-1,0" skill_light_2="-1,0" skill_heavy_1="1,0" skill_heavy_2="1,0" skill_ranged_1="-1,0" skill_ranged_2="-1,0" weaponHeavy="1,0" weaponLight="-1,-1" weaponRange="-1,-1" skill_miBao="1,0" autoFight="1,0" pause="1,0" dodge="1,0" defaultWeapon="1" broadcastable="1" />
<PveFunctionOpen id="300207" levelType="0" joystick="1,0" attack="1,0" skill_light_1="-1,0" skill_light_2="-1,0" skill_heavy_1="1,0" skill_heavy_2="1,0" skill_ranged_1="-1,0" skill_ranged_2="-1,0" weaponHeavy="1,0" weaponLight="-1,-1" weaponRange="-1,-1" skill_miBao="1,0" autoFight="1,0" pause="1,0" dodge="1,0" defaultWeapon="1" broadcastable="1" />
<PveFunctionOpen id="300208" levelType="0" joystick="1,0" attack="1,0" skill_light_1="-1,0" skill_light_2="-1,0" skill_heavy_1="1,0" skill_heavy_2="1,0" skill_ranged_1="-1,0" skill_ranged_2="-1,0" weaponHeavy="1,0" weaponLight="-1,-1" weaponRange="-1,-1" skill_miBao="1,0" autoFight="1,0" pause="1,0" dodge="1,0" defaultWeapon="1" broadcastable="1" />
<PveFunctionOpen id="300209" levelType="0" joystick="1,0" attack="1,0" skill_light_1="-1,0" skill_light_2="-1,0" skill_heavy_1="1,0" skill_heavy_2="1,0" skill_ranged_1="-1,0" skill_ranged_2="-1,0" weaponHeavy="1,0" weaponLight="-1,-1" weaponRange="-1,-1" skill_miBao="1,0" autoFight="1,0" pause="1,0" dodge="1,0" defaultWeapon="1" broadcastable="1" />
<PveFunctionOpen id="300210" levelType="0" joystick="1,0" attack="1,0" skill_light_1="-1,0" skill_light_2="-1,0" skill_heavy_1="1,0" skill_heavy_2="1,0" skill_ranged_1="-1,0" skill_ranged_2="-1,0" weaponHeavy="1,0" weaponLight="-1,-1" weaponRange="-1,-1" skill_miBao="1,0" autoFight="1,0" pause="1,0" dodge="1,0" defaultWeapon="1" broadcastable="1" />
<PveFunctionOpen id="300301" levelType="0" joystick="1,0" attack="1,0" skill_light_1="1,0" skill_light_2="1,0" skill_heavy_1="-1,0" skill_heavy_2="-1,0" skill_ranged_1="-1,0" skill_ranged_2="-1,0" weaponHeavy="-1,-1" weaponLight="1,0" weaponRange="-1,-1" skill_miBao="1,0" autoFight="1,0" pause="1,0" dodge="1,0" defaultWeapon="2" broadcastable="1" />
<PveFunctionOpen id="300302" levelType="0" joystick="1,0" attack="1,0" skill_light_1="1,0" skill_light_2="1,0" skill_heavy_1="-1,0" skill_heavy_2="-1,0" skill_ranged_1="-1,0" skill_ranged_2="-1,0" weaponHeavy="-1,-1" weaponLight="1,0" weaponRange="-1,-1" skill_miBao="1,0" autoFight="1,0" pause="1,0" dodge="1,0" defaultWeapon="2" broadcastable="1" />
<PveFunctionOpen id="300303" levelType="0" joystick="1,0" attack="1,0" skill_light_1="1,0" skill_light_2="1,0" skill_heavy_1="-1,0" skill_heavy_2="-1,0" skill_ranged_1="-1,0" skill_ranged_2="-1,0" weaponHeavy="-1,-1" weaponLight="1,0" weaponRange="-1,-1" skill_miBao="1,0" autoFight="1,0" pause="1,0" dodge="1,0" defaultWeapon="2" broadcastable="1" />
<PveFunctionOpen id="300304" levelType="0" joystick="1,0" attack="1,0" skill_light_1="1,0" skill_light_2="1,0" skill_heavy_1="-1,0" skill_heavy_2="-1,0" skill_ranged_1="-1,0" skill_ranged_2="-1,0" weaponHeavy="-1,-1" weaponLight="1,0" weaponRange="-1,-1" skill_miBao="1,0" autoFight="1,0" pause="1,0" dodge="1,0" defaultWeapon="2" broadcastable="1" />
<PveFunctionOpen id="300305" levelType="0" joystick="1,0" attack="1,0" skill_light_1="1,0" skill_light_2="1,0" skill_heavy_1="-1,0" skill_heavy_2="-1,0" skill_ranged_1="-1,0" skill_ranged_2="-1,0" weaponHeavy="-1,-1" weaponLight="1,1" weaponRange="-1,-1" skill_miBao="1,0" autoFight="1,0" pause="1,0" dodge="1,0" defaultWeapon="2" broadcastable="1" />
<PveFunctionOpen id="300306" levelType="0" joystick="1,0" attack="1,0" skill_light_1="1,0" skill_light_2="1,0" skill_heavy_1="-1,0" skill_heavy_2="-1,0" skill_ranged_1="-1,0" skill_ranged_2="-1,0" weaponHeavy="-1,-1" weaponLight="1,1" weaponRange="-1,-1" skill_miBao="1,0" autoFight="1,0" pause="1,0" dodge="1,0" defaultWeapon="2" broadcastable="1" />
<PveFunctionOpen id="300307" levelType="0" joystick="1,0" attack="1,0" skill_light_1="1,0" skill_light_2="1,0" skill_heavy_1="-1,0" skill_heavy_2="-1,0" skill_ranged_1="-1,0" skill_ranged_2="-1,0" weaponHeavy="-1,-1" weaponLight="1,1" weaponRange="-1,-1" skill_miBao="1,0" autoFight="1,0" pause="1,0" dodge="1,0" defaultWeapon="2" broadcastable="1" />
<PveFunctionOpen id="300308" levelType="0" joystick="1,0" attack="1,0" skill_light_1="1,0" skill_light_2="1,0" skill_heavy_1="-1,0" skill_heavy_2="-1,0" skill_ranged_1="-1,0" skill_ranged_2="-1,0" weaponHeavy="-1,-1" weaponLight="1,1" weaponRange="-1,-1" skill_miBao="1,0" autoFight="1,0" pause="1,0" dodge="1,0" defaultWeapon="2" broadcastable="1" />
<PveFunctionOpen id="300309" levelType="0" joystick="1,0" attack="1,0" skill_light_1="1,0" skill_light_2="1,0" skill_heavy_1="-1,0" skill_heavy_2="-1,0" skill_ranged_1="-1,0" skill_ranged_2="-1,0" weaponHeavy="-1,-1" weaponLight="1,1" weaponRange="-1,-1" skill_miBao="1,0" autoFight="1,0" pause="1,0" dodge="1,0" defaultWeapon="2" broadcastable="1" />
<PveFunctionOpen id="300310" levelType="0" joystick="1,0" attack="1,0" skill_light_1="1,0" skill_light_2="1,0" skill_heavy_1="-1,0" skill_heavy_2="-1,0" skill_ranged_1="-1,0" skill_ranged_2="-1,0" weaponHeavy="-1,-1" weaponLight="1,1" weaponRange="-1,-1" skill_miBao="1,0" autoFight="1,0" pause="1,0" dodge="1,0" defaultWeapon="2" broadcastable="1" />
<PveFunctionOpen id="300401" levelType="0" joystick="1,0" attack="1,0" skill_light_1="-1,0" skill_light_2="-1,0" skill_heavy_1="1,0" skill_heavy_2="1,0" skill_ranged_1="-1,0" skill_ranged_2="-1,0" weaponHeavy="1,0" weaponLight="-1,-1" weaponRange="-1,-1" skill_miBao="1,0" autoFight="1,0" pause="1,0" dodge="1,0" defaultWeapon="1" broadcastable="1" />
<PveFunctionOpen id="300402" levelType="0" joystick="1,0" attack="1,0" skill_light_1="-1,0" skill_light_2="-1,0" skill_heavy_1="1,0" skill_heavy_2="1,0" skill_ranged_1="-1,0" skill_ranged_2="-1,0" weaponHeavy="1,0" weaponLight="-1,-1" weaponRange="-1,-1" skill_miBao="1,0" autoFight="1,0" pause="1,0" dodge="1,0" defaultWeapon="1" broadcastable="1" />
<PveFunctionOpen id="300403" levelType="0" joystick="1,0" attack="1,0" skill_light_1="-1,0" skill_light_2="-1,0" skill_heavy_1="1,0" skill_heavy_2="1,0" skill_ranged_1="-1,0" skill_ranged_2="-1,0" weaponHeavy="1,0" weaponLight="-1,-1" weaponRange="-1,-1" skill_miBao="1,0" autoFight="1,0" pause="1,0" dodge="1,0" defaultWeapon="1" broadcastable="1" />
<PveFunctionOpen id="300404" levelType="0" joystick="1,0" attack="1,0" skill_light_1="-1,0" skill_light_2="-1,0" skill_heavy_1="1,0" skill_heavy_2="1,0" skill_ranged_1="-1,0" skill_ranged_2="-1,0" weaponHeavy="1,0" weaponLight="-1,-1" weaponRange="-1,-1" skill_miBao="1,0" autoFight="1,0" pause="1,0" dodge="1,0" defaultWeapon="1" broadcastable="1" />
<PveFunctionOpen id="300405" levelType="0" joystick="1,0" attack="1,0" skill_light_1="-1,0" skill_light_2="-1,0" skill_heavy_1="1,0" skill_heavy_2="1,0" skill_ranged_1="-1,0" skill_ranged_2="-1,0" weaponHeavy="1,0" weaponLight="-1,-1" weaponRange="-1,-1" skill_miBao="1,0" autoFight="1,0" pause="1,0" dodge="1,0" defaultWeapon="1" broadcastable="1" />
<PveFunctionOpen id="300406" levelType="0" joystick="1,0" attack="1,0" skill_light_1="-1,0" skill_light_2="-1,0" skill_heavy_1="1,0" skill_heavy_2="1,0" skill_ranged_1="-1,0" skill_ranged_2="-1,0" weaponHeavy="1,0" weaponLight="-1,-1" weaponRange="-1,-1" skill_miBao="1,0" autoFight="1,0" pause="1,0" dodge="1,0" defaultWeapon="1" broadcastable="1" />
<PveFunctionOpen id="300407" levelType="0" joystick="1,0" attack="1,0" skill_light_1="-1,0" skill_light_2="-1,0" skill_heavy_1="1,0" skill_heavy_2="1,0" skill_ranged_1="-1,0" skill_ranged_2="-1,0" weaponHeavy="1,0" weaponLight="-1,-1" weaponRange="-1,-1" skill_miBao="1,0" autoFight="1,0" pause="1,0" dodge="1,0" defaultWeapon="1" broadcastable="1" />
<PveFunctionOpen id="300408" levelType="0" joystick="1,0" attack="1,0" skill_light_1="-1,0" skill_light_2="-1,0" skill_heavy_1="1,0" skill_heavy_2="1,0" skill_ranged_1="-1,0" skill_ranged_2="-1,0" weaponHeavy="1,0" weaponLight="-1,-1" weaponRange="-1,-1" skill_miBao="1,0" autoFight="1,0" pause="1,0" dodge="1,0" defaultWeapon="1" broadcastable="1" />
<PveFunctionOpen id="300409" levelType="0" joystick="1,0" attack="1,0" skill_light_1="-1,0" skill_light_2="-1,0" skill_heavy_1="1,0" skill_heavy_2="1,0" skill_ranged_1="-1,0" skill_ranged_2="-1,0" weaponHeavy="1,0" weaponLight="-1,-1" weaponRange="-1,-1" skill_miBao="1,0" autoFight="1,0" pause="1,0" dodge="1,0" defaultWeapon="1" broadcastable="1" />
<PveFunctionOpen id="300410" levelType="0" joystick="1,0" attack="1,0" skill_light_1="-1,0" skill_light_2="-1,0" skill_heavy_1="1,0" skill_heavy_2="1,0" skill_ranged_1="-1,0" skill_ranged_2="-1,0" weaponHeavy="1,0" weaponLight="-1,-1" weaponRange="-1,-1" skill_miBao="1,0" autoFight="1,0" pause="1,0" dodge="1,0" defaultWeapon="1" broadcastable="1" />
<PveFunctionOpen id="300501" levelType="0" joystick="1,0" attack="1,0" skill_light_1="1,0" skill_light_2="1,0" skill_heavy_1="1,0" skill_heavy_2="1,0" skill_ranged_1="1,0" skill_ranged_2="1,0" weaponHeavy="1,0" weaponLight="1,0" weaponRange="1,0" skill_miBao="1,0" autoFight="1,0" pause="1,0" dodge="1,0" defaultWeapon="1" broadcastable="1" />
<PveFunctionOpen id="300502" levelType="0" joystick="1,0" attack="1,0" skill_light_1="1,0" skill_light_2="1,0" skill_heavy_1="1,0" skill_heavy_2="1,0" skill_ranged_1="1,0" skill_ranged_2="1,0" weaponHeavy="1,0" weaponLight="1,0" weaponRange="1,0" skill_miBao="1,0" autoFight="1,0" pause="1,0" dodge="1,0" defaultWeapon="1" broadcastable="1" />
<PveFunctionOpen id="300503" levelType="0" joystick="1,0" attack="1,0" skill_light_1="1,0" skill_light_2="1,0" skill_heavy_1="1,0" skill_heavy_2="1,0" skill_ranged_1="1,0" skill_ranged_2="1,0" weaponHeavy="1,0" weaponLight="1,0" weaponRange="1,0" skill_miBao="1,0" autoFight="1,0" pause="1,0" dodge="1,0" defaultWeapon="1" broadcastable="1" />
<PveFunctionOpen id="300504" levelType="0" joystick="1,0" attack="1,0" skill_light_1="1,0" skill_light_2="1,0" skill_heavy_1="1,0" skill_heavy_2="1,0" skill_ranged_1="1,0" skill_ranged_2="1,0" weaponHeavy="1,0" weaponLight="1,0" weaponRange="1,0" skill_miBao="1,0" autoFight="1,0" pause="1,0" dodge="1,0" defaultWeapon="1" broadcastable="1" />
<PveFunctionOpen id="300505" levelType="0" joystick="1,0" attack="1,0" skill_light_1="1,0" skill_light_2="1,0" skill_heavy_1="1,0" skill_heavy_2="1,0" skill_ranged_1="1,0" skill_ranged_2="1,0" weaponHeavy="1,0" weaponLight="1,0" weaponRange="1,0" skill_miBao="1,0" autoFight="1,0" pause="1,0" dodge="1,0" defaultWeapon="1" broadcastable="1" />
<PveFunctionOpen id="300506" levelType="0" joystick="1,0" attack="1,0" skill_light_1="1,0" skill_light_2="1,0" skill_heavy_1="1,0" skill_heavy_2="1,0" skill_ranged_1="1,0" skill_ranged_2="1,0" weaponHeavy="1,0" weaponLight="1,0" weaponRange="1,0" skill_miBao="1,0" autoFight="1,0" pause="1,0" dodge="1,0" defaultWeapon="1" broadcastable="1" />
<PveFunctionOpen id="300507" levelType="0" joystick="1,0" attack="1,0" skill_light_1="1,0" skill_light_2="1,0" skill_heavy_1="1,0" skill_heavy_2="1,0" skill_ranged_1="1,0" skill_ranged_2="1,0" weaponHeavy="1,0" weaponLight="1,0" weaponRange="1,0" skill_miBao="1,0" autoFight="1,0" pause="1,0" dodge="1,0" defaultWeapon="1" broadcastable="1" />
<PveFunctionOpen id="300508" levelType="0" joystick="1,0" attack="1,0" skill_light_1="1,0" skill_light_2="1,0" skill_heavy_1="1,0" skill_heavy_2="1,0" skill_ranged_1="1,0" skill_ranged_2="1,0" weaponHeavy="1,0" weaponLight="1,0" weaponRange="1,0" skill_miBao="1,0" autoFight="1,0" pause="1,0" dodge="1,0" defaultWeapon="1" broadcastable="1" />
<PveFunctionOpen id="300509" levelType="0" joystick="1,0" attack="1,0" skill_light_1="1,0" skill_light_2="1,0" skill_heavy_1="1,0" skill_heavy_2="1,0" skill_ranged_1="1,0" skill_ranged_2="1,0" weaponHeavy="1,0" weaponLight="1,0" weaponRange="1,0" skill_miBao="1,0" autoFight="1,0" pause="1,0" dodge="1,0" defaultWeapon="1" broadcastable="1" />
<PveFunctionOpen id="300510" levelType="0" joystick="1,0" attack="1,0" skill_light_1="1,0" skill_light_2="1,0" skill_heavy_1="1,0" skill_heavy_2="1,0" skill_ranged_1="1,0" skill_ranged_2="1,0" weaponHeavy="1,0" weaponLight="1,0" weaponRange="1,0" skill_miBao="1,0" autoFight="1,0" pause="1,0" dodge="1,0" defaultWeapon="1" broadcastable="1" />

<PveFunctionOpen id="400101" levelType="0" joystick="1,0" attack="1,0" skill_light_1="1,0" skill_light_2="1,0" skill_heavy_1="1,0" skill_heavy_2="1,0" skill_ranged_1="1,0" skill_ranged_2="1,0" weaponHeavy="1,0" weaponLight="1,0" weaponRange="1,0" skill_miBao="1,0" autoFight="1,0" pause="1,0" dodge="1,0" defaultWeapon="1" broadcastable="1" />
<PveFunctionOpen id="400102" levelType="0" joystick="1,0" attack="1,0" skill_light_1="1,0" skill_light_2="1,0" skill_heavy_1="1,0" skill_heavy_2="1,0" skill_ranged_1="1,0" skill_ranged_2="1,0" weaponHeavy="1,0" weaponLight="1,0" weaponRange="1,0" skill_miBao="1,0" autoFight="1,0" pause="1,0" dodge="1,0" defaultWeapon="1" broadcastable="1" />
<PveFunctionOpen id="400103" levelType="0" joystick="1,0" attack="1,0" skill_light_1="1,0" skill_light_2="1,0" skill_heavy_1="1,0" skill_heavy_2="1,0" skill_ranged_1="1,0" skill_ranged_2="1,0" weaponHeavy="1,0" weaponLight="1,0" weaponRange="1,0" skill_miBao="1,0" autoFight="1,0" pause="1,0" dodge="1,0" defaultWeapon="1" broadcastable="1" />
<PveFunctionOpen id="400104" levelType="0" joystick="1,0" attack="1,0" skill_light_1="1,0" skill_light_2="1,0" skill_heavy_1="1,0" skill_heavy_2="1,0" skill_ranged_1="1,0" skill_ranged_2="1,0" weaponHeavy="1,0" weaponLight="1,0" weaponRange="1,0" skill_miBao="1,0" autoFight="1,0" pause="1,0" dodge="1,0" defaultWeapon="1" broadcastable="1" />
<PveFunctionOpen id="400105" levelType="0" joystick="1,0" attack="1,0" skill_light_1="1,0" skill_light_2="1,0" skill_heavy_1="1,0" skill_heavy_2="1,0" skill_ranged_1="1,0" skill_ranged_2="1,0" weaponHeavy="1,0" weaponLight="1,0" weaponRange="1,0" skill_miBao="1,0" autoFight="1,0" pause="1,0" dodge="1,0" defaultWeapon="1" broadcastable="1" />
<PveFunctionOpen id="400106" levelType="0" joystick="1,0" attack="1,0" skill_light_1="1,0" skill_light_2="1,0" skill_heavy_1="1,0" skill_heavy_2="1,0" skill_ranged_1="1,0" skill_ranged_2="1,0" weaponHeavy="1,0" weaponLight="1,0" weaponRange="1,0" skill_miBao="1,0" autoFight="1,0" pause="1,0" dodge="1,0" defaultWeapon="1" broadcastable="1" />
<PveFunctionOpen id="400107" levelType="0" joystick="1,0" attack="1,0" skill_light_1="1,0" skill_light_2="1,0" skill_heavy_1="1,0" skill_heavy_2="1,0" skill_ranged_1="1,0" skill_ranged_2="1,0" weaponHeavy="1,0" weaponLight="1,0" weaponRange="1,0" skill_miBao="1,0" autoFight="1,0" pause="1,0" dodge="1,0" defaultWeapon="1" broadcastable="1" />
<PveFunctionOpen id="400108" levelType="0" joystick="1,0" attack="1,0" skill_light_1="1,0" skill_light_2="1,0" skill_heavy_1="1,0" skill_heavy_2="1,0" skill_ranged_1="1,0" skill_ranged_2="1,0" weaponHeavy="1,0" weaponLight="1,0" weaponRange="1,0" skill_miBao="1,0" autoFight="1,0" pause="1,0" dodge="1,0" defaultWeapon="1" broadcastable="1" />
<PveFunctionOpen id="400109" levelType="0" joystick="1,0" attack="1,0" skill_light_1="1,0" skill_light_2="1,0" skill_heavy_1="1,0" skill_heavy_2="1,0" skill_ranged_1="1,0" skill_ranged_2="1,0" weaponHeavy="1,0" weaponLight="1,0" weaponRange="1,0" skill_miBao="1,0" autoFight="1,0" pause="1,0" dodge="1,0" defaultWeapon="1" broadcastable="1" />
<PveFunctionOpen id="400110" levelType="0" joystick="1,0" attack="1,0" skill_light_1="1,0" skill_light_2="1,0" skill_heavy_1="1,0" skill_heavy_2="1,0" skill_ranged_1="1,0" skill_ranged_2="1,0" weaponHeavy="1,0" weaponLight="1,0" weaponRange="1,0" skill_miBao="1,0" autoFight="1,0" pause="1,0" dodge="1,0" defaultWeapon="1" broadcastable="1" />
<PveFunctionOpen id="400111" levelType="0" joystick="1,0" attack="1,0" skill_light_1="1,0" skill_light_2="1,0" skill_heavy_1="1,0" skill_heavy_2="1,0" skill_ranged_1="1,0" skill_ranged_2="1,0" weaponHeavy="1,0" weaponLight="1,0" weaponRange="1,0" skill_miBao="1,0" autoFight="1,0" pause="1,0" dodge="1,0" defaultWeapon="1" broadcastable="1" />
<PveFunctionOpen id="400201" levelType="0" joystick="1,0" attack="1,0" skill_light_1="1,0" skill_light_2="1,0" skill_heavy_1="1,0" skill_heavy_2="1,0" skill_ranged_1="1,0" skill_ranged_2="1,0" weaponHeavy="1,0" weaponLight="1,0" weaponRange="1,0" skill_miBao="1,0" autoFight="1,0" pause="1,0" dodge="1,0" defaultWeapon="1" broadcastable="1" />
<PveFunctionOpen id="400202" levelType="0" joystick="1,0" attack="1,0" skill_light_1="1,0" skill_light_2="1,0" skill_heavy_1="1,0" skill_heavy_2="1,0" skill_ranged_1="1,0" skill_ranged_2="1,0" weaponHeavy="1,0" weaponLight="1,0" weaponRange="1,0" skill_miBao="1,0" autoFight="1,0" pause="1,0" dodge="1,0" defaultWeapon="1" broadcastable="1" />

</dataset>