<?xml version="1.0" encoding="UTF-8"?>
<dataset>
<PveStar starId="1011" desc="510043" condition="1,999999" award="0:900002:10" />
<PveStar starId="1012" desc="510048" condition="1,180" award="9:920001:20" />
<PveStar starId="1013" desc="510028" condition="11,60,1" award="9:921001:40" />
<PveStar starId="1021" desc="510043" condition="1,999999" award="0:900002:10" />
<PveStar starId="1022" desc="510048" condition="1,180" award="9:920001:20" />
<PveStar starId="1023" desc="510028" condition="11,60,1" award="9:921001:40" />
<PveStar starId="1031" desc="510043" condition="1,999999" award="0:900002:10" />
<PveStar starId="1032" desc="510048" condition="1,180" award="9:920001:20" />
<PveStar starId="1033" desc="510028" condition="11,60,1" award="9:921001:40" />
<PveStar starId="2011" desc="510043" condition="1,999999" award="0:900002:15" />
<PveStar starId="2012" desc="510048" condition="1,180" award="9:920001:30" />
<PveStar starId="2013" desc="510028" condition="11,60,1" award="9:921001:60" />
<PveStar starId="2021" desc="510043" condition="1,999999" award="0:900002:15" />
<PveStar starId="2022" desc="510048" condition="1,180" award="9:920001:30" />
<PveStar starId="2023" desc="510028" condition="11,60,1" award="9:921001:60" />
<PveStar starId="2031" desc="510043" condition="1,999999" award="0:900002:15" />
<PveStar starId="2032" desc="510048" condition="1,999999" award="9:920001:30" />
<PveStar starId="2033" desc="510028" condition="1,999999" award="9:921001:60" />
<PveStar starId="3011" desc="510043" condition="1,999999" award="0:900002:20" />
<PveStar starId="3012" desc="510052" condition="1,240" award="9:920001:40" />
<PveStar starId="3013" desc="510053" condition="11,0,1" award="9:921001:80" />
<PveStar starId="3021" desc="510043" condition="1,999999" award="0:900002:20" />
<PveStar starId="3022" desc="510048" condition="1,180" award="9:920001:40" />
<PveStar starId="3023" desc="510028" condition="11,60,1" award="9:921001:80" />
<PveStar starId="3031" desc="510043" condition="1,999999" award="0:900002:20" />
<PveStar starId="3032" desc="510048" condition="1,180" award="9:920001:40" />
<PveStar starId="3033" desc="510028" condition="11,60,1" award="9:921001:80" />
<PveStar starId="4011" desc="510043" condition="1,999999" award="0:900002:25" />
<PveStar starId="4012" desc="510048" condition="1,180" award="9:920001:50" />
<PveStar starId="4013" desc="510028" condition="11,60,1" award="9:921001:100" />
<PveStar starId="4021" desc="510043" condition="1,999999" award="0:900002:25" />
<PveStar starId="4022" desc="510048" condition="1,180" award="9:920001:50" />
<PveStar starId="4023" desc="510028" condition="11,60,1" award="9:921001:100" />
<PveStar starId="4031" desc="510043" condition="1,999999" award="0:900002:25" />
<PveStar starId="4032" desc="510048" condition="1,180" award="9:920001:50" />
<PveStar starId="4033" desc="510028" condition="11,60,1" award="9:921001:100" />
<PveStar starId="5011" desc="510043" condition="1,999999" award="0:900002:30" />
<PveStar starId="5012" desc="510048" condition="1,180" award="9:920001:60" />
<PveStar starId="5013" desc="510028" condition="11,60,1" award="9:921001:120" />
<PveStar starId="5021" desc="510043" condition="1,999999" award="0:900002:30" />
<PveStar starId="5022" desc="510048" condition="1,180" award="9:920001:60" />
<PveStar starId="5023" desc="510028" condition="11,60,1" award="9:921001:120" />
<PveStar starId="5031" desc="510043" condition="1,999999" award="0:900002:30" />
<PveStar starId="5032" desc="510048" condition="1,180" award="9:920001:60" />
<PveStar starId="5033" desc="510028" condition="11,60,1" award="9:921001:120" />
<PveStar starId="6011" desc="510043" condition="1,999999" award="0:900002:35" />
<PveStar starId="6012" desc="510048" condition="1,180" award="9:920002:70" />
<PveStar starId="6013" desc="510028" condition="11,60,1" award="9:921002:140" />
<PveStar starId="6021" desc="510043" condition="1,999999" award="0:900002:35" />
<PveStar starId="6022" desc="510048" condition="1,180" award="9:920002:70" />
<PveStar starId="6023" desc="510028" condition="11,60,1" award="9:921002:140" />
<PveStar starId="6031" desc="510043" condition="1,999999" award="0:900002:35" />
<PveStar starId="6032" desc="510048" condition="1,180" award="9:920002:70" />
<PveStar starId="6033" desc="510028" condition="11,60,1" award="9:921002:140" />
<PveStar starId="7011" desc="510043" condition="1,999999" award="0:900002:40" />
<PveStar starId="7012" desc="510048" condition="1,180" award="9:920002:80" />
<PveStar starId="7013" desc="510028" condition="11,60,1" award="9:921002:160" />
<PveStar starId="7021" desc="510043" condition="1,999999" award="0:900002:40" />
<PveStar starId="7022" desc="510048" condition="1,180" award="9:920002:80" />
<PveStar starId="7023" desc="510028" condition="11,60,1" award="9:921002:160" />
<PveStar starId="7031" desc="510043" condition="1,999999" award="0:900002:40" />
<PveStar starId="7032" desc="510048" condition="1,180" award="9:920002:80" />
<PveStar starId="7033" desc="510028" condition="11,60,1" award="9:921002:160" />
<PveStar starId="8011" desc="510043" condition="1,999999" award="0:900002:45" />
<PveStar starId="8012" desc="510048" condition="1,180" award="9:920002:90" />
<PveStar starId="8013" desc="510028" condition="11,60,1" award="9:921002:180" />
<PveStar starId="8021" desc="510043" condition="1,999999" award="0:900002:45" />
<PveStar starId="8022" desc="510048" condition="1,180" award="9:920002:90" />
<PveStar starId="8023" desc="510028" condition="11,60,1" award="9:921002:180" />
<PveStar starId="8031" desc="510043" condition="1,999999" award="0:900002:45" />
<PveStar starId="8032" desc="510048" condition="1,180" award="9:920002:90" />
<PveStar starId="8033" desc="510028" condition="11,60,1" award="9:921002:180" />
<PveStar starId="9011" desc="510043" condition="1,999999" award="0:900002:50" />
<PveStar starId="9012" desc="510048" condition="1,180" award="9:920002:100" />
<PveStar starId="9013" desc="510028" condition="11,60,1" award="9:921002:200" />
<PveStar starId="9021" desc="510043" condition="1,999999" award="0:900002:50" />
<PveStar starId="9022" desc="510048" condition="1,180" award="9:920002:100" />
<PveStar starId="9023" desc="510028" condition="11,60,1" award="9:921002:200" />
<PveStar starId="9031" desc="510043" condition="1,999999" award="0:900002:50" />
<PveStar starId="9032" desc="510048" condition="1,180" award="9:920002:100" />
<PveStar starId="9033" desc="510028" condition="11,60,1" award="9:921002:200" />
<PveStar starId="10011" desc="510043" condition="1,999999" award="0:900002:55" />
<PveStar starId="10012" desc="510048" condition="1,180" award="9:920002:110" />
<PveStar starId="10013" desc="510028" condition="11,60,1" award="9:921002:220" />
<PveStar starId="10021" desc="510043" condition="1,999999" award="0:900002:55" />
<PveStar starId="10022" desc="510048" condition="1,180" award="9:920002:110" />
<PveStar starId="10023" desc="510028" condition="11,60,1" award="9:921002:220" />
<PveStar starId="10031" desc="510043" condition="1,999999" award="0:900002:55" />
<PveStar starId="10032" desc="510048" condition="1,180" award="9:920002:110" />
<PveStar starId="10033" desc="510028" condition="11,60,1" award="9:921002:220" />
<PveStar starId="11011" desc="510043" condition="1,999999" award="0:900002:60" />
<PveStar starId="11012" desc="510048" condition="1,180" award="9:920002:120" />
<PveStar starId="11013" desc="510028" condition="11,60,1" award="9:921002:240" />
<PveStar starId="11021" desc="510043" condition="1,999999" award="0:900002:60" />
<PveStar starId="11022" desc="510048" condition="1,180" award="9:920002:120" />
<PveStar starId="11023" desc="510028" condition="11,60,1" award="9:921002:240" />
<PveStar starId="11031" desc="510043" condition="1,999999" award="0:900002:60" />
<PveStar starId="11032" desc="510048" condition="1,180" award="9:920002:120" />
<PveStar starId="11033" desc="510028" condition="11,60,1" award="9:921002:240" />
<PveStar starId="12011" desc="510043" condition="1,999999" award="0:900002:65" />
<PveStar starId="12012" desc="510048" condition="1,180" award="9:920002:130" />
<PveStar starId="12013" desc="510028" condition="11,60,1" award="9:921002:260" />
<PveStar starId="12021" desc="510043" condition="1,999999" award="0:900002:65" />
<PveStar starId="12022" desc="510048" condition="1,180" award="9:920002:130" />
<PveStar starId="12023" desc="510028" condition="11,60,1" award="9:921002:260" />
<PveStar starId="12031" desc="510043" condition="1,999999" award="0:900002:65" />
<PveStar starId="12032" desc="510048" condition="1,180" award="9:920002:130" />
<PveStar starId="12033" desc="510028" condition="11,60,1" award="9:921002:260" />
<PveStar starId="13011" desc="510043" condition="1,999999" award="0:900002:70" />
<PveStar starId="13012" desc="510048" condition="1,180" award="9:920002:140" />
<PveStar starId="13013" desc="510028" condition="11,60,1" award="9:921002:280" />
<PveStar starId="13021" desc="510043" condition="1,999999" award="0:900002:70" />
<PveStar starId="13022" desc="510048" condition="1,180" award="9:920002:140" />
<PveStar starId="13023" desc="510028" condition="11,60,1" award="9:921002:280" />
<PveStar starId="13031" desc="510043" condition="1,999999" award="0:900002:70" />
<PveStar starId="13032" desc="510048" condition="1,180" award="9:920002:140" />
<PveStar starId="13033" desc="510028" condition="11,60,1" award="9:921002:280" />
<PveStar starId="14011" desc="510043" condition="1,999999" award="0:900002:75" />
<PveStar starId="14012" desc="510048" condition="1,180" award="9:920002:150" />
<PveStar starId="14013" desc="510028" condition="11,60,1" award="9:921002:300" />
<PveStar starId="14021" desc="510043" condition="1,999999" award="0:900002:75" />
<PveStar starId="14022" desc="510048" condition="1,180" award="9:920002:150" />
<PveStar starId="14023" desc="510028" condition="11,60,1" award="9:921002:300" />
<PveStar starId="14031" desc="510043" condition="1,999999" award="0:900002:75" />
<PveStar starId="14032" desc="510048" condition="1,180" award="9:920002:150" />
<PveStar starId="14033" desc="510028" condition="11,60,1" award="9:921002:300" />
<PveStar starId="15011" desc="510043" condition="1,999999" award="0:900002:80" />
<PveStar starId="15012" desc="510048" condition="1,180" award="9:920002:160" />
<PveStar starId="15013" desc="510028" condition="11,60,1" award="9:921002:320" />
<PveStar starId="15021" desc="510043" condition="1,999999" award="0:900002:80" />
<PveStar starId="15022" desc="510048" condition="1,180" award="9:920002:160" />
<PveStar starId="15023" desc="510028" condition="11,60,1" award="9:921002:320" />
<PveStar starId="15031" desc="510043" condition="1,999999" award="0:900002:80" />
<PveStar starId="15032" desc="510048" condition="1,180" award="9:920002:160" />
<PveStar starId="15033" desc="510028" condition="11,60,1" award="9:921002:320" />
<PveStar starId="101011" desc="510043" condition="1,999999" award="0:900002:10" />
<PveStar starId="101012" desc="510048" condition="1,180" award="9:920001:20" />
<PveStar starId="101013" desc="510028" condition="11,60,1" award="9:921001:40" />
<PveStar starId="101021" desc="510043" condition="1,999999" award="0:900002:10" />
<PveStar starId="101022" desc="510048" condition="1,180" award="9:920001:20" />
<PveStar starId="101023" desc="510028" condition="11,60,1" award="9:921001:40" />
<PveStar starId="101031" desc="510043" condition="1,999999" award="0:900002:10" />
<PveStar starId="101032" desc="510048" condition="1,180" award="9:920001:20" />
<PveStar starId="101033" desc="510028" condition="11,60,1" award="9:921001:40" />
<PveStar starId="102011" desc="510043" condition="1,999999" award="0:900002:15" />
<PveStar starId="102012" desc="510048" condition="1,180" award="9:920001:30" />
<PveStar starId="102013" desc="510028" condition="11,60,1" award="9:921001:60" />
<PveStar starId="102021" desc="510043" condition="1,999999" award="0:900002:15" />
<PveStar starId="102022" desc="510048" condition="1,180" award="9:920001:30" />
<PveStar starId="102023" desc="510028" condition="11,60,1" award="9:921001:60" />
<PveStar starId="102031" desc="510043" condition="1,999999" award="0:900002:15" />
<PveStar starId="102032" desc="510048" condition="1,180" award="9:920001:30" />
<PveStar starId="102033" desc="510028" condition="11,60,1" award="9:921001:60" />
<PveStar starId="103011" desc="510043" condition="1,999999" award="0:900002:20" />
<PveStar starId="103012" desc="510048" condition="1,180" award="9:920001:40" />
<PveStar starId="103013" desc="510028" condition="11,60,1" award="9:921001:80" />
<PveStar starId="103021" desc="510043" condition="1,999999" award="0:900002:20" />
<PveStar starId="103022" desc="510048" condition="1,180" award="9:920001:40" />
<PveStar starId="103023" desc="510028" condition="11,60,1" award="9:921001:80" />
<PveStar starId="103031" desc="510043" condition="1,999999" award="0:900002:20" />
<PveStar starId="103032" desc="510048" condition="1,180" award="9:920001:40" />
<PveStar starId="103033" desc="510028" condition="11,60,1" award="9:921001:80" />
<PveStar starId="104011" desc="510043" condition="1,999999" award="0:900002:25" />
<PveStar starId="104012" desc="510048" condition="1,180" award="9:920001:50" />
<PveStar starId="104013" desc="510028" condition="11,60,1" award="9:921001:100" />
<PveStar starId="104021" desc="510043" condition="1,999999" award="0:900002:25" />
<PveStar starId="104022" desc="510048" condition="1,180" award="9:920001:50" />
<PveStar starId="104023" desc="510028" condition="11,60,1" award="9:921001:100" />
<PveStar starId="104031" desc="510043" condition="1,999999" award="0:900002:25" />
<PveStar starId="104032" desc="510048" condition="1,180" award="9:920001:50" />
<PveStar starId="104033" desc="510028" condition="11,60,1" award="9:921001:100" />
<PveStar starId="105011" desc="510043" condition="1,999999" award="0:900002:30" />
<PveStar starId="105012" desc="510048" condition="1,180" award="9:920001:60" />
<PveStar starId="105013" desc="510028" condition="11,60,1" award="9:921001:120" />
<PveStar starId="105021" desc="510043" condition="1,999999" award="0:900002:30" />
<PveStar starId="105022" desc="510048" condition="1,180" award="9:920001:60" />
<PveStar starId="105023" desc="510028" condition="11,60,1" award="9:921001:120" />
<PveStar starId="105031" desc="510043" condition="1,999999" award="0:900002:30" />
<PveStar starId="105032" desc="510048" condition="1,180" award="9:920001:60" />
<PveStar starId="105033" desc="510028" condition="11,60,1" award="9:921001:120" />
<PveStar starId="106011" desc="510043" condition="1,999999" award="0:900002:35" />
<PveStar starId="106012" desc="510048" condition="1,180" award="9:920002:70" />
<PveStar starId="106013" desc="510028" condition="11,60,1" award="9:921002:140" />
<PveStar starId="106021" desc="510043" condition="1,999999" award="0:900002:35" />
<PveStar starId="106022" desc="510048" condition="1,180" award="9:920002:70" />
<PveStar starId="106023" desc="510028" condition="11,60,1" award="9:921002:140" />
<PveStar starId="106031" desc="510043" condition="1,999999" award="0:900002:35" />
<PveStar starId="106032" desc="510048" condition="1,180" award="9:920002:70" />
<PveStar starId="106033" desc="510028" condition="11,60,1" award="9:921002:140" />
<PveStar starId="107011" desc="510043" condition="1,999999" award="0:900002:40" />
<PveStar starId="107012" desc="510048" condition="1,180" award="9:920002:80" />
<PveStar starId="107013" desc="510028" condition="11,60,1" award="9:921002:160" />
<PveStar starId="107021" desc="510043" condition="1,999999" award="0:900002:40" />
<PveStar starId="107022" desc="510048" condition="1,180" award="9:920002:80" />
<PveStar starId="107023" desc="510028" condition="11,60,1" award="9:921002:160" />
<PveStar starId="107031" desc="510043" condition="1,999999" award="0:900002:40" />
<PveStar starId="107032" desc="510048" condition="1,180" award="9:920002:80" />
<PveStar starId="107033" desc="510028" condition="11,60,1" award="9:921002:160" />
<PveStar starId="108011" desc="510043" condition="1,999999" award="0:900002:45" />
<PveStar starId="108012" desc="510048" condition="1,180" award="9:920002:90" />
<PveStar starId="108013" desc="510028" condition="11,60,1" award="9:921002:180" />
<PveStar starId="108021" desc="510043" condition="1,999999" award="0:900002:45" />
<PveStar starId="108022" desc="510048" condition="1,180" award="9:920002:90" />
<PveStar starId="108023" desc="510028" condition="11,60,1" award="9:921002:180" />
<PveStar starId="108031" desc="510043" condition="1,999999" award="0:900002:45" />
<PveStar starId="108032" desc="510048" condition="1,180" award="9:920002:90" />
<PveStar starId="108033" desc="510028" condition="11,60,1" award="9:921002:180" />
<PveStar starId="109011" desc="510043" condition="1,999999" award="0:900002:50" />
<PveStar starId="109012" desc="510048" condition="1,180" award="9:920002:100" />
<PveStar starId="109013" desc="510028" condition="11,60,1" award="9:921002:200" />
<PveStar starId="109021" desc="510043" condition="1,999999" award="0:900002:50" />
<PveStar starId="109022" desc="510048" condition="1,180" award="9:920002:100" />
<PveStar starId="109023" desc="510028" condition="11,60,1" award="9:921002:200" />
<PveStar starId="109031" desc="510043" condition="1,999999" award="0:900002:50" />
<PveStar starId="109032" desc="510048" condition="1,180" award="9:920002:100" />
<PveStar starId="109033" desc="510028" condition="11,60,1" award="9:921002:200" />
<PveStar starId="110011" desc="510043" condition="1,999999" award="0:900002:55" />
<PveStar starId="110012" desc="510048" condition="1,180" award="9:920002:110" />
<PveStar starId="110013" desc="510028" condition="11,60,1" award="9:921002:220" />
<PveStar starId="110021" desc="510043" condition="1,999999" award="0:900002:55" />
<PveStar starId="110022" desc="510048" condition="1,180" award="9:920002:110" />
<PveStar starId="110023" desc="510028" condition="11,60,1" award="9:921002:220" />
<PveStar starId="110031" desc="510043" condition="1,999999" award="0:900002:55" />
<PveStar starId="110032" desc="510048" condition="1,180" award="9:920002:110" />
<PveStar starId="110033" desc="510028" condition="11,60,1" award="9:921002:220" />
<PveStar starId="111011" desc="510043" condition="1,999999" award="0:900002:60" />
<PveStar starId="111012" desc="510048" condition="1,180" award="9:920002:120" />
<PveStar starId="111013" desc="510028" condition="11,60,1" award="9:921002:240" />
<PveStar starId="111021" desc="510043" condition="1,999999" award="0:900002:60" />
<PveStar starId="111022" desc="510048" condition="1,180" award="9:920002:120" />
<PveStar starId="111023" desc="510028" condition="11,60,1" award="9:921002:240" />
<PveStar starId="111031" desc="510043" condition="1,999999" award="0:900002:60" />
<PveStar starId="111032" desc="510048" condition="1,180" award="9:920002:120" />
<PveStar starId="111033" desc="510028" condition="11,60,1" award="9:921002:240" />
<PveStar starId="112011" desc="510043" condition="1,999999" award="0:900002:65" />
<PveStar starId="112012" desc="510048" condition="1,180" award="9:920002:130" />
<PveStar starId="112013" desc="510028" condition="11,60,1" award="9:921002:260" />
<PveStar starId="112021" desc="510043" condition="1,999999" award="0:900002:65" />
<PveStar starId="112022" desc="510048" condition="1,180" award="9:920002:130" />
<PveStar starId="112023" desc="510028" condition="11,60,1" award="9:921002:260" />
<PveStar starId="112031" desc="510043" condition="1,999999" award="0:900002:65" />
<PveStar starId="112032" desc="510048" condition="1,180" award="9:920002:130" />
<PveStar starId="112033" desc="510028" condition="11,60,1" award="9:921002:260" />
<PveStar starId="113011" desc="510043" condition="1,999999" award="0:900002:70" />
<PveStar starId="113012" desc="510048" condition="1,180" award="9:920002:140" />
<PveStar starId="113013" desc="510028" condition="11,60,1" award="9:921002:280" />
<PveStar starId="113021" desc="510043" condition="1,999999" award="0:900002:70" />
<PveStar starId="113022" desc="510048" condition="1,180" award="9:920002:140" />
<PveStar starId="113023" desc="510028" condition="11,60,1" award="9:921002:280" />
<PveStar starId="113031" desc="510043" condition="1,999999" award="0:900002:70" />
<PveStar starId="113032" desc="510048" condition="1,180" award="9:920002:140" />
<PveStar starId="113033" desc="510028" condition="11,60,1" award="9:921002:280" />
<PveStar starId="114011" desc="510043" condition="1,999999" award="0:900002:75" />
<PveStar starId="114012" desc="510048" condition="1,180" award="9:920002:150" />
<PveStar starId="114013" desc="510028" condition="11,60,1" award="9:921002:300" />
<PveStar starId="114021" desc="510043" condition="1,999999" award="0:900002:75" />
<PveStar starId="114022" desc="510048" condition="1,180" award="9:920002:150" />
<PveStar starId="114023" desc="510028" condition="11,60,1" award="9:921002:300" />
<PveStar starId="114031" desc="510043" condition="1,999999" award="0:900002:75" />
<PveStar starId="114032" desc="510048" condition="1,180" award="9:920002:150" />
<PveStar starId="114033" desc="510028" condition="11,60,1" award="9:921002:300" />
<PveStar starId="115011" desc="510043" condition="1,999999" award="0:900002:80" />
<PveStar starId="115012" desc="510048" condition="1,180" award="9:920002:160" />
<PveStar starId="115013" desc="510028" condition="11,60,1" award="9:921002:320" />
<PveStar starId="115021" desc="510043" condition="1,999999" award="0:900002:80" />
<PveStar starId="115022" desc="510048" condition="1,180" award="9:920002:160" />
<PveStar starId="115023" desc="510028" condition="11,60,1" award="9:921002:320" />
<PveStar starId="115031" desc="510043" condition="1,999999" award="0:900002:80" />
<PveStar starId="115032" desc="510048" condition="1,180" award="9:920002:160" />
<PveStar starId="115033" desc="510028" condition="11,60,1" award="9:921002:320" />
</dataset>