<?xml version="1.0" encoding="UTF-8"?>
<dataset>
<PveTemp id="100001" bigName="30000" bigDesc="30000" bigId="0" smaName="40001" smaDesc="40001" smaId="1" chapType="0" useHp="0" monarchLevel="1" frontPoint="0" openCondition="0" money="100" exp="50" awardId="10106=100" firstAwardId="" npcId="100010" bossId="0" landId="0" power="62167" star1="0" star2="0" star3="0" icon="4" soundId="100101" sceneId="101" time="-100" RenWuLimit="0" PowerLimit="0" configId="100001" TeammateID="201010" juqingNPC="100101" wanfaType="推进模式" recZhanli="11620" recMibaoSkill="" guanqiaLabel="" bossIcon="0" bubble="" guanqiaIcon="0" enddingRemind="battle_icon_skill_qiang_1|下一关即将解锁双持武器技能：[ff0000]绝影星光斩[-]" />
<PveTemp id="100101" bigName="30001" bigDesc="30001" bigId="1" smaName="40101" smaDesc="40101" smaId="1" chapType="0" useHp="5" monarchLevel="1" frontPoint="100001" openCondition="0" money="100" exp="50" awardId="10106=100,10106=100,10106=8" firstAwardId="601011=100" npcId="101010" bossId="0" landId="0" power="491" star1="0" star2="0" star3="0" icon="6" soundId="100103" sceneId="704" time="240" RenWuLimit="0" PowerLimit="0" configId="100101" TeammateID="201010" juqingNPC="100201" wanfaType="乱战模式" recZhanli="120" recMibaoSkill="" guanqiaLabel="解锁：绝影星光斩" bossIcon="0" bubble="" guanqiaIcon="0" enddingRemind="" />
<PveTemp id="100102" bigName="30001" bigDesc="30001" bigId="1" smaName="40102" smaDesc="40102" smaId="2" chapType="0" useHp="5" monarchLevel="1" frontPoint="100101" openCondition="0" money="200" exp="50" awardId="10106=100,10106=100,10106=8" firstAwardId="601021=100" npcId="101020" bossId="0" landId="0" power="594" star1="0" star2="0" star3="0" icon="6" soundId="100100" sceneId="104" time="240" RenWuLimit="100040" PowerLimit="0" configId="100102" TeammateID="201010" juqingNPC="100202" wanfaType="推进模式" recZhanli="200" recMibaoSkill="" guanqiaLabel="" bossIcon="0" bubble="" guanqiaIcon="0" enddingRemind="battle_icon_skill_dao_1|下一关即将解锁长柄武器技能：[ff0000]乾坤斗转[-]" />
<PveTemp id="100103" bigName="30001" bigDesc="30001" bigId="1" smaName="40103" smaDesc="40103" smaId="3" chapType="1" useHp="5" monarchLevel="1" frontPoint="100102" openCondition="0" money="580" exp="50" awardId="10106=100,10106=100,10106=8" firstAwardId="601031=100" npcId="101030" bossId="0" landId="0" power="675" star1="1011" star2="1012" star3="1013" icon="5" soundId="100201" sceneId="103" time="240" RenWuLimit="0" PowerLimit="0" configId="100103" TeammateID="201010" juqingNPC="100203" wanfaType="守护模式" recZhanli="340" recMibaoSkill="" guanqiaLabel="解锁：乾坤斗转" bossIcon="1" bubble="本将军在此，休想进入大梁！" guanqiaIcon="0" enddingRemind="battle_auto_fight_2|下一关即将解锁新功能：[ff0000]自动战斗[-]" />
<PveTemp id="100104" bigName="30001" bigDesc="30001" bigId="1" smaName="40104" smaDesc="40104" smaId="4" chapType="0" useHp="5" monarchLevel="1" frontPoint="100103" openCondition="0" money="585" exp="50" awardId="10206=100,10206=100,10206=8" firstAwardId="601041=100" npcId="101040" bossId="0" landId="0" power="856" star1="0" star2="0" star3="0" icon="6" soundId="100100" sceneId="102" time="240" RenWuLimit="100057" PowerLimit="0" configId="100104" TeammateID="201010" juqingNPC="100204" wanfaType="推进模式" recZhanli="410" recMibaoSkill="" guanqiaLabel="解锁：自动战斗" bossIcon="0" bubble="" guanqiaIcon="0" enddingRemind="battle_icon_skill_1|下一关即将解锁战斗新技能：[ff0000]闪躲[-]" />
<PveTemp id="100105" bigName="30001" bigDesc="30001" bigId="1" smaName="40105" smaDesc="40105" smaId="5" chapType="1" useHp="5" monarchLevel="1" frontPoint="100104" openCondition="0" money="590" exp="50" awardId="10206=100,10206=100,10206=8" firstAwardId="601051=100" npcId="101050" bossId="0" landId="0" power="1210" star1="1021" star2="1022" star3="1023" icon="5" soundId="100102" sceneId="105" time="240" RenWuLimit="0" PowerLimit="0" configId="100105" TeammateID="201010" juqingNPC="100205" wanfaType="推进模式" recZhanli="470" recMibaoSkill="" guanqiaLabel="解锁：闪躲" bossIcon="1" bubble="谁也别想把孙膑救出去，嘿嘿嘿……" guanqiaIcon="0" enddingRemind="battle_icon_skill_qiang_2|下一关即将解锁双持武器技能：[ff0000]修罗斩[-]" />
<PveTemp id="100106" bigName="30001" bigDesc="30001" bigId="1" smaName="40106" smaDesc="40106" smaId="6" chapType="0" useHp="5" monarchLevel="1" frontPoint="100105" openCondition="0" money="595" exp="50" awardId="10306=100,10306=100,10306=8" firstAwardId="601061=100" npcId="101060" bossId="0" landId="0" power="1376" star1="0" star2="0" star3="0" icon="5" soundId="100100" sceneId="106" time="240" RenWuLimit="100170" PowerLimit="0" configId="100106" TeammateID="201010" juqingNPC="100206" wanfaType="追击模式" recZhanli="500" recMibaoSkill="" guanqiaLabel="解锁：修罗斩" bossIcon="0" bubble="" guanqiaIcon="0" enddingRemind="" />
<PveTemp id="100107" bigName="30001" bigDesc="30001" bigId="1" smaName="40107" smaDesc="40107" smaId="7" chapType="1" useHp="5" monarchLevel="1" frontPoint="100106" openCondition="0" money="600" exp="50" awardId="10306=100,10306=100,10306=8" firstAwardId="601071=100" npcId="101070" bossId="0" landId="0" power="1630" star1="1031" star2="1032" star3="1033" icon="6" soundId="100102" sceneId="704" time="240" RenWuLimit="0" PowerLimit="0" configId="100107" TeammateID="201010" juqingNPC="100207" wanfaType="推进模式" recZhanli="770" recMibaoSkill="" guanqiaLabel="" bossIcon="1" bubble="孙膑的膝盖骨可真好吃~" guanqiaIcon="1" enddingRemind="" />
<PveTemp id="100201" bigName="30002" bigDesc="30002" bigId="2" smaName="40201" smaDesc="40201" smaId="1" chapType="0" useHp="5" monarchLevel="1" frontPoint="100107" openCondition="0" money="605" exp="50" awardId="20106=100,20106=100,20106=8" firstAwardId="602011=100" npcId="102010" bossId="0" landId="0" power="1994" star1="0" star2="0" star3="0" icon="5" soundId="100101" sceneId="301" time="240" RenWuLimit="100307" PowerLimit="0" configId="100201" TeammateID="201010" juqingNPC="100301" wanfaType="推进模式" recZhanli="780" recMibaoSkill="250102" guanqiaLabel="" bossIcon="0" bubble="" guanqiaIcon="0" enddingRemind="" />
<PveTemp id="100202" bigName="30002" bigDesc="30002" bigId="2" smaName="40202" smaDesc="40202" smaId="2" chapType="0" useHp="5" monarchLevel="1" frontPoint="100201" openCondition="0" money="610" exp="50" awardId="20106=100,20106=100,20106=8" firstAwardId="" npcId="102020" bossId="0" landId="0" power="2468" star1="0" star2="0" star3="0" icon="3" soundId="100100" sceneId="900" time="240" RenWuLimit="0" PowerLimit="0" configId="100202" TeammateID="201010" juqingNPC="100302" wanfaType="军团模式" recZhanli="840" recMibaoSkill="250103" guanqiaLabel="开放：技能突破" bossIcon="0" bubble="" guanqiaIcon="0" enddingRemind="" />
<PveTemp id="100203" bigName="30002" bigDesc="30002" bigId="2" smaName="40203" smaDesc="40203" smaId="3" chapType="1" useHp="5" monarchLevel="1" frontPoint="100202" openCondition="0" money="615" exp="50" awardId="20106=100,20106=100,20106=8" firstAwardId="602031=100" npcId="102030" bossId="0" landId="0" power="2898" star1="2011" star2="2012" star3="2013" icon="3" soundId="100101" sceneId="303" time="240" RenWuLimit="100230" PowerLimit="0" configId="100203" TeammateID="201010" juqingNPC="100303" wanfaType="护送模式" recZhanli="1090" recMibaoSkill="250104" guanqiaLabel="" bossIcon="1" bubble="本将军在此，谁也别想靠近齐王！" guanqiaIcon="0" enddingRemind="" />
<PveTemp id="100204" bigName="30002" bigDesc="30002" bigId="2" smaName="40204" smaDesc="40204" smaId="4" chapType="0" useHp="5" monarchLevel="1" frontPoint="100203" openCondition="0" money="620" exp="50" awardId="20206=100,20206=100,20206=8" firstAwardId="602041=100" npcId="102040" bossId="0" landId="0" power="3373" star1="0" star2="0" star3="0" icon="2" soundId="100100" sceneId="304" time="240" RenWuLimit="0" PowerLimit="0" configId="100204" TeammateID="201010" juqingNPC="100304" wanfaType="推进模式" recZhanli="1310" recMibaoSkill="250105" guanqiaLabel="" bossIcon="0" bubble="" guanqiaIcon="0" enddingRemind="" />
<PveTemp id="100205" bigName="30002" bigDesc="30002" bigId="2" smaName="40205" smaDesc="40205" smaId="5" chapType="1" useHp="5" monarchLevel="1" frontPoint="100204" openCondition="0" money="625" exp="50" awardId="20211=55,20206=100,20206=100,20206=8" firstAwardId="602051=100" npcId="102050" bossId="0" landId="0" power="4038" star1="2021" star2="2022" star3="2023" icon="2" soundId="100102" sceneId="208" time="240" RenWuLimit="100280" PowerLimit="0" configId="100205" TeammateID="201010" juqingNPC="100305" wanfaType="守护模式" recZhanli="1540" recMibaoSkill="250106" guanqiaLabel="" bossIcon="1" bubble="齐王在此狩猎，哪个不知死活的东西敢来闹事？" guanqiaIcon="0" enddingRemind="" />
<PveTemp id="100206" bigName="30002" bigDesc="30002" bigId="2" smaName="40206" smaDesc="40206" smaId="6" chapType="0" useHp="5" monarchLevel="1" frontPoint="100205" openCondition="0" money="630" exp="50" awardId="20306=100,20306=100,20306=8" firstAwardId="602061=100" npcId="102060" bossId="0" landId="0" power="3779" star1="0" star2="0" star3="0" icon="5" soundId="100103" sceneId="406" time="240" RenWuLimit="0" PowerLimit="0" configId="100206" TeammateID="201010" juqingNPC="100306" wanfaType="乱战模式" recZhanli="1720" recMibaoSkill="250107" guanqiaLabel="" bossIcon="0" bubble="" guanqiaIcon="0" enddingRemind="" />
<PveTemp id="100207" bigName="30002" bigDesc="30002" bigId="2" smaName="40207" smaDesc="40207" smaId="7" chapType="1" useHp="5" monarchLevel="1" frontPoint="100206" openCondition="0" money="635" exp="50" awardId="20311=100,20312=55,20306=100,20306=100,20306=8" firstAwardId="602071=100" npcId="102070" bossId="0" landId="0" power="4689" star1="2031" star2="2032" star3="2033" icon="5" soundId="100102" sceneId="207" time="240" RenWuLimit="100285" PowerLimit="0" configId="100207" TeammateID="201010" juqingNPC="100307" wanfaType="推进模式" recZhanli="1950" recMibaoSkill="250101" guanqiaLabel="" bossIcon="1" bubble="君上的安危，俺承包了！" guanqiaIcon="1" enddingRemind="" />
<PveTemp id="100301" bigName="30003" bigDesc="30003" bigId="3" smaName="40301" smaDesc="40301" smaId="1" chapType="0" useHp="5" monarchLevel="1" frontPoint="100207" openCondition="0" money="640" exp="50" awardId="30106=100,30106=100,30106=8" firstAwardId="603011=100" npcId="103010" bossId="0" landId="0" power="5325" star1="0" star2="0" star3="0" icon="2" soundId="100100" sceneId="301" time="240" RenWuLimit="200020" PowerLimit="0" configId="100301" TeammateID="201010" juqingNPC="100401" wanfaType="推进模式" recZhanli="2220" recMibaoSkill="250102" guanqiaLabel="" bossIcon="0" bubble="" guanqiaIcon="0" enddingRemind="" />
<PveTemp id="100302" bigName="30003" bigDesc="30003" bigId="3" smaName="40302" smaDesc="40302" smaId="2" chapType="0" useHp="5" monarchLevel="1" frontPoint="100301" openCondition="0" money="645" exp="50" awardId="30106=100,30106=100,30106=8" firstAwardId="" npcId="103020" bossId="0" landId="0" power="6561" star1="0" star2="0" star3="0" icon="6" soundId="100103" sceneId="303" time="240" RenWuLimit="200030" PowerLimit="0" configId="100302" TeammateID="201010" juqingNPC="100402" wanfaType="追击模式" recZhanli="2390" recMibaoSkill="250103" guanqiaLabel="" bossIcon="0" bubble="" guanqiaIcon="0" enddingRemind="" />
<PveTemp id="100303" bigName="30003" bigDesc="30003" bigId="3" smaName="40303" smaDesc="40303" smaId="3" chapType="1" useHp="5" monarchLevel="1" frontPoint="100302" openCondition="0" money="650" exp="50" awardId="30111=55,30112=55,30106=100,30106=100,30106=8" firstAwardId="603031=100" npcId="103030" bossId="0" landId="0" power="7602" star1="3011" star2="3012" star3="3013" icon="2" soundId="100103" sceneId="201" time="240" RenWuLimit="0" PowerLimit="0" configId="100303" TeammateID="201010" juqingNPC="100403" wanfaType="推进模式" recZhanli="2580" recMibaoSkill="250104" guanqiaLabel="开放：关卡扫荡" bossIcon="1" bubble="一夫当关，万夫莫开！" guanqiaIcon="0" enddingRemind="" />
<PveTemp id="100304" bigName="30003" bigDesc="30003" bigId="3" smaName="40304" smaDesc="40304" smaId="4" chapType="0" useHp="5" monarchLevel="1" frontPoint="100303" openCondition="0" money="655" exp="50" awardId="30206=100,30206=100,30206=8" firstAwardId="" npcId="103040" bossId="0" landId="0" power="8312" star1="0" star2="0" star3="0" icon="5" soundId="100201" sceneId="506" time="240" RenWuLimit="100100" PowerLimit="0" configId="100304" TeammateID="201010" juqingNPC="100404" wanfaType="乱战模式" recZhanli="2740" recMibaoSkill="250105" guanqiaLabel="" bossIcon="0" bubble="" guanqiaIcon="0" enddingRemind="" />
<PveTemp id="100305" bigName="30003" bigDesc="30003" bigId="3" smaName="40305" smaDesc="40305" smaId="5" chapType="1" useHp="5" monarchLevel="1" frontPoint="100304" openCondition="0" money="660" exp="50" awardId="30211=55,30212=55,30206=100,30206=100,30206=8" firstAwardId="603051=100" npcId="103050" bossId="0" landId="0" power="9458" star1="3021" star2="3022" star3="3023" icon="5" soundId="100201" sceneId="900" time="240" RenWuLimit="0" PowerLimit="0" configId="100305" TeammateID="201010" juqingNPC="100405" wanfaType="军团模式" recZhanli="3060" recMibaoSkill="250106" guanqiaLabel="开放：试炼-完璧归赵" bossIcon="1" bubble="放眼海内，谁是我大魏敌手？" guanqiaIcon="0" enddingRemind="" />
<PveTemp id="100306" bigName="30003" bigDesc="30003" bigId="3" smaName="40306" smaDesc="40306" smaId="6" chapType="0" useHp="5" monarchLevel="1" frontPoint="100305" openCondition="0" money="665" exp="50" awardId="30306=100,30306=100,30306=8" firstAwardId="" npcId="103060" bossId="0" landId="0" power="10350" star1="0" star2="0" star3="0" icon="2" soundId="100100" sceneId="406" time="240" RenWuLimit="100370" PowerLimit="0" configId="100306" TeammateID="201010" juqingNPC="100406" wanfaType="护送模式" recZhanli="3170" recMibaoSkill="250107" guanqiaLabel="" bossIcon="0" bubble="" guanqiaIcon="0" enddingRemind="" />
<PveTemp id="100307" bigName="30003" bigDesc="30003" bigId="3" smaName="40307" smaDesc="40307" smaId="7" chapType="1" useHp="5" monarchLevel="1" frontPoint="100306" openCondition="0" money="670" exp="50" awardId="30311=55,30312=55,30306=100,30306=100,30306=8" firstAwardId="603071=100" npcId="103070" bossId="0" landId="0" power="11990" star1="3031" star2="3032" star3="3033" icon="2" soundId="100100" sceneId="202" time="240" RenWuLimit="0" PowerLimit="0" configId="100307" TeammateID="201010" juqingNPC="100407" wanfaType="推进模式" recZhanli="3310" recMibaoSkill="250101" guanqiaLabel="开放：传奇关卡" bossIcon="1" bubble="中原霸主，舍我其谁？" guanqiaIcon="1" enddingRemind="" />
<PveTemp id="100401" bigName="30004" bigDesc="30004" bigId="4" smaName="40401" smaDesc="40401" smaId="1" chapType="0" useHp="5" monarchLevel="1" frontPoint="100307" openCondition="0" money="675" exp="50" awardId="40106=100,40106=100,40106=8,100=20" firstAwardId="" npcId="104010" bossId="0" landId="0" power="12885" star1="0" star2="0" star3="0" icon="5" soundId="100103" sceneId="301" time="240" RenWuLimit="100521" PowerLimit="0" configId="100401" TeammateID="201010" juqingNPC="100501" wanfaType="推进模式" recZhanli="4700" recMibaoSkill="250102" guanqiaLabel="" bossIcon="0" bubble="" guanqiaIcon="0" enddingRemind="" />
<PveTemp id="100402" bigName="30004" bigDesc="30004" bigId="4" smaName="40402" smaDesc="40402" smaId="2" chapType="0" useHp="5" monarchLevel="1" frontPoint="100401" openCondition="0" money="680" exp="50" awardId="40106=100,40106=100,40106=8,100=20" firstAwardId="" npcId="104020" bossId="0" landId="0" power="13927" star1="0" star2="0" star3="0" icon="5" soundId="100102" sceneId="203" time="240" RenWuLimit="0" PowerLimit="0" configId="100402" TeammateID="201010" juqingNPC="100502" wanfaType="乱战模式" recZhanli="4900" recMibaoSkill="250103" guanqiaLabel="" bossIcon="0" bubble="" guanqiaIcon="0" enddingRemind="" />
<PveTemp id="100403" bigName="30004" bigDesc="30004" bigId="4" smaName="40403" smaDesc="40403" smaId="3" chapType="1" useHp="5" monarchLevel="1" frontPoint="100402" openCondition="0" money="685" exp="50" awardId="40111=50,40106=100,40106=100,40106=8,100=20" firstAwardId="" npcId="104030" bossId="0" landId="0" power="15917" star1="4011" star2="4012" star3="4013" icon="1" soundId="100101" sceneId="304" time="240" RenWuLimit="0" PowerLimit="0" configId="100403" TeammateID="201010" juqingNPC="100503" wanfaType="护送模式" recZhanli="5230" recMibaoSkill="250104" guanqiaLabel="" bossIcon="1" bubble="不知死活的东西，竟敢偷袭魏国？抓到一定抽他的筋！" guanqiaIcon="0" enddingRemind="" />
<PveTemp id="100404" bigName="30004" bigDesc="30004" bigId="4" smaName="40404" smaDesc="40404" smaId="4" chapType="0" useHp="5" monarchLevel="1" frontPoint="100403" openCondition="0" money="690" exp="50" awardId="40206=100,40206=100,40206=8,100=20" firstAwardId="" npcId="104040" bossId="0" landId="0" power="17070" star1="0" star2="0" star3="0" icon="5" soundId="100100" sceneId="504" time="240" RenWuLimit="0" PowerLimit="0" configId="100404" TeammateID="201010" juqingNPC="100504" wanfaType="推进模式" recZhanli="5960" recMibaoSkill="250105" guanqiaLabel="" bossIcon="0" bubble="" guanqiaIcon="0" enddingRemind="" />
<PveTemp id="100405" bigName="30004" bigDesc="30004" bigId="4" smaName="40405" smaDesc="40405" smaId="5" chapType="0" useHp="5" monarchLevel="1" frontPoint="100404" openCondition="0" money="695" exp="50" awardId="40206=100,40206=100,40206=8,100=20" firstAwardId="" npcId="104050" bossId="0" landId="0" power="17991" star1="0" star2="0" star3="0" icon="5" soundId="100101" sceneId="704" time="240" RenWuLimit="0" PowerLimit="0" configId="100405" TeammateID="201010" juqingNPC="100505" wanfaType="乱战模式" recZhanli="6110" recMibaoSkill="250106" guanqiaLabel="" bossIcon="0" bubble="" guanqiaIcon="0" enddingRemind="" />
<PveTemp id="100406" bigName="30004" bigDesc="30004" bigId="4" smaName="40406" smaDesc="40406" smaId="6" chapType="1" useHp="5" monarchLevel="1" frontPoint="100405" openCondition="0" money="700" exp="50" awardId="40211=50,40206=100,40206=100,40206=8,100=20" firstAwardId="" npcId="104060" bossId="0" landId="0" power="19032" star1="4021" star2="4022" star3="4023" icon="6" soundId="100100" sceneId="900" time="240" RenWuLimit="0" PowerLimit="0" configId="100406" TeammateID="201010" juqingNPC="100506" wanfaType="军团模式" recZhanli="6520" recMibaoSkill="250107" guanqiaLabel="" bossIcon="1" bubble="犯我大魏者，虽远必诛！" guanqiaIcon="0" enddingRemind="" />
<PveTemp id="100407" bigName="30004" bigDesc="30004" bigId="4" smaName="40407" smaDesc="40407" smaId="7" chapType="0" useHp="5" monarchLevel="1" frontPoint="100406" openCondition="0" money="705" exp="50" awardId="40306=100,40306=100,40306=8,100=20" firstAwardId="" npcId="104070" bossId="0" landId="0" power="20031" star1="0" star2="0" star3="0" icon="4" soundId="100100" sceneId="201" time="240" RenWuLimit="0" PowerLimit="0" configId="100407" TeammateID="201010" juqingNPC="100507" wanfaType="推进模式" recZhanli="7200" recMibaoSkill="250101" guanqiaLabel="" bossIcon="0" bubble="" guanqiaIcon="0" enddingRemind="" />
<PveTemp id="100408" bigName="30004" bigDesc="30004" bigId="4" smaName="40408" smaDesc="40408" smaId="8" chapType="0" useHp="5" monarchLevel="1" frontPoint="100407" openCondition="0" money="710" exp="50" awardId="40306=100,40306=100,40306=8,100=20" firstAwardId="" npcId="104080" bossId="0" landId="0" power="21053" star1="0" star2="0" star3="0" icon="2" soundId="100100" sceneId="202" time="240" RenWuLimit="0" PowerLimit="0" configId="100408" TeammateID="201010" juqingNPC="100508" wanfaType="推进模式" recZhanli="7340" recMibaoSkill="250102" guanqiaLabel="" bossIcon="0" bubble="" guanqiaIcon="0" enddingRemind="" />
<PveTemp id="100409" bigName="30004" bigDesc="30004" bigId="4" smaName="40409" smaDesc="40409" smaId="9" chapType="1" useHp="5" monarchLevel="1" frontPoint="100408" openCondition="0" money="715" exp="50" awardId="40311=50,40312=50,40306=100,40306=100,40306=8,100=20" firstAwardId="" npcId="104090" bossId="0" landId="0" power="22344" star1="4031" star2="4032" star3="4033" icon="3" soundId="100101" sceneId="203" time="240" RenWuLimit="100470" PowerLimit="0" configId="100409" TeammateID="201010" juqingNPC="100509" wanfaType="乱战模式" recZhanli="7860" recMibaoSkill="250103" guanqiaLabel="" bossIcon="1" bubble="孙膑小人，怎是我庞涓对手？" guanqiaIcon="1" enddingRemind="" />
<PveTemp id="100501" bigName="30005" bigDesc="30005" bigId="5" smaName="40501" smaDesc="40501" smaId="1" chapType="0" useHp="5" monarchLevel="1" frontPoint="100409" openCondition="0" money="720" exp="50" awardId="50106=100,50106=56,100=20" firstAwardId="" npcId="105010" bossId="0" landId="0" power="22850" star1="0" star2="0" star3="0" icon="6" soundId="100103" sceneId="207" time="240" RenWuLimit="200070" PowerLimit="0" configId="100501" TeammateID="201010" juqingNPC="100601" wanfaType="推进模式" recZhanli="8000" recMibaoSkill="250104" guanqiaLabel="" bossIcon="0" bubble="" guanqiaIcon="0" enddingRemind="" />
<PveTemp id="100502" bigName="30005" bigDesc="30005" bigId="5" smaName="40502" smaDesc="40502" smaId="2" chapType="0" useHp="5" monarchLevel="1" frontPoint="100501" openCondition="0" money="725" exp="50" awardId="50106=100,50106=56,100=20" firstAwardId="" npcId="105020" bossId="0" landId="0" power="25254" star1="0" star2="0" star3="0" icon="2" soundId="100102" sceneId="205" time="240" RenWuLimit="200075" PowerLimit="0" configId="100502" TeammateID="201010" juqingNPC="100602" wanfaType="推进模式" recZhanli="8460" recMibaoSkill="250105" guanqiaLabel="" bossIcon="0" bubble="" guanqiaIcon="0" enddingRemind="" />
<PveTemp id="100503" bigName="30005" bigDesc="30005" bigId="5" smaName="40503" smaDesc="40503" smaId="3" chapType="1" useHp="5" monarchLevel="1" frontPoint="100502" openCondition="0" money="730" exp="50" awardId="50111=70,50106=100,50106=56,100=20" firstAwardId="" npcId="105030" bossId="0" landId="0" power="25369" star1="5011" star2="5012" star3="5013" icon="4" soundId="100101" sceneId="303" time="240" RenWuLimit="0" PowerLimit="0" configId="100503" TeammateID="201010" juqingNPC="100603" wanfaType="追击模式" recZhanli="9360" recMibaoSkill="250106" guanqiaLabel="" bossIcon="1" bubble="主公抓回来的小妞可真漂亮！" guanqiaIcon="0" enddingRemind="" />
<PveTemp id="100504" bigName="30005" bigDesc="30005" bigId="5" smaName="40504" smaDesc="40504" smaId="4" chapType="0" useHp="5" monarchLevel="1" frontPoint="100503" openCondition="0" money="735" exp="50" awardId="50206=100,50206=56,100=20" firstAwardId="" npcId="105040" bossId="0" landId="0" power="26520" star1="0" star2="0" star3="0" icon="5" soundId="100100" sceneId="504" time="240" RenWuLimit="0" PowerLimit="0" configId="100504" TeammateID="201010" juqingNPC="100604" wanfaType="推进模式" recZhanli="9530" recMibaoSkill="250107" guanqiaLabel="" bossIcon="0" bubble="" guanqiaIcon="0" enddingRemind="" />
<PveTemp id="100505" bigName="30005" bigDesc="30005" bigId="5" smaName="40505" smaDesc="40505" smaId="5" chapType="0" useHp="5" monarchLevel="1" frontPoint="100504" openCondition="0" money="740" exp="50" awardId="50206=100,50206=56,100=20" firstAwardId="" npcId="105050" bossId="0" landId="0" power="26830" star1="0" star2="0" star3="0" icon="5" soundId="100100" sceneId="100" time="240" RenWuLimit="0" PowerLimit="0" configId="100505" TeammateID="201010" juqingNPC="100605" wanfaType="乱战模式" recZhanli="9680" recMibaoSkill="250101" guanqiaLabel="" bossIcon="0" bubble="" guanqiaIcon="0" enddingRemind="" />
<PveTemp id="100506" bigName="30005" bigDesc="30005" bigId="5" smaName="40506" smaDesc="40506" smaId="6" chapType="1" useHp="5" monarchLevel="1" frontPoint="100505" openCondition="0" money="745" exp="50" awardId="50211=70,50212=70,50206=100,50206=56,100=20" firstAwardId="" npcId="105060" bossId="0" landId="0" power="28419" star1="5021" star2="5022" star3="5023" icon="2" soundId="100102" sceneId="206" time="240" RenWuLimit="0" PowerLimit="0" configId="100506" TeammateID="201010" juqingNPC="100606" wanfaType="护送模式" recZhanli="10730" recMibaoSkill="250102" guanqiaLabel="" bossIcon="1" bubble="竟敢抢主公的女人？活得不耐烦了！" guanqiaIcon="0" enddingRemind="" />
<PveTemp id="100507" bigName="30005" bigDesc="30005" bigId="5" smaName="40507" smaDesc="40507" smaId="7" chapType="0" useHp="5" monarchLevel="1" frontPoint="100506" openCondition="0" money="750" exp="50" awardId="50306=100,50306=56,100=20" firstAwardId="" npcId="105070" bossId="0" landId="0" power="29713" star1="0" star2="0" star3="0" icon="2" soundId="100100" sceneId="302" time="240" RenWuLimit="0" PowerLimit="0" configId="100507" TeammateID="201010" juqingNPC="100607" wanfaType="推进模式" recZhanli="11250" recMibaoSkill="250103" guanqiaLabel="" bossIcon="0" bubble="" guanqiaIcon="0" enddingRemind="" />
<PveTemp id="100508" bigName="30005" bigDesc="30005" bigId="5" smaName="40508" smaDesc="40508" smaId="8" chapType="0" useHp="5" monarchLevel="1" frontPoint="100507" openCondition="0" money="755" exp="50" awardId="50306=100,50306=56,100=20" firstAwardId="" npcId="105080" bossId="0" landId="0" power="30332" star1="0" star2="0" star3="0" icon="3" soundId="100100" sceneId="900" time="240" RenWuLimit="0" PowerLimit="0" configId="100508" TeammateID="201010" juqingNPC="100608" wanfaType="军团模式" recZhanli="12380" recMibaoSkill="250104" guanqiaLabel="" bossIcon="0" bubble="" guanqiaIcon="0" enddingRemind="" />
<PveTemp id="100509" bigName="30005" bigDesc="30005" bigId="5" smaName="40509" smaDesc="40509" smaId="9" chapType="1" useHp="5" monarchLevel="1" frontPoint="100508" openCondition="0" money="760" exp="50" awardId="50311=70,50312=70,50306=100,50306=56,100=20" firstAwardId="" npcId="105090" bossId="0" landId="0" power="38772" star1="5031" star2="5032" star3="5033" icon="4" soundId="100101" sceneId="704" time="240" RenWuLimit="0" PowerLimit="0" configId="100509" TeammateID="201010" juqingNPC="100609" wanfaType="推进模式" recZhanli="12890" recMibaoSkill="250105" guanqiaLabel="" bossIcon="1" bubble="本君侯所有的仇家都死了，你是下一个！" guanqiaIcon="1" enddingRemind="" />
<PveTemp id="100601" bigName="30006" bigDesc="30006" bigId="6" smaName="40601" smaDesc="40601" smaId="1" chapType="0" useHp="5" monarchLevel="1" frontPoint="100509" openCondition="0" money="765" exp="50" awardId="60106=100,60106=56,100=20,101=20" firstAwardId="" npcId="106010" bossId="0" landId="0" power="31973" star1="0" star2="0" star3="0" icon="6" soundId="100100" sceneId="201" time="240" RenWuLimit="200080" PowerLimit="0" configId="100601" TeammateID="201010" juqingNPC="100701" wanfaType="推进模式" recZhanli="13220" recMibaoSkill="250106" guanqiaLabel="" bossIcon="0" bubble="" guanqiaIcon="0" enddingRemind="" />
<PveTemp id="100602" bigName="30006" bigDesc="30006" bigId="6" smaName="40602" smaDesc="40602" smaId="2" chapType="0" useHp="5" monarchLevel="1" frontPoint="100601" openCondition="0" money="770" exp="50" awardId="60106=100,60106=56,100=20,101=20" firstAwardId="" npcId="106020" bossId="0" landId="0" power="33394" star1="0" star2="0" star3="0" icon="5" soundId="100100" sceneId="206" time="240" RenWuLimit="200085" PowerLimit="0" configId="100602" TeammateID="201010" juqingNPC="100702" wanfaType="推进模式" recZhanli="13700" recMibaoSkill="250107" guanqiaLabel="" bossIcon="0" bubble="" guanqiaIcon="0" enddingRemind="" />
<PveTemp id="100603" bigName="30006" bigDesc="30006" bigId="6" smaName="40603" smaDesc="40603" smaId="3" chapType="1" useHp="5" monarchLevel="1" frontPoint="100602" openCondition="0" money="775" exp="50" awardId="60111=80,60106=100,60106=56,100=20,101=20" firstAwardId="" npcId="106030" bossId="0" landId="0" power="34255" star1="6011" star2="6012" star3="6013" icon="5" soundId="100101" sceneId="203" time="240" RenWuLimit="0" PowerLimit="0" configId="100603" TeammateID="201010" juqingNPC="100703" wanfaType="护送模式" recZhanli="14520" recMibaoSkill="250101" guanqiaLabel="" bossIcon="1" bubble="孙膑，又是你，有种别跑！" guanqiaIcon="0" enddingRemind="" />
<PveTemp id="100604" bigName="30006" bigDesc="30006" bigId="6" smaName="40604" smaDesc="40604" smaId="4" chapType="0" useHp="5" monarchLevel="1" frontPoint="100603" openCondition="0" money="780" exp="50" awardId="60206=100,60206=56,100=20,101=20" firstAwardId="" npcId="106040" bossId="0" landId="0" power="34435" star1="0" star2="0" star3="0" icon="2" soundId="100100" sceneId="506" time="240" RenWuLimit="0" PowerLimit="0" configId="100604" TeammateID="201010" juqingNPC="100704" wanfaType="乱战模式" recZhanli="14710" recMibaoSkill="250102" guanqiaLabel="" bossIcon="0" bubble="" guanqiaIcon="0" enddingRemind="" />
<PveTemp id="100605" bigName="30006" bigDesc="30006" bigId="6" smaName="40605" smaDesc="40605" smaId="5" chapType="0" useHp="5" monarchLevel="1" frontPoint="100604" openCondition="0" money="785" exp="50" awardId="60206=100,60206=56,100=20,101=20" firstAwardId="" npcId="106050" bossId="0" landId="0" power="34347" star1="0" star2="0" star3="0" icon="5" soundId="100100" sceneId="406" time="240" RenWuLimit="0" PowerLimit="0" configId="100605" TeammateID="201010" juqingNPC="100705" wanfaType="护送模式" recZhanli="15170" recMibaoSkill="250103" guanqiaLabel="" bossIcon="0" bubble="" guanqiaIcon="0" enddingRemind="" />
<PveTemp id="100606" bigName="30006" bigDesc="30006" bigId="6" smaName="40606" smaDesc="40606" smaId="6" chapType="1" useHp="5" monarchLevel="1" frontPoint="100605" openCondition="0" money="790" exp="50" awardId="60211=80,60206=100,60206=56,100=20,101=20" firstAwardId="" npcId="106060" bossId="0" landId="0" power="35748" star1="6021" star2="6022" star3="6023" icon="6" soundId="100101" sceneId="205" time="240" RenWuLimit="0" PowerLimit="0" configId="100606" TeammateID="201010" juqingNPC="100706" wanfaType="追击模式" recZhanli="15960" recMibaoSkill="250104" guanqiaLabel="" bossIcon="1" bubble="决战的时刻到了！赌上我庞涓的性命吧！" guanqiaIcon="0" enddingRemind="" />
<PveTemp id="100607" bigName="30006" bigDesc="30006" bigId="6" smaName="40607" smaDesc="40607" smaId="7" chapType="0" useHp="5" monarchLevel="1" frontPoint="100606" openCondition="0" money="795" exp="50" awardId="60306=100,60306=56,100=20,101=20" firstAwardId="" npcId="106070" bossId="0" landId="0" power="37798" star1="0" star2="0" star3="0" icon="5" soundId="100100" sceneId="203" time="240" RenWuLimit="0" PowerLimit="0" configId="100607" TeammateID="201010" juqingNPC="100707" wanfaType="推进模式" recZhanli="16390" recMibaoSkill="250105" guanqiaLabel="" bossIcon="0" bubble="" guanqiaIcon="0" enddingRemind="" />
<PveTemp id="100608" bigName="30006" bigDesc="30006" bigId="6" smaName="40608" smaDesc="40608" smaId="8" chapType="0" useHp="5" monarchLevel="1" frontPoint="100607" openCondition="0" money="800" exp="50" awardId="60306=100,60306=56,100=20,101=20" firstAwardId="" npcId="106080" bossId="0" landId="0" power="37242" star1="0" star2="0" star3="0" icon="1" soundId="100100" sceneId="206" time="240" RenWuLimit="0" PowerLimit="0" configId="100608" TeammateID="201010" juqingNPC="100708" wanfaType="追击模式" recZhanli="16900" recMibaoSkill="250106" guanqiaLabel="" bossIcon="0" bubble="" guanqiaIcon="0" enddingRemind="" />
<PveTemp id="100609" bigName="30006" bigDesc="30006" bigId="6" smaName="40609" smaDesc="40609" smaId="9" chapType="1" useHp="5" monarchLevel="1" frontPoint="100608" openCondition="0" money="805" exp="50" awardId="60311=80,60312=80,60306=100,60306=56,100=20,101=20" firstAwardId="" npcId="106090" bossId="0" landId="0" power="34938" star1="6031" star2="6032" star3="6033" icon="2" soundId="100101" sceneId="504" time="240" RenWuLimit="0" PowerLimit="0" configId="100609" TeammateID="201010" juqingNPC="100709" wanfaType="推进模式" recZhanli="18050" recMibaoSkill="250107" guanqiaLabel="" bossIcon="1" bubble="绝不能辱没我大魏的威名！" guanqiaIcon="1" enddingRemind="" />
<PveTemp id="100701" bigName="30007" bigDesc="30007" bigId="7" smaName="40701" smaDesc="40701" smaId="1" chapType="0" useHp="5" monarchLevel="1" frontPoint="100609" openCondition="0" money="810" exp="50" awardId="70106=100,70106=56,100=20,101=20" firstAwardId="" npcId="107010" bossId="0" landId="0" power="37654" star1="0" star2="0" star3="0" icon="6" soundId="100100" sceneId="301" time="240" RenWuLimit="100820" PowerLimit="0" configId="100701" TeammateID="201010" juqingNPC="100801" wanfaType="推进模式" recZhanli="18570" recMibaoSkill="250101" guanqiaLabel="" bossIcon="0" bubble="" guanqiaIcon="0" enddingRemind="" />
<PveTemp id="100702" bigName="30007" bigDesc="30007" bigId="7" smaName="40702" smaDesc="40702" smaId="2" chapType="0" useHp="5" monarchLevel="1" frontPoint="100701" openCondition="0" money="815" exp="50" awardId="70106=100,70106=56,100=20,101=20" firstAwardId="" npcId="107020" bossId="0" landId="0" power="38414" star1="0" star2="0" star3="0" icon="5" soundId="100102" sceneId="201" time="240" RenWuLimit="200087" PowerLimit="0" configId="100702" TeammateID="201010" juqingNPC="100802" wanfaType="推进模式" recZhanli="19340" recMibaoSkill="250102" guanqiaLabel="" bossIcon="0" bubble="" guanqiaIcon="0" enddingRemind="" />
<PveTemp id="100703" bigName="30007" bigDesc="30007" bigId="7" smaName="40703" smaDesc="40703" smaId="3" chapType="1" useHp="5" monarchLevel="1" frontPoint="100702" openCondition="0" money="820" exp="50" awardId="70111=80,70106=100,70106=56,100=20,101=20" firstAwardId="" npcId="107030" bossId="0" landId="0" power="40228" star1="7011" star2="7012" star3="7013" icon="2" soundId="100101" sceneId="203" time="240" RenWuLimit="0" PowerLimit="0" configId="100703" TeammateID="201010" juqingNPC="100803" wanfaType="护送模式" recZhanli="21430" recMibaoSkill="250103" guanqiaLabel="" bossIcon="1" bubble="你们就别想回齐国啦！哈哈哈哈……" guanqiaIcon="0" enddingRemind="" />
<PveTemp id="100704" bigName="30007" bigDesc="30007" bigId="7" smaName="40704" smaDesc="40704" smaId="4" chapType="0" useHp="5" monarchLevel="1" frontPoint="100703" openCondition="0" money="825" exp="50" awardId="70206=100,70206=56,100=20,101=20" firstAwardId="" npcId="107040" bossId="0" landId="0" power="38851" star1="0" star2="0" star3="0" icon="5" soundId="100100" sceneId="504" time="240" RenWuLimit="0" PowerLimit="0" configId="100704" TeammateID="201010" juqingNPC="100804" wanfaType="军团模式" recZhanli="22390" recMibaoSkill="250104" guanqiaLabel="" bossIcon="0" bubble="" guanqiaIcon="0" enddingRemind="" />
<PveTemp id="100705" bigName="30007" bigDesc="30007" bigId="7" smaName="40705" smaDesc="40705" smaId="5" chapType="0" useHp="5" monarchLevel="1" frontPoint="100704" openCondition="0" money="830" exp="50" awardId="70206=100,70206=56,100=20,101=20" firstAwardId="" npcId="107050" bossId="0" landId="0" power="41041" star1="0" star2="0" star3="0" icon="5" soundId="100100" sceneId="202" time="240" RenWuLimit="0" PowerLimit="0" configId="100705" TeammateID="201010" juqingNPC="100805" wanfaType="推进模式" recZhanli="23320" recMibaoSkill="250105" guanqiaLabel="" bossIcon="0" bubble="" guanqiaIcon="0" enddingRemind="" />
<PveTemp id="100706" bigName="30007" bigDesc="30007" bigId="7" smaName="40706" smaDesc="40706" smaId="6" chapType="1" useHp="5" monarchLevel="1" frontPoint="100705" openCondition="0" money="835" exp="50" awardId="70211=80,70212=80,70206=100,70206=56,100=20,101=20" firstAwardId="" npcId="107060" bossId="0" landId="0" power="42252" star1="7021" star2="7022" star3="7023" icon="5" soundId="100101" sceneId="100" time="240" RenWuLimit="0" PowerLimit="0" configId="100706" TeammateID="201010" juqingNPC="100806" wanfaType="乱战模式" recZhanli="25390" recMibaoSkill="250106" guanqiaLabel="" bossIcon="1" bubble="十面埋伏，休想逃出老夫的手心！" guanqiaIcon="0" enddingRemind="" />
<PveTemp id="100707" bigName="30007" bigDesc="30007" bigId="7" smaName="40707" smaDesc="40707" smaId="7" chapType="0" useHp="5" monarchLevel="1" frontPoint="100706" openCondition="0" money="850" exp="50" awardId="70306=100,70306=56,100=20,101=20" firstAwardId="" npcId="107070" bossId="0" landId="0" power="42929" star1="0" star2="0" star3="0" icon="3" soundId="100100" sceneId="2008" time="240" RenWuLimit="0" PowerLimit="0" configId="100707" TeammateID="201010" juqingNPC="100807" wanfaType="推进模式" recZhanli="26200" recMibaoSkill="250107" guanqiaLabel="" bossIcon="0" bubble="" guanqiaIcon="0" enddingRemind="" />
<PveTemp id="100708" bigName="30007" bigDesc="30007" bigId="7" smaName="40708" smaDesc="40708" smaId="8" chapType="0" useHp="5" monarchLevel="1" frontPoint="100707" openCondition="0" money="855" exp="50" awardId="70306=100,70306=56,100=20,101=20" firstAwardId="" npcId="107080" bossId="0" landId="0" power="45402" star1="0" star2="0" star3="0" icon="2" soundId="100100" sceneId="406" time="240" RenWuLimit="0" PowerLimit="0" configId="100708" TeammateID="201010" juqingNPC="100808" wanfaType="护送模式" recZhanli="27160" recMibaoSkill="250101" guanqiaLabel="" bossIcon="0" bubble="" guanqiaIcon="0" enddingRemind="" />
<PveTemp id="100709" bigName="30007" bigDesc="30007" bigId="7" smaName="40709" smaDesc="40709" smaId="9" chapType="1" useHp="5" monarchLevel="1" frontPoint="100708" openCondition="0" money="860" exp="50" awardId="70311=80,70312=80,70306=100,70306=56,100=20,101=20" firstAwardId="" npcId="107090" bossId="0" landId="0" power="43124" star1="7031" star2="7032" star3="7033" icon="4" soundId="100101" sceneId="504" time="240" RenWuLimit="0" PowerLimit="0" configId="100709" TeammateID="201010" juqingNPC="100809" wanfaType="推进模式" recZhanli="30610" recMibaoSkill="250102" guanqiaLabel="" bossIcon="1" bubble="得罪老夫的人只有死！" guanqiaIcon="1" enddingRemind="" />
<PveTemp id="100801" bigName="30008" bigDesc="30008" bigId="8" smaName="40801" smaDesc="40801" smaId="1" chapType="0" useHp="5" monarchLevel="1" frontPoint="100709" openCondition="0" money="870" exp="50" awardId="80106=100,80106=56,100=20,101=20" firstAwardId="" npcId="108010" bossId="0" landId="0" power="49052" star1="0" star2="0" star3="0" icon="5" soundId="100201" sceneId="301" time="240" RenWuLimit="100940" PowerLimit="0" configId="100801" TeammateID="201010" juqingNPC="100901" wanfaType="推进模式" recZhanli="31310" recMibaoSkill="250103" guanqiaLabel="" bossIcon="0" bubble="" guanqiaIcon="0" enddingRemind="" />
<PveTemp id="100802" bigName="30008" bigDesc="30008" bigId="8" smaName="40802" smaDesc="40802" smaId="2" chapType="0" useHp="5" monarchLevel="1" frontPoint="100801" openCondition="0" money="900" exp="50" awardId="80106=100,80106=56,100=20,101=20" firstAwardId="" npcId="108020" bossId="0" landId="0" power="51563" star1="0" star2="0" star3="0" icon="3" soundId="100100" sceneId="206" time="240" RenWuLimit="0" PowerLimit="0" configId="100802" TeammateID="201010" juqingNPC="100902" wanfaType="推进模式" recZhanli="32180" recMibaoSkill="250104" guanqiaLabel="" bossIcon="0" bubble="" guanqiaIcon="0" enddingRemind="" />
<PveTemp id="100803" bigName="30008" bigDesc="30008" bigId="8" smaName="40803" smaDesc="40803" smaId="3" chapType="1" useHp="5" monarchLevel="1" frontPoint="100802" openCondition="0" money="905" exp="50" awardId="80111=38,80106=100,80106=56,100=20,101=20" firstAwardId="" npcId="108030" bossId="0" landId="0" power="53594" star1="8011" star2="8012" star3="8013" icon="5" soundId="100101" sceneId="203" time="240" RenWuLimit="0" PowerLimit="0" configId="100803" TeammateID="201010" juqingNPC="100903" wanfaType="护送模式" recZhanli="34300" recMibaoSkill="250105" guanqiaLabel="" bossIcon="1" bubble="天子的镖车也得给老子留下！" guanqiaIcon="0" enddingRemind="" />
<PveTemp id="100804" bigName="30008" bigDesc="30008" bigId="8" smaName="40804" smaDesc="40804" smaId="4" chapType="0" useHp="5" monarchLevel="1" frontPoint="100803" openCondition="0" money="920" exp="50" awardId="80206=100,80206=56,100=20,101=20" firstAwardId="" npcId="108040" bossId="0" landId="0" power="54229" star1="0" star2="0" star3="0" icon="5" soundId="100102" sceneId="2008" time="240" RenWuLimit="0" PowerLimit="0" configId="100804" TeammateID="201010" juqingNPC="100904" wanfaType="乱战模式" recZhanli="35340" recMibaoSkill="250106" guanqiaLabel="" bossIcon="0" bubble="" guanqiaIcon="0" enddingRemind="" />
<PveTemp id="100805" bigName="30008" bigDesc="30008" bigId="8" smaName="40805" smaDesc="40805" smaId="5" chapType="0" useHp="5" monarchLevel="1" frontPoint="100804" openCondition="0" money="925" exp="50" awardId="80206=100,80206=56,100=20,101=20" firstAwardId="" npcId="108050" bossId="0" landId="0" power="54826" star1="0" star2="0" star3="0" icon="6" soundId="100100" sceneId="208" time="240" RenWuLimit="0" PowerLimit="0" configId="100805" TeammateID="201010" juqingNPC="100905" wanfaType="守护模式" recZhanli="35940" recMibaoSkill="250107" guanqiaLabel="" bossIcon="0" bubble="" guanqiaIcon="0" enddingRemind="" />
<PveTemp id="100806" bigName="30008" bigDesc="30008" bigId="8" smaName="40806" smaDesc="40806" smaId="6" chapType="1" useHp="5" monarchLevel="1" frontPoint="100805" openCondition="0" money="930" exp="50" awardId="80211=38,80206=100,80206=56,100=20,101=20" firstAwardId="" npcId="108060" bossId="0" landId="0" power="56277" star1="8021" star2="8022" star3="8023" icon="5" soundId="100102" sceneId="504" time="240" RenWuLimit="0" PowerLimit="0" configId="100806" TeammateID="201010" juqingNPC="100906" wanfaType="军团模式" recZhanli="38540" recMibaoSkill="250101" guanqiaLabel="" bossIcon="1" bubble="这群村民吃了雄心豹子胆！杀光他们！" guanqiaIcon="0" enddingRemind="" />
<PveTemp id="100807" bigName="30008" bigDesc="30008" bigId="8" smaName="40807" smaDesc="40807" smaId="7" chapType="0" useHp="5" monarchLevel="1" frontPoint="100806" openCondition="0" money="950" exp="50" awardId="80306=100,80306=56,100=20,101=20" firstAwardId="" npcId="108070" bossId="0" landId="0" power="57103" star1="0" star2="0" star3="0" icon="2" soundId="100100" sceneId="201" time="240" RenWuLimit="0" PowerLimit="0" configId="100807" TeammateID="201010" juqingNPC="100907" wanfaType="追击模式" recZhanli="39100" recMibaoSkill="250102" guanqiaLabel="" bossIcon="0" bubble="" guanqiaIcon="0" enddingRemind="" />
<PveTemp id="100808" bigName="30008" bigDesc="30008" bigId="8" smaName="40808" smaDesc="40808" smaId="8" chapType="0" useHp="5" monarchLevel="1" frontPoint="100807" openCondition="0" money="955" exp="50" awardId="80306=100,80306=56,100=20,101=20" firstAwardId="" npcId="108080" bossId="0" landId="0" power="57586" star1="0" star2="0" star3="0" icon="3" soundId="100100" sceneId="202" time="240" RenWuLimit="0" PowerLimit="0" configId="100808" TeammateID="201010" juqingNPC="100908" wanfaType="推进模式" recZhanli="40410" recMibaoSkill="250103" guanqiaLabel="" bossIcon="0" bubble="" guanqiaIcon="0" enddingRemind="" />
<PveTemp id="100809" bigName="30008" bigDesc="30008" bigId="8" smaName="40809" smaDesc="40809" smaId="9" chapType="1" useHp="5" monarchLevel="1" frontPoint="100808" openCondition="0" money="970" exp="50" awardId="80311=38,80306=100,80306=56,100=20,101=20" firstAwardId="" npcId="108090" bossId="0" landId="0" power="70562" star1="8031" star2="8032" star3="8033" icon="4" soundId="100101" sceneId="100" time="240" RenWuLimit="0" PowerLimit="0" configId="100809" TeammateID="201010" juqingNPC="100909" wanfaType="推进模式" recZhanli="43470" recMibaoSkill="250104" guanqiaLabel="" bossIcon="1" bubble="本将军可不是一般的山匪！" guanqiaIcon="1" enddingRemind="" />
<PveTemp id="100901" bigName="30009" bigDesc="30009" bigId="9" smaName="40901" smaDesc="40901" smaId="1" chapType="0" useHp="5" monarchLevel="1" frontPoint="100809" openCondition="0" money="975" exp="50" awardId="90106=100,90106=56,100=20,101=20" firstAwardId="" npcId="109010" bossId="0" landId="0" power="59492" star1="0" star2="0" star3="0" icon="5" soundId="100102" sceneId="203" time="240" RenWuLimit="101060" PowerLimit="0" configId="100901" TeammateID="201010" juqingNPC="101001" wanfaType="推进模式" recZhanli="44550" recMibaoSkill="250105" guanqiaLabel="" bossIcon="0" bubble="" guanqiaIcon="0" enddingRemind="" />
<PveTemp id="100902" bigName="30009" bigDesc="30009" bigId="9" smaName="40902" smaDesc="40902" smaId="2" chapType="0" useHp="5" monarchLevel="1" frontPoint="100901" openCondition="0" money="980" exp="50" awardId="90106=100,90106=56,100=20,101=20" firstAwardId="" npcId="109020" bossId="0" landId="0" power="60712" star1="0" star2="0" star3="0" icon="6" soundId="100100" sceneId="206" time="240" RenWuLimit="0" PowerLimit="0" configId="100902" TeammateID="201010" juqingNPC="101002" wanfaType="乱战模式" recZhanli="45770" recMibaoSkill="250106" guanqiaLabel="" bossIcon="0" bubble="" guanqiaIcon="0" enddingRemind="" />
<PveTemp id="100903" bigName="30009" bigDesc="30009" bigId="9" smaName="40903" smaDesc="40903" smaId="3" chapType="1" useHp="5" monarchLevel="1" frontPoint="100902" openCondition="0" money="985" exp="50" awardId="90111=38,90106=100,90106=56,100=20,101=20" firstAwardId="" npcId="109030" bossId="0" landId="0" power="61105" star1="9011" star2="9012" star3="9013" icon="6" soundId="100101" sceneId="406" time="240" RenWuLimit="0" PowerLimit="0" configId="100903" TeammateID="201010" juqingNPC="101003" wanfaType="护送模式" recZhanli="49270" recMibaoSkill="250107" guanqiaLabel="" bossIcon="1" bubble="石门是我大秦的啦！" guanqiaIcon="0" enddingRemind="" />
<PveTemp id="100904" bigName="30009" bigDesc="30009" bigId="9" smaName="40904" smaDesc="40904" smaId="4" chapType="0" useHp="5" monarchLevel="1" frontPoint="100903" openCondition="0" money="1000" exp="50" awardId="90206=100,90206=56,100=20,101=20" firstAwardId="" npcId="109040" bossId="0" landId="0" power="63574" star1="0" star2="0" star3="0" icon="1" soundId="100201" sceneId="302" time="240" RenWuLimit="0" PowerLimit="0" configId="100904" TeammateID="201010" juqingNPC="101004" wanfaType="推进模式" recZhanli="50220" recMibaoSkill="250101" guanqiaLabel="" bossIcon="0" bubble="" guanqiaIcon="0" enddingRemind="" />
<PveTemp id="100905" bigName="30009" bigDesc="30009" bigId="9" smaName="40905" smaDesc="40905" smaId="5" chapType="0" useHp="5" monarchLevel="1" frontPoint="100904" openCondition="0" money="1005" exp="50" awardId="90206=100,90206=56,100=20,101=20" firstAwardId="" npcId="109050" bossId="0" landId="0" power="66284" star1="0" star2="0" star3="0" icon="5" soundId="100102" sceneId="504" time="240" RenWuLimit="0" PowerLimit="0" configId="100905" TeammateID="201010" juqingNPC="101005" wanfaType="军团模式" recZhanli="51610" recMibaoSkill="250102" guanqiaLabel="" bossIcon="0" bubble="" guanqiaIcon="0" enddingRemind="" />
<PveTemp id="100906" bigName="30009" bigDesc="30009" bigId="9" smaName="40906" smaDesc="40906" smaId="6" chapType="1" useHp="5" monarchLevel="1" frontPoint="100905" openCondition="0" money="1010" exp="50" awardId="90211=38,90206=100,90206=56,100=20,101=20" firstAwardId="" npcId="109060" bossId="0" landId="0" power="69351" star1="9021" star2="9022" star3="9023" icon="2" soundId="100101" sceneId="304" time="240" RenWuLimit="0" PowerLimit="0" configId="100906" TeammateID="201010" juqingNPC="101006" wanfaType="守护模式" recZhanli="55090" recMibaoSkill="250103" guanqiaLabel="" bossIcon="1" bubble="宰了龙贾老头，魏军就群龙无首了！" guanqiaIcon="0" enddingRemind="" />
<PveTemp id="100907" bigName="30009" bigDesc="30009" bigId="9" smaName="40907" smaDesc="40907" smaId="7" chapType="0" useHp="5" monarchLevel="1" frontPoint="100906" openCondition="0" money="1020" exp="50" awardId="90306=100,90306=56,100=20,101=20" firstAwardId="" npcId="109070" bossId="0" landId="0" power="74834" star1="0" star2="0" star3="0" icon="2" soundId="100100" sceneId="504" time="240" RenWuLimit="0" PowerLimit="0" configId="100907" TeammateID="201010" juqingNPC="101007" wanfaType="推进模式" recZhanli="56490" recMibaoSkill="250104" guanqiaLabel="" bossIcon="0" bubble="" guanqiaIcon="0" enddingRemind="" />
<PveTemp id="100908" bigName="30009" bigDesc="30009" bigId="9" smaName="40908" smaDesc="40908" smaId="8" chapType="0" useHp="5" monarchLevel="1" frontPoint="100907" openCondition="0" money="1050" exp="50" awardId="90306=100,90306=56,100=20,101=20" firstAwardId="" npcId="109080" bossId="0" landId="0" power="80975" star1="0" star2="0" star3="0" icon="3" soundId="100100" sceneId="504" time="240" RenWuLimit="0" PowerLimit="0" configId="100908" TeammateID="201010" juqingNPC="101008" wanfaType="军团模式" recZhanli="57970" recMibaoSkill="250105" guanqiaLabel="" bossIcon="0" bubble="" guanqiaIcon="0" enddingRemind="" />
<PveTemp id="100909" bigName="30009" bigDesc="30009" bigId="9" smaName="40909" smaDesc="40909" smaId="9" chapType="1" useHp="5" monarchLevel="1" frontPoint="100908" openCondition="0" money="1055" exp="50" awardId="90311=38,90306=100,90306=56,100=20,101=20" firstAwardId="" npcId="109090" bossId="0" landId="0" power="72133" star1="9031" star2="9032" star3="9033" icon="3" soundId="100101" sceneId="203" time="240" RenWuLimit="0" PowerLimit="0" configId="100909" TeammateID="201010" juqingNPC="101009" wanfaType="推进模式" recZhanli="63360" recMibaoSkill="250106" guanqiaLabel="" bossIcon="1" bubble="守住国都，绝不辱没秦军的威名！" guanqiaIcon="1" enddingRemind="" />
<PveTemp id="101001" bigName="30010" bigDesc="30010" bigId="10" smaName="41001" smaDesc="41001" smaId="1" chapType="0" useHp="5" monarchLevel="1" frontPoint="100909" openCondition="0" money="1070" exp="50" awardId="100106=100,100106=56,100=20,101=20" firstAwardId="" npcId="110010" bossId="0" landId="0" power="133779" star1="0" star2="0" star3="0" icon="2" soundId="100100" sceneId="504" time="240" RenWuLimit="101180" PowerLimit="0" configId="101001" TeammateID="201010" juqingNPC="101101" wanfaType="推进模式" recZhanli="65240" recMibaoSkill="250107" guanqiaLabel="" bossIcon="0" bubble="" guanqiaIcon="0" enddingRemind="" />
<PveTemp id="101002" bigName="30010" bigDesc="30010" bigId="10" smaName="41002" smaDesc="41002" smaId="2" chapType="0" useHp="5" monarchLevel="1" frontPoint="101001" openCondition="0" money="1075" exp="50" awardId="100106=100,100106=56,100=20,101=20" firstAwardId="" npcId="110020" bossId="0" landId="0" power="142193" star1="0" star2="0" star3="0" icon="2" soundId="100100" sceneId="704" time="240" RenWuLimit="0" PowerLimit="0" configId="101002" TeammateID="201010" juqingNPC="101102" wanfaType="推进模式" recZhanli="66920" recMibaoSkill="250101" guanqiaLabel="" bossIcon="0" bubble="" guanqiaIcon="0" enddingRemind="" />
<PveTemp id="101003" bigName="30010" bigDesc="30010" bigId="10" smaName="41003" smaDesc="41003" smaId="3" chapType="1" useHp="5" monarchLevel="1" frontPoint="101002" openCondition="0" money="1100" exp="50" awardId="100111=38,100106=100,100106=56,100=20,101=20" firstAwardId="" npcId="110030" bossId="0" landId="0" power="142379" star1="10011" star2="10012" star3="10013" icon="2" soundId="100100" sceneId="203" time="240" RenWuLimit="0" PowerLimit="0" configId="101003" TeammateID="201010" juqingNPC="101103" wanfaType="护送模式" recZhanli="71170" recMibaoSkill="250102" guanqiaLabel="" bossIcon="1" bubble="赵国称雄天下的时候到了！" guanqiaIcon="0" enddingRemind="" />
<PveTemp id="101004" bigName="30010" bigDesc="30010" bigId="10" smaName="41004" smaDesc="41004" smaId="4" chapType="0" useHp="5" monarchLevel="1" frontPoint="101003" openCondition="0" money="1130" exp="50" awardId="100206=100,100206=56,100=20,101=20" firstAwardId="" npcId="110040" bossId="0" landId="0" power="146744" star1="0" star2="0" star3="0" icon="5" soundId="100201" sceneId="203" time="240" RenWuLimit="0" PowerLimit="0" configId="101004" TeammateID="201010" juqingNPC="101104" wanfaType="推进模式" recZhanli="72980" recMibaoSkill="250103" guanqiaLabel="" bossIcon="0" bubble="" guanqiaIcon="0" enddingRemind="" />
<PveTemp id="101005" bigName="30010" bigDesc="30010" bigId="10" smaName="41005" smaDesc="41005" smaId="5" chapType="0" useHp="5" monarchLevel="1" frontPoint="101004" openCondition="0" money="1135" exp="50" awardId="100206=100,100206=56,100=20,101=20" firstAwardId="" npcId="110050" bossId="0" landId="0" power="151149" star1="0" star2="0" star3="0" icon="2" soundId="100100" sceneId="207" time="240" RenWuLimit="0" PowerLimit="0" configId="101005" TeammateID="201010" juqingNPC="101105" wanfaType="推进模式" recZhanli="74980" recMibaoSkill="250104" guanqiaLabel="" bossIcon="0" bubble="" guanqiaIcon="0" enddingRemind="" />
<PveTemp id="101006" bigName="30010" bigDesc="30010" bigId="10" smaName="41006" smaDesc="41006" smaId="6" chapType="1" useHp="5" monarchLevel="1" frontPoint="101005" openCondition="0" money="1150" exp="50" awardId="100211=38,100206=100,100206=56,100=20,101=20" firstAwardId="" npcId="110060" bossId="0" landId="0" power="160295" star1="10021" star2="10022" star3="10023" icon="2" soundId="100102" sceneId="302" time="240" RenWuLimit="0" PowerLimit="0" configId="101006" TeammateID="201010" juqingNPC="101106" wanfaType="护送模式" recZhanli="79220" recMibaoSkill="250105" guanqiaLabel="" bossIcon="1" bubble="抓住龙阳君那小子，好叫魏王小儿就犯！" guanqiaIcon="0" enddingRemind="" />
<PveTemp id="101007" bigName="30010" bigDesc="30010" bigId="10" smaName="41007" smaDesc="41007" smaId="7" chapType="0" useHp="5" monarchLevel="1" frontPoint="101006" openCondition="0" money="1180" exp="50" awardId="100306=100,100306=56,100=20,101=20" firstAwardId="" npcId="110070" bossId="0" landId="0" power="160068" star1="0" star2="0" star3="0" icon="5" soundId="100100" sceneId="207" time="240" RenWuLimit="0" PowerLimit="0" configId="101007" TeammateID="201010" juqingNPC="101107" wanfaType="推进模式" recZhanli="81630" recMibaoSkill="250106" guanqiaLabel="" bossIcon="0" bubble="" guanqiaIcon="0" enddingRemind="" />
<PveTemp id="101008" bigName="30010" bigDesc="30010" bigId="10" smaName="41008" smaDesc="41008" smaId="8" chapType="0" useHp="5" monarchLevel="1" frontPoint="101007" openCondition="0" money="1185" exp="50" awardId="100306=100,100306=56,100=20,101=20" firstAwardId="" npcId="110080" bossId="0" landId="0" power="164579" star1="0" star2="0" star3="0" icon="2" soundId="100100" sceneId="201" time="240" RenWuLimit="0" PowerLimit="0" configId="101008" TeammateID="201010" juqingNPC="101108" wanfaType="推进模式" recZhanli="83730" recMibaoSkill="250107" guanqiaLabel="" bossIcon="0" bubble="" guanqiaIcon="0" enddingRemind="" />
<PveTemp id="101009" bigName="30010" bigDesc="30010" bigId="10" smaName="41009" smaDesc="41009" smaId="9" chapType="1" useHp="5" monarchLevel="1" frontPoint="101008" openCondition="0" money="1210" exp="50" awardId="100311=38,100306=100,100306=56,100=20,101=20" firstAwardId="" npcId="110090" bossId="0" landId="0" power="169145" star1="10031" star2="10032" star3="10033" icon="2" soundId="100101" sceneId="201" time="240" RenWuLimit="0" PowerLimit="0" configId="101009" TeammateID="201010" juqingNPC="101109" wanfaType="推进模式" recZhanli="90780" recMibaoSkill="250101" guanqiaLabel="" bossIcon="1" bubble="横扫魏国，我平原君建立功勋的时刻就在此时！" guanqiaIcon="1" enddingRemind="" />
<PveTemp id="101101" bigName="30011" bigDesc="30011" bigId="11" smaName="41101" smaDesc="41101" smaId="1" chapType="0" useHp="5" monarchLevel="1" frontPoint="101009" openCondition="0" money="1240" exp="50" awardId="110106=100,110106=56,100=20,101=20" firstAwardId="" npcId="111010" bossId="0" landId="0" power="173714" star1="0" star2="0" star3="0" icon="5" soundId="100102" sceneId="302" time="240" RenWuLimit="101300" PowerLimit="0" configId="101101" TeammateID="201010" juqingNPC="101201" wanfaType="推进模式" recZhanli="94660" recMibaoSkill="250102" guanqiaLabel="" bossIcon="0" bubble="" guanqiaIcon="0" enddingRemind="" />
<PveTemp id="101102" bigName="30011" bigDesc="30011" bigId="11" smaName="41102" smaDesc="41102" smaId="2" chapType="0" useHp="5" monarchLevel="1" frontPoint="101101" openCondition="0" money="1245" exp="50" awardId="110106=100,110106=56,100=20,101=20" firstAwardId="" npcId="111020" bossId="0" landId="0" power="173263" star1="0" star2="0" star3="0" icon="6" soundId="100100" sceneId="301" time="240" RenWuLimit="0" PowerLimit="0" configId="101102" TeammateID="201010" juqingNPC="101202" wanfaType="推进模式" recZhanli="98830" recMibaoSkill="250103" guanqiaLabel="" bossIcon="0" bubble="" guanqiaIcon="0" enddingRemind="" />
<PveTemp id="101103" bigName="30011" bigDesc="30011" bigId="11" smaName="41103" smaDesc="41103" smaId="3" chapType="1" useHp="5" monarchLevel="1" frontPoint="101102" openCondition="0" money="1260" exp="50" awardId="110111=19,110106=100,110106=56,100=20,101=20" firstAwardId="" npcId="111030" bossId="0" landId="0" power="166477" star1="11011" star2="11012" star3="11013" icon="5" soundId="100100" sceneId="301" time="240" RenWuLimit="0" PowerLimit="0" configId="101103" TeammateID="201010" juqingNPC="101203" wanfaType="护送模式" recZhanli="108610" recMibaoSkill="250104" guanqiaLabel="" bossIcon="1" bubble="魏军竟换了新主帅！" guanqiaIcon="0" enddingRemind="" />
<PveTemp id="101104" bigName="30011" bigDesc="30011" bigId="11" smaName="41104" smaDesc="41104" smaId="4" chapType="0" useHp="5" monarchLevel="1" frontPoint="101103" openCondition="0" money="1290" exp="50" awardId="110206=100,110206=56,100=20,101=20" firstAwardId="" npcId="111040" bossId="0" landId="0" power="166477" star1="0" star2="0" star3="0" icon="5" soundId="100100" sceneId="406" time="240" RenWuLimit="0" PowerLimit="0" configId="101104" TeammateID="201010" juqingNPC="101204" wanfaType="推进模式" recZhanli="112630" recMibaoSkill="250105" guanqiaLabel="" bossIcon="0" bubble="" guanqiaIcon="0" enddingRemind="" />
<PveTemp id="101105" bigName="30011" bigDesc="30011" bigId="11" smaName="41105" smaDesc="41105" smaId="5" chapType="0" useHp="5" monarchLevel="1" frontPoint="101104" openCondition="0" money="1295" exp="50" awardId="110206=100,110206=56,100=20,101=20" firstAwardId="" npcId="111050" bossId="0" landId="0" power="166477" star1="0" star2="0" star3="0" icon="5" soundId="100100" sceneId="202" time="240" RenWuLimit="0" PowerLimit="0" configId="101105" TeammateID="201010" juqingNPC="101205" wanfaType="推进模式" recZhanli="116120" recMibaoSkill="250106" guanqiaLabel="" bossIcon="0" bubble="" guanqiaIcon="0" enddingRemind="" />
<PveTemp id="101106" bigName="30011" bigDesc="30011" bigId="11" smaName="41106" smaDesc="41106" smaId="6" chapType="1" useHp="5" monarchLevel="1" frontPoint="101105" openCondition="0" money="1320" exp="50" awardId="110211=19,110206=100,110206=56,100=20,101=20" firstAwardId="" npcId="111060" bossId="0" landId="0" power="173263" star1="11021" star2="11022" star3="11023" icon="5" soundId="100100" sceneId="202" time="240" RenWuLimit="0" PowerLimit="0" configId="101106" TeammateID="201010" juqingNPC="101206" wanfaType="守护模式" recZhanli="127140" recMibaoSkill="250107" guanqiaLabel="" bossIcon="1" bubble="踏平魏国，片甲不留！" guanqiaIcon="0" enddingRemind="" />
<PveTemp id="101107" bigName="30011" bigDesc="30011" bigId="11" smaName="41107" smaDesc="41107" smaId="7" chapType="0" useHp="5" monarchLevel="1" frontPoint="101106" openCondition="0" money="1325" exp="50" awardId="110306=100,110306=56,100=20,101=20" firstAwardId="" npcId="111070" bossId="0" landId="0" power="166477" star1="0" star2="0" star3="0" icon="6" soundId="100100" sceneId="406" time="240" RenWuLimit="0" PowerLimit="0" configId="101107" TeammateID="201010" juqingNPC="101207" wanfaType="推进模式" recZhanli="130630" recMibaoSkill="250101" guanqiaLabel="" bossIcon="0" bubble="" guanqiaIcon="0" enddingRemind="" />
<PveTemp id="101108" bigName="30011" bigDesc="30011" bigId="11" smaName="41108" smaDesc="41108" smaId="8" chapType="0" useHp="5" monarchLevel="1" frontPoint="101107" openCondition="0" money="1350" exp="50" awardId="110306=100,110306=56,100=20,101=20" firstAwardId="" npcId="111080" bossId="0" landId="0" power="166477" star1="0" star2="0" star3="0" icon="6" soundId="100100" sceneId="406" time="240" RenWuLimit="0" PowerLimit="0" configId="101108" TeammateID="201010" juqingNPC="101208" wanfaType="军团模式" recZhanli="134250" recMibaoSkill="250102" guanqiaLabel="" bossIcon="0" bubble="" guanqiaIcon="0" enddingRemind="" />
<PveTemp id="101109" bigName="30011" bigDesc="30011" bigId="11" smaName="41109" smaDesc="41109" smaId="9" chapType="1" useHp="5" monarchLevel="1" frontPoint="101108" openCondition="0" money="1380" exp="50" awardId="110311=19,110306=100,110306=56,100=20,101=20" firstAwardId="" npcId="111090" bossId="0" landId="0" power="166467" star1="11031" star2="11032" star3="11033" icon="4" soundId="100101" sceneId="406" time="240" RenWuLimit="0" PowerLimit="0" configId="101109" TeammateID="201010" juqingNPC="101209" wanfaType="推进模式" recZhanli="151950" recMibaoSkill="250103" guanqiaLabel="" bossIcon="1" bubble="老夫征战列国，从无敌手！" guanqiaIcon="1" enddingRemind="" />
<PveTemp id="101201" bigName="30012" bigDesc="30012" bigId="12" smaName="41201" smaDesc="41201" smaId="1" chapType="0" useHp="5" monarchLevel="1" frontPoint="101109" openCondition="0" money="1385" exp="50" awardId="120106=100,120106=56,100=20,101=20" firstAwardId="" npcId="112010" bossId="0" landId="0" power="166477" star1="0" star2="0" star3="0" icon="5" soundId="100100" sceneId="1503" time="240" RenWuLimit="101420" PowerLimit="0" configId="101201" TeammateID="201010" juqingNPC="101301" wanfaType="推进模式" recZhanli="155060" recMibaoSkill="250104" guanqiaLabel="" bossIcon="0" bubble="" guanqiaIcon="0" enddingRemind="" />
<PveTemp id="101202" bigName="30012" bigDesc="30012" bigId="12" smaName="41202" smaDesc="41202" smaId="2" chapType="0" useHp="5" monarchLevel="1" frontPoint="101201" openCondition="0" money="1410" exp="50" awardId="120106=100,120106=56,100=20,101=20" firstAwardId="" npcId="112020" bossId="0" landId="0" power="173263" star1="0" star2="0" star3="0" icon="1" soundId="100100" sceneId="704" time="240" RenWuLimit="0" PowerLimit="0" configId="101202" TeammateID="201010" juqingNPC="101302" wanfaType="护送模式" recZhanli="157210" recMibaoSkill="250105" guanqiaLabel="" bossIcon="0" bubble="" guanqiaIcon="0" enddingRemind="" />
<PveTemp id="101203" bigName="30012" bigDesc="30012" bigId="12" smaName="41203" smaDesc="41203" smaId="3" chapType="1" useHp="5" monarchLevel="1" frontPoint="101202" openCondition="0" money="1415" exp="50" awardId="120111=19,120106=100,120106=56,100=20,101=20" firstAwardId="" npcId="112030" bossId="0" landId="0" power="166477" star1="12011" star2="12012" star3="12013" icon="6" soundId="100100" sceneId="704" time="240" RenWuLimit="0" PowerLimit="0" configId="101203" TeammateID="201010" juqingNPC="101303" wanfaType="守护模式" recZhanli="165780" recMibaoSkill="250106" guanqiaLabel="" bossIcon="1" bubble="杀了郭隗，燕国就是我们的！" guanqiaIcon="0" enddingRemind="" />
<PveTemp id="101204" bigName="30012" bigDesc="30012" bigId="12" smaName="41204" smaDesc="41204" smaId="4" chapType="0" useHp="5" monarchLevel="1" frontPoint="101203" openCondition="0" money="1440" exp="50" awardId="120206=100,120206=56,100=20,101=20" firstAwardId="" npcId="112040" bossId="0" landId="0" power="166477" star1="0" star2="0" star3="0" icon="1" soundId="100100" sceneId="2008" time="240" RenWuLimit="0" PowerLimit="0" configId="101204" TeammateID="201010" juqingNPC="101304" wanfaType="推进模式" recZhanli="168900" recMibaoSkill="250107" guanqiaLabel="" bossIcon="0" bubble="" guanqiaIcon="0" enddingRemind="" />
<PveTemp id="101205" bigName="30012" bigDesc="30012" bigId="12" smaName="41205" smaDesc="41205" smaId="5" chapType="0" useHp="5" monarchLevel="1" frontPoint="101204" openCondition="0" money="1445" exp="50" awardId="120206=100,120206=56,100=20,101=20" firstAwardId="" npcId="112050" bossId="0" landId="0" power="166477" star1="0" star2="0" star3="0" icon="2" soundId="100100" sceneId="2008" time="240" RenWuLimit="0" PowerLimit="0" configId="101205" TeammateID="201010" juqingNPC="101305" wanfaType="推进模式" recZhanli="171240" recMibaoSkill="250101" guanqiaLabel="" bossIcon="0" bubble="" guanqiaIcon="0" enddingRemind="" />
<PveTemp id="101206" bigName="30012" bigDesc="30012" bigId="12" smaName="41206" smaDesc="41206" smaId="6" chapType="1" useHp="5" monarchLevel="1" frontPoint="101205" openCondition="0" money="1470" exp="50" awardId="120211=19,120206=100,120206=56,100=20,101=20" firstAwardId="" npcId="112060" bossId="0" landId="0" power="173263" star1="12021" star2="12022" star3="12023" icon="6" soundId="100100" sceneId="2008" time="240" RenWuLimit="0" PowerLimit="0" configId="101206" TeammateID="201010" juqingNPC="101306" wanfaType="护送模式" recZhanli="179770" recMibaoSkill="250102" guanqiaLabel="" bossIcon="1" bubble="抓住燕王，献给子之将军！" guanqiaIcon="0" enddingRemind="" />
<PveTemp id="101207" bigName="30012" bigDesc="30012" bigId="12" smaName="41207" smaDesc="41207" smaId="7" chapType="0" useHp="5" monarchLevel="1" frontPoint="101206" openCondition="0" money="1500" exp="50" awardId="120306=100,120306=56,100=20,101=20" firstAwardId="" npcId="112070" bossId="0" landId="0" power="166477" star1="0" star2="0" star3="0" icon="5" soundId="100100" sceneId="201" time="240" RenWuLimit="0" PowerLimit="0" configId="101207" TeammateID="201010" juqingNPC="101307" wanfaType="推进模式" recZhanli="182600" recMibaoSkill="250103" guanqiaLabel="" bossIcon="0" bubble="" guanqiaIcon="0" enddingRemind="" />
<PveTemp id="101208" bigName="30012" bigDesc="30012" bigId="12" smaName="41208" smaDesc="41208" smaId="8" chapType="0" useHp="5" monarchLevel="1" frontPoint="101207" openCondition="0" money="1505" exp="50" awardId="120306=100,120306=56,100=20,101=20" firstAwardId="" npcId="112080" bossId="0" landId="0" power="166477" star1="0" star2="0" star3="0" icon="6" soundId="100100" sceneId="203" time="240" RenWuLimit="0" PowerLimit="0" configId="101208" TeammateID="201010" juqingNPC="101308" wanfaType="军团模式" recZhanli="185000" recMibaoSkill="250104" guanqiaLabel="" bossIcon="0" bubble="" guanqiaIcon="0" enddingRemind="" />
<PveTemp id="101209" bigName="30012" bigDesc="30012" bigId="12" smaName="41209" smaDesc="41209" smaId="9" chapType="1" useHp="5" monarchLevel="1" frontPoint="101208" openCondition="0" money="1530" exp="50" awardId="120311=19,120306=100,120306=56,100=20,101=20" firstAwardId="" npcId="112090" bossId="0" landId="0" power="166467" star1="12031" star2="12032" star3="12033" icon="2" soundId="100203" sceneId="506" time="240" RenWuLimit="0" PowerLimit="0" configId="101209" TeammateID="201010" juqingNPC="101309" wanfaType="推进模式" recZhanli="199130" recMibaoSkill="250105" guanqiaLabel="" bossIcon="1" bubble="燕国本已唾手可得！是谁坏了我的好事！" guanqiaIcon="1" enddingRemind="" />
<PveTemp id="101301" bigName="30013" bigDesc="30013" bigId="13" smaName="41301" smaDesc="41301" smaId="1" chapType="0" useHp="5" monarchLevel="1" frontPoint="101209" openCondition="0" money="1535" exp="50" awardId="130106=100,130106=16,100=20,101=20" firstAwardId="" npcId="113010" bossId="0" landId="0" power="166477" star1="0" star2="0" star3="0" icon="2" soundId="100100" sceneId="301" time="240" RenWuLimit="101540" PowerLimit="0" configId="101301" TeammateID="201010" juqingNPC="101401" wanfaType="推进模式" recZhanli="203480" recMibaoSkill="250106" guanqiaLabel="" bossIcon="0" bubble="" guanqiaIcon="0" enddingRemind="" />
<PveTemp id="101302" bigName="30013" bigDesc="30013" bigId="13" smaName="41302" smaDesc="41302" smaId="2" chapType="0" useHp="5" monarchLevel="1" frontPoint="101301" openCondition="0" money="1560" exp="50" awardId="130106=100,130106=16,100=20,101=20" firstAwardId="" npcId="113020" bossId="0" landId="0" power="173263" star1="0" star2="0" star3="0" icon="5" soundId="100100" sceneId="303" time="240" RenWuLimit="0" PowerLimit="0" configId="101302" TeammateID="201010" juqingNPC="101402" wanfaType="推进模式" recZhanli="206590" recMibaoSkill="250107" guanqiaLabel="" bossIcon="0" bubble="" guanqiaIcon="0" enddingRemind="" />
<PveTemp id="101303" bigName="30013" bigDesc="30013" bigId="13" smaName="41303" smaDesc="41303" smaId="3" chapType="1" useHp="5" monarchLevel="1" frontPoint="101302" openCondition="0" money="1565" exp="50" awardId="130111=19,130106=100,130106=16,100=20,101=20" firstAwardId="" npcId="113030" bossId="0" landId="0" power="166477" star1="13011" star2="13012" star3="13013" icon="5" soundId="100100" sceneId="206" time="240" RenWuLimit="0" PowerLimit="0" configId="101303" TeammateID="201010" juqingNPC="101403" wanfaType="护送模式" recZhanli="218120" recMibaoSkill="250101" guanqiaLabel="" bossIcon="1" bubble="既然乐毅不肯出仕赵国，那也休想出仕他国！" guanqiaIcon="0" enddingRemind="" />
<PveTemp id="101304" bigName="30013" bigDesc="30013" bigId="13" smaName="41304" smaDesc="41304" smaId="4" chapType="0" useHp="5" monarchLevel="1" frontPoint="101303" openCondition="0" money="1590" exp="50" awardId="130206=100,130206=16,100=20,101=20" firstAwardId="" npcId="113040" bossId="0" landId="0" power="166477" star1="0" star2="0" star3="0" icon="5" soundId="100100" sceneId="205" time="240" RenWuLimit="0" PowerLimit="0" configId="101304" TeammateID="201010" juqingNPC="101404" wanfaType="推进模式" recZhanli="221750" recMibaoSkill="250102" guanqiaLabel="" bossIcon="0" bubble="" guanqiaIcon="0" enddingRemind="" />
<PveTemp id="101305" bigName="30013" bigDesc="30013" bigId="13" smaName="41305" smaDesc="41305" smaId="5" chapType="0" useHp="5" monarchLevel="1" frontPoint="101304" openCondition="0" money="1595" exp="50" awardId="130206=100,130206=16,100=20,101=20" firstAwardId="" npcId="113050" bossId="0" landId="0" power="166477" star1="0" star2="0" star3="0" icon="5" soundId="100100" sceneId="407" time="240" RenWuLimit="0" PowerLimit="0" configId="101305" TeammateID="201010" juqingNPC="101405" wanfaType="军团模式" recZhanli="226220" recMibaoSkill="250103" guanqiaLabel="" bossIcon="0" bubble="" guanqiaIcon="0" enddingRemind="" />
<PveTemp id="101306" bigName="30013" bigDesc="30013" bigId="13" smaName="41306" smaDesc="41306" smaId="6" chapType="1" useHp="5" monarchLevel="1" frontPoint="101305" openCondition="0" money="1620" exp="50" awardId="130211=19,130206=100,130206=16,100=20,101=20" firstAwardId="" npcId="113060" bossId="0" landId="0" power="173263" star1="13021" star2="13022" star3="13023" icon="5" soundId="100100" sceneId="1503" time="240" RenWuLimit="0" PowerLimit="0" configId="101306" TeammateID="201010" juqingNPC="101406" wanfaType="推进模式" recZhanli="237710" recMibaoSkill="250104" guanqiaLabel="" bossIcon="1" bubble="燕国已成定局，留此无益！全军撤退！" guanqiaIcon="0" enddingRemind="" />
<PveTemp id="101307" bigName="30013" bigDesc="30013" bigId="13" smaName="41307" smaDesc="41307" smaId="7" chapType="0" useHp="5" monarchLevel="1" frontPoint="101306" openCondition="0" money="1625" exp="50" awardId="130306=100,130306=16,100=20,101=20" firstAwardId="" npcId="113070" bossId="0" landId="0" power="166477" star1="0" star2="0" star3="0" icon="5" soundId="100100" sceneId="205" time="240" RenWuLimit="0" PowerLimit="0" configId="101307" TeammateID="201010" juqingNPC="101407" wanfaType="推进模式" recZhanli="241340" recMibaoSkill="250105" guanqiaLabel="" bossIcon="0" bubble="" guanqiaIcon="0" enddingRemind="" />
<PveTemp id="101308" bigName="30013" bigDesc="30013" bigId="13" smaName="41308" smaDesc="41308" smaId="8" chapType="0" useHp="5" monarchLevel="1" frontPoint="101307" openCondition="0" money="1650" exp="50" awardId="130306=100,130306=16,100=20,101=20" firstAwardId="" npcId="113080" bossId="0" landId="0" power="166477" star1="0" star2="0" star3="0" icon="5" soundId="100100" sceneId="504" time="240" RenWuLimit="0" PowerLimit="0" configId="101308" TeammateID="201010" juqingNPC="101408" wanfaType="守护模式" recZhanli="245100" recMibaoSkill="250106" guanqiaLabel="" bossIcon="0" bubble="" guanqiaIcon="0" enddingRemind="" />
<PveTemp id="101309" bigName="30013" bigDesc="30013" bigId="13" smaName="41309" smaDesc="41309" smaId="9" chapType="1" useHp="5" monarchLevel="1" frontPoint="101308" openCondition="0" money="1655" exp="50" awardId="130311=19,130306=100,130306=16,100=20,101=20" firstAwardId="" npcId="113090" bossId="0" landId="0" power="166467" star1="13031" star2="13032" star3="13033" icon="2" soundId="100100" sceneId="101" time="240" RenWuLimit="0" PowerLimit="0" configId="101309" TeammateID="201010" juqingNPC="101409" wanfaType="推进模式" recZhanli="265620" recMibaoSkill="250107" guanqiaLabel="" bossIcon="1" bubble="我毛遂深受平原君赏识，此战定要凯旋而归！" guanqiaIcon="1" enddingRemind="" />
</dataset>