<?xml version="1.0" encoding="UTF-8"?>
<dataset>
<PveZuobiao id="100001" x="184" y="35" z="0" Arrow="0" />
<PveZuobiao id="100002" x="-141" y="58" z="0" Arrow="0" />
<PveZuobiao id="100003" x="-224" y="-88" z="0" Arrow="0" />
<PveZuobiao id="100101" x="-372" y="-85" z="0" Arrow="0" />
<PveZuobiao id="100102" x="-331" y="141" z="0" Arrow="1" />
<PveZuobiao id="100103" x="-86" y="163" z="0" Arrow="0" />
<PveZuobiao id="100104" x="157" y="120" z="0" Arrow="0" />
<PveZuobiao id="100105" x="-16" y="-99" z="0" Arrow="0" />
<PveZuobiao id="100106" x="222" y="-120" z="0" Arrow="1" />
<PveZuobiao id="100107" x="326" y="80" z="0" Arrow="-1" />
<PveZuobiao id="100201" x="-310" y="-214" z="0" Arrow="0" />
<PveZuobiao id="100202" x="-227" y="-13" z="0" Arrow="1" />
<PveZuobiao id="100203" x="-301" y="167" z="0" Arrow="0" />
<PveZuobiao id="100204" x="-61" y="192" z="0" Arrow="1" />
<PveZuobiao id="100205" x="50" y="-17" z="0" Arrow="0" />
<PveZuobiao id="100206" x="310" y="-56" z="0" Arrow="0" />
<PveZuobiao id="100207" x="322" y="189" z="0" Arrow="-1" />
<PveZuobiao id="100301" x="-334" y="212" z="0" Arrow="0" />
<PveZuobiao id="100302" x="-283" y="-31" z="0" Arrow="1" />
<PveZuobiao id="100303" x="-68" y="-155" z="0" Arrow="0" />
<PveZuobiao id="100304" x="-116" y="104" z="0" Arrow="1" />
<PveZuobiao id="100305" x="98" y="178" z="0" Arrow="0" />
<PveZuobiao id="100306" x="144" y="-79" z="0" Arrow="1" />
<PveZuobiao id="100307" x="310" y="88" z="0" Arrow="-1" />
<PveZuobiao id="100401" x="-338" y="-240" z="0" Arrow="1" />
<PveZuobiao id="100402" x="-339" y="-20" z="0" Arrow="0" />
<PveZuobiao id="100403" x="-273" y="185" z="0" Arrow="1" />
<PveZuobiao id="100404" x="-22" y="198" z="0" Arrow="0" />
<PveZuobiao id="100405" x="210" y="202" z="0" Arrow="1" />
<PveZuobiao id="100406" x="30" y="10" z="0" Arrow="0" />
<PveZuobiao id="100407" x="-165" y="-103" z="0" Arrow="0" />
<PveZuobiao id="100408" x="87" y="-189" z="0" Arrow="1" />
<PveZuobiao id="100409" x="308" y="-47" z="0" Arrow="-1" />
<PveZuobiao id="100501" x="-352" y="-230" z="0" Arrow="0" />
<PveZuobiao id="100502" x="-236" y="-52" z="0" Arrow="1" />
<PveZuobiao id="100503" x="-300" y="138" z="0" Arrow="0" />
<PveZuobiao id="100504" x="-58" y="187" z="0" Arrow="1" />
<PveZuobiao id="100505" x="153" y="133" z="0" Arrow="1" />
<PveZuobiao id="100506" x="-59" y="-16" z="0" Arrow="0" />
<PveZuobiao id="100507" x="65" y="-213" z="0" Arrow="1" />
<PveZuobiao id="100508" x="248" y="-86" z="0" Arrow="0" />
<PveZuobiao id="100509" x="356" y="125" z="0" Arrow="-1" />
<PveZuobiao id="100601" x="-362" y="-229" z="0" Arrow="0" />
<PveZuobiao id="100602" x="-236" y="-81" z="0" Arrow="0" />
<PveZuobiao id="100603" x="-313" y="127" z="0" Arrow="1" />
<PveZuobiao id="100604" x="-97" y="217" z="0" Arrow="0" />
<PveZuobiao id="100605" x="135" y="180" z="0" Arrow="1" />
<PveZuobiao id="100606" x="-70" y="-27" z="0" Arrow="0" />
<PveZuobiao id="100607" x="22" y="-236" z="0" Arrow="0" />
<PveZuobiao id="100608" x="206" y="-115" z="0" Arrow="1" />
<PveZuobiao id="100609" x="305" y="105" z="0" Arrow="-1" />
<PveZuobiao id="100701" x="-354" y="134" z="0" Arrow="1" />
<PveZuobiao id="100702" x="-133" y="211" z="0" Arrow="0" />
<PveZuobiao id="100703" x="117" y="147" z="0" Arrow="0" />
<PveZuobiao id="100704" x="385" y="194" z="0" Arrow="1" />
<PveZuobiao id="100705" x="309" y="-30" z="0" Arrow="1" />
<PveZuobiao id="100706" x="60" y="-80" z="0" Arrow="0" />
<PveZuobiao id="100707" x="-142" y="-233" z="0" Arrow="1" />
<PveZuobiao id="100708" x="-325" y="-79" z="0" Arrow="0" />
<PveZuobiao id="100709" x="-112" y="38" z="0" Arrow="-1" />
<PveZuobiao id="100801" x="-349" y="-231" z="0" Arrow="0" />
<PveZuobiao id="100802" x="-308" y="-23" z="0" Arrow="1" />
<PveZuobiao id="100803" x="-320" y="190" z="0" Arrow="0" />
<PveZuobiao id="100804" x="-73" y="141" z="0" Arrow="1" />
<PveZuobiao id="100805" x="-136" y="-117" z="0" Arrow="0" />
<PveZuobiao id="100806" x="97" y="-167" z="0" Arrow="1" />
<PveZuobiao id="100807" x="322" y="-55" z="0" Arrow="0" />
<PveZuobiao id="100808" x="326" y="172" z="0" Arrow="1" />
<PveZuobiao id="100809" x="92" y="73" z="0" Arrow="-1" />
<PveZuobiao id="100901" x="-372" y="-204" z="0" Arrow="1" />
<PveZuobiao id="100902" x="-117" y="-218" z="0" Arrow="0" />
<PveZuobiao id="100903" x="113" y="-152" z="0" Arrow="1" />
<PveZuobiao id="100904" x="339" y="-36" z="0" Arrow="0" />
<PveZuobiao id="100905" x="100" y="8" z="0" Arrow="1" />
<PveZuobiao id="100906" x="-162" y="-31" z="0" Arrow="0" />
<PveZuobiao id="100907" x="-323" y="132" z="0" Arrow="1" />
<PveZuobiao id="100908" x="-65" y="134" z="0" Arrow="0" />
<PveZuobiao id="100909" x="214" y="189" z="0" Arrow="-1" />
<PveZuobiao id="101001" x="-353" y="-236" z="0" Arrow="0" />
<PveZuobiao id="101002" x="-147" y="-133" z="0" Arrow="0" />
<PveZuobiao id="101003" x="-312" y="9" z="0" Arrow="1" />
<PveZuobiao id="101004" x="-285" y="207" z="0" Arrow="0" />
<PveZuobiao id="101005" x="-70" y="178" z="0" Arrow="1" />
<PveZuobiao id="101006" x="161" y="177" z="0" Arrow="1" />
<PveZuobiao id="101007" x="291" y="0" z="0" Arrow="1" />
<PveZuobiao id="101008" x="45" y="15" z="0" Arrow="0" />
<PveZuobiao id="101009" x="69" y="-185" z="0" Arrow="-1" />
<PveZuobiao id="101101" x="-340" y="-211" z="0" Arrow="0" />
<PveZuobiao id="101102" x="-286" y="-18" z="0" Arrow="1" />
<PveZuobiao id="101103" x="-148" y="152" z="0" Arrow="1" />
<PveZuobiao id="101104" x="-37" y="-17" z="0" Arrow="0" />
<PveZuobiao id="101105" x="-90" y="-201" z="0" Arrow="0" />
<PveZuobiao id="101106" x="120" y="-129" z="0" Arrow="1" />
<PveZuobiao id="101107" x="329" y="-72" z="0" Arrow="0" />
<PveZuobiao id="101108" x="348" y="116" z="0" Arrow="1" />
<PveZuobiao id="101109" x="144" y="192" z="0" Arrow="-1" />
<PveZuobiao id="101201" x="-347" y="-219" z="0" Arrow="1" />
<PveZuobiao id="101202" x="-311" y="-17" z="0" Arrow="0" />
<PveZuobiao id="101203" x="-280" y="173" z="0" Arrow="1" />
<PveZuobiao id="101204" x="-47" y="199" z="0" Arrow="0" />
<PveZuobiao id="101205" x="41" y="38" z="0" Arrow="0" />
<PveZuobiao id="101206" x="217" y="184" z="0" Arrow="1" />
<PveZuobiao id="101207" x="274" y="14" z="0" Arrow="1" />
<PveZuobiao id="101208" x="143" y="-142" z="0" Arrow="0" />
<PveZuobiao id="101209" x="-75" y="-188" z="0" Arrow="-1" />
<PveZuobiao id="101301" x="-330" y="-147" z="0" Arrow="0" />
<PveZuobiao id="101302" x="-302" y="80" z="0" Arrow="1" />
<PveZuobiao id="101303" x="-107" y="179" z="0" Arrow="1" />
<PveZuobiao id="101304" x="-102" y="-26" z="0" Arrow="0" />
<PveZuobiao id="101305" x="-37" y="-209" z="0" Arrow="0" />
<PveZuobiao id="101306" x="82" y="-41" z="0" Arrow="1" />
<PveZuobiao id="101307" x="101" y="175" z="0" Arrow="1" />
<PveZuobiao id="101308" x="300" y="140" z="0" Arrow="1" />
<PveZuobiao id="101309" x="269" y="-70" z="0" Arrow="-1" />
<PveZuobiao id="101401" x="-339" y="-228" z="0" Arrow="1" />
<PveZuobiao id="101402" x="-129" y="-197" z="0" Arrow="0" />
<PveZuobiao id="101403" x="-111" y="-17" z="0" Arrow="1" />
<PveZuobiao id="101404" x="-305" y="90" z="0" Arrow="1" />
<PveZuobiao id="101405" x="-128" y="199" z="0" Arrow="0" />
<PveZuobiao id="101406" x="106" y="187" z="0" Arrow="1" />
<PveZuobiao id="101407" x="294" y="127" z="0" Arrow="1" />
<PveZuobiao id="101408" x="314" y="-48" z="0" Arrow="0" />
<PveZuobiao id="101409" x="106" y="-136" z="0" Arrow="-1" />
</dataset>