<?xml version="1.0" encoding="UTF-8"?>
<dataset>
<QianDao id="101001" month="1" day="1" awardType="7" awardId="902027" awardNum="2" vipDouble="1" bottomColor="0" />
<QianDao id="101002" month="1" day="2" awardType="0" awardId="900001" awardNum="60000" vipDouble="0" bottomColor="0" />
<QianDao id="101003" month="1" day="3" awardType="0" awardId="910002" awardNum="3" vipDouble="2" bottomColor="0" />
<QianDao id="101004" month="1" day="4" awardType="9" awardId="921003" awardNum="6" vipDouble="0" bottomColor="0" />
<QianDao id="101005" month="1" day="5" awardType="0" awardId="900018" awardNum="1200" vipDouble="3" bottomColor="0" />
<QianDao id="101006" month="1" day="6" awardType="7" awardId="902017" awardNum="2" vipDouble="0" bottomColor="0" />
<QianDao id="101007" month="1" day="7" awardType="4" awardId="301071" awardNum="1" vipDouble="0" bottomColor="1" />
<QianDao id="101008" month="1" day="8" awardType="0" awardId="910002" awardNum="3" vipDouble="3" bottomColor="0" />
<QianDao id="101009" month="1" day="9" awardType="9" awardId="920003" awardNum="6" vipDouble="0" bottomColor="0" />
<QianDao id="101010" month="1" day="10" awardType="0" awardId="900019" awardNum="1200" vipDouble="4" bottomColor="0" />
<QianDao id="101011" month="1" day="11" awardType="7" awardId="902037" awardNum="2" vipDouble="0" bottomColor="0" />
<QianDao id="101012" month="1" day="12" awardType="0" awardId="900001" awardNum="80000" vipDouble="4" bottomColor="0" />
<QianDao id="101013" month="1" day="13" awardType="0" awardId="910002" awardNum="4" vipDouble="0" bottomColor="0" />
<QianDao id="101014" month="1" day="14" awardType="5" awardId="317001" awardNum="10" vipDouble="0" bottomColor="1" />
<QianDao id="101015" month="1" day="15" awardType="0" awardId="900018" awardNum="1600" vipDouble="0" bottomColor="0" />
<QianDao id="101016" month="1" day="16" awardType="7" awardId="902017" awardNum="2" vipDouble="5" bottomColor="0" />
<QianDao id="101017" month="1" day="17" awardType="0" awardId="900002" awardNum="150" vipDouble="0" bottomColor="0" />
<QianDao id="101018" month="1" day="18" awardType="0" awardId="910002" awardNum="4" vipDouble="0" bottomColor="0" />
<QianDao id="101019" month="1" day="19" awardType="9" awardId="920003" awardNum="8" vipDouble="5" bottomColor="0" />
<QianDao id="101020" month="1" day="20" awardType="0" awardId="900019" awardNum="1600" vipDouble="0" bottomColor="0" />
<QianDao id="101021" month="1" day="21" awardType="5" awardId="317001" awardNum="20" vipDouble="0" bottomColor="1" />
<QianDao id="101022" month="1" day="22" awardType="0" awardId="900001" awardNum="100000" vipDouble="0" bottomColor="0" />
<QianDao id="101023" month="1" day="23" awardType="0" awardId="910002" awardNum="5" vipDouble="6" bottomColor="0" />
<QianDao id="101024" month="1" day="24" awardType="9" awardId="921004" awardNum="2" vipDouble="0" bottomColor="0" />
<QianDao id="101025" month="1" day="25" awardType="0" awardId="900018" awardNum="2000" vipDouble="0" bottomColor="0" />
<QianDao id="101026" month="1" day="26" awardType="7" awardId="903017" awardNum="1" vipDouble="6" bottomColor="0" />
<QianDao id="101027" month="1" day="27" awardType="0" awardId="900002" awardNum="200" vipDouble="0" bottomColor="0" />
<QianDao id="101028" month="1" day="28" awardType="5" awardId="317001" awardNum="20" vipDouble="0" bottomColor="1" />
<QianDao id="101029" month="1" day="29" awardType="9" awardId="920004" awardNum="2" vipDouble="7" bottomColor="0" />
<QianDao id="101030" month="1" day="30" awardType="0" awardId="900019" awardNum="2000" vipDouble="0" bottomColor="0" />
<QianDao id="101031" month="1" day="31" awardType="7" awardId="903037" awardNum="1" vipDouble="0" bottomColor="0" />
<QianDao id="102001" month="2" day="1" awardType="7" awardId="902027" awardNum="2" vipDouble="1" bottomColor="0" />
<QianDao id="102002" month="2" day="2" awardType="0" awardId="900001" awardNum="60000" vipDouble="0" bottomColor="0" />
<QianDao id="102003" month="2" day="3" awardType="0" awardId="910002" awardNum="3" vipDouble="2" bottomColor="0" />
<QianDao id="102004" month="2" day="4" awardType="9" awardId="921003" awardNum="6" vipDouble="0" bottomColor="0" />
<QianDao id="102005" month="2" day="5" awardType="0" awardId="900018" awardNum="1200" vipDouble="3" bottomColor="0" />
<QianDao id="102006" month="2" day="6" awardType="7" awardId="902017" awardNum="2" vipDouble="0" bottomColor="0" />
<QianDao id="102007" month="2" day="7" awardType="4" awardId="301071" awardNum="1" vipDouble="0" bottomColor="1" />
<QianDao id="102008" month="2" day="8" awardType="0" awardId="910002" awardNum="3" vipDouble="3" bottomColor="0" />
<QianDao id="102009" month="2" day="9" awardType="9" awardId="920003" awardNum="6" vipDouble="0" bottomColor="0" />
<QianDao id="102010" month="2" day="10" awardType="0" awardId="900019" awardNum="1200" vipDouble="4" bottomColor="0" />
<QianDao id="102011" month="2" day="11" awardType="7" awardId="902037" awardNum="2" vipDouble="0" bottomColor="0" />
<QianDao id="102012" month="2" day="12" awardType="0" awardId="900001" awardNum="80000" vipDouble="4" bottomColor="0" />
<QianDao id="102013" month="2" day="13" awardType="0" awardId="910002" awardNum="4" vipDouble="0" bottomColor="0" />
<QianDao id="102014" month="2" day="14" awardType="5" awardId="317001" awardNum="10" vipDouble="0" bottomColor="1" />
<QianDao id="102015" month="2" day="15" awardType="0" awardId="900018" awardNum="1600" vipDouble="0" bottomColor="0" />
<QianDao id="102016" month="2" day="16" awardType="7" awardId="902017" awardNum="2" vipDouble="5" bottomColor="0" />
<QianDao id="102017" month="2" day="17" awardType="0" awardId="900002" awardNum="150" vipDouble="0" bottomColor="0" />
<QianDao id="102018" month="2" day="18" awardType="0" awardId="910002" awardNum="4" vipDouble="0" bottomColor="0" />
<QianDao id="102019" month="2" day="19" awardType="9" awardId="920003" awardNum="8" vipDouble="5" bottomColor="0" />
<QianDao id="102020" month="2" day="20" awardType="0" awardId="900019" awardNum="1600" vipDouble="0" bottomColor="0" />
<QianDao id="102021" month="2" day="21" awardType="5" awardId="317001" awardNum="20" vipDouble="0" bottomColor="1" />
<QianDao id="102022" month="2" day="22" awardType="0" awardId="900001" awardNum="100000" vipDouble="0" bottomColor="0" />
<QianDao id="102023" month="2" day="23" awardType="0" awardId="910002" awardNum="5" vipDouble="6" bottomColor="0" />
<QianDao id="102024" month="2" day="24" awardType="9" awardId="921004" awardNum="2" vipDouble="0" bottomColor="0" />
<QianDao id="102025" month="2" day="25" awardType="0" awardId="900018" awardNum="2000" vipDouble="0" bottomColor="0" />
<QianDao id="102026" month="2" day="26" awardType="7" awardId="903017" awardNum="1" vipDouble="6" bottomColor="0" />
<QianDao id="102027" month="2" day="27" awardType="0" awardId="900002" awardNum="200" vipDouble="0" bottomColor="0" />
<QianDao id="102028" month="2" day="28" awardType="5" awardId="317001" awardNum="20" vipDouble="0" bottomColor="1" />
<QianDao id="102029" month="2" day="29" awardType="9" awardId="920004" awardNum="2" vipDouble="7" bottomColor="0" />
<QianDao id="103001" month="3" day="1" awardType="7" awardId="902027" awardNum="2" vipDouble="1" bottomColor="0" />
<QianDao id="103002" month="3" day="2" awardType="0" awardId="900001" awardNum="60000" vipDouble="0" bottomColor="0" />
<QianDao id="103003" month="3" day="3" awardType="0" awardId="910002" awardNum="3" vipDouble="2" bottomColor="0" />
<QianDao id="103004" month="3" day="4" awardType="9" awardId="921003" awardNum="6" vipDouble="0" bottomColor="0" />
<QianDao id="103005" month="3" day="5" awardType="0" awardId="900018" awardNum="1200" vipDouble="3" bottomColor="0" />
<QianDao id="103006" month="3" day="6" awardType="7" awardId="902017" awardNum="2" vipDouble="0" bottomColor="0" />
<QianDao id="103007" month="3" day="7" awardType="4" awardId="301071" awardNum="1" vipDouble="0" bottomColor="1" />
<QianDao id="103008" month="3" day="8" awardType="0" awardId="910002" awardNum="3" vipDouble="3" bottomColor="0" />
<QianDao id="103009" month="3" day="9" awardType="9" awardId="920003" awardNum="6" vipDouble="0" bottomColor="0" />
<QianDao id="103010" month="3" day="10" awardType="0" awardId="900019" awardNum="1200" vipDouble="4" bottomColor="0" />
<QianDao id="103011" month="3" day="11" awardType="7" awardId="902037" awardNum="2" vipDouble="0" bottomColor="0" />
<QianDao id="103012" month="3" day="12" awardType="0" awardId="900001" awardNum="80000" vipDouble="4" bottomColor="0" />
<QianDao id="103013" month="3" day="13" awardType="0" awardId="910002" awardNum="4" vipDouble="0" bottomColor="0" />
<QianDao id="103014" month="3" day="14" awardType="5" awardId="317001" awardNum="10" vipDouble="0" bottomColor="1" />
<QianDao id="103015" month="3" day="15" awardType="0" awardId="900018" awardNum="1600" vipDouble="0" bottomColor="0" />
<QianDao id="103016" month="3" day="16" awardType="7" awardId="902017" awardNum="2" vipDouble="5" bottomColor="0" />
<QianDao id="103017" month="3" day="17" awardType="0" awardId="900002" awardNum="150" vipDouble="0" bottomColor="0" />
<QianDao id="103018" month="3" day="18" awardType="0" awardId="910002" awardNum="4" vipDouble="0" bottomColor="0" />
<QianDao id="103019" month="3" day="19" awardType="9" awardId="920003" awardNum="8" vipDouble="5" bottomColor="0" />
<QianDao id="103020" month="3" day="20" awardType="0" awardId="900019" awardNum="1600" vipDouble="0" bottomColor="0" />
<QianDao id="103021" month="3" day="21" awardType="5" awardId="317001" awardNum="20" vipDouble="0" bottomColor="1" />
<QianDao id="103022" month="3" day="22" awardType="0" awardId="900001" awardNum="100000" vipDouble="0" bottomColor="0" />
<QianDao id="103023" month="3" day="23" awardType="0" awardId="910002" awardNum="5" vipDouble="6" bottomColor="0" />
<QianDao id="103024" month="3" day="24" awardType="9" awardId="921004" awardNum="2" vipDouble="0" bottomColor="0" />
<QianDao id="103025" month="3" day="25" awardType="0" awardId="900018" awardNum="2000" vipDouble="0" bottomColor="0" />
<QianDao id="103026" month="3" day="26" awardType="7" awardId="903017" awardNum="1" vipDouble="6" bottomColor="0" />
<QianDao id="103027" month="3" day="27" awardType="0" awardId="900002" awardNum="200" vipDouble="0" bottomColor="0" />
<QianDao id="103028" month="3" day="28" awardType="5" awardId="317001" awardNum="20" vipDouble="0" bottomColor="1" />
<QianDao id="103029" month="3" day="29" awardType="9" awardId="920004" awardNum="2" vipDouble="7" bottomColor="0" />
<QianDao id="103030" month="3" day="30" awardType="0" awardId="900019" awardNum="2000" vipDouble="0" bottomColor="0" />
<QianDao id="103031" month="3" day="31" awardType="7" awardId="903037" awardNum="1" vipDouble="0" bottomColor="0" />
<QianDao id="104001" month="4" day="1" awardType="7" awardId="902027" awardNum="2" vipDouble="1" bottomColor="0" />
<QianDao id="104002" month="4" day="2" awardType="0" awardId="900001" awardNum="60000" vipDouble="0" bottomColor="0" />
<QianDao id="104003" month="4" day="3" awardType="0" awardId="910002" awardNum="3" vipDouble="2" bottomColor="0" />
<QianDao id="104004" month="4" day="4" awardType="9" awardId="921003" awardNum="6" vipDouble="0" bottomColor="0" />
<QianDao id="104005" month="4" day="5" awardType="0" awardId="900018" awardNum="1200" vipDouble="3" bottomColor="0" />
<QianDao id="104006" month="4" day="6" awardType="7" awardId="902017" awardNum="2" vipDouble="0" bottomColor="0" />
<QianDao id="104007" month="4" day="7" awardType="4" awardId="301071" awardNum="1" vipDouble="0" bottomColor="1" />
<QianDao id="104008" month="4" day="8" awardType="0" awardId="910002" awardNum="3" vipDouble="3" bottomColor="0" />
<QianDao id="104009" month="4" day="9" awardType="9" awardId="920003" awardNum="6" vipDouble="0" bottomColor="0" />
<QianDao id="104010" month="4" day="10" awardType="0" awardId="900019" awardNum="1200" vipDouble="4" bottomColor="0" />
<QianDao id="104011" month="4" day="11" awardType="7" awardId="902037" awardNum="2" vipDouble="0" bottomColor="0" />
<QianDao id="104012" month="4" day="12" awardType="0" awardId="900001" awardNum="80000" vipDouble="4" bottomColor="0" />
<QianDao id="104013" month="4" day="13" awardType="0" awardId="910002" awardNum="4" vipDouble="0" bottomColor="0" />
<QianDao id="104014" month="4" day="14" awardType="5" awardId="317001" awardNum="10" vipDouble="0" bottomColor="1" />
<QianDao id="104015" month="4" day="15" awardType="0" awardId="900018" awardNum="1600" vipDouble="0" bottomColor="0" />
<QianDao id="104016" month="4" day="16" awardType="7" awardId="902017" awardNum="2" vipDouble="5" bottomColor="0" />
<QianDao id="104017" month="4" day="17" awardType="0" awardId="900002" awardNum="150" vipDouble="0" bottomColor="0" />
<QianDao id="104018" month="4" day="18" awardType="0" awardId="910002" awardNum="4" vipDouble="0" bottomColor="0" />
<QianDao id="104019" month="4" day="19" awardType="9" awardId="920003" awardNum="8" vipDouble="5" bottomColor="0" />
<QianDao id="104020" month="4" day="20" awardType="0" awardId="900019" awardNum="1600" vipDouble="0" bottomColor="0" />
<QianDao id="104021" month="4" day="21" awardType="5" awardId="317001" awardNum="20" vipDouble="0" bottomColor="1" />
<QianDao id="104022" month="4" day="22" awardType="0" awardId="900001" awardNum="100000" vipDouble="0" bottomColor="0" />
<QianDao id="104023" month="4" day="23" awardType="0" awardId="910002" awardNum="5" vipDouble="6" bottomColor="0" />
<QianDao id="104024" month="4" day="24" awardType="9" awardId="921004" awardNum="2" vipDouble="0" bottomColor="0" />
<QianDao id="104025" month="4" day="25" awardType="0" awardId="900018" awardNum="2000" vipDouble="0" bottomColor="0" />
<QianDao id="104026" month="4" day="26" awardType="7" awardId="903017" awardNum="1" vipDouble="6" bottomColor="0" />
<QianDao id="104027" month="4" day="27" awardType="0" awardId="900002" awardNum="200" vipDouble="0" bottomColor="0" />
<QianDao id="104028" month="4" day="28" awardType="5" awardId="317001" awardNum="20" vipDouble="0" bottomColor="1" />
<QianDao id="104029" month="4" day="29" awardType="9" awardId="920004" awardNum="2" vipDouble="7" bottomColor="0" />
<QianDao id="104030" month="4" day="30" awardType="0" awardId="900019" awardNum="2000" vipDouble="0" bottomColor="0" />
<QianDao id="105001" month="5" day="1" awardType="7" awardId="902027" awardNum="2" vipDouble="1" bottomColor="0" />
<QianDao id="105002" month="5" day="2" awardType="0" awardId="900001" awardNum="60000" vipDouble="0" bottomColor="0" />
<QianDao id="105003" month="5" day="3" awardType="0" awardId="910002" awardNum="3" vipDouble="2" bottomColor="0" />
<QianDao id="105004" month="5" day="4" awardType="9" awardId="921003" awardNum="6" vipDouble="0" bottomColor="0" />
<QianDao id="105005" month="5" day="5" awardType="0" awardId="900018" awardNum="1200" vipDouble="3" bottomColor="0" />
<QianDao id="105006" month="5" day="6" awardType="7" awardId="902017" awardNum="2" vipDouble="0" bottomColor="0" />
<QianDao id="105007" month="5" day="7" awardType="4" awardId="301071" awardNum="1" vipDouble="0" bottomColor="1" />
<QianDao id="105008" month="5" day="8" awardType="0" awardId="910002" awardNum="3" vipDouble="3" bottomColor="0" />
<QianDao id="105009" month="5" day="9" awardType="9" awardId="920003" awardNum="6" vipDouble="0" bottomColor="0" />
<QianDao id="105010" month="5" day="10" awardType="0" awardId="900019" awardNum="1200" vipDouble="4" bottomColor="0" />
<QianDao id="105011" month="5" day="11" awardType="7" awardId="902037" awardNum="2" vipDouble="0" bottomColor="0" />
<QianDao id="105012" month="5" day="12" awardType="0" awardId="900001" awardNum="80000" vipDouble="4" bottomColor="0" />
<QianDao id="105013" month="5" day="13" awardType="0" awardId="910002" awardNum="4" vipDouble="0" bottomColor="0" />
<QianDao id="105014" month="5" day="14" awardType="5" awardId="317001" awardNum="10" vipDouble="0" bottomColor="1" />
<QianDao id="105015" month="5" day="15" awardType="0" awardId="900018" awardNum="1600" vipDouble="0" bottomColor="0" />
<QianDao id="105016" month="5" day="16" awardType="7" awardId="902017" awardNum="2" vipDouble="5" bottomColor="0" />
<QianDao id="105017" month="5" day="17" awardType="0" awardId="900002" awardNum="150" vipDouble="0" bottomColor="0" />
<QianDao id="105018" month="5" day="18" awardType="0" awardId="910002" awardNum="4" vipDouble="0" bottomColor="0" />
<QianDao id="105019" month="5" day="19" awardType="9" awardId="920003" awardNum="8" vipDouble="5" bottomColor="0" />
<QianDao id="105020" month="5" day="20" awardType="0" awardId="900019" awardNum="1600" vipDouble="0" bottomColor="0" />
<QianDao id="105021" month="5" day="21" awardType="5" awardId="317001" awardNum="20" vipDouble="0" bottomColor="1" />
<QianDao id="105022" month="5" day="22" awardType="0" awardId="900001" awardNum="100000" vipDouble="0" bottomColor="0" />
<QianDao id="105023" month="5" day="23" awardType="0" awardId="910002" awardNum="5" vipDouble="6" bottomColor="0" />
<QianDao id="105024" month="5" day="24" awardType="9" awardId="921004" awardNum="2" vipDouble="0" bottomColor="0" />
<QianDao id="105025" month="5" day="25" awardType="0" awardId="900018" awardNum="2000" vipDouble="0" bottomColor="0" />
<QianDao id="105026" month="5" day="26" awardType="7" awardId="903017" awardNum="1" vipDouble="6" bottomColor="0" />
<QianDao id="105027" month="5" day="27" awardType="0" awardId="900002" awardNum="200" vipDouble="0" bottomColor="0" />
<QianDao id="105028" month="5" day="28" awardType="5" awardId="317001" awardNum="20" vipDouble="0" bottomColor="1" />
<QianDao id="105029" month="5" day="29" awardType="9" awardId="920004" awardNum="2" vipDouble="7" bottomColor="0" />
<QianDao id="105030" month="5" day="30" awardType="0" awardId="900019" awardNum="2000" vipDouble="0" bottomColor="0" />
<QianDao id="105031" month="5" day="31" awardType="7" awardId="903037" awardNum="1" vipDouble="0" bottomColor="0" />
<QianDao id="106001" month="6" day="1" awardType="7" awardId="902027" awardNum="2" vipDouble="1" bottomColor="0" />
<QianDao id="106002" month="6" day="2" awardType="0" awardId="900001" awardNum="60000" vipDouble="0" bottomColor="0" />
<QianDao id="106003" month="6" day="3" awardType="0" awardId="910002" awardNum="3" vipDouble="2" bottomColor="0" />
<QianDao id="106004" month="6" day="4" awardType="9" awardId="921003" awardNum="6" vipDouble="0" bottomColor="0" />
<QianDao id="106005" month="6" day="5" awardType="0" awardId="900018" awardNum="1200" vipDouble="3" bottomColor="0" />
<QianDao id="106006" month="6" day="6" awardType="7" awardId="902017" awardNum="2" vipDouble="0" bottomColor="0" />
<QianDao id="106007" month="6" day="7" awardType="4" awardId="301071" awardNum="1" vipDouble="0" bottomColor="1" />
<QianDao id="106008" month="6" day="8" awardType="0" awardId="910002" awardNum="3" vipDouble="3" bottomColor="0" />
<QianDao id="106009" month="6" day="9" awardType="9" awardId="920003" awardNum="6" vipDouble="0" bottomColor="0" />
<QianDao id="106010" month="6" day="10" awardType="0" awardId="900019" awardNum="1200" vipDouble="4" bottomColor="0" />
<QianDao id="106011" month="6" day="11" awardType="7" awardId="902037" awardNum="2" vipDouble="0" bottomColor="0" />
<QianDao id="106012" month="6" day="12" awardType="0" awardId="900001" awardNum="80000" vipDouble="4" bottomColor="0" />
<QianDao id="106013" month="6" day="13" awardType="0" awardId="910002" awardNum="4" vipDouble="0" bottomColor="0" />
<QianDao id="106014" month="6" day="14" awardType="5" awardId="317001" awardNum="10" vipDouble="0" bottomColor="1" />
<QianDao id="106015" month="6" day="15" awardType="0" awardId="900018" awardNum="1600" vipDouble="0" bottomColor="0" />
<QianDao id="106016" month="6" day="16" awardType="7" awardId="902017" awardNum="2" vipDouble="5" bottomColor="0" />
<QianDao id="106017" month="6" day="17" awardType="0" awardId="900002" awardNum="150" vipDouble="0" bottomColor="0" />
<QianDao id="106018" month="6" day="18" awardType="0" awardId="910002" awardNum="4" vipDouble="0" bottomColor="0" />
<QianDao id="106019" month="6" day="19" awardType="9" awardId="920003" awardNum="8" vipDouble="5" bottomColor="0" />
<QianDao id="106020" month="6" day="20" awardType="0" awardId="900019" awardNum="1600" vipDouble="0" bottomColor="0" />
<QianDao id="106021" month="6" day="21" awardType="5" awardId="317001" awardNum="20" vipDouble="0" bottomColor="1" />
<QianDao id="106022" month="6" day="22" awardType="0" awardId="900001" awardNum="100000" vipDouble="0" bottomColor="0" />
<QianDao id="106023" month="6" day="23" awardType="0" awardId="910002" awardNum="5" vipDouble="6" bottomColor="0" />
<QianDao id="106024" month="6" day="24" awardType="9" awardId="921004" awardNum="2" vipDouble="0" bottomColor="0" />
<QianDao id="106025" month="6" day="25" awardType="0" awardId="900018" awardNum="2000" vipDouble="0" bottomColor="0" />
<QianDao id="106026" month="6" day="26" awardType="7" awardId="903017" awardNum="1" vipDouble="6" bottomColor="0" />
<QianDao id="106027" month="6" day="27" awardType="0" awardId="900002" awardNum="200" vipDouble="0" bottomColor="0" />
<QianDao id="106028" month="6" day="28" awardType="5" awardId="317001" awardNum="20" vipDouble="0" bottomColor="1" />
<QianDao id="106029" month="6" day="29" awardType="9" awardId="920004" awardNum="2" vipDouble="7" bottomColor="0" />
<QianDao id="106030" month="6" day="30" awardType="0" awardId="900019" awardNum="2000" vipDouble="0" bottomColor="0" />
<QianDao id="107001" month="7" day="1" awardType="7" awardId="902027" awardNum="2" vipDouble="1" bottomColor="0" />
<QianDao id="107002" month="7" day="2" awardType="0" awardId="900001" awardNum="60000" vipDouble="0" bottomColor="0" />
<QianDao id="107003" month="7" day="3" awardType="0" awardId="910002" awardNum="3" vipDouble="2" bottomColor="0" />
<QianDao id="107004" month="7" day="4" awardType="9" awardId="921003" awardNum="6" vipDouble="0" bottomColor="0" />
<QianDao id="107005" month="7" day="5" awardType="0" awardId="900018" awardNum="1200" vipDouble="3" bottomColor="0" />
<QianDao id="107006" month="7" day="6" awardType="7" awardId="902017" awardNum="2" vipDouble="0" bottomColor="0" />
<QianDao id="107007" month="7" day="7" awardType="4" awardId="301071" awardNum="1" vipDouble="0" bottomColor="1" />
<QianDao id="107008" month="7" day="8" awardType="0" awardId="910002" awardNum="3" vipDouble="3" bottomColor="0" />
<QianDao id="107009" month="7" day="9" awardType="9" awardId="920003" awardNum="6" vipDouble="0" bottomColor="0" />
<QianDao id="107010" month="7" day="10" awardType="0" awardId="900019" awardNum="1200" vipDouble="4" bottomColor="0" />
<QianDao id="107011" month="7" day="11" awardType="7" awardId="902037" awardNum="2" vipDouble="0" bottomColor="0" />
<QianDao id="107012" month="7" day="12" awardType="0" awardId="900001" awardNum="80000" vipDouble="4" bottomColor="0" />
<QianDao id="107013" month="7" day="13" awardType="0" awardId="910002" awardNum="4" vipDouble="0" bottomColor="0" />
<QianDao id="107014" month="7" day="14" awardType="5" awardId="317001" awardNum="10" vipDouble="0" bottomColor="1" />
<QianDao id="107015" month="7" day="15" awardType="0" awardId="900018" awardNum="1600" vipDouble="0" bottomColor="0" />
<QianDao id="107016" month="7" day="16" awardType="7" awardId="902017" awardNum="2" vipDouble="5" bottomColor="0" />
<QianDao id="107017" month="7" day="17" awardType="0" awardId="900002" awardNum="150" vipDouble="0" bottomColor="0" />
<QianDao id="107018" month="7" day="18" awardType="0" awardId="910002" awardNum="4" vipDouble="0" bottomColor="0" />
<QianDao id="107019" month="7" day="19" awardType="9" awardId="920003" awardNum="8" vipDouble="5" bottomColor="0" />
<QianDao id="107020" month="7" day="20" awardType="0" awardId="900019" awardNum="1600" vipDouble="0" bottomColor="0" />
<QianDao id="107021" month="7" day="21" awardType="5" awardId="317001" awardNum="20" vipDouble="0" bottomColor="1" />
<QianDao id="107022" month="7" day="22" awardType="0" awardId="900001" awardNum="100000" vipDouble="0" bottomColor="0" />
<QianDao id="107023" month="7" day="23" awardType="0" awardId="910002" awardNum="5" vipDouble="6" bottomColor="0" />
<QianDao id="107024" month="7" day="24" awardType="9" awardId="921004" awardNum="2" vipDouble="0" bottomColor="0" />
<QianDao id="107025" month="7" day="25" awardType="0" awardId="900018" awardNum="2000" vipDouble="0" bottomColor="0" />
<QianDao id="107026" month="7" day="26" awardType="7" awardId="903017" awardNum="1" vipDouble="6" bottomColor="0" />
<QianDao id="107027" month="7" day="27" awardType="0" awardId="900002" awardNum="200" vipDouble="0" bottomColor="0" />
<QianDao id="107028" month="7" day="28" awardType="5" awardId="317001" awardNum="20" vipDouble="0" bottomColor="1" />
<QianDao id="107029" month="7" day="29" awardType="9" awardId="920004" awardNum="2" vipDouble="7" bottomColor="0" />
<QianDao id="107030" month="7" day="30" awardType="0" awardId="900019" awardNum="2000" vipDouble="0" bottomColor="0" />
<QianDao id="107031" month="7" day="31" awardType="7" awardId="903037" awardNum="1" vipDouble="0" bottomColor="0" />
<QianDao id="108001" month="8" day="1" awardType="7" awardId="902027" awardNum="2" vipDouble="1" bottomColor="0" />
<QianDao id="108002" month="8" day="2" awardType="0" awardId="900001" awardNum="60000" vipDouble="0" bottomColor="0" />
<QianDao id="108003" month="8" day="3" awardType="0" awardId="910002" awardNum="3" vipDouble="2" bottomColor="0" />
<QianDao id="108004" month="8" day="4" awardType="9" awardId="921003" awardNum="6" vipDouble="0" bottomColor="0" />
<QianDao id="108005" month="8" day="5" awardType="0" awardId="900018" awardNum="1200" vipDouble="3" bottomColor="0" />
<QianDao id="108006" month="8" day="6" awardType="7" awardId="902017" awardNum="2" vipDouble="0" bottomColor="0" />
<QianDao id="108007" month="8" day="7" awardType="4" awardId="301071" awardNum="1" vipDouble="0" bottomColor="1" />
<QianDao id="108008" month="8" day="8" awardType="0" awardId="910002" awardNum="3" vipDouble="3" bottomColor="0" />
<QianDao id="108009" month="8" day="9" awardType="9" awardId="920003" awardNum="6" vipDouble="0" bottomColor="0" />
<QianDao id="108010" month="8" day="10" awardType="0" awardId="900019" awardNum="1200" vipDouble="4" bottomColor="0" />
<QianDao id="108011" month="8" day="11" awardType="7" awardId="902037" awardNum="2" vipDouble="0" bottomColor="0" />
<QianDao id="108012" month="8" day="12" awardType="0" awardId="900001" awardNum="80000" vipDouble="4" bottomColor="0" />
<QianDao id="108013" month="8" day="13" awardType="0" awardId="910002" awardNum="4" vipDouble="0" bottomColor="0" />
<QianDao id="108014" month="8" day="14" awardType="5" awardId="317001" awardNum="10" vipDouble="0" bottomColor="1" />
<QianDao id="108015" month="8" day="15" awardType="0" awardId="900018" awardNum="1600" vipDouble="0" bottomColor="0" />
<QianDao id="108016" month="8" day="16" awardType="7" awardId="902017" awardNum="2" vipDouble="5" bottomColor="0" />
<QianDao id="108017" month="8" day="17" awardType="0" awardId="900002" awardNum="150" vipDouble="0" bottomColor="0" />
<QianDao id="108018" month="8" day="18" awardType="0" awardId="910002" awardNum="4" vipDouble="0" bottomColor="0" />
<QianDao id="108019" month="8" day="19" awardType="9" awardId="920003" awardNum="8" vipDouble="5" bottomColor="0" />
<QianDao id="108020" month="8" day="20" awardType="0" awardId="900019" awardNum="1600" vipDouble="0" bottomColor="0" />
<QianDao id="108021" month="8" day="21" awardType="5" awardId="317001" awardNum="20" vipDouble="0" bottomColor="1" />
<QianDao id="108022" month="8" day="22" awardType="0" awardId="900001" awardNum="100000" vipDouble="0" bottomColor="0" />
<QianDao id="108023" month="8" day="23" awardType="0" awardId="910002" awardNum="5" vipDouble="6" bottomColor="0" />
<QianDao id="108024" month="8" day="24" awardType="9" awardId="921004" awardNum="2" vipDouble="0" bottomColor="0" />
<QianDao id="108025" month="8" day="25" awardType="0" awardId="900018" awardNum="2000" vipDouble="0" bottomColor="0" />
<QianDao id="108026" month="8" day="26" awardType="7" awardId="903017" awardNum="1" vipDouble="6" bottomColor="0" />
<QianDao id="108027" month="8" day="27" awardType="0" awardId="900002" awardNum="200" vipDouble="0" bottomColor="0" />
<QianDao id="108028" month="8" day="28" awardType="5" awardId="317001" awardNum="20" vipDouble="0" bottomColor="1" />
<QianDao id="108029" month="8" day="29" awardType="9" awardId="920004" awardNum="2" vipDouble="7" bottomColor="0" />
<QianDao id="108030" month="8" day="30" awardType="0" awardId="900019" awardNum="2000" vipDouble="0" bottomColor="0" />
<QianDao id="108031" month="8" day="31" awardType="7" awardId="903037" awardNum="1" vipDouble="0" bottomColor="0" />
<QianDao id="109001" month="9" day="1" awardType="7" awardId="902027" awardNum="2" vipDouble="1" bottomColor="0" />
<QianDao id="109002" month="9" day="2" awardType="0" awardId="900001" awardNum="60000" vipDouble="0" bottomColor="0" />
<QianDao id="109003" month="9" day="3" awardType="0" awardId="910002" awardNum="3" vipDouble="2" bottomColor="0" />
<QianDao id="109004" month="9" day="4" awardType="9" awardId="921003" awardNum="6" vipDouble="0" bottomColor="0" />
<QianDao id="109005" month="9" day="5" awardType="0" awardId="900018" awardNum="1200" vipDouble="3" bottomColor="0" />
<QianDao id="109006" month="9" day="6" awardType="7" awardId="902017" awardNum="2" vipDouble="0" bottomColor="0" />
<QianDao id="109007" month="9" day="7" awardType="4" awardId="301071" awardNum="1" vipDouble="0" bottomColor="1" />
<QianDao id="109008" month="9" day="8" awardType="0" awardId="910002" awardNum="3" vipDouble="3" bottomColor="0" />
<QianDao id="109009" month="9" day="9" awardType="9" awardId="920003" awardNum="6" vipDouble="0" bottomColor="0" />
<QianDao id="109010" month="9" day="10" awardType="0" awardId="900019" awardNum="1200" vipDouble="4" bottomColor="0" />
<QianDao id="109011" month="9" day="11" awardType="7" awardId="902037" awardNum="2" vipDouble="0" bottomColor="0" />
<QianDao id="109012" month="9" day="12" awardType="0" awardId="900001" awardNum="80000" vipDouble="4" bottomColor="0" />
<QianDao id="109013" month="9" day="13" awardType="0" awardId="910002" awardNum="4" vipDouble="0" bottomColor="0" />
<QianDao id="109014" month="9" day="14" awardType="5" awardId="317001" awardNum="10" vipDouble="0" bottomColor="1" />
<QianDao id="109015" month="9" day="15" awardType="0" awardId="900018" awardNum="1600" vipDouble="0" bottomColor="0" />
<QianDao id="109016" month="9" day="16" awardType="7" awardId="902017" awardNum="2" vipDouble="5" bottomColor="0" />
<QianDao id="109017" month="9" day="17" awardType="0" awardId="900002" awardNum="150" vipDouble="0" bottomColor="0" />
<QianDao id="109018" month="9" day="18" awardType="0" awardId="910002" awardNum="4" vipDouble="0" bottomColor="0" />
<QianDao id="109019" month="9" day="19" awardType="9" awardId="920003" awardNum="8" vipDouble="5" bottomColor="0" />
<QianDao id="109020" month="9" day="20" awardType="0" awardId="900019" awardNum="1600" vipDouble="0" bottomColor="0" />
<QianDao id="109021" month="9" day="21" awardType="5" awardId="317001" awardNum="20" vipDouble="0" bottomColor="1" />
<QianDao id="109022" month="9" day="22" awardType="0" awardId="900001" awardNum="100000" vipDouble="0" bottomColor="0" />
<QianDao id="109023" month="9" day="23" awardType="0" awardId="910002" awardNum="5" vipDouble="6" bottomColor="0" />
<QianDao id="109024" month="9" day="24" awardType="9" awardId="921004" awardNum="2" vipDouble="0" bottomColor="0" />
<QianDao id="109025" month="9" day="25" awardType="0" awardId="900018" awardNum="2000" vipDouble="0" bottomColor="0" />
<QianDao id="109026" month="9" day="26" awardType="7" awardId="903017" awardNum="1" vipDouble="6" bottomColor="0" />
<QianDao id="109027" month="9" day="27" awardType="0" awardId="900002" awardNum="200" vipDouble="0" bottomColor="0" />
<QianDao id="109028" month="9" day="28" awardType="5" awardId="317001" awardNum="20" vipDouble="0" bottomColor="1" />
<QianDao id="109029" month="9" day="29" awardType="9" awardId="920004" awardNum="2" vipDouble="7" bottomColor="0" />
<QianDao id="109030" month="9" day="30" awardType="0" awardId="900019" awardNum="2000" vipDouble="0" bottomColor="0" />
<QianDao id="110001" month="10" day="1" awardType="7" awardId="902027" awardNum="2" vipDouble="1" bottomColor="0" />
<QianDao id="110002" month="10" day="2" awardType="0" awardId="900001" awardNum="60000" vipDouble="0" bottomColor="0" />
<QianDao id="110003" month="10" day="3" awardType="0" awardId="910002" awardNum="3" vipDouble="2" bottomColor="0" />
<QianDao id="110004" month="10" day="4" awardType="9" awardId="921003" awardNum="6" vipDouble="0" bottomColor="0" />
<QianDao id="110005" month="10" day="5" awardType="0" awardId="900018" awardNum="1200" vipDouble="3" bottomColor="0" />
<QianDao id="110006" month="10" day="6" awardType="7" awardId="902017" awardNum="2" vipDouble="0" bottomColor="0" />
<QianDao id="110007" month="10" day="7" awardType="4" awardId="301071" awardNum="1" vipDouble="0" bottomColor="1" />
<QianDao id="110008" month="10" day="8" awardType="0" awardId="910002" awardNum="3" vipDouble="3" bottomColor="0" />
<QianDao id="110009" month="10" day="9" awardType="9" awardId="920003" awardNum="6" vipDouble="0" bottomColor="0" />
<QianDao id="110010" month="10" day="10" awardType="0" awardId="900019" awardNum="1200" vipDouble="4" bottomColor="0" />
<QianDao id="110011" month="10" day="11" awardType="7" awardId="902037" awardNum="2" vipDouble="0" bottomColor="0" />
<QianDao id="110012" month="10" day="12" awardType="0" awardId="900001" awardNum="80000" vipDouble="4" bottomColor="0" />
<QianDao id="110013" month="10" day="13" awardType="0" awardId="910002" awardNum="4" vipDouble="0" bottomColor="0" />
<QianDao id="110014" month="10" day="14" awardType="5" awardId="317001" awardNum="10" vipDouble="0" bottomColor="1" />
<QianDao id="110015" month="10" day="15" awardType="0" awardId="900018" awardNum="1600" vipDouble="0" bottomColor="0" />
<QianDao id="110016" month="10" day="16" awardType="7" awardId="902017" awardNum="2" vipDouble="5" bottomColor="0" />
<QianDao id="110017" month="10" day="17" awardType="0" awardId="900002" awardNum="150" vipDouble="0" bottomColor="0" />
<QianDao id="110018" month="10" day="18" awardType="0" awardId="910002" awardNum="4" vipDouble="0" bottomColor="0" />
<QianDao id="110019" month="10" day="19" awardType="9" awardId="920003" awardNum="8" vipDouble="5" bottomColor="0" />
<QianDao id="110020" month="10" day="20" awardType="0" awardId="900019" awardNum="1600" vipDouble="0" bottomColor="0" />
<QianDao id="110021" month="10" day="21" awardType="5" awardId="317001" awardNum="20" vipDouble="0" bottomColor="1" />
<QianDao id="110022" month="10" day="22" awardType="0" awardId="900001" awardNum="100000" vipDouble="0" bottomColor="0" />
<QianDao id="110023" month="10" day="23" awardType="0" awardId="910002" awardNum="5" vipDouble="6" bottomColor="0" />
<QianDao id="110024" month="10" day="24" awardType="9" awardId="921004" awardNum="2" vipDouble="0" bottomColor="0" />
<QianDao id="110025" month="10" day="25" awardType="0" awardId="900018" awardNum="2000" vipDouble="0" bottomColor="0" />
<QianDao id="110026" month="10" day="26" awardType="7" awardId="903017" awardNum="1" vipDouble="6" bottomColor="0" />
<QianDao id="110027" month="10" day="27" awardType="0" awardId="900002" awardNum="200" vipDouble="0" bottomColor="0" />
<QianDao id="110028" month="10" day="28" awardType="5" awardId="317001" awardNum="20" vipDouble="0" bottomColor="1" />
<QianDao id="110029" month="10" day="29" awardType="9" awardId="920004" awardNum="2" vipDouble="7" bottomColor="0" />
<QianDao id="110030" month="10" day="30" awardType="0" awardId="900019" awardNum="2000" vipDouble="0" bottomColor="0" />
<QianDao id="110031" month="10" day="31" awardType="7" awardId="903037" awardNum="1" vipDouble="0" bottomColor="0" />
<QianDao id="111001" month="11" day="1" awardType="7" awardId="902027" awardNum="2" vipDouble="1" bottomColor="0" />
<QianDao id="111002" month="11" day="2" awardType="0" awardId="900001" awardNum="60000" vipDouble="0" bottomColor="0" />
<QianDao id="111003" month="11" day="3" awardType="0" awardId="910002" awardNum="3" vipDouble="2" bottomColor="0" />
<QianDao id="111004" month="11" day="4" awardType="9" awardId="921003" awardNum="6" vipDouble="0" bottomColor="0" />
<QianDao id="111005" month="11" day="5" awardType="0" awardId="900018" awardNum="1200" vipDouble="3" bottomColor="0" />
<QianDao id="111006" month="11" day="6" awardType="7" awardId="902017" awardNum="2" vipDouble="0" bottomColor="0" />
<QianDao id="111007" month="11" day="7" awardType="4" awardId="301071" awardNum="1" vipDouble="0" bottomColor="1" />
<QianDao id="111008" month="11" day="8" awardType="0" awardId="910002" awardNum="3" vipDouble="3" bottomColor="0" />
<QianDao id="111009" month="11" day="9" awardType="9" awardId="920003" awardNum="6" vipDouble="0" bottomColor="0" />
<QianDao id="111010" month="11" day="10" awardType="0" awardId="900019" awardNum="1200" vipDouble="4" bottomColor="0" />
<QianDao id="111011" month="11" day="11" awardType="7" awardId="902037" awardNum="2" vipDouble="0" bottomColor="0" />
<QianDao id="111012" month="11" day="12" awardType="0" awardId="900001" awardNum="80000" vipDouble="4" bottomColor="0" />
<QianDao id="111013" month="11" day="13" awardType="0" awardId="910002" awardNum="4" vipDouble="0" bottomColor="0" />
<QianDao id="111014" month="11" day="14" awardType="5" awardId="317001" awardNum="10" vipDouble="0" bottomColor="1" />
<QianDao id="111015" month="11" day="15" awardType="0" awardId="900018" awardNum="1600" vipDouble="0" bottomColor="0" />
<QianDao id="111016" month="11" day="16" awardType="7" awardId="902017" awardNum="2" vipDouble="5" bottomColor="0" />
<QianDao id="111017" month="11" day="17" awardType="0" awardId="900002" awardNum="150" vipDouble="0" bottomColor="0" />
<QianDao id="111018" month="11" day="18" awardType="0" awardId="910002" awardNum="4" vipDouble="0" bottomColor="0" />
<QianDao id="111019" month="11" day="19" awardType="9" awardId="920003" awardNum="8" vipDouble="5" bottomColor="0" />
<QianDao id="111020" month="11" day="20" awardType="0" awardId="900019" awardNum="1600" vipDouble="0" bottomColor="0" />
<QianDao id="111021" month="11" day="21" awardType="5" awardId="317001" awardNum="20" vipDouble="0" bottomColor="1" />
<QianDao id="111022" month="11" day="22" awardType="0" awardId="900001" awardNum="100000" vipDouble="0" bottomColor="0" />
<QianDao id="111023" month="11" day="23" awardType="0" awardId="910002" awardNum="5" vipDouble="6" bottomColor="0" />
<QianDao id="111024" month="11" day="24" awardType="9" awardId="921004" awardNum="2" vipDouble="0" bottomColor="0" />
<QianDao id="111025" month="11" day="25" awardType="0" awardId="900018" awardNum="2000" vipDouble="0" bottomColor="0" />
<QianDao id="111026" month="11" day="26" awardType="7" awardId="903017" awardNum="1" vipDouble="6" bottomColor="0" />
<QianDao id="111027" month="11" day="27" awardType="0" awardId="900002" awardNum="200" vipDouble="0" bottomColor="0" />
<QianDao id="111028" month="11" day="28" awardType="5" awardId="317001" awardNum="20" vipDouble="0" bottomColor="1" />
<QianDao id="111029" month="11" day="29" awardType="9" awardId="920004" awardNum="2" vipDouble="7" bottomColor="0" />
<QianDao id="111030" month="11" day="30" awardType="0" awardId="900019" awardNum="2000" vipDouble="0" bottomColor="0" />
<QianDao id="112001" month="12" day="1" awardType="7" awardId="902027" awardNum="2" vipDouble="1" bottomColor="0" />
<QianDao id="112002" month="12" day="2" awardType="0" awardId="900001" awardNum="60000" vipDouble="0" bottomColor="0" />
<QianDao id="112003" month="12" day="3" awardType="0" awardId="910002" awardNum="3" vipDouble="2" bottomColor="0" />
<QianDao id="112004" month="12" day="4" awardType="9" awardId="921003" awardNum="6" vipDouble="0" bottomColor="0" />
<QianDao id="112005" month="12" day="5" awardType="0" awardId="900018" awardNum="1200" vipDouble="3" bottomColor="0" />
<QianDao id="112006" month="12" day="6" awardType="7" awardId="902017" awardNum="2" vipDouble="0" bottomColor="0" />
<QianDao id="112007" month="12" day="7" awardType="4" awardId="301071" awardNum="1" vipDouble="0" bottomColor="1" />
<QianDao id="112008" month="12" day="8" awardType="0" awardId="910002" awardNum="3" vipDouble="3" bottomColor="0" />
<QianDao id="112009" month="12" day="9" awardType="9" awardId="920003" awardNum="6" vipDouble="0" bottomColor="0" />
<QianDao id="112010" month="12" day="10" awardType="0" awardId="900019" awardNum="1200" vipDouble="4" bottomColor="0" />
<QianDao id="112011" month="12" day="11" awardType="7" awardId="902037" awardNum="2" vipDouble="0" bottomColor="0" />
<QianDao id="112012" month="12" day="12" awardType="0" awardId="900001" awardNum="80000" vipDouble="4" bottomColor="0" />
<QianDao id="112013" month="12" day="13" awardType="0" awardId="910002" awardNum="4" vipDouble="0" bottomColor="0" />
<QianDao id="112014" month="12" day="14" awardType="5" awardId="317001" awardNum="10" vipDouble="0" bottomColor="1" />
<QianDao id="112015" month="12" day="15" awardType="0" awardId="900018" awardNum="1600" vipDouble="0" bottomColor="0" />
<QianDao id="112016" month="12" day="16" awardType="7" awardId="902017" awardNum="2" vipDouble="5" bottomColor="0" />
<QianDao id="112017" month="12" day="17" awardType="0" awardId="900002" awardNum="150" vipDouble="0" bottomColor="0" />
<QianDao id="112018" month="12" day="18" awardType="0" awardId="910002" awardNum="4" vipDouble="0" bottomColor="0" />
<QianDao id="112019" month="12" day="19" awardType="9" awardId="920003" awardNum="8" vipDouble="5" bottomColor="0" />
<QianDao id="112020" month="12" day="20" awardType="0" awardId="900019" awardNum="1600" vipDouble="0" bottomColor="0" />
<QianDao id="112021" month="12" day="21" awardType="5" awardId="317001" awardNum="20" vipDouble="0" bottomColor="1" />
<QianDao id="112022" month="12" day="22" awardType="0" awardId="900001" awardNum="100000" vipDouble="0" bottomColor="0" />
<QianDao id="112023" month="12" day="23" awardType="0" awardId="910002" awardNum="5" vipDouble="6" bottomColor="0" />
<QianDao id="112024" month="12" day="24" awardType="9" awardId="921004" awardNum="2" vipDouble="0" bottomColor="0" />
<QianDao id="112025" month="12" day="25" awardType="0" awardId="900018" awardNum="2000" vipDouble="0" bottomColor="0" />
<QianDao id="112026" month="12" day="26" awardType="7" awardId="903017" awardNum="1" vipDouble="6" bottomColor="0" />
<QianDao id="112027" month="12" day="27" awardType="0" awardId="900002" awardNum="200" vipDouble="0" bottomColor="0" />
<QianDao id="112028" month="12" day="28" awardType="5" awardId="317001" awardNum="20" vipDouble="0" bottomColor="1" />
<QianDao id="112029" month="12" day="29" awardType="9" awardId="920004" awardNum="2" vipDouble="7" bottomColor="0" />
<QianDao id="112030" month="12" day="30" awardType="0" awardId="900019" awardNum="2000" vipDouble="0" bottomColor="0" />
<QianDao id="112031" month="12" day="31" awardType="7" awardId="903037" awardNum="1" vipDouble="0" bottomColor="0" />
</dataset>