<?xml version="1.0" encoding="UTF-8"?>
<dataset>
<QianDaoMonth month="1" desc="本月签到将魂：" name="越女" icon="301071" />
<QianDaoMonth month="2" desc="本月签到将魂：" name="越女" icon="301071" />
<QianDaoMonth month="3" desc="本月签到将魂：" name="越女" icon="301071" />
<QianDaoMonth month="4" desc="本月签到将魂：" name="越女" icon="301071" />
<QianDaoMonth month="5" desc="本月签到将魂：" name="越女" icon="301071" />
<QianDaoMonth month="6" desc="本月签到将魂：" name="越女" icon="301071" />
<QianDaoMonth month="7" desc="本月签到将魂：" name="越女" icon="301071" />
<QianDaoMonth month="8" desc="本月签到将魂：" name="越女" icon="301071" />
<QianDaoMonth month="9" desc="本月签到将魂：" name="越女" icon="301071" />
<QianDaoMonth month="10" desc="本月签到将魂：" name="越女" icon="301071" />
<QianDaoMonth month="11" desc="本月签到将魂：" name="越女" icon="301071" />
<QianDaoMonth month="12" desc="本月签到将魂：" name="越女" icon="301071" />
</dataset>