<?xml version="1.0" encoding="UTF-8"?>
<dataset>
<RenWu id="1" name="710001" funDesc="710001" type="1" condition="5" jiangli="0:900006:100#0:900001:1000#0:900030:5" LmGongxian="0" icon="2" frontId="0" LinkNpcId="-1" FunctionId="300000" Title="$" Script="null" huoyue="5" award="0:900006:100#0:900001:1000" site="5" funcID="300000" doneTitle="参加过关斩将" />
<RenWu id="2" name="710002" funDesc="710002" type="1" condition="1" jiangli="0:900006:100#0:900001:1000#0:900030:10" LmGongxian="0" icon="2" frontId="0" LinkNpcId="-1" FunctionId="300100" Title="$" Script="War_Sport" huoyue="10" award="0:900006:100#0:900001:1000" site="6" funcID="300100" doneTitle="参加百战千军" />
<RenWu id="3" name="710003" funDesc="710003" type="1" condition="3" jiangli="0:900006:100#0:900001:1000#0:900030:5" LmGongxian="0" icon="2" frontId="0" LinkNpcId="-1" FunctionId="300000" Title="$" Script="chuanqi" huoyue="5" award="0:900006:100#0:900001:1000" site="7" funcID="109" doneTitle="传奇关卡" />
<RenWu id="4" name="710004" funDesc="710004" type="1" condition="1" jiangli="0:900006:100#0:900001:2000#0:900030:5" LmGongxian="0" icon="4" frontId="0" LinkNpcId="-1" FunctionId="6" Title="$" Script="null" huoyue="5" award="0:900006:100#0:900001:2000" site="8" funcID="6" doneTitle="升级将魂" />
<RenWu id="5" name="710005" funDesc="710005" type="1" condition="3" jiangli="0:900006:100#0:900002:10#0:900030:5" LmGongxian="0" icon="9" frontId="0" LinkNpcId="-1" FunctionId="12" Title="$" Script="2" huoyue="5" award="0:900006:100#0:900002:10" site="9" funcID="1210" doneTitle="洗练装备" />
<RenWu id="6" name="710006" funDesc="710006" type="1" condition="1" jiangli="0:900006:100#0:900002:10#0:900030:5" LmGongxian="0" icon="9" frontId="0" LinkNpcId="-1" FunctionId="12" Title="$" Script="1" huoyue="5" award="0:900006:100#0:900002:10" site="10" funcID="12" doneTitle="强化装备" />
<RenWu id="7" name="710007" funDesc="710007" type="1" condition="1" jiangli="0:900006:50#0:900002:10#0:900030:5" LmGongxian="0" icon="4" frontId="0" LinkNpcId="-1" FunctionId="2101" Title="$" Script="null" huoyue="5" award="0:900006:50#0:900002:10" site="11" funcID="2101" doneTitle="购买铜币" />
<RenWu id="8" name="710008" funDesc="710008" type="1" condition="5" jiangli="0:900006:100#0:900002:10#0:900030:5" LmGongxian="0" icon="4" frontId="0" LinkNpcId="-1" FunctionId="11" Title="$" Script="null" huoyue="5" award="0:900006:100#0:900002:10" site="12" funcID="11" doneTitle="完成探宝" />
<RenWu id="9" name="710009" funDesc="710009" type="1" condition="2" jiangli="0:900006:100#0:900030:5" LmGongxian="0" icon="2" frontId="0" LinkNpcId="-1" FunctionId="104" Title="$" Script="AllianceHuangye" huoyue="5" award="0:900006:100" site="13" funcID="300200" doneTitle="挑战荒野" />
<RenWu id="14" name="710012" funDesc="710012" type="1" condition="1" jiangli="0:900006:100#0:900002:10#0:900030:5" LmGongxian="0" icon="4" frontId="0" LinkNpcId="-1" FunctionId="200" Title="$" Script="Skill2" huoyue="5" award="0:900006:100#0:900002:10" site="14" funcID="500000" doneTitle="升级天赋" />
<RenWu id="15" name="710013" funDesc="710013" type="1" condition="3" jiangli="0:900006:100#0:900001:1000#0:900030:5" LmGongxian="0" icon="2" frontId="0" LinkNpcId="-1" FunctionId="106" Title="$" Script="null" huoyue="5" award="0:900006:100#0:900001:1000" site="15" funcID="250" doneTitle="参加试练" />
<RenWu id="16" name="710014" funDesc="710014" type="1" condition="2" jiangli="0:900006:100#0:900001:2000#0:900030:10" LmGongxian="0" icon="2" frontId="0" LinkNpcId="-1" FunctionId="310" Title="$" Script="War_YunBiao" huoyue="10" award="0:900006:100#0:900001:2000" site="16" funcID="310" doneTitle="参加运镖活动" />
<RenWu id="17" name="710015" funDesc="710015" type="1" condition="1" jiangli="0:900001:1000#0:900002:20#0:900030:10" LmGongxian="0" icon="2" frontId="0" LinkNpcId="-1" FunctionId="310" Title="$" Script="War_YunBiao" huoyue="10" award="0:900001:1000#0:900002:20" site="17" funcID="310" doneTitle="参加劫镖活动" />
<RenWu id="18" name="710016" funDesc="710016" type="1" condition="1" jiangli="0:900001:2000#0:900002:10#0:900030:5" LmGongxian="0" icon="4" frontId="0" LinkNpcId="-1" FunctionId="104" Title="$" Script="AllianceTuteng" huoyue="5" award="0:900001:2000#0:900002:10" site="18" funcID="300300" doneTitle="联盟膜拜" />
<RenWu id="19" name="710017" funDesc="710017" type="1" condition="1" jiangli="0:900001:2000#0:900002:10#0:900030:5" LmGongxian="0" icon="4" frontId="0" LinkNpcId="-1" FunctionId="2100" Title="$" Script="null" huoyue="5" award="0:900001:2000#0:900002:10" site="19" funcID="2100" doneTitle="购买体力" />
<RenWu id="20" name="710018" funDesc="710018" type="1" condition="1" jiangli="0:900006:50#0:900001:2000#0:900030:5" LmGongxian="0" icon="4" frontId="0" LinkNpcId="-1" FunctionId="9" Title="$" Script="null" huoyue="5" award="0:900006:50#0:900001:2000" site="20" funcID="900" doneTitle="武备坊购买道具" />
<RenWu id="21" name="710019" funDesc="710019" type="1" condition="1" jiangli="0:900006:100#0:900001:1000#0:900030:5" LmGongxian="0" icon="2" frontId="0" LinkNpcId="-1" FunctionId="300" Title="$" Script="QianChongLou" huoyue="5" award="0:900006:100#0:900001:1000" site="21" funcID="300" doneTitle="参加千重楼" />
<RenWu id="22" name="710020" funDesc="710020" type="1" condition="1" jiangli="0:900006:100#0:900001:5000#0:900030:5" LmGongxian="0" icon="4" frontId="0" LinkNpcId="-1" FunctionId="500012" Title="$" Script="null" huoyue="5" award="0:900006:100#0:900001:5000" site="22" funcID="500012" doneTitle="参加猎符" />
<RenWu id="23" name="710021" funDesc="710021" type="1" condition="1" jiangli="0:900006:100#0:900001:1000#0:900030:5" LmGongxian="0" icon="2" frontId="0" LinkNpcId="-1" FunctionId="211" Title="$" Script="War_Plunder" huoyue="5" award="0:900006:100#0:900001:1000" site="23" funcID="211" doneTitle="参加掠夺" />
<RenWu id="24" name="710022" funDesc="710022" type="1" condition="1" jiangli="0:900006:100#0:900002:20#0:900030:10" LmGongxian="0" icon="2" frontId="0" LinkNpcId="-1" FunctionId="104" Title="$" Script="null" huoyue="10" award="0:900006:100#0:900002:20" site="24" funcID="104" doneTitle="参加郡城战" />
</dataset>
