<?xml version="1.0" encoding="UTF-8"?>
<dataset>
<ReportTemp ID="4" event="103" sendCondition="-1" receiveObject="1" recveiveScence="1" popupable="0" DescID="3010301" button="6" clickAward="" showType="2" reportTitle="开始运镖，镖马已出发" buttonfeedback="-1" specialFunc="-1" interval="0" />
<ReportTemp ID="5" event="104" sendCondition="4" receiveObject="5" recveiveScence="1,2,4" popupable="1,2,4" DescID="3010401" button="2,3" clickAward="" showType="1" reportTitle="" buttonfeedback="3100003,3100004" specialFunc="-1" interval="0" />
<ReportTemp ID="6" event="104" sendCondition="5" receiveObject="5" recveiveScence="1,2,4" popupable="1,2,4" DescID="3010402" button="2,3" clickAward="" showType="1" reportTitle="" buttonfeedback="3100003,3100004" specialFunc="-1" interval="0" />
<ReportTemp ID="7" event="105" sendCondition="1" receiveObject="5" recveiveScence="1,2,4" popupable="1,2,4" DescID="3010501" button="2,3" clickAward="" showType="1" reportTitle="" buttonfeedback="3100003,3100004" specialFunc="-1" interval="0" />
<ReportTemp ID="8" event="105" sendCondition="2" receiveObject="5" recveiveScence="1,2,4" popupable="1,2,4" DescID="3010502" button="2,3" clickAward="" showType="1" reportTitle="" buttonfeedback="3100003,3100004" specialFunc="-1" interval="0" />
<ReportTemp ID="9" event="105" sendCondition="3" receiveObject="5" recveiveScence="1,2,4" popupable="1,2,4" DescID="3010503" button="2,3" clickAward="" showType="1" reportTitle="" buttonfeedback="3100003,3100004" specialFunc="-1" interval="0" />
<ReportTemp ID="10" event="105" sendCondition="4" receiveObject="5" recveiveScence="1,2,4" popupable="1,2,4" DescID="3010504" button="2,3" clickAward="" showType="1" reportTitle="" buttonfeedback="3100003,3100004" specialFunc="-1" interval="0" />
<ReportTemp ID="11" event="105" sendCondition="5" receiveObject="5" recveiveScence="1,2,4" popupable="1,2,4" DescID="3010505" button="2,3" clickAward="" showType="1" reportTitle="" buttonfeedback="3100003,3100004" specialFunc="-1" interval="0" />
<ReportTemp ID="12" event="106" sendCondition="1" receiveObject="1" recveiveScence="1,2,4" popupable="0" DescID="3010601" button="6" clickAward="" showType="1" reportTitle="" buttonfeedback="-1" specialFunc="-1" interval="0" />
<ReportTemp ID="13" event="106" sendCondition="2" receiveObject="1" recveiveScence="1,2,4" popupable="0" DescID="3010602" button="6" clickAward="" showType="1" reportTitle="" buttonfeedback="-1" specialFunc="-1" interval="0" />
<ReportTemp ID="14" event="106" sendCondition="3" receiveObject="1" recveiveScence="1,2,4" popupable="0" DescID="3010603" button="6" clickAward="" showType="1" reportTitle="" buttonfeedback="-1" specialFunc="-1" interval="0" />
<ReportTemp ID="15" event="106" sendCondition="4" receiveObject="1" recveiveScence="1,2,4" popupable="0" DescID="3010604" button="6" clickAward="" showType="1" reportTitle="" buttonfeedback="-1" specialFunc="-1" interval="0" />
<ReportTemp ID="16" event="106" sendCondition="5" receiveObject="1" recveiveScence="1,2,4" popupable="0" DescID="3010605" button="6" clickAward="" showType="1" reportTitle="" buttonfeedback="-1" specialFunc="-1" interval="0" />
<ReportTemp ID="17" event="107" sendCondition="1" receiveObject="2" recveiveScence="1,2,4" popupable="0" DescID="3010701" button="4" clickAward="0:900001:10000" showType="1" reportTitle="" buttonfeedback="3100005" specialFunc="-1" interval="0" />
<ReportTemp ID="18" event="107" sendCondition="2" receiveObject="2" recveiveScence="1,2,4" popupable="0" DescID="3010702" button="4" clickAward="0:900001:10000" showType="1" reportTitle="" buttonfeedback="3100005" specialFunc="-1" interval="0" />
<ReportTemp ID="19" event="107" sendCondition="3" receiveObject="2" recveiveScence="1,2,4" popupable="0" DescID="3010703" button="4" clickAward="0:900001:10000" showType="1" reportTitle="" buttonfeedback="3100005" specialFunc="-1" interval="0" />
<ReportTemp ID="20" event="107" sendCondition="4" receiveObject="2" recveiveScence="1,2,4" popupable="0" DescID="3010704" button="4" clickAward="0:900001:10000" showType="1" reportTitle="" buttonfeedback="3100005" specialFunc="-1" interval="0" />
<ReportTemp ID="21" event="107" sendCondition="5" receiveObject="2" recveiveScence="1,2,4" popupable="0" DescID="3010705" button="4" clickAward="0:900001:10000" showType="1" reportTitle="" buttonfeedback="3100005" specialFunc="-1" interval="0" />
<ReportTemp ID="22" event="108" sendCondition="1" receiveObject="1" recveiveScence="1,2,4" popupable="0" DescID="3010801" button="5" clickAward="" showType="1" reportTitle="" buttonfeedback="-1" specialFunc="-1" interval="0" />
<ReportTemp ID="23" event="108" sendCondition="2" receiveObject="1" recveiveScence="1,2,4" popupable="0" DescID="3010802" button="5" clickAward="" showType="1" reportTitle="" buttonfeedback="-1" specialFunc="-1" interval="0" />
<ReportTemp ID="24" event="108" sendCondition="3" receiveObject="1" recveiveScence="1,2,4" popupable="0" DescID="3010803" button="5" clickAward="" showType="1" reportTitle="" buttonfeedback="-1" specialFunc="-1" interval="0" />
<ReportTemp ID="25" event="108" sendCondition="4" receiveObject="1" recveiveScence="1,2,4" popupable="0" DescID="3010804" button="5" clickAward="" showType="1" reportTitle="" buttonfeedback="-1" specialFunc="-1" interval="0" />
<ReportTemp ID="26" event="108" sendCondition="5" receiveObject="1" recveiveScence="1,2,4" popupable="0" DescID="3010805" button="5" clickAward="" showType="1" reportTitle="" buttonfeedback="-1" specialFunc="-1" interval="0" />
<ReportTemp ID="27" event="109" sendCondition="-1" receiveObject="1" recveiveScence="1" popupable="0" DescID="3010901" button="5" clickAward="" showType="2" reportTitle="镖马已被敌人击溃" buttonfeedback="-1" specialFunc="-1" interval="0" />
<ReportTemp ID="28" event="110" sendCondition="-1" receiveObject="1" recveiveScence="1" popupable="0" DescID="3011001" button="5" clickAward="" showType="2" reportTitle="镖马顺利抵达目的地" buttonfeedback="-1" specialFunc="-1" interval="0" />
<ReportTemp ID="29" event="111" sendCondition="-1" receiveObject="4" recveiveScence="1" popupable="0" DescID="3011101" button="5" clickAward="0:900015:100" showType="2" reportTitle="镖马顺利抵达目的地" buttonfeedback="-1" specialFunc="-1" interval="0" />
<ReportTemp ID="30" event="112" sendCondition="-1" receiveObject="4" recveiveScence="1" popupable="0" DescID="3011201" button="6" clickAward="" showType="2" reportTitle="镖马已被摧毁" buttonfeedback="-1" specialFunc="-1" interval="0" />
<ReportTemp ID="31" event="113" sendCondition="-1" receiveObject="1" recveiveScence="1" popupable="0" DescID="3011301" button="5" clickAward="" showType="2" reportTitle="成功击杀仇敌" buttonfeedback="-1" specialFunc="-1" interval="0" />
<ReportTemp ID="32" event="114" sendCondition="-1" receiveObject="1" recveiveScence="1" popupable="0" DescID="3011401" button="5" clickAward="" showType="2" reportTitle="成功击杀仇敌镖马" buttonfeedback="-1" specialFunc="-1" interval="0" />
<ReportTemp ID="33" event="115" sendCondition="-1" receiveObject="1" recveiveScence="1" popupable="1" DescID="3011501" button="5" clickAward="" showType="2" reportTitle="成功劫杀镖马" buttonfeedback="-1" specialFunc="-1" interval="0" />
<ReportTemp ID="34" event="116" sendCondition="-1" receiveObject="1" recveiveScence="1" popupable="0" DescID="3011601" button="6" clickAward="" showType="2" reportTitle="您已加入协助" buttonfeedback="-1" specialFunc="-1" interval="0" />
<ReportTemp ID="35" event="117" sendCondition="-1" receiveObject="1" recveiveScence="1" popupable="0" DescID="3011701" button="5" clickAward="0:900031:2" showType="2" reportTitle="已领取活动时段奖励" buttonfeedback="3100006" specialFunc="-1" interval="0" />
<ReportTemp ID="36" event="201" sendCondition="-1" receiveObject="2" recveiveScence="2" popupable="2" DescID="3020101" button="2,1" clickAward="" showType="1" reportTitle="" buttonfeedback="3100101,3100002" specialFunc="-1" interval="0" />
<ReportTemp ID="37" event="202" sendCondition="-1" receiveObject="2" recveiveScence="2" popupable="2" DescID="3020201" button="4" clickAward="0:900001:100" showType="1" reportTitle="" buttonfeedback="3100005" specialFunc="-1" interval="0" />
<ReportTemp ID="38" event="203" sendCondition="-1" receiveObject="1" recveiveScence="2" popupable="2" DescID="3020301" button="5" clickAward="" showType="1" reportTitle="" buttonfeedback="-1" specialFunc="-1" interval="0" />
<ReportTemp ID="39" event="301" sendCondition="-1" receiveObject="6" recveiveScence="1,2,4" popupable="1,2,4" DescID="3030101" button="13,8" clickAward="0:900001:100" showType="1" reportTitle="" buttonfeedback="-1,-1,-1" specialFunc="-1" interval="1" />
<ReportTemp ID="40" event="302" sendCondition="-1" receiveObject="7" recveiveScence="1,2,4" popupable="1,2,4" DescID="3030201" button="8" clickAward="0:900001:100" showType="1" reportTitle="" buttonfeedback="-1,-1" specialFunc="-1" interval="1" />
<ReportTemp ID="41" event="303" sendCondition="-1" receiveObject="3" recveiveScence="2,4" popupable="2,4" DescID="3030301" button="9,10" clickAward="" showType="1" reportTitle="" buttonfeedback="-1,-1" specialFunc="1" interval="0" />
<ReportTemp ID="42" event="401" sendCondition="-1" receiveObject="8" recveiveScence="2,4" popupable="2,4" DescID="3040101" button="11,12" clickAward="" showType="1" reportTitle="" buttonfeedback="-1,-1" specialFunc="-1" interval="1" />
<ReportTemp ID="43" event="402" sendCondition="-1" receiveObject="2,3" recveiveScence="2,4" popupable="2,4" DescID="3040201" button="8,1" clickAward="0:900001:100" showType="1" reportTitle="" buttonfeedback="-1,-1" specialFunc="-1" interval="1" />
<ReportTemp ID="44" event="403" sendCondition="-1" receiveObject="1" recveiveScence="2,4" popupable="2,4" DescID="3040301" button="5" clickAward="0:900002:50" showType="1" reportTitle="" buttonfeedback="-1" specialFunc="-1" interval="0" />
<ReportTemp ID="45" event="404" sendCondition="-1" receiveObject="1" recveiveScence="2,4" popupable="2,4" DescID="3040401" button="5" clickAward="" showType="1" reportTitle="" buttonfeedback="-1" specialFunc="-1" interval="0" />
<ReportTemp ID="46" event="405" sendCondition="-1" receiveObject="11" recveiveScence="2,4" popupable="2,4" DescID="3040501" button="14,1" clickAward="" showType="1" reportTitle="" buttonfeedback="-1,-1" specialFunc="-1" interval="0" />
<ReportTemp ID="47" event="406" sendCondition="-1" receiveObject="8" recveiveScence="2,4" popupable="2,4" DescID="3040601" button="14,1" clickAward="" showType="1" reportTitle="" buttonfeedback="-1,-1" specialFunc="-1" interval="0" />
<ReportTemp ID="48" event="501" sendCondition="-1" receiveObject="2" recveiveScence="8" popupable="8" DescID="3050101" button="2,1" clickAward="" showType="1" reportTitle="" buttonfeedback="-1,-1" specialFunc="-1" interval="0" />
</dataset>