<?xml version="1.0" encoding="UTF-8"?>
<dataset>
<RobCartXishu scale="0" xishu="0.7" />
<RobCartXishu scale="1" xishu="0.70375" />
<RobCartXishu scale="2" xishu="0.7075" />
<RobCartXishu scale="3" xishu="0.71125" />
<RobCartXishu scale="4" xishu="0.715" />
<RobCartXishu scale="5" xishu="0.71875" />
<RobCartXishu scale="6" xishu="0.7225" />
<RobCartXishu scale="7" xishu="0.72625" />
<RobCartXishu scale="8" xishu="0.73" />
<RobCartXishu scale="9" xishu="0.73375" />
<RobCartXishu scale="10" xishu="0.7375" />
<RobCartXishu scale="11" xishu="0.74125" />
<RobCartXishu scale="12" xishu="0.745" />
<RobCartXishu scale="13" xishu="0.74875" />
<RobCartXishu scale="14" xishu="0.7525" />
<RobCartXishu scale="15" xishu="0.75625" />
<RobCartXishu scale="16" xishu="0.76" />
<RobCartXishu scale="17" xishu="0.76375" />
<RobCartXishu scale="18" xishu="0.7675" />
<RobCartXishu scale="19" xishu="0.77125" />
<RobCartXishu scale="20" xishu="0.775" />
<RobCartXishu scale="21" xishu="0.77875" />
<RobCartXishu scale="22" xishu="0.7825" />
<RobCartXishu scale="23" xishu="0.78625" />
<RobCartXishu scale="24" xishu="0.79" />
<RobCartXishu scale="25" xishu="0.79375" />
<RobCartXishu scale="26" xishu="0.7975" />
<RobCartXishu scale="27" xishu="0.80125" />
<RobCartXishu scale="28" xishu="0.805" />
<RobCartXishu scale="29" xishu="0.80875" />
<RobCartXishu scale="30" xishu="0.8125" />
<RobCartXishu scale="31" xishu="0.81625" />
<RobCartXishu scale="32" xishu="0.82" />
<RobCartXishu scale="33" xishu="0.82375" />
<RobCartXishu scale="34" xishu="0.8275" />
<RobCartXishu scale="35" xishu="0.83125" />
<RobCartXishu scale="36" xishu="0.835" />
<RobCartXishu scale="37" xishu="0.83875" />
<RobCartXishu scale="38" xishu="0.8425" />
<RobCartXishu scale="39" xishu="0.84625" />
<RobCartXishu scale="40" xishu="0.85" />
<RobCartXishu scale="41" xishu="0.85375" />
<RobCartXishu scale="42" xishu="0.8575" />
<RobCartXishu scale="43" xishu="0.86125" />
<RobCartXishu scale="44" xishu="0.865" />
<RobCartXishu scale="45" xishu="0.86875" />
<RobCartXishu scale="46" xishu="0.8725" />
<RobCartXishu scale="47" xishu="0.87625" />
<RobCartXishu scale="48" xishu="0.88" />
<RobCartXishu scale="49" xishu="0.88375" />
<RobCartXishu scale="50" xishu="0.8875" />
<RobCartXishu scale="51" xishu="0.89125" />
<RobCartXishu scale="52" xishu="0.895" />
<RobCartXishu scale="53" xishu="0.89875" />
<RobCartXishu scale="54" xishu="0.9025" />
<RobCartXishu scale="55" xishu="0.90625" />
<RobCartXishu scale="56" xishu="0.91" />
<RobCartXishu scale="57" xishu="0.91375" />
<RobCartXishu scale="58" xishu="0.9175" />
<RobCartXishu scale="59" xishu="0.92125" />
<RobCartXishu scale="60" xishu="0.925" />
<RobCartXishu scale="61" xishu="0.92875" />
<RobCartXishu scale="62" xishu="0.9325" />
<RobCartXishu scale="63" xishu="0.93625" />
<RobCartXishu scale="64" xishu="0.94" />
<RobCartXishu scale="65" xishu="0.94375" />
<RobCartXishu scale="66" xishu="0.9475" />
<RobCartXishu scale="67" xishu="0.95125" />
<RobCartXishu scale="68" xishu="0.955" />
<RobCartXishu scale="69" xishu="0.95875" />
<RobCartXishu scale="70" xishu="0.9625" />
<RobCartXishu scale="71" xishu="0.96625" />
<RobCartXishu scale="72" xishu="0.97" />
<RobCartXishu scale="73" xishu="0.97375" />
<RobCartXishu scale="74" xishu="0.9775" />
<RobCartXishu scale="75" xishu="0.98125" />
<RobCartXishu scale="76" xishu="0.985" />
<RobCartXishu scale="77" xishu="0.98875" />
<RobCartXishu scale="78" xishu="0.9925" />
<RobCartXishu scale="79" xishu="0.99625" />
<RobCartXishu scale="80" xishu="1" />
<RobCartXishu scale="81" xishu="1" />
<RobCartXishu scale="82" xishu="1" />
<RobCartXishu scale="83" xishu="1" />
<RobCartXishu scale="84" xishu="1" />
<RobCartXishu scale="85" xishu="1" />
<RobCartXishu scale="86" xishu="1" />
<RobCartXishu scale="87" xishu="1" />
<RobCartXishu scale="88" xishu="1" />
<RobCartXishu scale="89" xishu="1" />
<RobCartXishu scale="90" xishu="1" />
<RobCartXishu scale="91" xishu="1" />
<RobCartXishu scale="92" xishu="1" />
<RobCartXishu scale="93" xishu="1" />
<RobCartXishu scale="94" xishu="1" />
<RobCartXishu scale="95" xishu="1" />
<RobCartXishu scale="96" xishu="1" />
<RobCartXishu scale="97" xishu="1" />
<RobCartXishu scale="98" xishu="1" />
<RobCartXishu scale="99" xishu="1" />
<RobCartXishu scale="100" xishu="1" />
</dataset>