<?xml version="1.0" encoding="UTF-8"?>
<dataset>
<ShiLianFuBen ID="1" yuanbaoNum="14" zuobiaoX="14.53" zuobiaoY="-14.87" />
<ShiLianFuBen ID="2" yuanbaoNum="17" zuobiaoX="-11.68" zuobiaoY="-16.28" />
<ShiLianFuBen ID="3" yuanbaoNum="19" zuobiaoX="14.1" zuobiaoY="25.7" />
<ShiLianFuBen ID="4" yuanbaoNum="22" zuobiaoX="15.4" zuobiaoY="1.4" />
<ShiLianFuBen ID="5" yuanbaoNum="25" zuobiaoX="1.7" zuobiaoY="-4.3" />
<ShiLianFuBen ID="6" yuanbaoNum="27" zuobiaoX="-8.5" zuobiaoY="7.8" />
<ShiLianFuBen ID="7" yuanbaoNum="30" zuobiaoX="-12.5" zuobiaoY="26.08" />
<ShiLianFuBen ID="8" yuanbaoNum="32" zuobiaoX="9.3" zuobiaoY="15.7" />
<ShiLianFuBen ID="9" yuanbaoNum="35" zuobiaoX="-12.7" zuobiaoY="-2.2" />
<ShiLianFuBen ID="10" yuanbaoNum="38" zuobiaoX="-3.95" zuobiaoY="20.7" />
</dataset>