<?xml version="1.0" encoding="UTF-8"?>
<dataset>
<Skill SkillId="101" SkillTarget="1" EffectTarget="0" ET_P1="0" ET_P2="0" ST_TypeRejectU="0" CRRejectU="2" Range_Min="0" Range_Max="300" BaseCD="1000" IsInGCD="1" Action1="101" Action2="0" CsOnShoot="attack_1" EsOnShoot="25" EsTrack="0" EsOnTrack="0" EsSpeed="0" TowardType="0" SelfCast="0" />
<Skill SkillId="111" SkillTarget="1" EffectTarget="0" ET_P1="0" ET_P2="0" ST_TypeRejectU="0" CRRejectU="2" Range_Min="0" Range_Max="600" BaseCD="10000" IsInGCD="1" Action1="111" Action2="0" CsOnShoot="attack_4" EsOnShoot="28" EsTrack="0" EsOnTrack="0" EsSpeed="0" TowardType="0" SelfCast="0" />
<Skill SkillId="121" SkillTarget="0" EffectTarget="0" ET_P1="0" ET_P2="0" ST_TypeRejectU="0" CRRejectU="1" Range_Min="0" Range_Max="800" BaseCD="10000" IsInGCD="1" Action1="121" Action2="0" CsOnShoot="skill_mibao" EsOnShoot="50111" EsTrack="0" EsOnTrack="0" EsSpeed="0" TowardType="0" SelfCast="0" />
<Skill SkillId="131" SkillTarget="2" EffectTarget="0" ET_P1="0" ET_P2="0" ST_TypeRejectU="0" CRRejectU="1" Range_Min="0" Range_Max="0" BaseCD="0" IsInGCD="0" Action1="131" Action2="0" CsOnShoot="" EsOnShoot="0" EsTrack="0" EsOnTrack="0" EsSpeed="0" TowardType="0" SelfCast="0" />
<Skill SkillId="151" SkillTarget="0" EffectTarget="1" ET_P1="0" ET_P2="0" ST_TypeRejectU="0" CRRejectU="0" Range_Min="0" Range_Max="0" BaseCD="15000" IsInGCD="1" Action1="151" Action2="0" CsOnShoot="StartDadaoSkill" EsOnShoot="0" EsTrack="0" EsOnTrack="0" EsSpeed="0" TowardType="0" SelfCast="1" />
<Skill SkillId="161" SkillTarget="2" EffectTarget="2" ET_P1="500" ET_P2="0" ST_TypeRejectU="0" CRRejectU="2" Range_Min="0" Range_Max="0" BaseCD="0" IsInGCD="0" Action1="161" Action2="0" CsOnShoot="" EsOnShoot="0" EsTrack="0" EsOnTrack="0" EsSpeed="0" TowardType="0" SelfCast="0" />
<Skill SkillId="171" SkillTarget="1" EffectTarget="1" ET_P1="0" ET_P2="0" ST_TypeRejectU="0" CRRejectU="2" Range_Min="0" Range_Max="1000" BaseCD="3000" IsInGCD="1" Action1="171" Action2="0" CsOnShoot="GongjianSkill" EsOnShoot="0" EsTrack="1" EsOnTrack="10310" EsSpeed="1000" TowardType="0" SelfCast="0" />
<Skill SkillId="181" SkillTarget="1" EffectTarget="1" ET_P1="0" ET_P2="0" ST_TypeRejectU="0" CRRejectU="2" Range_Min="0" Range_Max="1000" BaseCD="10000" IsInGCD="1" Action1="181" Action2="0" CsOnShoot="shuangdaoskill" EsOnShoot="600211" EsTrack="0" EsOnTrack="0" EsSpeed="0" TowardType="0" SelfCast="0" />
<Skill SkillId="191" SkillTarget="2" EffectTarget="1" ET_P1="0" ET_P2="0" ST_TypeRejectU="0" CRRejectU="0" Range_Min="0" Range_Max="0" BaseCD="0" IsInGCD="0" Action1="191" Action2="0" CsOnShoot="" EsOnShoot="0" EsTrack="0" EsOnTrack="0" EsSpeed="0" TowardType="0" SelfCast="0" />
<Skill SkillId="200" SkillTarget="0" EffectTarget="0" ET_P1="0" ET_P2="0" ST_TypeRejectU="0" CRRejectU="1" Range_Min="0" Range_Max="100000" BaseCD="180000" IsInGCD="1" Action1="0" Action2="0" CsOnShoot="skill_mibao" EsOnShoot="50111" EsTrack="0" EsOnTrack="0" EsSpeed="0" TowardType="0" SelfCast="0" />
<Skill SkillId="201" SkillTarget="2" EffectTarget="2" ET_P1="1000" ET_P2="0" ST_TypeRejectU="0" CRRejectU="2" Range_Min="0" Range_Max="0" BaseCD="0" IsInGCD="0" Action1="201" Action2="0" CsOnShoot="" EsOnShoot="0" EsTrack="0" EsOnTrack="0" EsSpeed="0" TowardType="0" SelfCast="0" />
<Skill SkillId="300" SkillTarget="0" EffectTarget="0" ET_P1="0" ET_P2="0" ST_TypeRejectU="0" CRRejectU="1" Range_Min="0" Range_Max="0" BaseCD="300000" IsInGCD="1" Action1="300" Action2="0" CsOnShoot="skill_mibao" EsOnShoot="0" EsTrack="0" EsOnTrack="0" EsSpeed="0" TowardType="0" SelfCast="1" />
</dataset>
