<?xml version="1.0" encoding="UTF-8"?>
<dataset>
<SoundList id="0" name="empty" path="Sounds/Sfx/empty" loops="0" type="wav" stereo="0" />
<SoundList id="1000" name="Login__BgmPKG" path="Sounds/BGM/Login__BgmPKG" loops="1" type="mp3" stereo="0" />
<SoundList id="1001" name="MainCity1_BGM" path="Sounds/BGM/MainCity1_BGM" loops="1" type="mp3" stereo="0" />
<SoundList id="10000" name="Login2__BgmPKG" path="Sounds/BGM/Login2__BgmPKG" loops="1" type="mp3" stereo="0" />
<SoundList id="100100" name="Battle1" path="Sounds/BGM/Battle1" loops="1" type="mp3" stereo="0" />
<SoundList id="100101" name="Battle2" path="Sounds/BGM/Battle2" loops="1" type="mp3" stereo="0" />
<SoundList id="100102" name="Battle3_Night" path="Sounds/BGM/Battle3_Night" loops="1" type="mp3" stereo="0" />
<SoundList id="100103" name="Battle3_Night2" path="Sounds/BGM/Battle3_Night2" loops="1" type="mp3" stereo="0" />
<SoundList id="100110" name="Battle4_Desert" path="Sounds/BGM/Battle4_Desert" loops="1" type="mp3" stereo="0" />
<SoundList id="100200" name="Battle_boss" path="Sounds/BGM/Battle_boss" loops="1" type="mp3" stereo="0" />
<SoundList id="100201" name="Battle_boss2" path="Sounds/BGM/Battle_boss2" loops="1" type="mp3" stereo="0" />
<SoundList id="100203" name="Battle_boss3_Metal" path="Sounds/BGM/Battle_boss3_Metal" loops="1" type="mp3" stereo="0" />
<SoundList id="150000" name="Drama1_YingZheng" path="Sounds/BGM/Drama1_YingZheng" loops="0" type="mp3" stereo="0" />
<SoundList id="200000" name="Win" path="Sounds/BGM/Win" loops="0" type="mp3" stereo="0" />
<SoundList id="200100" name="Lose" path="Sounds/BGM/Lose" loops="0" type="mp3" stereo="0" />
<SoundList id="1500" name="Wind1_BgmPKG" path="Sounds/BGM/Wind1_BgmPKG" loops="1" type="mp3" stereo="1" />
<SoundList id="1501" name="WindLoop1" path="Sounds/BGM/WindLoop1" loops="1" type="mp3" stereo="1" />
<SoundList id="1502" name="Rain1" path="Sounds/BGM/Rain1" loops="1" type="mp3" stereo="1" />
<SoundList id="1503" name="Rain2" path="Sounds/BGM/Rain2" loops="1" type="mp3" stereo="1" />
<SoundList id="900000" name="Dove_Idle1" path="Sounds/Sfx/Dove_Idle1" loops="0" type="mp3" stereo="1" />
<SoundList id="900001" name="Dove_Idle2" path="Sounds/Sfx/Dove_Idle2" loops="0" type="mp3" stereo="1" />
<SoundList id="900002" name="Dove_Idle3" path="Sounds/Sfx/Dove_Idle3" loops="0" type="mp3" stereo="1" />
<SoundList id="900010" name="Dove_Wing1" path="Sounds/Sfx/Dove_Wing1" loops="0" type="mp3" stereo="1" />
<SoundList id="900011" name="Dove_Wing2" path="Sounds/Sfx/Dove_Wing2" loops="0" type="mp3" stereo="1" />
<SoundList id="900012" name="Dove_Wing3" path="Sounds/Sfx/Dove_Wing3" loops="0" type="mp3" stereo="1" />
<SoundList id="900020" name="Dove_Whistle1" path="Sounds/Sfx/Dove_Whistle1" loops="0" type="mp3" stereo="1" />
<SoundList id="900021" name="Dove_Whistle2" path="Sounds/Sfx/Dove_Whistle2" loops="0" type="mp3" stereo="1" />
<SoundList id="900022" name="Dove_Whistle3" path="Sounds/Sfx/Dove_Whistle3" loops="0" type="mp3" stereo="1" />
<SoundList id="900100" name="Ground_Cylinder" path="Sounds/Sfx/Ground_Cylinder" loops="0" type="mp3" stereo="1" />
<SoundList id="210000" name="UI_Start_Game" path="Sounds/UI/UI_Start_Game" loops="0" type="mp3" stereo="0" />
<SoundList id="210010" name="UI_Start" path="Sounds/UI/UI_Start" loops="0" type="mp3" stereo="0" />
<SoundList id="210020" name="UI_Open" path="Sounds/UI/UI_Open" loops="0" type="mp3" stereo="0" />
<SoundList id="210021" name="UI_Start_JieBiao" path="Sounds/UI/UI_Start_JieBiao" loops="0" type="mp3" stereo="0" />
<SoundList id="210022" name="UI_Start_YunBiao" path="Sounds/UI/UI_Start_YunBiao" loops="0" type="mp3" stereo="0" />
<SoundList id="210100" name="UI_Click" path="Sounds/UI/UI_Click" loops="0" type="mp3" stereo="0" />
<SoundList id="210110" name="UI_GridClick" path="Sounds/UI/UI_GridClick" loops="0" type="mp3" stereo="0" />
<SoundList id="210120" name="UI_Return" path="Sounds/UI/UI_Return" loops="0" type="mp3" stereo="0" />
<SoundList id="210130" name="UI_Drawer" path="Sounds/UI/UI_Drawer" loops="0" type="mp3" stereo="0" />
<SoundList id="210200" name="UI_Equip" path="Sounds/UI/UI_Equip" loops="0" type="mp3" stereo="0" />
<SoundList id="210210" name="UI_Equip_UpgradeBTN" path="Sounds/UI/UI_Equip_UpgradeBTN" loops="0" type="mp3" stereo="0" />
<SoundList id="210220" name="UI_Equip_UpgradeRefine" path="Sounds/UI/UI_Equip_UpgradeRefine" loops="0" type="mp3" stereo="0" />
<SoundList id="210230" name="UI_Equip_UpgradeResult" path="Sounds/UI/UI_Equip_UpgradeResult" loops="0" type="mp3" stereo="0" />
<SoundList id="210231" name="UI_UnLock_Chain" path="Sounds/UI/UI_UnLock_Chain" loops="0" type="mp3" stereo="0" />
<SoundList id="210300" name="UI_Lottery_Card" path="Sounds/UI/UI_Lottery_Card" loops="0" type="mp3" stereo="0" />
<SoundList id="210310" name="UI_Lottery_Item_Click" path="Sounds/UI/UI_Lottery_Item_Click" loops="0" type="mp3" stereo="0" />
<SoundList id="210320" name="UI_Lottery_Treasure_Click" path="Sounds/UI/UI_Lottery_Treasure_Click" loops="0" type="mp3" stereo="0" />
<SoundList id="210400" name="UI_Mibao_LevelUp" path="Sounds/UI/UI_Mibao_LevelUp" loops="0" type="mp3" stereo="0" />
<SoundList id="210410" name="UI_Mibao_AddStar" path="Sounds/UI/UI_Mibao_AddStar" loops="0" type="mp3" stereo="0" />
<SoundList id="210500" name="UI_GetAward" path="Sounds/UI/UI_GetAward" loops="0" type="mp3" stereo="0" />
<SoundList id="210510" name="UI_Complete" path="Sounds/UI/UI_Complete" loops="0" type="mp3" stereo="0" />
<SoundList id="210550" name="UI_LevelUp" path="Sounds/UI/UI_LevelUp" loops="0" type="mp3" stereo="0" />
<SoundList id="210600" name="UI_Buy_Success" path="Sounds/UI/UI_Buy_Success" loops="0" type="mp3" stereo="0" />
<SoundList id="210700" name="UI_PopUp" path="Sounds/UI/UI_PopUp" loops="0" type="mp3" stereo="0" />
<SoundList id="210710" name="UI_Box_View" path="Sounds/UI/UI_Box_View" loops="0" type="mp3" stereo="0" />
<SoundList id="210720" name="UI_Point" path="Sounds/UI/UI_Point" loops="0" type="mp3" stereo="0" />
<SoundList id="2004" name="UI_DrawWeapon" path="Sounds/Sfx/UI_DrawWeapon" loops="0" type="mp3" stereo="0" />
<SoundList id="210910" name="Cha_HeartBeat01" path="Sounds/Sfx/Cha_HeartBeat01" loops="0" type="mp3" stereo="0" />
<SoundList id="210915" name="UI_Whip" path="Sounds/UI/UI_Whip" loops="0" type="mp3" stereo="0" />
<SoundList id="210917" name="UI_PoBaTi" path="Sounds/UI/UI_PoBaTi" loops="0" type="mp3" stereo="0" />
<SoundList id="210950" name="UI_FunctionOpen" path="Sounds/UI/UI_FunctionOpen" loops="0" type="mp3" stereo="0" />
<SoundList id="210955" name="UI_Star" path="Sounds/UI/UI_Star" loops="0" type="mp3" stereo="0" />
<SoundList id="210957" name="UI_Victory" path="Sounds/UI/UI_Victory" loops="0" type="mp3" stereo="0" />
<SoundList id="210959" name="UI_Coin_1s" path="Sounds/UI/UI_Coin_1s" loops="0" type="mp3" stereo="0" />
<SoundList id="3000" name="Cha_BodyFall1" path="Sounds/Sfx/Cha_BodyFall1" loops="0" type="mp3" stereo="1" />
<SoundList id="3001" name="Cha_BodyFall2" path="Sounds/Sfx/Cha_BodyFall2" loops="0" type="mp3" stereo="1" />
<SoundList id="3002" name="Cha_BodyFall3" path="Sounds/Sfx/Cha_BodyFall3" loops="0" type="mp3" stereo="1" />
<SoundList id="3003" name="Cha_BodyFall_Carriage01" path="Sounds/Sfx/Cha_BodyFall_Carriage01" loops="0" type="mp3" stereo="1" />
<SoundList id="3004" name="Cha_BodyFall_Carriage02" path="Sounds/Sfx/Cha_BodyFall_Carriage02" loops="0" type="mp3" stereo="1" />
<SoundList id="3005" name="Cha_BodyFall_Carriage03" path="Sounds/Sfx/Cha_BodyFall_Carriage03" loops="0" type="mp3" stereo="1" />
<SoundList id="3006" name="Cha_BodyFall_Horse01" path="Sounds/Sfx/Cha_BodyFall_Horse01" loops="0" type="mp3" stereo="1" />
<SoundList id="3007" name="Cha_BodyFall_Horse02" path="Sounds/Sfx/Cha_BodyFall_Horse02" loops="0" type="mp3" stereo="1" />
<SoundList id="3008" name="Cha_BodyFall_Horse03" path="Sounds/Sfx/Cha_BodyFall_Horse03" loops="0" type="mp3" stereo="1" />
<SoundList id="3009" name="Cha_Carriage_Wheel01" path="Sounds/Sfx/Cha_Carriage_Wheel01" loops="0" type="mp3" stereo="1" />
<SoundList id="3010" name="Cha_Carriage_Wheel02" path="Sounds/Sfx/Cha_Carriage_Wheel02" loops="0" type="mp3" stereo="1" />
<SoundList id="3011" name="Cha_Carriage_Wheel03" path="Sounds/Sfx/Cha_Carriage_Wheel03" loops="0" type="mp3" stereo="1" />
<SoundList id="3012" name="Cha_Carriage_Wheel04" path="Sounds/Sfx/Cha_Carriage_Wheel04" loops="0" type="mp3" stereo="1" />
<SoundList id="3013" name="Cha_Carriage_Wheel05" path="Sounds/Sfx/Cha_Carriage_Wheel05" loops="0" type="mp3" stereo="1" />
<SoundList id="3014" name="Cha_Carriage_Wheel06" path="Sounds/Sfx/Cha_Carriage_Wheel06" loops="0" type="mp3" stereo="1" />
<SoundList id="3015" name="Cha_HeartBeat01" path="Sounds/Sfx/Cha_HeartBeat01" loops="1" type="mp3" stereo="1" />
<SoundList id="3016" name="Cha_Horse_Step01" path="Sounds/Sfx/Cha_Horse_Step01" loops="0" type="mp3" stereo="1" />
<SoundList id="3017" name="Cha_Horse_Step02" path="Sounds/Sfx/Cha_Horse_Step02" loops="0" type="mp3" stereo="1" />
<SoundList id="3018" name="Cha_Horse_Step03" path="Sounds/Sfx/Cha_Horse_Step03" loops="0" type="mp3" stereo="1" />
<SoundList id="3019" name="Cha_Horse_Step04" path="Sounds/Sfx/Cha_Horse_Step04" loops="0" type="mp3" stereo="1" />
<SoundList id="3020" name="Cha_Horse_Step05" path="Sounds/Sfx/Cha_Horse_Step05" loops="0" type="mp3" stereo="1" />
<SoundList id="3021" name="Cha_Horse_Step06" path="Sounds/Sfx/Cha_Horse_Step06" loops="0" type="mp3" stereo="1" />
<SoundList id="3022" name="Cha_NPC_Step_dirt_01" path="Sounds/Sfx/Cha_NPC_Step_dirt_01" loops="0" type="mp3" stereo="1" />
<SoundList id="3023" name="Cha_NPC_Step_dirt_02" path="Sounds/Sfx/Cha_NPC_Step_dirt_02" loops="0" type="mp3" stereo="1" />
<SoundList id="3024" name="Cha_NPC_Step_dirt_03" path="Sounds/Sfx/Cha_NPC_Step_dirt_03" loops="0" type="mp3" stereo="1" />
<SoundList id="3025" name="Cha_NPC_Step_dirt_04" path="Sounds/Sfx/Cha_NPC_Step_dirt_04" loops="0" type="mp3" stereo="1" />
<SoundList id="3026" name="Cha_NPC_Step_dirt_05" path="Sounds/Sfx/Cha_NPC_Step_dirt_05" loops="0" type="mp3" stereo="1" />
<SoundList id="3027" name="Cha_NPC_Step_dirt_06" path="Sounds/Sfx/Cha_NPC_Step_dirt_06" loops="0" type="mp3" stereo="1" />
<SoundList id="3028" name="Cha_NPC_Step_dirt_07" path="Sounds/Sfx/Cha_NPC_Step_dirt_07" loops="0" type="mp3" stereo="1" />
<SoundList id="3029" name="Cha_NPC_Step_dirt_08" path="Sounds/Sfx/Cha_NPC_Step_dirt_08" loops="0" type="mp3" stereo="1" />
<SoundList id="3030" name="Cha_Warrior_Step_dirt_01" path="Sounds/Sfx/Cha_Warrior_Step_dirt_01" loops="0" type="mp3" stereo="1" />
<SoundList id="3031" name="Cha_Warrior_Step_dirt_02" path="Sounds/Sfx/Cha_Warrior_Step_dirt_02" loops="0" type="mp3" stereo="1" />
<SoundList id="3032" name="Cha_Warrior_Step_dirt_03" path="Sounds/Sfx/Cha_Warrior_Step_dirt_03" loops="0" type="mp3" stereo="1" />
<SoundList id="3033" name="Cha_Warrior_Step_dirt_04" path="Sounds/Sfx/Cha_Warrior_Step_dirt_04" loops="0" type="mp3" stereo="1" />
<SoundList id="3034" name="Cha_Warrior_Step_dirt_05" path="Sounds/Sfx/Cha_Warrior_Step_dirt_05" loops="0" type="mp3" stereo="1" />
<SoundList id="3035" name="Cha_Warrior_Step_dirt_06" path="Sounds/Sfx/Cha_Warrior_Step_dirt_06" loops="0" type="mp3" stereo="1" />
<SoundList id="3036" name="Cha_Warrior_Step_dirt_07" path="Sounds/Sfx/Cha_Warrior_Step_dirt_07" loops="0" type="mp3" stereo="1" />
<SoundList id="3037" name="Cha_Warrior_Step_dirt_08" path="Sounds/Sfx/Cha_Warrior_Step_dirt_08" loops="0" type="mp3" stereo="1" />
<SoundList id="3200" name="Attack_Sword1" path="Sounds/Sfx/Attack_Sword1" loops="0" type="mp3" stereo="1" />
<SoundList id="3201" name="Attack_Sword2" path="Sounds/Sfx/Attack_Sword2" loops="0" type="mp3" stereo="1" />
<SoundList id="3202" name="Attack_Sword3" path="Sounds/Sfx/Attack_Sword3" loops="0" type="mp3" stereo="1" />
<SoundList id="3203" name="Attack_Sword4" path="Sounds/Sfx/Attack_Sword4" loops="0" type="mp3" stereo="1" />
<SoundList id="3250" name="JumpUp" path="Sounds/Sfx/JumpUp" loops="0" type="mp3" stereo="1" />
<SoundList id="3251" name="JumpDown" path="Sounds/Sfx/JumpDown" loops="0" type="mp3" stereo="1" />
<SoundList id="3300" name="Attack_BigSword1" path="Sounds/Sfx/Attack_BigSword1" loops="0" type="mp3" stereo="1" />
<SoundList id="3301" name="Attack_BigSword2" path="Sounds/Sfx/Attack_BigSword2" loops="0" type="mp3" stereo="1" />
<SoundList id="33000" name="Attack_BigSword3_Quake" path="Sounds/Sfx/Attack_BigSword3_Quake" loops="0" type="mp3" stereo="1" />
<SoundList id="3302" name="Attack_Claw1" path="Sounds/Sfx/Attack_Claw1" loops="0" type="mp3" stereo="1" />
<SoundList id="3303" name="Attack_Claw2" path="Sounds/Sfx/Attack_Claw2" loops="0" type="mp3" stereo="1" />
<SoundList id="3304" name="Attack_Claw3" path="Sounds/Sfx/Attack_Claw3" loops="0" type="mp3" stereo="1" />
<SoundList id="3305" name="Attack_Claw4" path="Sounds/Sfx/Attack_Claw4" loops="0" type="mp3" stereo="1" />
<SoundList id="33060" name="Atact_Bow1_String" path="Sounds/Sfx/Atact_Bow1_String" loops="0" type="mp3" stereo="1" />
<SoundList id="33061" name="Atact_Bow2" path="Sounds/Sfx/Atact_Bow2" loops="0" type="mp3" stereo="1" />
<SoundList id="3306" name="Atact_Bow1" path="Sounds/Sfx/Atact_Bow1" loops="0" type="mp3" stereo="1" />
<SoundList id="3307" name="Attack_Spear1" path="Sounds/Sfx/Attack_Spear1" loops="0" type="mp3" stereo="1" />
<SoundList id="3308" name="Attack_Shield1" path="Sounds/Sfx/Attack_Shield1" loops="0" type="mp3" stereo="1" />
<SoundList id="33081" name="Boss_attack_001" path="Sounds/Sfx/Boss_attack_001" loops="0" type="mp3" stereo="1" />
<SoundList id="33082" name="Boss_attack_002" path="Sounds/Sfx/Boss_attack_002" loops="0" type="mp3" stereo="1" />
<SoundList id="33083" name="Boss_attack_003" path="Sounds/Sfx/Boss_attack_003" loops="0" type="mp3" stereo="1" />
<SoundList id="33084" name="Boss_attack_004" path="Sounds/Sfx/Boss_attack_004" loops="0" type="mp3" stereo="1" />
<SoundList id="33801" name="Boss_skill_earth_001" path="Sounds/Sfx/Boss_skill_earth_001" loops="0" type="mp3" stereo="1" />
<SoundList id="33802" name="Boss_skill_poison_001" path="Sounds/Sfx/Boss_skill_poison_001" loops="0" type="mp3" stereo="1" />
<SoundList id="33803" name="Boss_skill_roll_001" path="Sounds/Sfx/Boss_skill_roll_001" loops="0" type="mp3" stereo="1" />
<SoundList id="33804" name="Boss_skill_run_001" path="Sounds/Sfx/Boss_skill_run_001" loops="0" type="mp3" stereo="1" />
<SoundList id="3309" name="Impact_BigSword1" path="Sounds/Sfx/Impact_BigSword1" loops="0" type="mp3" stereo="1" />
<SoundList id="3310" name="Impact_BigSword2" path="Sounds/Sfx/Impact_BigSword2" loops="0" type="mp3" stereo="1" />
<SoundList id="3311" name="Impact_BigSword Crash" path="Sounds/Sfx/Impact_BigSword Crash" loops="0" type="mp3" stereo="1" />
<SoundList id="3312" name="Impact_Shoot1" path="Sounds/Sfx/Impact_Shoot1" loops="0" type="mp3" stereo="1" />
<SoundList id="3313" name="Impact_Shoot2" path="Sounds/Sfx/Impact_Shoot2" loops="0" type="mp3" stereo="1" />
<SoundList id="3314" name="Impact_Spear1" path="Sounds/Sfx/Impact_Spear1" loops="0" type="mp3" stereo="1" />
<SoundList id="3315" name="Impact_Spear2" path="Sounds/Sfx/Impact_Spear2" loops="0" type="mp3" stereo="1" />
<SoundList id="3316" name="Impact_Spear3" path="Sounds/Sfx/Impact_Spear3" loops="0" type="mp3" stereo="1" />
<SoundList id="300001" name="Impact_Boss1_1" path="Sounds/Sfx/Impact_Boss1_1" loops="0" type="mp3" stereo="1" />
<SoundList id="300002" name="Impact_Boss1_2" path="Sounds/Sfx/Impact_Boss1_2" loops="0" type="mp3" stereo="1" />
<SoundList id="300003" name="Impact_Boss1_3" path="Sounds/Sfx/Impact_Boss1_3" loops="0" type="mp3" stereo="1" />
<SoundList id="300004" name="Impact_Boss1_4" path="Sounds/Sfx/Impact_Boss1_4" loops="0" type="mp3" stereo="1" />
<SoundList id="300005" name="Impact_Boss1_5" path="Sounds/Sfx/Impact_Boss1_5" loops="0" type="mp3" stereo="1" />
<SoundList id="300006" name="Impact_Boss1_6" path="Sounds/Sfx/Impact_Boss1_6" loops="0" type="mp3" stereo="1" />
<SoundList id="300007" name="Impact_Boss1_7" path="Sounds/Sfx/Impact_Boss1_7" loops="0" type="mp3" stereo="1" />
<SoundList id="300008" name="Impact_Boss1_8" path="Sounds/Sfx/Impact_Boss1_8" loops="0" type="mp3" stereo="1" />
<SoundList id="310000" name="Impact_Break_Box1" path="Sounds/Sfx/Impact_Break_Box1" loops="0" type="mp3" stereo="1" />
<SoundList id="310001" name="Impact_Break_Box2" path="Sounds/Sfx/Impact_Break_Box2" loops="0" type="mp3" stereo="1" />
<SoundList id="310002" name="Impact_Break_Box3" path="Sounds/Sfx/Impact_Break_Box3" loops="0" type="mp3" stereo="1" />
<SoundList id="310010" name="Impact_Hit_Box1" path="Sounds/Sfx/Impact_Hit_Box1" loops="0" type="mp3" stereo="1" />
<SoundList id="310011" name="Impact_Hit_Box2" path="Sounds/Sfx/Impact_Hit_Box2" loops="0" type="mp3" stereo="1" />
<SoundList id="310012" name="Impact_Hit_Box3" path="Sounds/Sfx/Impact_Hit_Box3" loops="0" type="mp3" stereo="1" />
<SoundList id="310100" name="Drop_Coin1" path="Sounds/Sfx/Drop_Coin1" loops="0" type="mp3" stereo="1" />
<SoundList id="310101" name="Drop_Coin2" path="Sounds/Sfx/Drop_Coin2" loops="0" type="mp3" stereo="1" />
<SoundList id="310102" name="Drop_Coin3" path="Sounds/Sfx/Drop_Coin3" loops="0" type="mp3" stereo="1" />
<SoundList id="310200" name="Pickup_Coin1" path="Sounds/Sfx/Pickup_Coin1" loops="0" type="mp3" stereo="1" />
<SoundList id="3317" name="Skill_BigSword_Crash" path="Sounds/Sfx/Skill_BigSword_Crash" loops="0" type="mp3" stereo="1" />
<SoundList id="3318" name="Skill_BigSword_Roll" path="Sounds/Sfx/Skill_BigSword_Roll" loops="0" type="mp3" stereo="1" />
<SoundList id="3319" name="Skill_Sword_Buff" path="Sounds/Sfx/Skill_Sword_Buff" loops="0" type="mp3" stereo="1" />
<SoundList id="330000" name="Skill_Sword1" path="Sounds/Sfx/Skill_Sword1" loops="0" type="mp3" stereo="1" />
<SoundList id="330010" name="Skill_Sword2" path="Sounds/Sfx/Skill_Sword2" loops="0" type="mp3" stereo="1" />
<SoundList id="330020" name="Skill_BigSword1" path="Sounds/Sfx/Skill_BigSword1" loops="0" type="mp3" stereo="1" />
<SoundList id="400000" name="Skill_Thunder" path="Sounds/Sfx/Skill_Thunder" loops="0" type="mp3" stereo="1" />
<SoundList id="400099" name="Skill_Fire_Qianyao" path="Sounds/Sfx/Skill_Fire_Qianyao" loops="0" type="mp3" stereo="1" />
<SoundList id="400100" name="Skill_Fire_Shot" path="Sounds/Sfx/Skill_Fire_Shot" loops="0" type="mp3" stereo="1" />
<SoundList id="400110" name="Skill_Fire_Impact" path="Sounds/Sfx/Skill_Fire_Impact" loops="0" type="mp3" stereo="1" />
<SoundList id="400120" name="Skill_Fire_Impact_Loops" path="Sounds/Sfx/Skill_Fire_Impact_Loops" loops="1" type="mp3" stereo="1" />
<SoundList id="400200" name="Skill_Ice_Shot" path="Sounds/Sfx/Skill_Ice_Shot" loops="0" type="mp3" stereo="1" />
<SoundList id="400210" name="Skill_Ice_Impact" path="Sounds/Sfx/Skill_Ice_Impact" loops="0" type="mp3" stereo="1" />
<SoundList id="400220" name="Skill_Ice_Impact_Loops" path="Sounds/Sfx/Skill_Ice_Impact_Loops" loops="0" type="mp3" stereo="1" />
<SoundList id="410000" name="Skill_Alarm" path="Sounds/Sfx/Skill_Alarm" loops="0" type="mp3" stereo="1" />
<SoundList id="420110" name="MiBao_Skill_Shot1" path="Sounds/Sfx/MiBao_Skill_Shot1" loops="0" type="mp3" stereo="0" />
<SoundList id="420120" name="MiBao_Skill_Shot2" path="Sounds/Sfx/MiBao_Skill_Shot2" loops="0" type="mp3" stereo="0" />
<SoundList id="420130" name="MiBao_Skill_Shot3" path="Sounds/Sfx/MiBao_Skill_Shot3" loops="0" type="mp3" stereo="0" />
<SoundList id="420140" name="MiBao_Skill_Shot4" path="Sounds/Sfx/MiBao_Skill_Shot4" loops="0" type="mp3" stereo="0" />
<SoundList id="420150" name="MiBao_Skill_Shot5" path="Sounds/Sfx/MiBao_Skill_Shot5" loops="0" type="mp3" stereo="0" />
<SoundList id="420160" name="MiBao_Skill_Shot6" path="Sounds/Sfx/MiBao_Skill_Shot6" loops="0" type="mp3" stereo="0" />
<SoundList id="420170" name="MiBao_Skill_Shot7" path="Sounds/Sfx/MiBao_Skill_Shot7" loops="0" type="mp3" stereo="0" />
<SoundList id="4000" name="VO_BOSS_Male_A_Hurt1" path="Sounds/Sfx/VO_BOSS_Male_A_Hurt1" loops="0" type="mp3" stereo="1" />
<SoundList id="4001" name="VO_BOSS_Male_A_Hurt2" path="Sounds/Sfx/VO_BOSS_Male_A_Hurt2" loops="0" type="mp3" stereo="1" />
<SoundList id="4002" name="VO_BOSS_Male_A_Hurt3" path="Sounds/Sfx/VO_BOSS_Male_A_Hurt3" loops="0" type="mp3" stereo="1" />
<SoundList id="4003" name="VO_BOSS_Male_A_Die1" path="Sounds/Sfx/VO_BOSS_Male_A_Die1" loops="0" type="mp3" stereo="1" />
<SoundList id="4004" name="VO_BOSS_Male_A_Die2" path="Sounds/Sfx/VO_BOSS_Male_A_Die2" loops="0" type="mp3" stereo="1" />
<SoundList id="4005" name="VO_BOSS_Male_A_Die3" path="Sounds/Sfx/VO_BOSS_Male_A_Die3" loops="0" type="mp3" stereo="1" />
<SoundList id="4150" name="VO_BOSS_Male_B_Attack1" path="Sounds/Sfx/VO_BOSS_Male_B_Attack1" loops="0" type="mp3" stereo="1" />
<SoundList id="4151" name="VO_BOSS_Male_B_Attack2" path="Sounds/Sfx/VO_BOSS_Male_B_Attack2" loops="0" type="mp3" stereo="1" />
<SoundList id="4152" name="VO_BOSS_Male_B_Attack3" path="Sounds/Sfx/VO_BOSS_Male_B_Attack3" loops="0" type="mp3" stereo="1" />
<SoundList id="4200" name="VO_BOSS_Male_B_Hurt1" path="Sounds/Sfx/VO_BOSS_Male_B_Hurt1" loops="0" type="mp3" stereo="1" />
<SoundList id="4201" name="VO_BOSS_Male_B_Hurt2" path="Sounds/Sfx/VO_BOSS_Male_B_Hurt2" loops="0" type="mp3" stereo="1" />
<SoundList id="4202" name="VO_BOSS_Male_B_Hurt3" path="Sounds/Sfx/VO_BOSS_Male_B_Hurt3" loops="0" type="mp3" stereo="1" />
<SoundList id="4203" name="VO_BOSS_Male_B_Die1" path="Sounds/Sfx/VO_BOSS_Male_B_Die1" loops="0" type="mp3" stereo="1" />
<SoundList id="4204" name="VO_BOSS_Male_B_Die2" path="Sounds/Sfx/VO_BOSS_Male_B_Die2" loops="0" type="mp3" stereo="1" />
<SoundList id="4205" name="VO_BOSS_Male_B_Die3" path="Sounds/Sfx/VO_BOSS_Male_B_Die3" loops="0" type="mp3" stereo="1" />
<SoundList id="42050" name="VO_BOSS_Male_C_Attack1" path="Sounds/Sfx/VO_BOSS_Male_C_Attack1" loops="0" type="mp3" stereo="1" />
<SoundList id="42051" name="VO_BOSS_Male_C_Attack2" path="Sounds/Sfx/VO_BOSS_Male_C_Attack2" loops="0" type="mp3" stereo="1" />
<SoundList id="42052" name="VO_BOSS_Male_C_Die1" path="Sounds/Sfx/VO_BOSS_Male_C_Die1" loops="0" type="mp3" stereo="1" />
<SoundList id="42053" name="VO_BOSS_Male_C_Hurt1" path="Sounds/Sfx/VO_BOSS_Male_C_Hurt1" loops="0" type="mp3" stereo="1" />
<SoundList id="42054" name="VO_BOSS_Male_D_Attack1" path="Sounds/Sfx/VO_BOSS_Male_D_Attack1" loops="0" type="mp3" stereo="1" />
<SoundList id="42055" name="VO_BOSS_Male_D_Attack2" path="Sounds/Sfx/VO_BOSS_Male_D_Attack2" loops="0" type="mp3" stereo="1" />
<SoundList id="42056" name="VO_BOSS_Male_D_Attack3" path="Sounds/Sfx/VO_BOSS_Male_D_Attack3" loops="0" type="mp3" stereo="1" />
<SoundList id="42057" name="VO_BOSS_Male_D_Die1" path="Sounds/Sfx/VO_BOSS_Male_D_Die1" loops="0" type="mp3" stereo="1" />
<SoundList id="42058" name="VO_BOSS_Male_D_Hurt1" path="Sounds/Sfx/VO_BOSS_Male_D_Hurt1" loops="0" type="mp3" stereo="1" />
<SoundList id="42059" name="VO_BOSS_Male_D_Hurt2" path="Sounds/Sfx/VO_BOSS_Male_D_Hurt2" loops="0" type="mp3" stereo="1" />
<SoundList id="43000" name="VO_BOSS_Male_E_Attack1" path="Sounds/Sfx/VO_BOSS_Male_E_Attack1" loops="0" type="mp3" stereo="1" />
<SoundList id="43002" name="VO_BOSS_Male_E_Attack2" path="Sounds/Sfx/VO_BOSS_Male_E_Attack2" loops="0" type="mp3" stereo="1" />
<SoundList id="43005" name="VO_BOSS_Male_E_Hurt1" path="Sounds/Sfx/VO_BOSS_Male_E_Hurt1" loops="0" type="mp3" stereo="1" />
<SoundList id="43010" name="VO_BOSS_Male_E_Hurt2" path="Sounds/Sfx/VO_BOSS_Male_E_Hurt2" loops="0" type="mp3" stereo="1" />
<SoundList id="43012" name="VO_BOSS_Male_E_Hurt3" path="Sounds/Sfx/VO_BOSS_Male_E_Hurt3" loops="0" type="mp3" stereo="1" />
<SoundList id="43020" name="VO_BOSS_Male_E_Die1" path="Sounds/Sfx/VO_BOSS_Male_E_Die1" loops="0" type="mp3" stereo="1" />
<SoundList id="43021" name="VO_BOSS_Male_E_Die2" path="Sounds/Sfx/VO_BOSS_Male_E_Die2" loops="0" type="mp3" stereo="1" />
<SoundList id="4006" name="VO_Horse_Death01" path="Sounds/Sfx/VO_Horse_Death01" loops="0" type="mp3" stereo="1" />
<SoundList id="4007" name="VO_Horse_Death02" path="Sounds/Sfx/VO_Horse_Death02" loops="0" type="mp3" stereo="1" />
<SoundList id="4008" name="VO_Horse_Death03" path="Sounds/Sfx/VO_Horse_Death03" loops="0" type="mp3" stereo="1" />
<SoundList id="4009" name="VO_Horse_Hurt01" path="Sounds/Sfx/VO_Horse_Hurt01" loops="0" type="mp3" stereo="1" />
<SoundList id="4010" name="VO_Horse_Hurt02" path="Sounds/Sfx/VO_Horse_Hurt02" loops="0" type="mp3" stereo="1" />
<SoundList id="4011" name="VO_Horse_Hurt03" path="Sounds/Sfx/VO_Horse_Hurt03" loops="0" type="mp3" stereo="1" />
<SoundList id="4012" name="VO_Horse_Idle01" path="Sounds/Sfx/VO_Horse_Idle01" loops="0" type="mp3" stereo="1" />
<SoundList id="4013" name="VO_Horse_Idle02" path="Sounds/Sfx/VO_Horse_Idle02" loops="0" type="mp3" stereo="1" />
<SoundList id="4014" name="VO_Horse_Idle03" path="Sounds/Sfx/VO_Horse_Idle03" loops="0" type="mp3" stereo="1" />
<SoundList id="4015" name="VO_Horse_Idle04" path="Sounds/Sfx/VO_Horse_Idle04" loops="0" type="mp3" stereo="1" />
<SoundList id="4016" name="VO_Horse_Idle05" path="Sounds/Sfx/VO_Horse_Idle05" loops="0" type="mp3" stereo="1" />
<SoundList id="4017" name="VO_Horse_Idle06" path="Sounds/Sfx/VO_Horse_Idle06" loops="0" type="mp3" stereo="1" />
<SoundList id="4018" name="VO_Male_A_Attack1" path="Sounds/Sfx/VO_Male_A_Attack1" loops="0" type="mp3" stereo="1" />
<SoundList id="4019" name="VO_Male_A_Attack2" path="Sounds/Sfx/VO_Male_A_Attack2" loops="0" type="mp3" stereo="1" />
<SoundList id="4020" name="VO_Male_A_Attack3" path="Sounds/Sfx/VO_Male_A_Attack3" loops="0" type="mp3" stereo="1" />
<SoundList id="4021" name="VO_Male_A_Attack4" path="Sounds/Sfx/VO_Male_A_Attack4" loops="0" type="mp3" stereo="1" />
<SoundList id="4022" name="VO_Male_A_Skill1" path="Sounds/Sfx/VO_Male_A_Skill1" loops="0" type="mp3" stereo="1" />
<SoundList id="4023" name="VO_Male_A_Skill2" path="Sounds/Sfx/VO_Male_A_Skill2" loops="0" type="mp3" stereo="1" />
<SoundList id="4024" name="VO_Male_A_Skill3" path="Sounds/Sfx/VO_Male_A_Skill3" loops="0" type="mp3" stereo="1" />
<SoundList id="4025" name="VO_Male_A_Hurt1" path="Sounds/Sfx/VO_Male_A_Hurt1" loops="0" type="mp3" stereo="1" />
<SoundList id="4026" name="VO_Male_A_Hurt2" path="Sounds/Sfx/VO_Male_A_Hurt2" loops="0" type="mp3" stereo="1" />
<SoundList id="4027" name="VO_Male_A_Hurt3" path="Sounds/Sfx/VO_Male_A_Hurt3" loops="0" type="mp3" stereo="1" />
<SoundList id="4028" name="VO_Male_A_Die1" path="Sounds/Sfx/VO_Male_A_Die1" loops="0" type="mp3" stereo="1" />
<SoundList id="4029" name="VO_Male_A_Die2" path="Sounds/Sfx/VO_Male_A_Die2" loops="0" type="mp3" stereo="1" />
<SoundList id="4030" name="VO_Male_A_Die3" path="Sounds/Sfx/VO_Male_A_Die3" loops="0" type="mp3" stereo="1" />
<SoundList id="4218" name="VO_Male_B_Attack1" path="Sounds/Sfx/VO_Male_B_Attack1" loops="0" type="mp3" stereo="1" />
<SoundList id="4219" name="VO_Male_B_Attack2" path="Sounds/Sfx/VO_Male_B_Attack2" loops="0" type="mp3" stereo="1" />
<SoundList id="4220" name="VO_Male_B_Attack3" path="Sounds/Sfx/VO_Male_B_Attack3" loops="0" type="mp3" stereo="1" />
<SoundList id="4222" name="VO_Male_B_Skill1" path="Sounds/Sfx/VO_Male_B_Skill1" loops="0" type="mp3" stereo="1" />
<SoundList id="4223" name="VO_Male_B_Skill2" path="Sounds/Sfx/VO_Male_B_Skill2" loops="0" type="mp3" stereo="1" />
<SoundList id="4225" name="VO_Male_B_Hurt1" path="Sounds/Sfx/VO_Male_B_Hurt1" loops="0" type="mp3" stereo="1" />
<SoundList id="4226" name="VO_Male_B_Hurt2" path="Sounds/Sfx/VO_Male_B_Hurt2" loops="0" type="mp3" stereo="1" />
<SoundList id="4227" name="VO_Male_B_Hurt3" path="Sounds/Sfx/VO_Male_B_Hurt3" loops="0" type="mp3" stereo="1" />
<SoundList id="4228" name="VO_Male_B_Die1" path="Sounds/Sfx/VO_Male_B_Die1" loops="0" type="mp3" stereo="1" />
<SoundList id="4229" name="VO_Male_B_Die2" path="Sounds/Sfx/VO_Male_B_Die2" loops="0" type="mp3" stereo="1" />
<SoundList id="4230" name="VO_Male_B_Die3" path="Sounds/Sfx/VO_Male_B_Die3" loops="0" type="mp3" stereo="1" />
<SoundList id="500101" name="VO_Female_A_Attack1" path="Sounds/Sfx/VO_Female_A_Attack1" loops="0" type="mp3" stereo="1" />
<SoundList id="500102" name="VO_Female_A_Attack2" path="Sounds/Sfx/VO_Female_A_Attack2" loops="0" type="mp3" stereo="1" />
<SoundList id="500103" name="VO_Female_A_Attack3" path="Sounds/Sfx/VO_Female_A_Attack3" loops="0" type="mp3" stereo="1" />
<SoundList id="500201" name="VO_Female_A_Skill1" path="Sounds/Sfx/VO_Female_A_Skill1" loops="0" type="mp3" stereo="1" />
<SoundList id="500202" name="VO_Female_A_Skill2" path="Sounds/Sfx/VO_Female_A_Skill2" loops="0" type="mp3" stereo="1" />
<SoundList id="500301" name="VO_Female_A_Hurt1" path="Sounds/Sfx/VO_Female_A_Hurt1" loops="0" type="mp3" stereo="1" />
<SoundList id="500302" name="VO_Female_A_Hurt2" path="Sounds/Sfx/VO_Female_A_Hurt2" loops="0" type="mp3" stereo="1" />
<SoundList id="500303" name="VO_Female_A_Hurt3" path="Sounds/Sfx/VO_Female_A_Hurt3" loops="0" type="mp3" stereo="1" />
<SoundList id="500401" name="VO_Female_A_Die1" path="Sounds/Sfx/VO_Female_A_Die1" loops="0" type="mp3" stereo="1" />
<SoundList id="500402" name="VO_Female_A_Die2" path="Sounds/Sfx/VO_Female_A_Die2" loops="0" type="mp3" stereo="1" />
<SoundList id="500403" name="VO_Female_A_Die3" path="Sounds/Sfx/VO_Female_A_Die3" loops="0" type="mp3" stereo="1" />
<SoundList id="520101" name="VO_Female_B_Attack1" path="Sounds/Sfx/VO_Female_B_Attack1" loops="0" type="mp3" stereo="1" />
<SoundList id="520102" name="VO_Female_B_Attack2" path="Sounds/Sfx/VO_Female_B_Attack2" loops="0" type="mp3" stereo="1" />
<SoundList id="520103" name="VO_Female_B_Attack3" path="Sounds/Sfx/VO_Female_B_Attack3" loops="0" type="mp3" stereo="1" />
<SoundList id="520201" name="VO_Female_B_Skill1" path="Sounds/Sfx/VO_Female_B_Skill1" loops="0" type="mp3" stereo="1" />
<SoundList id="520202" name="VO_Female_B_Skill2" path="Sounds/Sfx/VO_Female_B_Skill2" loops="0" type="mp3" stereo="1" />
<SoundList id="520301" name="VO_Female_B_Hurt1" path="Sounds/Sfx/VO_Female_B_Hurt1" loops="0" type="mp3" stereo="1" />
<SoundList id="520302" name="VO_Female_B_Hurt2" path="Sounds/Sfx/VO_Female_B_Hurt2" loops="0" type="mp3" stereo="1" />
<SoundList id="520303" name="VO_Female_B_Hurt3" path="Sounds/Sfx/VO_Female_B_Hurt3" loops="0" type="mp3" stereo="1" />
<SoundList id="520401" name="VO_Female_B_Die1" path="Sounds/Sfx/VO_Female_B_Die1" loops="0" type="mp3" stereo="1" />
<SoundList id="520402" name="VO_Female_B_Die2" path="Sounds/Sfx/VO_Female_B_Die2" loops="0" type="mp3" stereo="1" />
<SoundList id="520403" name="VO_Female_B_Die3" path="Sounds/Sfx/VO_Female_B_Die3" loops="0" type="mp3" stereo="1" />
<SoundList id="4031" name="VO_NPC_Male_A_Hurt1" path="Sounds/Sfx/VO_NPC_Male_A_Hurt1" loops="0" type="mp3" stereo="1" />
<SoundList id="4032" name="VO_NPC_Male_A_Hurt2" path="Sounds/Sfx/VO_NPC_Male_A_Hurt2" loops="0" type="mp3" stereo="1" />
<SoundList id="4033" name="VO_NPC_Male_A_Hurt3" path="Sounds/Sfx/VO_NPC_Male_A_Hurt3" loops="0" type="mp3" stereo="1" />
<SoundList id="4034" name="VO_NPC_Male_A_Hurt4" path="Sounds/Sfx/VO_NPC_Male_A_Hurt4" loops="0" type="mp3" stereo="1" />
<SoundList id="4035" name="VO_NPC_Male_A_Hurt5" path="Sounds/Sfx/VO_NPC_Male_A_Hurt5" loops="0" type="mp3" stereo="1" />
<SoundList id="4036" name="VO_NPC_Male_A_Hurt6" path="Sounds/Sfx/VO_NPC_Male_A_Hurt6" loops="0" type="mp3" stereo="1" />
<SoundList id="4037" name="VO_NPC_Male_A_Die1" path="Sounds/Sfx/VO_NPC_Male_A_Die1" loops="0" type="mp3" stereo="1" />
<SoundList id="4038" name="VO_NPC_Male_A_Die2" path="Sounds/Sfx/VO_NPC_Male_A_Die2" loops="0" type="mp3" stereo="1" />
<SoundList id="4039" name="VO_NPC_Male_A_Die3" path="Sounds/Sfx/VO_NPC_Male_A_Die3" loops="0" type="mp3" stereo="1" />
<SoundList id="600000" name="VO_NPC_Male_A_Die333" path="Sounds/Sfx/VO_NPC_Male_A_Die333" loops="0" type="mp3" stereo="1" />
<SoundList id="600001" name="SFX_Role_Haojie01" path="Sounds/Voice/SFX_Role_Haojie01" loops="0" type="mp3" stereo="0" />
<SoundList id="600002" name="SFX_Role_Luoli01" path="Sounds/Voice/SFX_Role_Luoli01" loops="0" type="mp3" stereo="0" />
<SoundList id="600003" name="SFX_Role_Ruya01" path="Sounds/Voice/SFX_Role_Ruya01" loops="0" type="mp3" stereo="0" />
<SoundList id="600004" name="SFX_Role_Yujie01" path="Sounds/Voice/SFX_Role_Yujie01" loops="0" type="mp3" stereo="0" />
<SoundList id="600010" name="VO_Role_Haojie01" path="Sounds/Voice/VO_Role_Haojie01" loops="0" type="mp3" stereo="0" />
<SoundList id="600011" name="VO_Role_Haojie02" path="Sounds/Voice/VO_Role_Haojie02" loops="0" type="mp3" stereo="0" />
<SoundList id="600012" name="VO_Role_Haojie03" path="Sounds/Voice/VO_Role_Haojie03" loops="0" type="mp3" stereo="0" />
<SoundList id="600013" name="VO_Role_Haojie04" path="Sounds/Voice/VO_Role_Haojie04" loops="0" type="mp3" stereo="0" />
<SoundList id="600020" name="VO_Role_QingLan01" path="Sounds/Voice/VO_Role_QingLan01" loops="0" type="mp3" stereo="0" />
<SoundList id="600021" name="VO_Role_QingLan02" path="Sounds/Voice/VO_Role_QingLan02" loops="0" type="mp3" stereo="0" />
<SoundList id="600022" name="VO_Role_QingLan03" path="Sounds/Voice/VO_Role_QingLan03" loops="0" type="mp3" stereo="0" />
<SoundList id="600030" name="VO_Role_QiangWei01" path="Sounds/Voice/VO_Role_QiangWei01" loops="0" type="mp3" stereo="0" />
<SoundList id="600031" name="VO_Role_QiangWei02" path="Sounds/Voice/VO_Role_QiangWei02" loops="0" type="mp3" stereo="0" />
<SoundList id="600032" name="VO_Role_QiangWei03" path="Sounds/Voice/VO_Role_QiangWei03" loops="0" type="mp3" stereo="0" />
<SoundList id="600040" name="VO_Role_Luoli01" path="Sounds/Voice/VO_Role_Luoli01" loops="0" type="mp3" stereo="0" />
<SoundList id="600041" name="VO_Role_Luoli02" path="Sounds/Voice/VO_Role_Luoli02" loops="0" type="mp3" stereo="0" />
<SoundList id="600042" name="VO_Role_Luoli03" path="Sounds/Voice/VO_Role_Luoli03" loops="0" type="mp3" stereo="0" />
<SoundList id="600100" name="VO_NPC_BlackSmith01" path="Sounds/Voice/VO_NPC_BlackSmith01" loops="0" type="mp3" stereo="1" />
<SoundList id="600110" name="VO_NPC_BlackSmith02" path="Sounds/Voice/VO_NPC_BlackSmith02" loops="0" type="mp3" stereo="1" />
<SoundList id="600120" name="VO_NPC_BlackSmith03" path="Sounds/Voice/VO_NPC_BlackSmith03" loops="0" type="mp3" stereo="1" />
<SoundList id="600200" name="VO_NPC_KingZhou01" path="Sounds/Voice/VO_NPC_KingZhou01" loops="0" type="mp3" stereo="1" />
<SoundList id="600300" name="VO_NPC_Landlady01" path="Sounds/Voice/VO_NPC_Landlady01" loops="0" type="mp3" stereo="1" />
<SoundList id="600310" name="VO_NPC_Landlady02" path="Sounds/Voice/VO_NPC_Landlady02" loops="0" type="mp3" stereo="1" />
<SoundList id="600320" name="VO_NPC_Landlady03" path="Sounds/Voice/VO_NPC_Landlady03" loops="0" type="mp3" stereo="1" />
<SoundList id="600400" name="VO_NPC_Xunhancheng01" path="Sounds/Voice/VO_NPC_Xunhancheng01" loops="0" type="mp3" stereo="1" />
<SoundList id="600500" name="VO_NPC_Guiguzi01" path="Sounds/Voice/VO_NPC_Guiguzi01" loops="0" type="mp3" stereo="1" />
<SoundList id="600600" name="VO_NPC_SunBin01" path="Sounds/Voice/VO_NPC_SunBin01" loops="0" type="mp3" stereo="1" />
<SoundList id="600700" name="VO_NPC_Battle01" path="Sounds/Voice/VO_NPC_Battle01" loops="0" type="mp3" stereo="1" />
<SoundList id="600710" name="VO_NPC_Battle02" path="Sounds/Voice/VO_NPC_Battle02" loops="0" type="mp3" stereo="1" />
<SoundList id="600720" name="VO_NPC_Battle03" path="Sounds/Voice/VO_NPC_Battle03" loops="0" type="mp3" stereo="1" />
<SoundList id="600800" name="VO_NPC_Suqin01" path="Sounds/Voice/VO_NPC_Suqin01" loops="0" type="mp3" stereo="1" />
<SoundList id="600900" name="VO_NPC_BiaoShi01" path="Sounds/Voice/VO_NPC_BiaoShi01" loops="0" type="mp3" stereo="1" />
<SoundList id="600910" name="VO_NPC_MoJia01" path="Sounds/Voice/VO_NPC_MoJia01" loops="0" type="mp3" stereo="1" />
<SoundList id="600920" name="VO_NPC_ZhuBo01" path="Sounds/Voice/VO_NPC_ZhuBo01" loops="0" type="mp3" stereo="1" />
<SoundList id="600930" name="VO_NPC_JunQingMiTan01" path="Sounds/Voice/VO_NPC_JunQingMiTan01" loops="0" type="mp3" stereo="1" />
<SoundList id="600931" name="VO_NPC_JunQingMiTan02" path="Sounds/Voice/VO_NPC_JunQingMiTan02" loops="0" type="mp3" stereo="1" />
<SoundList id="700000" name="SFX_NPC_Battle_Stand01" path="Sounds/Voice/SFX_NPC_Battle_Stand01" loops="0" type="mp3" stereo="1" />
<SoundList id="700010" name="SFX_NPC_BiaoShi_Stand01" path="Sounds/Voice/SFX_NPC_BiaoShi_Stand01" loops="0" type="mp3" stereo="1" />
<SoundList id="800000" name="VO_NPC_ShanZei_Boss" path="Sounds/Voice/VO_NPC_ShanZei_Boss" loops="0" type="mp3" stereo="0" />
<SoundList id="800010" name="VO_NPC_Normal01" path="Sounds/Voice/VO_NPC_Normal01" loops="0" type="mp3" stereo="0" />
<SoundList id="800020" name="VO_NPC_Normal02" path="Sounds/Voice/VO_NPC_Normal02" loops="0" type="mp3" stereo="0" />
<SoundList id="800030" name="VO_NPC_Normal03" path="Sounds/Voice/VO_NPC_Normal03" loops="0" type="mp3" stereo="0" />
<SoundList id="800040" name="VO_NPC_Normal04" path="Sounds/Voice/VO_NPC_Normal04" loops="0" type="mp3" stereo="0" />
<SoundList id="800050" name="VO_NPC_Normal05" path="Sounds/Voice/VO_NPC_Normal05" loops="0" type="mp3" stereo="0" />
<SoundList id="800060" name="VO_NPC_Normal06" path="Sounds/Voice/VO_NPC_Normal06" loops="0" type="mp3" stereo="0" />
<SoundList id="800070" name="VO_NPC_Normal07" path="Sounds/Voice/VO_NPC_Normal07" loops="0" type="mp3" stereo="0" />
<SoundList id="800080" name="VO_NPC_Normal08" path="Sounds/Voice/VO_NPC_Normal08" loops="0" type="mp3" stereo="0" />
<SoundList id="800090" name="VO_NPC_Guide200" path="Sounds/Voice/VO_NPC_Guide200" loops="0" type="mp3" stereo="0" />
<SoundList id="800100" name="VO_NPC_Guide201" path="Sounds/Voice/VO_NPC_Guide201" loops="0" type="mp3" stereo="0" />
<SoundList id="800110" name="VO_NPC_Guide202" path="Sounds/Voice/VO_NPC_Guide202" loops="0" type="mp3" stereo="0" />
<SoundList id="800120" name="VO_NPC_ShiBing01" path="Sounds/Voice/VO_NPC_ShiBing01" loops="0" type="mp3" stereo="0" />
<SoundList id="800130" name="VO_NPC_HanHu01" path="Sounds/Voice/VO_NPC_HanHu01" loops="0" type="mp3" stereo="0" />
<SoundList id="800140" name="VO_NPC_WeiJu" path="Sounds/Voice/VO_NPC_WeiJu" loops="0" type="mp3" stereo="0" />
<SoundList id="800150" name="VO_NPC_ShiBing02" path="Sounds/Voice/VO_NPC_ShiBing02" loops="0" type="mp3" stereo="0" />
<SoundList id="800160" name="VO_NPC_Xunhancheng02" path="Sounds/Voice/VO_NPC_Xunhancheng02" loops="0" type="mp3" stereo="0" />
<SoundList id="800170" name="VO_NPC_ZhangMeng" path="Sounds/Voice/VO_NPC_ZhangMeng" loops="0" type="mp3" stereo="0" />
<SoundList id="800180" name="VO_NPC_Zhiboyao" path="Sounds/Voice/VO_NPC_Zhiboyao" loops="0" type="mp3" stereo="0" />
<SoundList id="800190" name="VO_NPC_Zhongren01" path="Sounds/Voice/VO_NPC_Zhongren01" loops="0" type="mp3" stereo="0" />
<SoundList id="800200" name="VO_NPC_Heiyiren" path="Sounds/Voice/VO_NPC_Heiyiren" loops="0" type="mp3" stereo="0" />
<SoundList id="800210" name="VO_NPC_HanHu02" path="Sounds/Voice/VO_NPC_HanHu02" loops="0" type="mp3" stereo="0" />
<SoundList id="800220" name="VO_NPC_Guide203" path="Sounds/Voice/VO_NPC_Guide203" loops="0" type="mp3" stereo="0" />
<SoundList id="800230" name="VO_NPC_Longjia" path="Sounds/Voice/VO_NPC_Longjia" loops="0" type="mp3" stereo="0" />
<SoundList id="800240" name="VO_NPC_Xunhancheng03" path="Sounds/Voice/VO_NPC_Xunhancheng03" loops="0" type="mp3" stereo="0" />
<SoundList id="800250" name="VO_NPC_Guokui" path="Sounds/Voice/VO_NPC_Guokui" loops="0" type="mp3" stereo="0" />
<SoundList id="800260" name="VO_NPC_ZhongRen02" path="Sounds/Voice/VO_NPC_ZhongRen02" loops="0" type="mp3" stereo="0" />
<SoundList id="800270" name="VO_NPC_Wu" path="Sounds/Voice/VO_NPC_Wu" loops="0" type="mp3" stereo="0" />
<SoundList id="800280" name="VO_NPC_YanZhaoWang" path="Sounds/Voice/VO_NPC_YanZhaoWang" loops="0" type="mp3" stereo="0" />
<SoundList id="800290" name="VO_NPC_TianWen" path="Sounds/Voice/VO_NPC_TianWen" loops="0" type="mp3" stereo="0" />
<SoundList id="800300" name="VO_NPC_ZhongRen03" path="Sounds/Voice/VO_NPC_ZhongRen03" loops="0" type="mp3" stereo="0" />
<SoundList id="800310" name="VO_NPC_PangJuan" path="Sounds/Voice/VO_NPC_PangJuan" loops="0" type="mp3" stereo="0" />
<SoundList id="800320" name="VO_NPC_ZhouJi" path="Sounds/Voice/VO_NPC_ZhouJi" loops="0" type="mp3" stereo="0" />
<SoundList id="810000" name="VO_NPC_Guide01" path="Sounds/Voice/VO_NPC_Guide01" loops="0" type="mp3" stereo="0" />
<SoundList id="810010" name="VO_NPC_Guide01_1" path="Sounds/Voice/VO_NPC_Guide01_1" loops="0" type="mp3" stereo="0" />
<SoundList id="810020" name="VO_NPC_Zhou111" path="Sounds/Voice/VO_NPC_Zhou111" loops="0" type="mp3" stereo="0" />
<SoundList id="810030" name="VO_NPC_Guide02" path="Sounds/Voice/VO_NPC_Guide02" loops="0" type="mp3" stereo="0" />
<SoundList id="810040" name="VO_NPC_Guide03" path="Sounds/Voice/VO_NPC_Guide03" loops="0" type="mp3" stereo="0" />
<SoundList id="810050" name="VO_NPC_Guide04" path="Sounds/Voice/VO_NPC_Guide04" loops="0" type="mp3" stereo="0" />
<SoundList id="810060" name="VO_NPC_Guide05" path="Sounds/Voice/VO_NPC_Guide05" loops="0" type="mp3" stereo="0" />
<SoundList id="810070" name="VO_NPC_Guide06" path="Sounds/Voice/VO_NPC_Guide06" loops="0" type="mp3" stereo="0" />
<SoundList id="810080" name="VO_NPC_Guide07" path="Sounds/Voice/VO_NPC_Guide07" loops="0" type="mp3" stereo="0" />
<SoundList id="810090" name="VO_NPC_Guide08" path="Sounds/Voice/VO_NPC_Guide08" loops="0" type="mp3" stereo="0" />
<SoundList id="810100" name="VO_NPC_Guide09" path="Sounds/Voice/VO_NPC_Guide09" loops="0" type="mp3" stereo="0" />
<SoundList id="810110" name="VO_NPC_Guide10" path="Sounds/Voice/VO_NPC_Guide10" loops="0" type="mp3" stereo="0" />
<SoundList id="810120" name="VO_NPC_Guide11" path="Sounds/Voice/VO_NPC_Guide11" loops="0" type="mp3" stereo="0" />
<SoundList id="810130" name="VO_NPC_Guide12" path="Sounds/Voice/VO_NPC_Guide12" loops="0" type="mp3" stereo="0" />
<SoundList id="810140" name="VO_NPC_Guide13" path="Sounds/Voice/VO_NPC_Guide13" loops="0" type="mp3" stereo="0" />
<SoundList id="810150" name="VO_NPC_Guide14" path="Sounds/Voice/VO_NPC_Guide14" loops="0" type="mp3" stereo="0" />
<SoundList id="810160" name="VO_NPC_Guide15" path="Sounds/Voice/VO_NPC_Guide15" loops="0" type="mp3" stereo="0" />
<SoundList id="810170" name="VO_NPC_Guide16" path="Sounds/Voice/VO_NPC_Guide16" loops="0" type="mp3" stereo="0" />
<SoundList id="810180" name="VO_NPC_Guide17" path="Sounds/Voice/VO_NPC_Guide17" loops="0" type="mp3" stereo="0" />
<SoundList id="810190" name="VO_NPC_Guide18" path="Sounds/Voice/VO_NPC_Guide18" loops="0" type="mp3" stereo="0" />
<SoundList id="810200" name="VO_NPC_Guide19" path="Sounds/Voice/VO_NPC_Guide19" loops="0" type="mp3" stereo="0" />
<SoundList id="810210" name="VO_NPC_Guide20" path="Sounds/Voice/VO_NPC_Guide20" loops="0" type="mp3" stereo="0" />
<SoundList id="810220" name="VO_NPC_Guide21" path="Sounds/Voice/VO_NPC_Guide21" loops="0" type="mp3" stereo="0" />
<SoundList id="810230" name="VO_NPC_Guide22" path="Sounds/Voice/VO_NPC_Guide22" loops="0" type="mp3" stereo="0" />
<SoundList id="810240" name="VO_NPC_Guide23" path="Sounds/Voice/VO_NPC_Guide23" loops="0" type="mp3" stereo="0" />
<SoundList id="810250" name="VO_NPC_Guide24" path="Sounds/Voice/VO_NPC_Guide24" loops="0" type="mp3" stereo="0" />
<SoundList id="810260" name="VO_NPC_Guide25" path="Sounds/Voice/VO_NPC_Guide25" loops="0" type="mp3" stereo="0" />
<SoundList id="810270" name="VO_NPC_Guide26" path="Sounds/Voice/VO_NPC_Guide26" loops="0" type="mp3" stereo="0" />
<SoundList id="810280" name="VO_NPC_Guide27" path="Sounds/Voice/VO_NPC_Guide27" loops="0" type="mp3" stereo="0" />
<SoundList id="810290" name="VO_NPC_Guide28" path="Sounds/Voice/VO_NPC_Guide28" loops="0" type="mp3" stereo="0" />
<SoundList id="810300" name="VO_NPC_Guide29" path="Sounds/Voice/VO_NPC_Guide29" loops="0" type="mp3" stereo="0" />
<SoundList id="810310" name="VO_NPC_Guide30" path="Sounds/Voice/VO_NPC_Guide30" loops="0" type="mp3" stereo="0" />
<SoundList id="810320" name="VO_NPC_Guide31" path="Sounds/Voice/VO_NPC_Guide31" loops="0" type="mp3" stereo="0" />
<SoundList id="810330" name="VO_NPC_Guide32" path="Sounds/Voice/VO_NPC_Guide32" loops="0" type="mp3" stereo="0" />
<SoundList id="810340" name="VO_NPC_Landlady04" path="Sounds/Voice/VO_NPC_Landlady04" loops="0" type="mp3" stereo="0" />
<SoundList id="810350" name="VO_NPC_Guide32_2" path="Sounds/Voice/VO_NPC_Guide32_2" loops="0" type="mp3" stereo="0" />
<SoundList id="810360" name="VO_NPC_Guide33" path="Sounds/Voice/VO_NPC_Guide33" loops="0" type="mp3" stereo="0" />
<SoundList id="810370" name="VO_NPC_Guide34" path="Sounds/Voice/VO_NPC_Guide34" loops="0" type="mp3" stereo="0" />
<SoundList id="810380" name="VO_NPC_Guide35" path="Sounds/Voice/VO_NPC_Guide35" loops="0" type="mp3" stereo="0" />
<SoundList id="810390" name="VO_NPC_Guide36" path="Sounds/Voice/VO_NPC_Guide36" loops="0" type="mp3" stereo="0" />
<SoundList id="810400" name="VO_NPC_Guide37" path="Sounds/Voice/VO_NPC_Guide37" loops="0" type="mp3" stereo="0" />
<SoundList id="810410" name="VO_NPC_Guide38" path="Sounds/Voice/VO_NPC_Guide38" loops="0" type="mp3" stereo="0" />
<SoundList id="810420" name="VO_NPC_Guide39" path="Sounds/Voice/VO_NPC_Guide39" loops="0" type="mp3" stereo="0" />
<SoundList id="810430" name="VO_NPC_Guide40" path="Sounds/Voice/VO_NPC_Guide40" loops="0" type="mp3" stereo="0" />
<SoundList id="810440" name="VO_NPC_Guide41" path="Sounds/Voice/VO_NPC_Guide41" loops="0" type="mp3" stereo="0" />
<SoundList id="810450" name="VO_NPC_Guide42" path="Sounds/Voice/VO_NPC_Guide42" loops="0" type="mp3" stereo="0" />
<SoundList id="810460" name="VO_NPC_Guide43" path="Sounds/Voice/VO_NPC_Guide43" loops="0" type="mp3" stereo="0" />
<SoundList id="810470" name="VO_NPC_Guide44" path="Sounds/Voice/VO_NPC_Guide44" loops="0" type="mp3" stereo="0" />
<SoundList id="810480" name="VO_NPC_Guide45" path="Sounds/Voice/VO_NPC_Guide45" loops="0" type="mp3" stereo="0" />
<SoundList id="810490" name="VO_NPC_Guide46" path="Sounds/Voice/VO_NPC_Guide46" loops="0" type="mp3" stereo="0" />
<SoundList id="810500" name="VO_NPC_Guide47" path="Sounds/Voice/VO_NPC_Guide47" loops="0" type="mp3" stereo="0" />
<SoundList id="810510" name="VO_NPC_Guide48" path="Sounds/Voice/VO_NPC_Guide48" loops="0" type="mp3" stereo="0" />
<SoundList id="810520" name="VO_NPC_Guide49" path="Sounds/Voice/VO_NPC_Guide49" loops="0" type="mp3" stereo="0" />
<SoundList id="810530" name="VO_NPC_Guide50" path="Sounds/Voice/VO_NPC_Guide50" loops="0" type="mp3" stereo="0" />
<SoundList id="810540" name="VO_NPC_Guide51" path="Sounds/Voice/VO_NPC_Guide51" loops="0" type="mp3" stereo="0" />
<SoundList id="810550" name="VO_NPC_Guide52" path="Sounds/Voice/VO_NPC_Guide52" loops="0" type="mp3" stereo="0" />
<SoundList id="810560" name="VO_NPC_Guide53" path="Sounds/Voice/VO_NPC_Guide53" loops="0" type="mp3" stereo="0" />
<SoundList id="810570" name="VO_NPC_Guide54" path="Sounds/Voice/VO_NPC_Guide54" loops="0" type="mp3" stereo="0" />
<SoundList id="810580" name="VO_NPC_Guide55" path="Sounds/Voice/VO_NPC_Guide55" loops="0" type="mp3" stereo="0" />
<SoundList id="810590" name="VO_NPC_Guide56" path="Sounds/Voice/VO_NPC_Guide56" loops="0" type="mp3" stereo="0" />
<SoundList id="810600" name="VO_NPC_Guide57" path="Sounds/Voice/VO_NPC_Guide57" loops="0" type="mp3" stereo="0" />
<SoundList id="810610" name="VO_NPC_Guide58" path="Sounds/Voice/VO_NPC_Guide58" loops="0" type="mp3" stereo="0" />
<SoundList id="810615" name="VO_NPC_Guide580" path="Sounds/Voice/VO_NPC_Guide580" loops="0" type="mp3" stereo="0" />
<SoundList id="810620" name="VO_NPC_Guide59" path="Sounds/Voice/VO_NPC_Guide59" loops="0" type="mp3" stereo="0" />
<SoundList id="810630" name="VO_NPC_Guide60" path="Sounds/Voice/VO_NPC_Guide60" loops="0" type="mp3" stereo="0" />
<SoundList id="810640" name="VO_NPC_Guide61" path="Sounds/Voice/VO_NPC_Guide61" loops="0" type="mp3" stereo="0" />
<SoundList id="810650" name="VO_NPC_Guide62" path="Sounds/Voice/VO_NPC_Guide62" loops="0" type="mp3" stereo="0" />
<SoundList id="810660" name="VO_NPC_Guide63" path="Sounds/Voice/VO_NPC_Guide63" loops="0" type="mp3" stereo="0" />
<SoundList id="810670" name="VO_NPC_Guide64" path="Sounds/Voice/VO_NPC_Guide64" loops="0" type="mp3" stereo="0" />
<SoundList id="811100" name="VO_NPC_Guide100" path="Sounds/Voice/VO_NPC_Guide100" loops="0" type="mp3" stereo="0" />
<SoundList id="811110" name="VO_NPC_Guide110" path="Sounds/Voice/VO_NPC_Guide110" loops="0" type="mp3" stereo="0" />
<SoundList id="811120" name="VO_NPC_Guide120" path="Sounds/Voice/VO_NPC_Guide120" loops="0" type="mp3" stereo="0" />
<SoundList id="811130" name="VO_NPC_Guide130" path="Sounds/Voice/VO_NPC_Guide130" loops="0" type="mp3" stereo="0" />
<SoundList id="811140" name="VO_NPC_Guide140" path="Sounds/Voice/VO_NPC_Guide140" loops="0" type="mp3" stereo="0" />
<SoundList id="811150" name="VO_NPC_Guide300" path="Sounds/Voice/VO_NPC_Guide300" loops="0" type="mp3" stereo="0" />
<SoundList id="811160" name="VO_NPC_Guide301" path="Sounds/Voice/VO_NPC_Guide301" loops="0" type="mp3" stereo="0" />
<SoundList id="811170" name="VO_NPC_Guide302" path="Sounds/Voice/VO_NPC_Guide302" loops="0" type="mp3" stereo="0" />
<SoundList id="811180" name="VO_NPC_Guide303" path="Sounds/Voice/VO_NPC_Guide303" loops="0" type="mp3" stereo="0" />
<SoundList id="811190" name="VO_NPC_Guide304" path="Sounds/Voice/VO_NPC_Guide304" loops="0" type="mp3" stereo="0" />
<SoundList id="811200" name="VO_NPC_Guide305" path="Sounds/Voice/VO_NPC_Guide305" loops="0" type="mp3" stereo="0" />
<SoundList id="811210" name="VO_NPC_Guide306" path="Sounds/Voice/VO_NPC_Guide306" loops="0" type="mp3" stereo="0" />
<SoundList id="811220" name="VO_NPC_Guide307" path="Sounds/Voice/VO_NPC_Guide307" loops="0" type="mp3" stereo="0" />
<SoundList id="811230" name="VO_NPC_Guide308" path="Sounds/Voice/VO_NPC_Guide308" loops="0" type="mp3" stereo="0" />
<SoundList id="811240" name="VO_NPC_Guide309" path="Sounds/Voice/VO_NPC_Guide309" loops="0" type="mp3" stereo="0" />
<SoundList id="811250" name="VO_NPC_Guide310" path="Sounds/Voice/VO_NPC_Guide310" loops="0" type="mp3" stereo="0" />
<SoundList id="811260" name="VO_NPC_Guide311" path="Sounds/Voice/VO_NPC_Guide311" loops="0" type="mp3" stereo="0" />
<SoundList id="811270" name="VO_NPC_Guide312" path="Sounds/Voice/VO_NPC_Guide312" loops="0" type="mp3" stereo="0" />
<SoundList id="811280" name="VO_NPC_Guide313" path="Sounds/Voice/VO_NPC_Guide313" loops="0" type="mp3" stereo="0" />
<SoundList id="811290" name="VO_NPC_Guide314" path="Sounds/Voice/VO_NPC_Guide314" loops="0" type="mp3" stereo="0" />
<SoundList id="811300" name="VO_NPC_Guide315" path="Sounds/Voice/VO_NPC_Guide315" loops="0" type="mp3" stereo="0" />
<SoundList id="811310" name="VO_NPC_Guide316" path="Sounds/Voice/VO_NPC_Guide316" loops="0" type="mp3" stereo="0" />
<SoundList id="811320" name="VO_NPC_Guide317" path="Sounds/Voice/VO_NPC_Guide317" loops="0" type="mp3" stereo="0" />
<SoundList id="811330" name="VO_NPC_Guide318" path="Sounds/Voice/VO_NPC_Guide318" loops="0" type="mp3" stereo="0" />
<SoundList id="811340" name="VO_NPC_Guide319" path="Sounds/Voice/VO_NPC_Guide319" loops="0" type="mp3" stereo="0" />
<SoundList id="811350" name="VO_NPC_Guide320" path="Sounds/Voice/VO_NPC_Guide320" loops="0" type="mp3" stereo="0" />
<SoundList id="811360" name="VO_NPC_Guide321" path="Sounds/Voice/VO_NPC_Guide321" loops="0" type="mp3" stereo="0" />
<SoundList id="811370" name="VO_NPC_Guide322" path="Sounds/Voice/VO_NPC_Guide322" loops="0" type="mp3" stereo="0" />
<SoundList id="811380" name="VO_NPC_Guide323" path="Sounds/Voice/VO_NPC_Guide323" loops="0" type="mp3" stereo="0" />
<SoundList id="811390" name="VO_NPC_Guide324" path="Sounds/Voice/VO_NPC_Guide324" loops="0" type="mp3" stereo="0" />
<SoundList id="811400" name="VO_NPC_Guide325" path="Sounds/Voice/VO_NPC_Guide325" loops="0" type="mp3" stereo="0" />
<SoundList id="811410" name="VO_NPC_Guide326" path="Sounds/Voice/VO_NPC_Guide326" loops="0" type="mp3" stereo="0" />
<SoundList id="811420" name="VO_NPC_Guide327" path="Sounds/Voice/VO_NPC_Guide327" loops="0" type="mp3" stereo="0" />
<SoundList id="811430" name="VO_NPC_Guide328" path="Sounds/Voice/VO_NPC_Guide328" loops="0" type="mp3" stereo="0" />
<SoundList id="811440" name="VO_NPC_Guide329" path="Sounds/Voice/VO_NPC_Guide329" loops="0" type="mp3" stereo="0" />
<SoundList id="811450" name="VO_NPC_Guide330" path="Sounds/Voice/VO_NPC_Guide330" loops="0" type="mp3" stereo="0" />
<SoundList id="811460" name="VO_NPC_Guide331" path="Sounds/Voice/VO_NPC_Guide331" loops="0" type="mp3" stereo="0" />
<SoundList id="811470" name="VO_NPC_Guide332" path="Sounds/Voice/VO_NPC_Guide332" loops="0" type="mp3" stereo="0" />
<SoundList id="811480" name="VO_NPC_Guide333" path="Sounds/Voice/VO_NPC_Guide333" loops="0" type="mp3" stereo="0" />
<SoundList id="811490" name="VO_NPC_Guide334" path="Sounds/Voice/VO_NPC_Guide334" loops="0" type="mp3" stereo="0" />
<SoundList id="811500" name="VO_NPC_Guide335" path="Sounds/Voice/VO_NPC_Guide335" loops="0" type="mp3" stereo="0" />
<SoundList id="811510" name="VO_NPC_Guide336" path="Sounds/Voice/VO_NPC_Guide336" loops="0" type="mp3" stereo="0" />
<SoundList id="811520" name="VO_NPC_Guide337" path="Sounds/Voice/VO_NPC_Guide337" loops="0" type="mp3" stereo="0" />
<SoundList id="811530" name="VO_NPC_Guide338" path="Sounds/Voice/VO_NPC_Guide338" loops="0" type="mp3" stereo="0" />
<SoundList id="811540" name="VO_NPC_Guide339" path="Sounds/Voice/VO_NPC_Guide339" loops="0" type="mp3" stereo="0" />
<SoundList id="811550" name="VO_NPC_Guide340" path="Sounds/Voice/VO_NPC_Guide340" loops="0" type="mp3" stereo="0" />
<SoundList id="811560" name="VO_NPC_Guide341" path="Sounds/Voice/VO_NPC_Guide341" loops="0" type="mp3" stereo="0" />
<SoundList id="811570" name="VO_NPC_Guide342" path="Sounds/Voice/VO_NPC_Guide342" loops="0" type="mp3" stereo="0" />
<SoundList id="811580" name="VO_NPC_Guide343" path="Sounds/Voice/VO_NPC_Guide343" loops="0" type="mp3" stereo="0" />
<SoundList id="811590" name="VO_NPC_Guide344" path="Sounds/Voice/VO_NPC_Guide344" loops="0" type="mp3" stereo="0" />
<SoundList id="811600" name="VO_NPC_Guide345" path="Sounds/Voice/VO_NPC_Guide345" loops="0" type="mp3" stereo="0" />
<SoundList id="811610" name="VO_NPC_Guide346" path="Sounds/Voice/VO_NPC_Guide346" loops="0" type="mp3" stereo="0" />
<SoundList id="811620" name="VO_NPC_Guide347" path="Sounds/Voice/VO_NPC_Guide347" loops="0" type="mp3" stereo="0" />
<SoundList id="811630" name="VO_NPC_Guide348" path="Sounds/Voice/VO_NPC_Guide348" loops="0" type="mp3" stereo="0" />
<SoundList id="811640" name="VO_NPC_Guide349" path="Sounds/Voice/VO_NPC_Guide349" loops="0" type="mp3" stereo="0" />
<SoundList id="811650" name="VO_NPC_Guide350" path="Sounds/Voice/VO_NPC_Guide350" loops="0" type="mp3" stereo="0" />
<SoundList id="811660" name="VO_NPC_Guide351" path="Sounds/Voice/VO_NPC_Guide351" loops="0" type="mp3" stereo="0" />
<SoundList id="811670" name="VO_NPC_Guide352" path="Sounds/Voice/VO_NPC_Guide352" loops="0" type="mp3" stereo="0" />
<SoundList id="811680" name="VO_NPC_Guide353" path="Sounds/Voice/VO_NPC_Guide353" loops="0" type="mp3" stereo="0" />
<SoundList id="811690" name="VO_NPC_Guide400" path="Sounds/Voice/VO_NPC_Guide400" loops="0" type="mp3" stereo="0" />
<SoundList id="811700" name="VO_NPC_Guide401" path="Sounds/Voice/VO_NPC_Guide401" loops="0" type="mp3" stereo="0" />
<SoundList id="811710" name="VO_NPC_Guide402" path="Sounds/Voice/VO_NPC_Guide402" loops="0" type="mp3" stereo="0" />
<SoundList id="811720" name="VO_NPC_Guide403" path="Sounds/Voice/VO_NPC_Guide403" loops="0" type="mp3" stereo="0" />
<SoundList id="811730" name="VO_NPC_Guide404" path="Sounds/Voice/VO_NPC_Guide404" loops="0" type="mp3" stereo="0" />
<SoundList id="811735" name="VO_NPC_Guide4040" path="Sounds/Voice/VO_NPC_Guide4040" loops="0" type="mp3" stereo="0" />
<SoundList id="811740" name="VO_NPC_Guide405" path="Sounds/Voice/VO_NPC_Guide405" loops="0" type="mp3" stereo="0" />
<SoundList id="811750" name="VO_NPC_Guide406" path="Sounds/Voice/VO_NPC_Guide406" loops="0" type="mp3" stereo="0" />
<SoundList id="811760" name="VO_NPC_Guide407" path="Sounds/Voice/VO_NPC_Guide407" loops="0" type="mp3" stereo="0" />
<SoundList id="811770" name="VO_NPC_Guide408" path="Sounds/Voice/VO_NPC_Guide408" loops="0" type="mp3" stereo="0" />
<SoundList id="811780" name="VO_NPC_Guide409" path="Sounds/Voice/VO_NPC_Guide409" loops="0" type="mp3" stereo="0" />
<SoundList id="811790" name="VO_NPC_Guide410" path="Sounds/Voice/VO_NPC_Guide410" loops="0" type="mp3" stereo="0" />
<SoundList id="811800" name="VO_NPC_Guide411" path="Sounds/Voice/VO_NPC_Guide411" loops="0" type="mp3" stereo="0" />
<SoundList id="811810" name="VO_NPC_Guide412" path="Sounds/Voice/VO_NPC_Guide412" loops="0" type="mp3" stereo="0" />
<SoundList id="811820" name="VO_NPC_Guide413" path="Sounds/Voice/VO_NPC_Guide413" loops="0" type="mp3" stereo="0" />
<SoundList id="811830" name="VO_NPC_Guide414" path="Sounds/Voice/VO_NPC_Guide414" loops="0" type="mp3" stereo="0" />
<SoundList id="811840" name="VO_NPC_Guide415" path="Sounds/Voice/VO_NPC_Guide415" loops="0" type="mp3" stereo="0" />
<SoundList id="811850" name="VO_NPC_Guide416" path="Sounds/Voice/VO_NPC_Guide416" loops="0" type="mp3" stereo="0" />
<SoundList id="811860" name="VO_MIJISKILL_1" path="Sounds/Voice/VO_MIJISKILL_1" loops="0" type="mp3" stereo="0" />
<SoundList id="811870" name="VO_MIJISKILL_2" path="Sounds/Voice/VO_MIJISKILL_2" loops="0" type="mp3" stereo="0" />
<SoundList id="811880" name="VO_MIJISKILL_3" path="Sounds/Voice/VO_MIJISKILL_3" loops="0" type="mp3" stereo="0" />
<SoundList id="811890" name="VO_MIJISKILL_4" path="Sounds/Voice/VO_MIJISKILL_4" loops="0" type="mp3" stereo="0" />
<SoundList id="811900" name="VO_MIJISKILL_5" path="Sounds/Voice/VO_MIJISKILL_5" loops="0" type="mp3" stereo="0" />
<SoundList id="811910" name="VO_MIJISKILL_6" path="Sounds/Voice/VO_MIJISKILL_6" loops="0" type="mp3" stereo="0" />
<SoundList id="811920" name="VO_MIJISKILL_7" path="Sounds/Voice/VO_MIJISKILL_7" loops="0" type="mp3" stereo="0" />
<SoundList id="811930" name="VO_MIJISKILL_8" path="Sounds/Voice/VO_MIJISKILL_8" loops="0" type="mp3" stereo="0" />
<SoundList id="1001011" name="1011" path="Sounds/BGM/1011" loops="0" type="mp3" stereo="0" />
<SoundList id="1001021" name="1021" path="Sounds/BGM/1021" loops="0" type="mp3" stereo="0" />
<SoundList id="1001025" name="VO_XIAO7_1" path="Sounds/Voice/VO_XIAO7_1" loops="0" type="mp3" stereo="0" />
<SoundList id="1001031" name="1031" path="Sounds/BGM/1031" loops="0" type="mp3" stereo="0" />
<SoundList id="1001032" name="1032" path="Sounds/BGM/1032" loops="0" type="mp3" stereo="0" />
<SoundList id="1001041" name="1041" path="Sounds/BGM/1041" loops="0" type="mp3" stereo="0" />
</dataset>