<?xml version="1.0" encoding="UTF-8"?>
<dataset>
<TeammateTemp npcId="201010" enemyId="101270" name="400001" desc="400001" position="101" modelId="3001" gongjiType="2011" profession="2" type="2" skills="" award="900001=80,900002=30" />
<TeammateTemp npcId="202010" enemyId="101270" name="400001" desc="400001" position="102" modelId="3001" gongjiType="2011" profession="2" type="2" skills="" award="900001=80,900002=31" />
<TeammateTemp npcId="202020" enemyId="101270" name="400001" desc="400001" position="103" modelId="3001" gongjiType="2011" profession="2" type="2" skills="" award="900001=80,900002=32" />
<TeammateTemp npcId="202030" enemyId="101270" name="400001" desc="400001" position="104" modelId="3001" gongjiType="2011" profession="2" type="2" skills="" award="900001=80,900002=33" />
<TeammateTemp npcId="202040" enemyId="101270" name="400001" desc="400001" position="105" modelId="3001" gongjiType="2011" profession="2" type="2" skills="" award="900001=80,900002=34" />
<TeammateTemp npcId="202050" enemyId="101270" name="400001" desc="400001" position="106" modelId="3001" gongjiType="2011" profession="2" type="2" skills="" award="900001=80,900002=35" />
<TeammateTemp npcId="202060" enemyId="101270" name="400001" desc="400001" position="107" modelId="3001" gongjiType="2011" profession="2" type="2" skills="" award="900001=80,900002=36" />
<TeammateTemp npcId="202070" enemyId="101270" name="400001" desc="400001" position="108" modelId="3001" gongjiType="2011" profession="2" type="2" skills="" award="900001=80,900002=37" />
<TeammateTemp npcId="203010" enemyId="101270" name="400001" desc="400001" position="109" modelId="3001" gongjiType="2011" profession="2" type="2" skills="" award="900001=80,900002=38" />
<TeammateTemp npcId="203020" enemyId="101270" name="400001" desc="400001" position="110" modelId="3001" gongjiType="2011" profession="2" type="2" skills="" award="900001=80,900002=39" />
<TeammateTemp npcId="203030" enemyId="101270" name="400001" desc="400001" position="111" modelId="3001" gongjiType="2011" profession="2" type="2" skills="" award="900001=80,900002=40" />
<TeammateTemp npcId="203040" enemyId="101270" name="400001" desc="400001" position="112" modelId="3001" gongjiType="2011" profession="2" type="2" skills="" award="900001=80,900002=41" />
<TeammateTemp npcId="203050" enemyId="101270" name="400001" desc="400001" position="113" modelId="3001" gongjiType="2011" profession="2" type="2" skills="" award="900001=80,900002=42" />
<TeammateTemp npcId="203060" enemyId="101270" name="400001" desc="400001" position="114" modelId="3001" gongjiType="2011" profession="2" type="2" skills="" award="900001=80,900002=43" />
<TeammateTemp npcId="203070" enemyId="101270" name="400001" desc="400001" position="115" modelId="3001" gongjiType="2011" profession="2" type="2" skills="" award="900001=80,900002=44" />
<TeammateTemp npcId="204010" enemyId="101270" name="400001" desc="400001" position="116" modelId="3001" gongjiType="2011" profession="2" type="2" skills="" award="900001=80,900002=45" />
<TeammateTemp npcId="204020" enemyId="101270" name="400001" desc="400001" position="117" modelId="3001" gongjiType="2011" profession="2" type="2" skills="" award="900001=80,900002=46" />
<TeammateTemp npcId="204030" enemyId="101270" name="400001" desc="400001" position="118" modelId="3001" gongjiType="2011" profession="2" type="2" skills="" award="900001=80,900002=47" />
<TeammateTemp npcId="204040" enemyId="101270" name="400001" desc="400001" position="119" modelId="3001" gongjiType="2011" profession="2" type="2" skills="" award="900001=80,900002=48" />
<TeammateTemp npcId="204050" enemyId="101270" name="400001" desc="400001" position="120" modelId="3001" gongjiType="2011" profession="2" type="2" skills="" award="900001=80,900002=49" />
<TeammateTemp npcId="204060" enemyId="101270" name="400001" desc="400001" position="121" modelId="3001" gongjiType="2011" profession="2" type="2" skills="" award="900001=80,900002=50" />
<TeammateTemp npcId="204070" enemyId="101270" name="400001" desc="400001" position="122" modelId="3001" gongjiType="2011" profession="2" type="2" skills="" award="900001=80,900002=51" />
<TeammateTemp npcId="205010" enemyId="101270" name="400001" desc="400001" position="123" modelId="3001" gongjiType="2011" profession="2" type="2" skills="" award="900001=80,900002=52" />
<TeammateTemp npcId="205020" enemyId="101270" name="400001" desc="400001" position="124" modelId="3001" gongjiType="2011" profession="2" type="2" skills="" award="900001=80,900002=53" />
<TeammateTemp npcId="205030" enemyId="101270" name="400001" desc="400001" position="125" modelId="3001" gongjiType="2011" profession="2" type="2" skills="" award="900001=80,900002=54" />
<TeammateTemp npcId="205040" enemyId="101270" name="400001" desc="400001" position="126" modelId="3001" gongjiType="2011" profession="2" type="2" skills="" award="900001=80,900002=55" />
<TeammateTemp npcId="205050" enemyId="101270" name="400001" desc="400001" position="127" modelId="3001" gongjiType="2011" profession="2" type="2" skills="" award="900001=80,900002=56" />
<TeammateTemp npcId="205060" enemyId="101270" name="400001" desc="400001" position="128" modelId="3001" gongjiType="2011" profession="2" type="2" skills="" award="900001=80,900002=57" />
<TeammateTemp npcId="205070" enemyId="101270" name="400001" desc="400001" position="129" modelId="3001" gongjiType="2011" profession="2" type="2" skills="" award="900001=80,900002=58" />
<TeammateTemp npcId="206010" enemyId="101270" name="400001" desc="400001" position="130" modelId="3001" gongjiType="2011" profession="2" type="2" skills="" award="900001=80,900002=59" />
<TeammateTemp npcId="206020" enemyId="101270" name="400001" desc="400001" position="131" modelId="3001" gongjiType="2011" profession="2" type="2" skills="" award="900001=80,900002=60" />
<TeammateTemp npcId="206030" enemyId="101270" name="400001" desc="400001" position="132" modelId="3001" gongjiType="2011" profession="2" type="2" skills="" award="900001=80,900002=61" />
<TeammateTemp npcId="206040" enemyId="101270" name="400001" desc="400001" position="133" modelId="3001" gongjiType="2011" profession="2" type="2" skills="" award="900001=80,900002=62" />
<TeammateTemp npcId="206050" enemyId="101270" name="400001" desc="400001" position="134" modelId="3001" gongjiType="2011" profession="2" type="2" skills="" award="900001=80,900002=63" />
<TeammateTemp npcId="206060" enemyId="101270" name="400001" desc="400001" position="135" modelId="3001" gongjiType="2011" profession="2" type="2" skills="" award="900001=80,900002=64" />
<TeammateTemp npcId="206070" enemyId="101270" name="400001" desc="400001" position="136" modelId="3001" gongjiType="2011" profession="2" type="2" skills="" award="900001=80,900002=65" />
<TeammateTemp npcId="207010" enemyId="101270" name="400001" desc="400001" position="137" modelId="3001" gongjiType="2011" profession="2" type="2" skills="" award="900001=80,900002=66" />
<TeammateTemp npcId="207020" enemyId="101270" name="400001" desc="400001" position="138" modelId="3001" gongjiType="2011" profession="2" type="2" skills="" award="900001=80,900002=67" />
<TeammateTemp npcId="207030" enemyId="101270" name="400001" desc="400001" position="139" modelId="3001" gongjiType="2011" profession="2" type="2" skills="" award="900001=80,900002=68" />
<TeammateTemp npcId="207040" enemyId="101270" name="400001" desc="400001" position="140" modelId="3001" gongjiType="2011" profession="2" type="2" skills="" award="900001=80,900002=69" />
<TeammateTemp npcId="207050" enemyId="101270" name="400001" desc="400001" position="141" modelId="3001" gongjiType="2011" profession="2" type="2" skills="" award="900001=80,900002=70" />
<TeammateTemp npcId="207060" enemyId="101270" name="400001" desc="400001" position="142" modelId="3001" gongjiType="2011" profession="2" type="2" skills="" award="900001=80,900002=71" />
<TeammateTemp npcId="207070" enemyId="101270" name="400001" desc="400001" position="143" modelId="3001" gongjiType="2011" profession="2" type="2" skills="" award="900001=80,900002=72" />
<TeammateTemp npcId="208010" enemyId="101270" name="400001" desc="400001" position="144" modelId="3001" gongjiType="2011" profession="2" type="2" skills="" award="900001=80,900002=73" />
<TeammateTemp npcId="208020" enemyId="101270" name="400001" desc="400001" position="145" modelId="3001" gongjiType="2011" profession="2" type="2" skills="" award="900001=80,900002=74" />
<TeammateTemp npcId="208030" enemyId="101270" name="400001" desc="400001" position="146" modelId="3001" gongjiType="2011" profession="2" type="2" skills="" award="900001=80,900002=75" />
<TeammateTemp npcId="208040" enemyId="101270" name="400001" desc="400001" position="147" modelId="3001" gongjiType="2011" profession="2" type="2" skills="" award="900001=80,900002=76" />
<TeammateTemp npcId="208050" enemyId="101270" name="400001" desc="400001" position="148" modelId="3001" gongjiType="2011" profession="2" type="2" skills="" award="900001=80,900002=77" />
<TeammateTemp npcId="208060" enemyId="101270" name="400001" desc="400001" position="149" modelId="3001" gongjiType="2011" profession="2" type="2" skills="" award="900001=80,900002=78" />
<TeammateTemp npcId="208070" enemyId="101270" name="400001" desc="400001" position="150" modelId="3001" gongjiType="2011" profession="2" type="2" skills="" award="900001=80,900002=79" />
<TeammateTemp npcId="209010" enemyId="101270" name="400001" desc="400001" position="151" modelId="3001" gongjiType="2011" profession="2" type="2" skills="" award="900001=80,900002=80" />
<TeammateTemp npcId="209020" enemyId="101270" name="400001" desc="400001" position="152" modelId="3001" gongjiType="2011" profession="2" type="2" skills="" award="900001=80,900002=81" />
<TeammateTemp npcId="209030" enemyId="101270" name="400001" desc="400001" position="153" modelId="3001" gongjiType="2011" profession="2" type="2" skills="" award="900001=80,900002=82" />
<TeammateTemp npcId="209040" enemyId="101270" name="400001" desc="400001" position="154" modelId="3001" gongjiType="2011" profession="2" type="2" skills="" award="900001=80,900002=83" />
<TeammateTemp npcId="209050" enemyId="101270" name="400001" desc="400001" position="155" modelId="3001" gongjiType="2011" profession="2" type="2" skills="" award="900001=80,900002=84" />
<TeammateTemp npcId="209060" enemyId="101270" name="400001" desc="400001" position="156" modelId="3001" gongjiType="2011" profession="2" type="2" skills="" award="900001=80,900002=85" />
<TeammateTemp npcId="210010" enemyId="101270" name="400001" desc="400001" position="157" modelId="3001" gongjiType="2011" profession="2" type="2" skills="" award="900001=80,900002=86" />
<TeammateTemp npcId="210020" enemyId="101270" name="400001" desc="400001" position="158" modelId="3001" gongjiType="2011" profession="2" type="2" skills="" award="900001=80,900002=87" />
<TeammateTemp npcId="210030" enemyId="101270" name="400001" desc="400001" position="159" modelId="3001" gongjiType="2011" profession="2" type="2" skills="" award="900001=80,900002=88" />
<TeammateTemp npcId="210040" enemyId="101270" name="400001" desc="400001" position="160" modelId="3001" gongjiType="2011" profession="2" type="2" skills="" award="900001=80,900002=89" />
<TeammateTemp npcId="210050" enemyId="101270" name="400001" desc="400001" position="161" modelId="3001" gongjiType="2011" profession="2" type="2" skills="" award="900001=80,900002=90" />
<TeammateTemp npcId="210060" enemyId="101270" name="400001" desc="400001" position="162" modelId="3001" gongjiType="2011" profession="2" type="2" skills="" award="900001=80,900002=91" />
<TeammateTemp npcId="210070" enemyId="101270" name="400001" desc="400001" position="163" modelId="3001" gongjiType="2011" profession="2" type="2" skills="" award="900001=80,900002=92" />
<TeammateTemp npcId="210080" enemyId="101270" name="400001" desc="400001" position="164" modelId="3001" gongjiType="2011" profession="2" type="2" skills="" award="900001=80,900002=93" />
<TeammateTemp npcId="211010" enemyId="101270" name="400001" desc="400001" position="165" modelId="3001" gongjiType="2011" profession="2" type="2" skills="" award="900001=80,900002=94" />
<TeammateTemp npcId="211020" enemyId="101270" name="400001" desc="400001" position="166" modelId="3001" gongjiType="2011" profession="2" type="2" skills="" award="900001=80,900002=95" />
<TeammateTemp npcId="211030" enemyId="101270" name="400001" desc="400001" position="167" modelId="3001" gongjiType="2011" profession="2" type="2" skills="" award="900001=80,900002=96" />
<TeammateTemp npcId="211040" enemyId="101270" name="400001" desc="400001" position="168" modelId="3001" gongjiType="2011" profession="2" type="2" skills="" award="900001=80,900002=97" />
<TeammateTemp npcId="211050" enemyId="101270" name="400001" desc="400001" position="169" modelId="3001" gongjiType="2011" profession="2" type="2" skills="" award="900001=80,900002=98" />
<TeammateTemp npcId="211060" enemyId="101270" name="400001" desc="400001" position="170" modelId="3001" gongjiType="2011" profession="2" type="2" skills="" award="900001=80,900002=99" />
<TeammateTemp npcId="211070" enemyId="101270" name="400001" desc="400001" position="171" modelId="3001" gongjiType="2011" profession="2" type="2" skills="" award="900001=80,900002=100" />
<TeammateTemp npcId="211080" enemyId="101270" name="400001" desc="400001" position="172" modelId="3001" gongjiType="2011" profession="2" type="2" skills="" award="900001=80,900002=101" />
<TeammateTemp npcId="212010" enemyId="101270" name="400001" desc="400001" position="173" modelId="3001" gongjiType="2011" profession="2" type="2" skills="" award="900001=80,900002=102" />
<TeammateTemp npcId="212020" enemyId="101270" name="400001" desc="400001" position="174" modelId="3001" gongjiType="2011" profession="2" type="2" skills="" award="900001=80,900002=103" />
<TeammateTemp npcId="212030" enemyId="101270" name="400001" desc="400001" position="175" modelId="3001" gongjiType="2011" profession="2" type="2" skills="" award="900001=80,900002=104" />
<TeammateTemp npcId="212040" enemyId="101270" name="400001" desc="400001" position="176" modelId="3001" gongjiType="2011" profession="2" type="2" skills="" award="900001=80,900002=105" />
<TeammateTemp npcId="212050" enemyId="101270" name="400001" desc="400001" position="177" modelId="3001" gongjiType="2011" profession="2" type="2" skills="" award="900001=80,900002=106" />
<TeammateTemp npcId="212060" enemyId="101270" name="400001" desc="400001" position="178" modelId="3001" gongjiType="2011" profession="2" type="2" skills="" award="900001=80,900002=107" />
<TeammateTemp npcId="212070" enemyId="101270" name="400001" desc="400001" position="179" modelId="3001" gongjiType="2011" profession="2" type="2" skills="" award="900001=80,900002=108" />
<TeammateTemp npcId="212080" enemyId="101270" name="400001" desc="400001" position="180" modelId="3001" gongjiType="2011" profession="2" type="2" skills="" award="900001=80,900002=109" />
<TeammateTemp npcId="213010" enemyId="101270" name="400001" desc="400001" position="181" modelId="3001" gongjiType="2011" profession="2" type="2" skills="" award="900001=80,900002=110" />
<TeammateTemp npcId="213020" enemyId="101270" name="400001" desc="400001" position="182" modelId="3001" gongjiType="2011" profession="2" type="2" skills="" award="900001=80,900002=111" />
<TeammateTemp npcId="213030" enemyId="101270" name="400001" desc="400001" position="183" modelId="3001" gongjiType="2011" profession="2" type="2" skills="" award="900001=80,900002=112" />
<TeammateTemp npcId="213040" enemyId="101270" name="400001" desc="400001" position="184" modelId="3001" gongjiType="2011" profession="2" type="2" skills="" award="900001=80,900002=113" />
<TeammateTemp npcId="213050" enemyId="101270" name="400001" desc="400001" position="185" modelId="3001" gongjiType="2011" profession="2" type="2" skills="" award="900001=80,900002=114" />
<TeammateTemp npcId="213060" enemyId="101270" name="400001" desc="400001" position="186" modelId="3001" gongjiType="2011" profession="2" type="2" skills="" award="900001=80,900002=115" />
<TeammateTemp npcId="213070" enemyId="101270" name="400001" desc="400001" position="187" modelId="3001" gongjiType="2011" profession="2" type="2" skills="" award="900001=80,900002=116" />
<TeammateTemp npcId="213080" enemyId="101270" name="400001" desc="400001" position="188" modelId="3001" gongjiType="2011" profession="2" type="2" skills="" award="900001=80,900002=117" />
<TeammateTemp npcId="214010" enemyId="101270" name="400001" desc="400001" position="189" modelId="3001" gongjiType="2011" profession="2" type="2" skills="" award="900001=80,900002=118" />
<TeammateTemp npcId="214020" enemyId="101270" name="400001" desc="400001" position="190" modelId="3001" gongjiType="2011" profession="2" type="2" skills="" award="900001=80,900002=119" />
<TeammateTemp npcId="214030" enemyId="101270" name="400001" desc="400001" position="191" modelId="3001" gongjiType="2011" profession="2" type="2" skills="" award="900001=80,900002=120" />
<TeammateTemp npcId="214040" enemyId="101270" name="400001" desc="400001" position="192" modelId="3001" gongjiType="2011" profession="2" type="2" skills="" award="900001=80,900002=121" />
<TeammateTemp npcId="214050" enemyId="101270" name="400001" desc="400001" position="193" modelId="3001" gongjiType="2011" profession="2" type="2" skills="" award="900001=80,900002=122" />
<TeammateTemp npcId="214060" enemyId="101270" name="400001" desc="400001" position="194" modelId="3001" gongjiType="2011" profession="2" type="2" skills="" award="900001=80,900002=123" />
<TeammateTemp npcId="214070" enemyId="101270" name="400001" desc="400001" position="195" modelId="3001" gongjiType="2011" profession="2" type="2" skills="" award="900001=80,900002=124" />
<TeammateTemp npcId="214080" enemyId="101270" name="400001" desc="400001" position="196" modelId="3001" gongjiType="2011" profession="2" type="2" skills="" award="900001=80,900002=125" />
<TeammateTemp npcId="214090" enemyId="101270" name="400001" desc="400001" position="197" modelId="3001" gongjiType="2011" profession="2" type="2" skills="" award="900001=80,900002=126" />
<TeammateTemp npcId="215010" enemyId="101270" name="400001" desc="400001" position="198" modelId="3001" gongjiType="2011" profession="2" type="2" skills="" award="900001=80,900002=127" />
<TeammateTemp npcId="215020" enemyId="101270" name="400001" desc="400001" position="199" modelId="3001" gongjiType="2011" profession="2" type="2" skills="" award="900001=80,900002=128" />
<TeammateTemp npcId="215030" enemyId="101270" name="400001" desc="400001" position="200" modelId="3001" gongjiType="2011" profession="2" type="2" skills="" award="900001=80,900002=129" />
<TeammateTemp npcId="215040" enemyId="101270" name="400001" desc="400001" position="201" modelId="3001" gongjiType="2011" profession="2" type="2" skills="" award="900001=80,900002=130" />
<TeammateTemp npcId="215050" enemyId="101270" name="400001" desc="400001" position="202" modelId="3001" gongjiType="2011" profession="2" type="2" skills="" award="900001=80,900002=131" />
<TeammateTemp npcId="215060" enemyId="101270" name="400001" desc="400001" position="203" modelId="3001" gongjiType="2011" profession="2" type="2" skills="" award="900001=80,900002=132" />
<TeammateTemp npcId="215070" enemyId="101270" name="400001" desc="400001" position="204" modelId="3001" gongjiType="2011" profession="2" type="2" skills="" award="900001=80,900002=133" />
<TeammateTemp npcId="215080" enemyId="101270" name="400001" desc="400001" position="205" modelId="3001" gongjiType="2011" profession="2" type="2" skills="" award="900001=80,900002=134" />
</dataset>