<?xml version="1.0" encoding="UTF-8"?>
<dataset>
<VIP lv="0" needNum="0" bugMoneyTime="4" bugTiliTime="1" bugBaizhanTime="0" saodangFree="60" xilianLimit="99" yujueDuihuan="1" legendPveRefresh="0" YBxilianLimit="3" dangpuRefreshLimit="0" desc="0" baizhanPara="1" FangWubuildNum="0" mibaoCountLimit="10" youxiaTimes="0" YunbiaoTimes="0" JiebiaoTimes="0" InviteAssistTimes="5" LveduoTimes="0" HuangyeTimes="0" BloodVialTimes="0" resurgenceTimes="0" CartPinZhiMax="4" resOnSiteTimes="0" JCZresTimes="0" JCZBloodVial="0" buyEquipment="3" buyBaoshi="3" buyQianghua="3" buyJingqi="3" buyJianshezhi="0" buyHufu="0" chonglou_ExpScale="1" />
<VIP lv="1" needNum="60" bugMoneyTime="6" bugTiliTime="2" bugBaizhanTime="2" saodangFree="100" xilianLimit="99" yujueDuihuan="1" legendPveRefresh="2" YBxilianLimit="5" dangpuRefreshLimit="0" desc="801" baizhanPara="1" FangWubuildNum="0" mibaoCountLimit="10" youxiaTimes="0" YunbiaoTimes="0" JiebiaoTimes="0" InviteAssistTimes="5" LveduoTimes="0" HuangyeTimes="0" BloodVialTimes="0" resurgenceTimes="0" CartPinZhiMax="4" resOnSiteTimes="0" JCZresTimes="0" JCZBloodVial="0" buyEquipment="4" buyBaoshi="4" buyQianghua="4" buyJingqi="4" buyJianshezhi="0" buyHufu="1" chonglou_ExpScale="1" />
<VIP lv="2" needNum="300" bugMoneyTime="8" bugTiliTime="3" bugBaizhanTime="2" saodangFree="110" xilianLimit="99" yujueDuihuan="1" legendPveRefresh="2" YBxilianLimit="7" dangpuRefreshLimit="0" desc="802" baizhanPara="1" FangWubuildNum="0" mibaoCountLimit="10" youxiaTimes="0" YunbiaoTimes="0" JiebiaoTimes="0" InviteAssistTimes="5" LveduoTimes="0" HuangyeTimes="0" BloodVialTimes="0" resurgenceTimes="0" CartPinZhiMax="4" resOnSiteTimes="0" JCZresTimes="0" JCZBloodVial="0" buyEquipment="6" buyBaoshi="6" buyQianghua="6" buyJingqi="6" buyJianshezhi="0" buyHufu="2" chonglou_ExpScale="1" />
<VIP lv="3" needNum="1000" bugMoneyTime="10" bugTiliTime="4" bugBaizhanTime="4" saodangFree="120" xilianLimit="99" yujueDuihuan="2" legendPveRefresh="2" YBxilianLimit="9" dangpuRefreshLimit="0" desc="803" baizhanPara="1" FangWubuildNum="0" mibaoCountLimit="10" youxiaTimes="0" YunbiaoTimes="0" JiebiaoTimes="1" InviteAssistTimes="5" LveduoTimes="2" HuangyeTimes="0" BloodVialTimes="0" resurgenceTimes="0" CartPinZhiMax="4" resOnSiteTimes="0" JCZresTimes="0" JCZBloodVial="0" buyEquipment="8" buyBaoshi="8" buyQianghua="8" buyJingqi="8" buyJianshezhi="2" buyHufu="4" chonglou_ExpScale="1" />
<VIP lv="4" needNum="2000" bugMoneyTime="12" bugTiliTime="5" bugBaizhanTime="4" saodangFree="130" xilianLimit="99" yujueDuihuan="2" legendPveRefresh="3" YBxilianLimit="11" dangpuRefreshLimit="0" desc="804" baizhanPara="1" FangWubuildNum="0" mibaoCountLimit="20" youxiaTimes="0" YunbiaoTimes="0" JiebiaoTimes="1" InviteAssistTimes="5" LveduoTimes="4" HuangyeTimes="0" BloodVialTimes="0" resurgenceTimes="0" CartPinZhiMax="5" resOnSiteTimes="0" JCZresTimes="0" JCZBloodVial="0" buyEquipment="10" buyBaoshi="10" buyQianghua="10" buyJingqi="10" buyJianshezhi="4" buyHufu="6" chonglou_ExpScale="1" />
<VIP lv="5" needNum="5000" bugMoneyTime="14" bugTiliTime="6" bugBaizhanTime="6" saodangFree="140" xilianLimit="99" yujueDuihuan="2" legendPveRefresh="3" YBxilianLimit="13" dangpuRefreshLimit="0" desc="805" baizhanPara="1" FangWubuildNum="0" mibaoCountLimit="20" youxiaTimes="0" YunbiaoTimes="0" JiebiaoTimes="1" InviteAssistTimes="5" LveduoTimes="6" HuangyeTimes="0" BloodVialTimes="3" resurgenceTimes="5" CartPinZhiMax="5" resOnSiteTimes="2" JCZresTimes="0" JCZBloodVial="0" buyEquipment="12" buyBaoshi="12" buyQianghua="12" buyJingqi="12" buyJianshezhi="6" buyHufu="10" chonglou_ExpScale="2" />
<VIP lv="6" needNum="10000" bugMoneyTime="18" bugTiliTime="7" bugBaizhanTime="6" saodangFree="150" xilianLimit="99" yujueDuihuan="3" legendPveRefresh="3" YBxilianLimit="15" dangpuRefreshLimit="0" desc="806" baizhanPara="2" FangWubuildNum="0" mibaoCountLimit="20" youxiaTimes="0" YunbiaoTimes="0" JiebiaoTimes="1" InviteAssistTimes="5" LveduoTimes="8" HuangyeTimes="0" BloodVialTimes="3" resurgenceTimes="5" CartPinZhiMax="5" resOnSiteTimes="2" JCZresTimes="3" JCZBloodVial="2" buyEquipment="14" buyBaoshi="14" buyQianghua="14" buyJingqi="14" buyJianshezhi="10" buyHufu="14" chonglou_ExpScale="2" />
<VIP lv="7" needNum="20000" bugMoneyTime="24" bugTiliTime="8" bugBaizhanTime="8" saodangFree="160" xilianLimit="99" yujueDuihuan="3" legendPveRefresh="4" YBxilianLimit="17" dangpuRefreshLimit="0" desc="807" baizhanPara="2" FangWubuildNum="0" mibaoCountLimit="20" youxiaTimes="0" YunbiaoTimes="0" JiebiaoTimes="2" InviteAssistTimes="5" LveduoTimes="10" HuangyeTimes="0" BloodVialTimes="3" resurgenceTimes="5" CartPinZhiMax="5" resOnSiteTimes="2" JCZresTimes="3" JCZBloodVial="2" buyEquipment="16" buyBaoshi="16" buyQianghua="16" buyJingqi="16" buyJianshezhi="14" buyHufu="18" chonglou_ExpScale="2" />
</dataset>
