<?xml version="1.0" encoding="UTF-8"?>
<dataset>
<WuBeiFang id="1" times="1" cost="0" awardID="1101=100" />
<WuBeiFang id="1" times="2" cost="0" awardID="1102=100" />
<WuBeiFang id="1" times="3" cost="30" awardID="1103=100" />
<WuBeiFang id="1" times="4" cost="40" awardID="1104=100" />
<WuBeiFang id="1" times="5" cost="55" awardID="1105=100" />
<WuBeiFang id="1" times="6" cost="70" awardID="1106=100" />
<WuBeiFang id="1" times="7" cost="85" awardID="1107=100" />
<WuBeiFang id="1" times="8" cost="100" awardID="1108=100" />
<WuBeiFang id="1" times="9" cost="120" awardID="1109=100" />
<WuBeiFang id="1" times="10" cost="140" awardID="1110=100" />
<WuBeiFang id="1" times="11" cost="160" awardID="1111=100" />
<WuBeiFang id="1" times="12" cost="200" awardID="1112=100" />
<WuBeiFang id="1" times="13" cost="250" awardID="1113=100" />
<WuBeiFang id="1" times="14" cost="300" awardID="1114=100" />
<WuBeiFang id="1" times="15" cost="350" awardID="1115=100" />
<WuBeiFang id="1" times="16" cost="400" awardID="1116=100" />
<WuBeiFang id="2" times="1" cost="0" awardID="1201=100" />
<WuBeiFang id="2" times="2" cost="0" awardID="1202=100" />
<WuBeiFang id="2" times="3" cost="50" awardID="1203=100" />
<WuBeiFang id="2" times="4" cost="100" awardID="1204=100" />
<WuBeiFang id="2" times="5" cost="150" awardID="1205=100" />
<WuBeiFang id="2" times="6" cost="200" awardID="1206=100" />
<WuBeiFang id="2" times="7" cost="225" awardID="1207=100" />
<WuBeiFang id="2" times="8" cost="250" awardID="1208=100" />
<WuBeiFang id="2" times="9" cost="300" awardID="1209=100" />
<WuBeiFang id="2" times="10" cost="350" awardID="1210=100" />
<WuBeiFang id="2" times="11" cost="400" awardID="1211=100" />
<WuBeiFang id="2" times="12" cost="450" awardID="1212=100" />
<WuBeiFang id="2" times="13" cost="500" awardID="1213=100" />
<WuBeiFang id="2" times="14" cost="550" awardID="1214=100" />
<WuBeiFang id="2" times="15" cost="600" awardID="1215=100" />
<WuBeiFang id="2" times="16" cost="650" awardID="1216=100" />
<WuBeiFang id="3" times="1" cost="0" awardID="1301=100" />
<WuBeiFang id="3" times="2" cost="0" awardID="1302=100" />
<WuBeiFang id="3" times="3" cost="30" awardID="1303=100" />
<WuBeiFang id="3" times="4" cost="40" awardID="1304=100" />
<WuBeiFang id="3" times="5" cost="55" awardID="1305=100" />
<WuBeiFang id="3" times="6" cost="70" awardID="1306=100" />
<WuBeiFang id="3" times="7" cost="85" awardID="1307=100" />
<WuBeiFang id="3" times="8" cost="100" awardID="1308=100" />
<WuBeiFang id="3" times="9" cost="120" awardID="1309=100" />
<WuBeiFang id="3" times="10" cost="140" awardID="1310=100,1300=20" />
<WuBeiFang id="3" times="11" cost="160" awardID="1311=100,1300=20" />
<WuBeiFang id="3" times="12" cost="200" awardID="1312=100,1300=20" />
<WuBeiFang id="3" times="13" cost="250" awardID="1313=100,1300=20" />
<WuBeiFang id="3" times="14" cost="300" awardID="1314=100,1300=20" />
<WuBeiFang id="3" times="15" cost="350" awardID="1315=100,1300=20" />
<WuBeiFang id="3" times="16" cost="400" awardID="1316=100,1300=20" />
<WuBeiFang id="4" times="1" cost="0" awardID="1401=100" />
<WuBeiFang id="4" times="2" cost="0" awardID="1402=100" />
<WuBeiFang id="4" times="3" cost="30" awardID="1403=100" />
<WuBeiFang id="4" times="4" cost="40" awardID="1404=100" />
<WuBeiFang id="4" times="5" cost="55" awardID="1405=100" />
<WuBeiFang id="4" times="6" cost="70" awardID="1406=100" />
<WuBeiFang id="4" times="7" cost="85" awardID="1407=100" />
<WuBeiFang id="4" times="8" cost="100" awardID="1408=100" />
<WuBeiFang id="4" times="9" cost="120" awardID="1409=100" />
<WuBeiFang id="4" times="10" cost="140" awardID="1410=100" />
<WuBeiFang id="4" times="11" cost="160" awardID="1411=100" />
<WuBeiFang id="4" times="12" cost="200" awardID="1412=100" />
<WuBeiFang id="4" times="13" cost="250" awardID="1413=100" />
<WuBeiFang id="4" times="14" cost="300" awardID="1414=100" />
<WuBeiFang id="4" times="15" cost="350" awardID="1415=100" />
<WuBeiFang id="4" times="16" cost="400" awardID="1416=100" />
</dataset>