<?xml version="1.0" encoding="UTF-8"?>
<dataset>
<XianshiHuodong id="1542001" BigId="1542000" desc="在线[10ff2b]5[-]分钟" doneType="42" doneCondition="300" LimitTime="-1" Award="0:920001:5" />
<XianshiHuodong id="1542002" BigId="1542000" desc="在线[10ff2b]10[-]分钟" doneType="42" doneCondition="600" LimitTime="-1" Award="0:900001:1000#0:920002:2" />
<XianshiHuodong id="1542003" BigId="1542000" desc="在线[10ff2b]15[-]分钟" doneType="42" doneCondition="900" LimitTime="-1" Award="0:900001:1000#0:921002:3#0:900002:10" />
<XianshiHuodong id="1542004" BigId="1542000" desc="在线[10ff2b]20[-]分钟" doneType="42" doneCondition="1200" LimitTime="-1" Award="0:900001:2000#0:921003:1#0:900002:10" />
<XianshiHuodong id="1542005" BigId="1542000" desc="在线[10ff2b]30[-]分钟" doneType="42" doneCondition="1800" LimitTime="-1" Award="0:900001:5000#0:920002:2#0:921002:4#0:900002:20" />
<XianshiHuodong id="1543001" BigId="1543000" desc="登录1天" doneType="43" doneCondition="1" LimitTime="-1" Award="0:900002:158#0:920002:4#0:921002:8" />
<XianshiHuodong id="1543002" BigId="1543000" desc="登录2天" doneType="43" doneCondition="2" LimitTime="-1" Award="2:103003:1#0:900018:300#0:900019:300#0:900002:198" />
<XianshiHuodong id="1543003" BigId="1543000" desc="登录3天" doneType="43" doneCondition="3" LimitTime="-1" Award="4:301023:1#0:920002:8#0:921002:16#0:900002:248" />
<XianshiHuodong id="1543004" BigId="1543000" desc="登录4天" doneType="43" doneCondition="4" LimitTime="-1" Award="5:312003:20#0:900001:20000#0:900018:500#0:900019:500#0:900002:298" />
<XianshiHuodong id="1543005" BigId="1543000" desc="登录5天" doneType="43" doneCondition="5" LimitTime="-1" Award="2:104103:1#0:900001:25000#0:920003:3#0:921003:6#0:900002:348" />
<XianshiHuodong id="1543006" BigId="1543000" desc="登录6天" doneType="43" doneCondition="6" LimitTime="-1" Award="7:905017:1#0:900001:30000#0:900018:1000#0:900019:1000#0:900002:398" />
<XianshiHuodong id="1543007" BigId="1543000" desc="登录7天" doneType="43" doneCondition="7" LimitTime="-1" Award="8:940128:1#0:900001:40000#0:920004:1#0:921004:2#0:900002:448" />
<XianshiHuodong id="1574001" BigId="1574000" desc="完成首次元宝单抽" doneType="74" doneCondition="1" LimitTime="-1" Award="0:900001:5000#0:900002:50" />
<XianshiHuodong id="1575001" BigId="1575000" desc="完成首次元宝十连抽" doneType="75" doneCondition="1" LimitTime="-1" Award="0:900001:50000#0:900002:500" />
<XianshiHuodong id="1501001" BigId="1501000" desc="达到5级" doneType="1" doneCondition="5" LimitTime="-1" Award="0:920001:20#0:921001:40#0:900002:50" />
<XianshiHuodong id="1501002" BigId="1501000" desc="达到10级" doneType="1" doneCondition="10" LimitTime="-1" Award="0:920001:30#0:921001:60#0:900002:100" />
<XianshiHuodong id="1501003" BigId="1501000" desc="达到15级" doneType="1" doneCondition="15" LimitTime="-1" Award="0:920001:40#0:921001:80#0:900002:150" />
<XianshiHuodong id="1501004" BigId="1501000" desc="达到20级" doneType="1" doneCondition="20" LimitTime="-1" Award="0:900003:50#0:900001:10000#0:900002:200" />
<XianshiHuodong id="1501005" BigId="1501000" desc="达到25级" doneType="1" doneCondition="25" LimitTime="-1" Award="0:900018:500#0:900019:500#0:900002:250" />
<XianshiHuodong id="1501006" BigId="1501000" desc="达到30级" doneType="1" doneCondition="30" LimitTime="-1" Award="0:900003:60#0:900001:20000#0:900002:300" />
<XianshiHuodong id="1501007" BigId="1501000" desc="达到35级" doneType="1" doneCondition="35" LimitTime="-1" Award="0:900018:1000#0:900019:1000#0:900002:350" />
<XianshiHuodong id="1501008" BigId="1501000" desc="达到40级" doneType="1" doneCondition="40" LimitTime="-1" Award="0:900003:70#0:900001:40000#0:900002:400" />
<XianshiHuodong id="1501009" BigId="1501000" desc="达到45级" doneType="1" doneCondition="45" LimitTime="-1" Award="0:900018:1500#0:900019:1500#0:900002:450" />
<XianshiHuodong id="1501010" BigId="1501000" desc="达到50级" doneType="1" doneCondition="50" LimitTime="-1" Award="0:900003:80#0:900001:60000#0:900002:500" />
<XianshiHuodong id="1501011" BigId="1501000" desc="达到55级" doneType="1" doneCondition="55" LimitTime="-1" Award="0:900018:2000#0:900019:2000#0:900002:550" />
<XianshiHuodong id="1501012" BigId="1501000" desc="达到60级" doneType="1" doneCondition="60" LimitTime="-1" Award="0:900003:90#0:900001:80000#0:900002:600" />
<XianshiHuodong id="1501013" BigId="1501000" desc="达到65级" doneType="1" doneCondition="65" LimitTime="-1" Award="0:900018:2500#0:900019:2500#0:900002:650" />
<XianshiHuodong id="1501014" BigId="1501000" desc="达到70级" doneType="1" doneCondition="70" LimitTime="-1" Award="0:900003:100#0:900001:100000#0:900002:700" />
<XianshiHuodong id="1501015" BigId="1501000" desc="达到75级" doneType="1" doneCondition="75" LimitTime="-1" Award="0:900018:3000#0:900019:3000#0:900002:750" />
<XianshiHuodong id="1501016" BigId="1501000" desc="达到80级" doneType="1" doneCondition="80" LimitTime="-1" Award="0:900003:110#0:900001:150000#0:900002:800" />
<XianshiHuodong id="1501017" BigId="1501000" desc="达到85级" doneType="1" doneCondition="85" LimitTime="-1" Award="0:900018:3500#0:900019:3500#0:900002:850" />
<XianshiHuodong id="1501018" BigId="1501000" desc="达到90级" doneType="1" doneCondition="90" LimitTime="-1" Award="0:900003:120#0:900001:200000#0:900002:900" />
<XianshiHuodong id="1501019" BigId="1501000" desc="达到95级" doneType="1" doneCondition="95" LimitTime="-1" Award="0:900018:4000#0:900019:4000#0:900002:950" />
<XianshiHuodong id="1501020" BigId="1501000" desc="达到100级" doneType="1" doneCondition="100" LimitTime="-1" Award="0:900003:130#0:900001:300000#0:900002:1000" />
<XianshiHuodong id="1544001" BigId="1544000" desc="【过关斩将】获得9颗星" doneType="44" doneCondition="9" LimitTime="-1" Award="0:900001:5000#0:900002:20" />
<XianshiHuodong id="1544002" BigId="1544000" desc="【过关斩将】获得18颗星" doneType="44" doneCondition="18" LimitTime="-1" Award="0:900001:10000#0:900003:50" />
<XianshiHuodong id="1544003" BigId="1544000" desc="【过关斩将】获得27颗星" doneType="44" doneCondition="27" LimitTime="-1" Award="0:900001:20000#0:900002:30" />
<XianshiHuodong id="1544004" BigId="1544000" desc="【过关斩将】获得36颗星" doneType="44" doneCondition="36" LimitTime="-1" Award="0:900001:40000#0:900003:50" />
<XianshiHuodong id="1544005" BigId="1544000" desc="【过关斩将】获得45颗星" doneType="44" doneCondition="45" LimitTime="-1" Award="0:900001:60000#0:900002:40" />
<XianshiHuodong id="1544006" BigId="1544000" desc="【过关斩将】获得54颗星" doneType="44" doneCondition="54" LimitTime="-1" Award="0:900001:80000#0:900003:60" />
<XianshiHuodong id="1544007" BigId="1544000" desc="【过关斩将】获得63颗星" doneType="44" doneCondition="63" LimitTime="-1" Award="0:900001:100000#0:900002:50" />
<XianshiHuodong id="1544008" BigId="1544000" desc="【过关斩将】获得72颗星" doneType="44" doneCondition="72" LimitTime="-1" Award="0:900001:120000#0:900003:60" />
<XianshiHuodong id="1544009" BigId="1544000" desc="【过关斩将】获得81颗星" doneType="44" doneCondition="81" LimitTime="-1" Award="0:900001:140000#0:900002:60" />
<XianshiHuodong id="1544010" BigId="1544000" desc="【过关斩将】获得90颗星" doneType="44" doneCondition="90" LimitTime="-1" Award="0:900001:160000#0:900003:70" />
<XianshiHuodong id="1544011" BigId="1544000" desc="【过关斩将】获得99颗星" doneType="44" doneCondition="99" LimitTime="-1" Award="0:900001:180000#0:900002:70" />
<XianshiHuodong id="1544012" BigId="1544000" desc="【过关斩将】获得108颗星" doneType="44" doneCondition="108" LimitTime="-1" Award="0:900001:200000#0:900003:70" />
<XianshiHuodong id="1544013" BigId="1544000" desc="【过关斩将】获得117颗星" doneType="44" doneCondition="117" LimitTime="-1" Award="0:900001:220000#0:900002:80" />
<XianshiHuodong id="1540001" BigId="1540000" desc="任意3件装备品质达到蓝色" doneType="40" doneCondition="3:4" LimitTime="-1" Award="0:920001:20#0:921001:40#0:900002:20" />
<XianshiHuodong id="1540002" BigId="1540000" desc="任意6件装备品质达到蓝色" doneType="40" doneCondition="6:4" LimitTime="-1" Award="0:920001:30#0:921001:60#0:900002:20" />
<XianshiHuodong id="1540003" BigId="1540000" desc="所有9件装备品质达到蓝色" doneType="40" doneCondition="9:4" LimitTime="-1" Award="0:920001:40#0:921001:80#0:900002:20" />
<XianshiHuodong id="1540004" BigId="1540000" desc="任意3件装备品质达到蓝色+1" doneType="40" doneCondition="3:5" LimitTime="-1" Award="0:920001:50#0:921001:100#0:900002:30" />
<XianshiHuodong id="1540005" BigId="1540000" desc="任意6件装备品质达到蓝色+1" doneType="40" doneCondition="6:5" LimitTime="-1" Award="0:920001:60#0:921001:120#0:900002:30" />
<XianshiHuodong id="1540006" BigId="1540000" desc="所有9件装备品质达到蓝色+1" doneType="40" doneCondition="9:5" LimitTime="-1" Award="0:920001:70#0:921001:140#0:900002:30" />
<XianshiHuodong id="1540007" BigId="1540000" desc="任意3件装备品质达到紫色" doneType="40" doneCondition="3:7" LimitTime="-1" Award="0:920001:80#0:921001:160#0:900002:40" />
<XianshiHuodong id="1540008" BigId="1540000" desc="任意6件装备品质达到紫色" doneType="40" doneCondition="6:7" LimitTime="-1" Award="0:920001:90#0:921001:180#0:900002:40" />
<XianshiHuodong id="1540009" BigId="1540000" desc="所有9件装备品质达到紫色" doneType="40" doneCondition="9:7" LimitTime="-1" Award="0:920001:100#0:921001:200#0:900002:40" />
<XianshiHuodong id="1540010" BigId="1540000" desc="任意3件装备品质达到紫色+1" doneType="40" doneCondition="3:8" LimitTime="-1" Award="0:920001:110#0:921001:220#0:900002:50" />
<XianshiHuodong id="1540011" BigId="1540000" desc="任意6件装备品质达到紫色+1" doneType="40" doneCondition="6:8" LimitTime="-1" Award="0:920001:120#0:921001:240#0:900002:50" />
<XianshiHuodong id="1540012" BigId="1540000" desc="所有9件装备品质达到紫色+1" doneType="40" doneCondition="9:8" LimitTime="-1" Award="0:920001:130#0:921001:260#0:900002:50" />
<XianshiHuodong id="1540013" BigId="1540000" desc="任意3件装备品质达到紫色+2" doneType="40" doneCondition="3:9" LimitTime="-1" Award="0:920001:140#0:921001:280#0:900002:60" />
<XianshiHuodong id="1540014" BigId="1540000" desc="任意6件装备品质达到紫色+2" doneType="40" doneCondition="6:9" LimitTime="-1" Award="0:920001:150#0:921001:300#0:900002:60" />
<XianshiHuodong id="1540015" BigId="1540000" desc="所有9件装备品质达到紫色+2" doneType="40" doneCondition="9:9" LimitTime="-1" Award="0:920001:160#0:921001:320#0:900002:60" />
<XianshiHuodong id="1540016" BigId="1540000" desc="任意3件装备品质达到橙色" doneType="40" doneCondition="3:10" LimitTime="-1" Award="0:920001:170#0:921001:340#0:900002:70" />
<XianshiHuodong id="1540017" BigId="1540000" desc="任意6件装备品质达到橙色" doneType="40" doneCondition="6:10" LimitTime="-1" Award="0:920001:180#0:921001:360#0:900002:70" />
<XianshiHuodong id="1540018" BigId="1540000" desc="所有9件装备品质达到橙色" doneType="40" doneCondition="9:10" LimitTime="-1" Award="0:920001:190#0:921001:380#0:900002:70" />
<XianshiHuodong id="1540019" BigId="1540000" desc="任意3件装备品质达到橙色+1" doneType="40" doneCondition="3:11" LimitTime="-1" Award="0:920001:200#0:921001:400#0:900002:80" />
<XianshiHuodong id="1540020" BigId="1540000" desc="任意6件装备品质达到橙色+1" doneType="40" doneCondition="6:11" LimitTime="-1" Award="0:920001:210#0:921001:420#0:900002:80" />
<XianshiHuodong id="1540021" BigId="1540000" desc="所有9件装备品质达到橙色+1" doneType="40" doneCondition="9:11" LimitTime="-1" Award="0:920001:220#0:921001:440#0:900002:80" />
<XianshiHuodong id="1563001" BigId="1563000" desc="强化任意1件装备等级达到10级" doneType="63" doneCondition="1:10" LimitTime="-1" Award="0:920001:20#0:921001:40#0:900002:20" />
<XianshiHuodong id="1563002" BigId="1563000" desc="强化任意1件装备等级达到15级" doneType="63" doneCondition="1:15" LimitTime="-1" Award="0:920001:30#0:921001:60#0:900002:25" />
<XianshiHuodong id="1563003" BigId="1563000" desc="强化任意1件装备等级达到20级" doneType="63" doneCondition="1:20" LimitTime="-1" Award="0:920001:40#0:921001:80#0:900002:30" />
<XianshiHuodong id="1563004" BigId="1563000" desc="强化任意1件装备等级达到25级" doneType="63" doneCondition="1:25" LimitTime="-1" Award="0:920001:50#0:921001:100#0:900002:35" />
<XianshiHuodong id="1563005" BigId="1563000" desc="强化任意1件装备等级达到30级" doneType="63" doneCondition="1:30" LimitTime="-1" Award="0:920001:60#0:921001:120#0:900002:40" />
<XianshiHuodong id="1563006" BigId="1563000" desc="强化任意1件装备等级达到35级" doneType="63" doneCondition="1:35" LimitTime="-1" Award="0:920001:70#0:921001:140#0:900002:45" />
<XianshiHuodong id="1563007" BigId="1563000" desc="强化任意1件装备等级达到40级" doneType="63" doneCondition="1:40" LimitTime="-1" Award="0:920001:80#0:921001:160#0:900002:50" />
<XianshiHuodong id="1563008" BigId="1563000" desc="强化任意1件装备等级达到45级" doneType="63" doneCondition="1:45" LimitTime="-1" Award="0:920001:90#0:921001:180#0:900002:55" />
<XianshiHuodong id="1563009" BigId="1563000" desc="强化任意1件装备等级达到50级" doneType="63" doneCondition="1:50" LimitTime="-1" Award="0:920001:100#0:921001:200#0:900002:60" />
<XianshiHuodong id="1563010" BigId="1563000" desc="强化任意1件装备等级达到55级" doneType="63" doneCondition="1:55" LimitTime="-1" Award="0:920001:110#0:921001:220#0:900002:65" />
<XianshiHuodong id="1563011" BigId="1563000" desc="强化任意1件装备等级达到60级" doneType="63" doneCondition="1:60" LimitTime="-1" Award="0:920001:120#0:921001:240#0:900002:70" />
<XianshiHuodong id="1563012" BigId="1563000" desc="强化任意1件装备等级达到65级" doneType="63" doneCondition="1:65" LimitTime="-1" Award="0:920001:130#0:921001:260#0:900002:75" />
<XianshiHuodong id="1563013" BigId="1563000" desc="强化任意1件装备等级达到70级" doneType="63" doneCondition="1:70" LimitTime="-1" Award="0:920001:140#0:921001:280#0:900002:80" />
<XianshiHuodong id="1563014" BigId="1563000" desc="强化任意1件装备等级达到75级" doneType="63" doneCondition="1:75" LimitTime="-1" Award="0:920001:150#0:921001:300#0:900002:85" />
<XianshiHuodong id="1563015" BigId="1563000" desc="强化任意1件装备等级达到80级" doneType="63" doneCondition="1:80" LimitTime="-1" Award="0:920001:160#0:921001:320#0:900002:90" />
<XianshiHuodong id="1563016" BigId="1563000" desc="强化任意1件装备等级达到85级" doneType="63" doneCondition="1:85" LimitTime="-1" Award="0:920001:170#0:921001:340#0:900002:95" />
<XianshiHuodong id="1563017" BigId="1563000" desc="强化任意1件装备等级达到90级" doneType="63" doneCondition="1:90" LimitTime="-1" Award="0:920001:180#0:921001:360#0:900002:100" />
<XianshiHuodong id="1563018" BigId="1563000" desc="强化任意1件装备等级达到95级" doneType="63" doneCondition="1:95" LimitTime="-1" Award="0:920001:190#0:921001:380#0:900002:105" />
<XianshiHuodong id="1563019" BigId="1563000" desc="强化任意1件装备等级达到100级" doneType="63" doneCondition="1:100" LimitTime="-1" Award="0:920001:200#0:921001:400#0:900002:110" />
<XianshiHuodong id="1520001" BigId="1520000" desc="任意1件将魂等级达到10级" doneType="20" doneCondition="1:10" LimitTime="-1" Award="0:900001:5000#0:900002:20" />
<XianshiHuodong id="1520002" BigId="1520000" desc="任意1件将魂等级达到15级" doneType="20" doneCondition="1:15" LimitTime="-1" Award="0:900001:10000#0:900002:25" />
<XianshiHuodong id="1520003" BigId="1520000" desc="任意1件将魂等级达到20级" doneType="20" doneCondition="1:20" LimitTime="-1" Award="0:900001:15000#0:900002:30" />
<XianshiHuodong id="1520004" BigId="1520000" desc="任意1件将魂等级达到25级" doneType="20" doneCondition="1:25" LimitTime="-1" Award="0:900001:20000#0:900002:35" />
<XianshiHuodong id="1520005" BigId="1520000" desc="任意1件将魂等级达到30级" doneType="20" doneCondition="1:30" LimitTime="-1" Award="0:900001:30000#0:900002:40" />
<XianshiHuodong id="1520006" BigId="1520000" desc="任意1件将魂等级达到35级" doneType="20" doneCondition="1:35" LimitTime="-1" Award="0:900001:40000#0:900002:45" />
<XianshiHuodong id="1520007" BigId="1520000" desc="任意1件将魂等级达到40级" doneType="20" doneCondition="1:40" LimitTime="-1" Award="0:900001:60000#0:900002:50" />
<XianshiHuodong id="1520008" BigId="1520000" desc="任意1件将魂等级达到45级" doneType="20" doneCondition="1:45" LimitTime="-1" Award="0:900001:80000#0:900002:55" />
<XianshiHuodong id="1520009" BigId="1520000" desc="任意1件将魂等级达到50级" doneType="20" doneCondition="1:50" LimitTime="-1" Award="0:900001:100000#0:900002:60" />
<XianshiHuodong id="1520010" BigId="1520000" desc="任意1件将魂等级达到55级" doneType="20" doneCondition="1:55" LimitTime="-1" Award="0:900001:120000#0:900002:65" />
<XianshiHuodong id="1520011" BigId="1520000" desc="任意1件将魂等级达到60级" doneType="20" doneCondition="1:60" LimitTime="-1" Award="0:900001:140000#0:900002:70" />
<XianshiHuodong id="1520012" BigId="1520000" desc="任意1件将魂等级达到65级" doneType="20" doneCondition="1:65" LimitTime="-1" Award="0:900001:160000#0:900002:75" />
<XianshiHuodong id="1520013" BigId="1520000" desc="任意1件将魂等级达到70级" doneType="20" doneCondition="1:70" LimitTime="-1" Award="0:900001:180000#0:900002:80" />
<XianshiHuodong id="1520014" BigId="1520000" desc="任意1件将魂等级达到75级" doneType="20" doneCondition="1:75" LimitTime="-1" Award="0:900001:200000#0:900002:85" />
<XianshiHuodong id="1520015" BigId="1520000" desc="任意1件将魂等级达到80级" doneType="20" doneCondition="1:80" LimitTime="-1" Award="0:900001:220000#0:900002:90" />
<XianshiHuodong id="1520016" BigId="1520000" desc="任意1件将魂等级达到85级" doneType="20" doneCondition="1:85" LimitTime="-1" Award="0:900001:240000#0:900002:95" />
<XianshiHuodong id="1520017" BigId="1520000" desc="任意1件将魂等级达到90级" doneType="20" doneCondition="1:90" LimitTime="-1" Award="0:900001:260000#0:900002:100" />
<XianshiHuodong id="1520018" BigId="1520000" desc="任意1件将魂等级达到95级" doneType="20" doneCondition="1:95" LimitTime="-1" Award="0:900001:280000#0:900002:105" />
<XianshiHuodong id="1520019" BigId="1520000" desc="任意1件将魂等级达到100级" doneType="20" doneCondition="1:100" LimitTime="-1" Award="0:900001:300000#0:900002:110" />
<XianshiHuodong id="1521001" BigId="1521000" desc="任意2件将魂星级级达到2星" doneType="68" doneCondition="2:2" LimitTime="-1" Award="0:900001:5000#0:900002:20" />
<XianshiHuodong id="1521002" BigId="1521000" desc="任意3件将魂星级级达到2星" doneType="68" doneCondition="3:2" LimitTime="-1" Award="0:900001:10000#0:900002:30" />
<XianshiHuodong id="1521003" BigId="1521000" desc="任意1件将魂星级级达到3星" doneType="68" doneCondition="1:3" LimitTime="-1" Award="0:900001:15000#0:900003:50" />
<XianshiHuodong id="1521004" BigId="1521000" desc="任意4件将魂星级级达到2星" doneType="68" doneCondition="4:2" LimitTime="-1" Award="0:900001:20000#0:900002:40" />
<XianshiHuodong id="1521005" BigId="1521000" desc="任意2件将魂星级级达到3星" doneType="68" doneCondition="2:3" LimitTime="-1" Award="0:900001:30000#0:900003:50" />
<XianshiHuodong id="1521006" BigId="1521000" desc="任意5件将魂星级级达到2星" doneType="68" doneCondition="5:2" LimitTime="-1" Award="0:900001:40000#0:900002:50" />
<XianshiHuodong id="1521007" BigId="1521000" desc="任意3件将魂星级级达到3星" doneType="68" doneCondition="3:3" LimitTime="-1" Award="0:900001:60000#0:900003:60" />
<XianshiHuodong id="1521008" BigId="1521000" desc="任意6件将魂星级级达到2星" doneType="68" doneCondition="6:2" LimitTime="-1" Award="0:900001:80000#0:900002:60" />
<XianshiHuodong id="1521009" BigId="1521000" desc="任意4件将魂星级级达到3星" doneType="68" doneCondition="4:3" LimitTime="-1" Award="0:900001:100000#0:900003:60" />
<XianshiHuodong id="1521010" BigId="1521000" desc="任意7件将魂星级级达到2星" doneType="68" doneCondition="7:2" LimitTime="-1" Award="0:900001:120000#0:900002:70" />
<XianshiHuodong id="1521011" BigId="1521000" desc="任意5件将魂星级级达到3星" doneType="68" doneCondition="5:3" LimitTime="-1" Award="0:900001:140000#0:900003:70" />
<XianshiHuodong id="1521012" BigId="1521000" desc="任意8件将魂星级级达到2星" doneType="68" doneCondition="8:2" LimitTime="-1" Award="0:900001:160000#0:900002:80" />
<XianshiHuodong id="1521013" BigId="1521000" desc="任意6件将魂星级级达到3星" doneType="68" doneCondition="6:3" LimitTime="-1" Award="0:900001:180000#0:900003:70" />
<XianshiHuodong id="1521014" BigId="1521000" desc="任意9件将魂星级级达到2星" doneType="68" doneCondition="9:2" LimitTime="-1" Award="0:900001:200000#0:900002:90" />
<XianshiHuodong id="1521015" BigId="1521000" desc="任意1件将魂星级级达到4星" doneType="68" doneCondition="1:4" LimitTime="-1" Award="0:900001:220000#0:900003:80" />
<XianshiHuodong id="1521016" BigId="1521000" desc="任意10件将魂星级级达到2星" doneType="68" doneCondition="10:2" LimitTime="-1" Award="0:900001:240000#0:900002:100" />
<XianshiHuodong id="1521017" BigId="1521000" desc="任意7件将魂星级级达到3星" doneType="68" doneCondition="7:3" LimitTime="-1" Award="0:900001:260000#0:900003:80" />
<XianshiHuodong id="1521018" BigId="1521000" desc="任意11件将魂星级级达到2星" doneType="68" doneCondition="11:2" LimitTime="-1" Award="0:900001:280000#0:900002:110" />
<XianshiHuodong id="1521019" BigId="1521000" desc="任意8件将魂星级级达到3星" doneType="68" doneCondition="8:3" LimitTime="-1" Award="0:900001:300000#0:900003:90" />
<XianshiHuodong id="1521020" BigId="1521000" desc="任意12件将魂星级级达到2星" doneType="68" doneCondition="12:2" LimitTime="-1" Award="0:900001:350000#0:900002:120" />
<XianshiHuodong id="1521021" BigId="1521000" desc="任意2件将魂星级级达到4星" doneType="68" doneCondition="2:4" LimitTime="-1" Award="0:900001:400000#0:900003:90" />
<XianshiHuodong id="1519001" BigId="1519000" desc="获得任意2件将魂" doneType="19" doneCondition="2" LimitTime="-1" Award="0:900001:2000#0:900002:30" />
<XianshiHuodong id="1519002" BigId="1519000" desc="获得任意3件将魂" doneType="19" doneCondition="3" LimitTime="-1" Award="0:900001:5000#0:900002:30" />
<XianshiHuodong id="1519003" BigId="1519000" desc="获得任意4件将魂" doneType="19" doneCondition="4" LimitTime="-1" Award="0:900001:10000#0:900002:40" />
<XianshiHuodong id="1519004" BigId="1519000" desc="获得任意5件将魂" doneType="19" doneCondition="5" LimitTime="-1" Award="0:900001:15000#0:900002:40" />
<XianshiHuodong id="1519005" BigId="1519000" desc="获得任意6件将魂" doneType="19" doneCondition="6" LimitTime="-1" Award="0:900001:20000#0:900002:50" />
<XianshiHuodong id="1519006" BigId="1519000" desc="获得任意7件将魂" doneType="19" doneCondition="7" LimitTime="-1" Award="0:900001:30000#0:900002:50" />
<XianshiHuodong id="1519007" BigId="1519000" desc="获得任意8件将魂" doneType="19" doneCondition="8" LimitTime="-1" Award="0:900001:40000#0:900002:60" />
<XianshiHuodong id="1519008" BigId="1519000" desc="获得任意9件将魂" doneType="19" doneCondition="9" LimitTime="-1" Award="0:900001:60000#0:900002:60" />
<XianshiHuodong id="1519009" BigId="1519000" desc="获得任意10件将魂" doneType="19" doneCondition="10" LimitTime="-1" Award="0:900001:80000#0:900002:70" />
<XianshiHuodong id="1519010" BigId="1519000" desc="获得任意11件将魂" doneType="19" doneCondition="11" LimitTime="-1" Award="0:900001:100000#0:900002:70" />
<XianshiHuodong id="1519011" BigId="1519000" desc="获得任意12件将魂" doneType="19" doneCondition="12" LimitTime="-1" Award="0:900001:120000#0:900002:80" />
<XianshiHuodong id="1519012" BigId="1519000" desc="获得任意13件将魂" doneType="19" doneCondition="13" LimitTime="-1" Award="0:900001:140000#0:900002:80" />
<XianshiHuodong id="1519013" BigId="1519000" desc="获得任意14件将魂" doneType="19" doneCondition="14" LimitTime="-1" Award="0:900001:160000#0:900002:90" />
<XianshiHuodong id="1519014" BigId="1519000" desc="获得任意15件将魂" doneType="19" doneCondition="15" LimitTime="-1" Award="0:900001:180000#0:900002:90" />
<XianshiHuodong id="1519015" BigId="1519000" desc="获得任意16件将魂" doneType="19" doneCondition="16" LimitTime="-1" Award="0:900001:200000#0:900002:100" />
<XianshiHuodong id="1519016" BigId="1519000" desc="获得任意17件将魂" doneType="19" doneCondition="17" LimitTime="-1" Award="0:900001:220000#0:900002:100" />
<XianshiHuodong id="1519017" BigId="1519000" desc="获得任意18件将魂" doneType="19" doneCondition="18" LimitTime="-1" Award="0:900001:240000#0:900002:110" />
<XianshiHuodong id="1519018" BigId="1519000" desc="获得任意19件将魂" doneType="19" doneCondition="19" LimitTime="-1" Award="0:900001:260000#0:900002:110" />
<XianshiHuodong id="1519019" BigId="1519000" desc="获得任意20件将魂" doneType="19" doneCondition="20" LimitTime="-1" Award="0:900001:280000#0:900002:120" />
<XianshiHuodong id="1519020" BigId="1519000" desc="获得任意21件将魂" doneType="19" doneCondition="21" LimitTime="-1" Award="0:900001:300000#0:900002:120" />
<XianshiHuodong id="1605001" BigId="1605000" desc="激活绿色一阶秘术" doneType="105" doneCondition="1" LimitTime="-1" Award="0:920001:20#0:921001:40#0:900002:30" />
<XianshiHuodong id="1605002" BigId="1605000" desc="激活蓝色一阶秘术" doneType="105" doneCondition="2" LimitTime="-1" Award="0:920001:40#0:921001:80#0:900002:30" />
<XianshiHuodong id="1605003" BigId="1605000" desc="激活蓝色二阶秘术" doneType="105" doneCondition="3" LimitTime="-1" Award="0:920001:60#0:921001:120#0:900002:40" />
<XianshiHuodong id="1605004" BigId="1605000" desc="激活紫色一阶秘术" doneType="105" doneCondition="4" LimitTime="-1" Award="0:920001:80#0:921001:160#0:900002:40" />
<XianshiHuodong id="1605005" BigId="1605000" desc="激活紫色二阶秘术" doneType="105" doneCondition="5" LimitTime="-1" Award="0:920001:100#0:921001:200#0:900002:50" />
<XianshiHuodong id="1605006" BigId="1605000" desc="激活紫色三阶秘术" doneType="105" doneCondition="6" LimitTime="-1" Award="0:920001:120#0:921001:240#0:900002:50" />
<XianshiHuodong id="1611001" BigId="1611000" desc="通关千重楼第10层" doneType="111" doneCondition="10" LimitTime="-1" Award="0:920001:20#0:921001:40#0:900002:30" />
<XianshiHuodong id="1611002" BigId="1611000" desc="通关千重楼第20层" doneType="111" doneCondition="20" LimitTime="-1" Award="0:900018:600#0:900019:600#0:900002:30" />
<XianshiHuodong id="1611003" BigId="1611000" desc="通关千重楼第30层" doneType="111" doneCondition="30" LimitTime="-1" Award="0:920001:60#0:921001:120#0:900002:40" />
<XianshiHuodong id="1611004" BigId="1611000" desc="通关千重楼第40层" doneType="111" doneCondition="40" LimitTime="-1" Award="0:900018:1200#0:900019:1200#0:900002:40" />
<XianshiHuodong id="1611005" BigId="1611000" desc="通关千重楼第50层" doneType="111" doneCondition="50" LimitTime="-1" Award="0:920001:100#0:921001:200#0:900002:50" />
<XianshiHuodong id="1611006" BigId="1611000" desc="通关千重楼第60层" doneType="111" doneCondition="60" LimitTime="-1" Award="0:900018:1800#0:900019:1800#0:900002:50" />
<XianshiHuodong id="1611007" BigId="1611000" desc="通关千重楼第70层" doneType="111" doneCondition="70" LimitTime="-1" Award="0:920001:140#0:921001:280#0:900002:60" />
<XianshiHuodong id="1611008" BigId="1611000" desc="通关千重楼第80层" doneType="111" doneCondition="80" LimitTime="-1" Award="0:900018:2400#0:900019:2400#0:900002:60" />
<XianshiHuodong id="1611009" BigId="1611000" desc="通关千重楼第90层" doneType="111" doneCondition="90" LimitTime="-1" Award="0:920001:180#0:921001:360#0:900002:70" />
<XianshiHuodong id="1611010" BigId="1611000" desc="通关千重楼第100层" doneType="111" doneCondition="100" LimitTime="-1" Award="0:900018:3000#0:900019:3000#0:900002:70" />
</dataset>