<?xml version="1.0" encoding="UTF-8"?>
<dataset>
<XilianShuxing ZhuangbeiID="101001" Shuxing1="A" Shuxing2="E" Shuxing3="C" Shuxing4="G" />
<XilianShuxing ZhuangbeiID="101002" Shuxing1="E" Shuxing2="A" Shuxing3="G" Shuxing4="C" />
<XilianShuxing ZhuangbeiID="101003" Shuxing1="A" Shuxing2="E" Shuxing3="C" Shuxing4="G" />
<XilianShuxing ZhuangbeiID="101101" Shuxing1="E" Shuxing2="F" Shuxing3="G" Shuxing4="H" />
<XilianShuxing ZhuangbeiID="101102" Shuxing1="E" Shuxing2="F" Shuxing3="G" Shuxing4="H" />
<XilianShuxing ZhuangbeiID="101103" Shuxing1="B" Shuxing2="F" Shuxing3="D" Shuxing4="H" />
<XilianShuxing ZhuangbeiID="101104" Shuxing1="B" Shuxing2="A" Shuxing3="D" Shuxing4="C" />
<XilianShuxing ZhuangbeiID="101105" Shuxing1="F" Shuxing2="B" Shuxing3="H" Shuxing4="D" />
<XilianShuxing ZhuangbeiID="101106" Shuxing1="F" Shuxing2="B" Shuxing3="H" Shuxing4="D" />
<XilianShuxing ZhuangbeiID="102001" Shuxing1="A" Shuxing2="E" Shuxing3="C" Shuxing4="G" />
<XilianShuxing ZhuangbeiID="102002" Shuxing1="E" Shuxing2="A" Shuxing3="G" Shuxing4="C" />
<XilianShuxing ZhuangbeiID="102003" Shuxing1="A" Shuxing2="E" Shuxing3="C" Shuxing4="G" />
<XilianShuxing ZhuangbeiID="102101" Shuxing1="E" Shuxing2="F" Shuxing3="G" Shuxing4="H" />
<XilianShuxing ZhuangbeiID="102102" Shuxing1="E" Shuxing2="F" Shuxing3="G" Shuxing4="H" />
<XilianShuxing ZhuangbeiID="102103" Shuxing1="B" Shuxing2="F" Shuxing3="D" Shuxing4="H" />
<XilianShuxing ZhuangbeiID="102104" Shuxing1="B" Shuxing2="A" Shuxing3="D" Shuxing4="C" />
<XilianShuxing ZhuangbeiID="102105" Shuxing1="F" Shuxing2="B" Shuxing3="H" Shuxing4="D" />
<XilianShuxing ZhuangbeiID="102106" Shuxing1="F" Shuxing2="B" Shuxing3="H" Shuxing4="D" />
<XilianShuxing ZhuangbeiID="103001" Shuxing1="A" Shuxing2="E" Shuxing3="C" Shuxing4="G" />
<XilianShuxing ZhuangbeiID="103002" Shuxing1="E" Shuxing2="A" Shuxing3="G" Shuxing4="C" />
<XilianShuxing ZhuangbeiID="103003" Shuxing1="A" Shuxing2="E" Shuxing3="C" Shuxing4="G" />
<XilianShuxing ZhuangbeiID="103101" Shuxing1="E" Shuxing2="F" Shuxing3="G" Shuxing4="H" />
<XilianShuxing ZhuangbeiID="103102" Shuxing1="E" Shuxing2="F" Shuxing3="G" Shuxing4="H" />
<XilianShuxing ZhuangbeiID="103103" Shuxing1="B" Shuxing2="F" Shuxing3="D" Shuxing4="H" />
<XilianShuxing ZhuangbeiID="103104" Shuxing1="B" Shuxing2="A" Shuxing3="D" Shuxing4="C" />
<XilianShuxing ZhuangbeiID="103105" Shuxing1="F" Shuxing2="B" Shuxing3="H" Shuxing4="D" />
<XilianShuxing ZhuangbeiID="103106" Shuxing1="F" Shuxing2="B" Shuxing3="H" Shuxing4="D" />
<XilianShuxing ZhuangbeiID="104001" Shuxing1="A" Shuxing2="E" Shuxing3="C" Shuxing4="G" />
<XilianShuxing ZhuangbeiID="104002" Shuxing1="E" Shuxing2="A" Shuxing3="G" Shuxing4="C" />
<XilianShuxing ZhuangbeiID="104003" Shuxing1="A" Shuxing2="E" Shuxing3="C" Shuxing4="G" />
<XilianShuxing ZhuangbeiID="104101" Shuxing1="E" Shuxing2="F" Shuxing3="G" Shuxing4="H" />
<XilianShuxing ZhuangbeiID="104102" Shuxing1="E" Shuxing2="F" Shuxing3="G" Shuxing4="H" />
<XilianShuxing ZhuangbeiID="104103" Shuxing1="B" Shuxing2="F" Shuxing3="D" Shuxing4="H" />
<XilianShuxing ZhuangbeiID="104104" Shuxing1="B" Shuxing2="A" Shuxing3="D" Shuxing4="C" />
<XilianShuxing ZhuangbeiID="104105" Shuxing1="F" Shuxing2="B" Shuxing3="H" Shuxing4="D" />
<XilianShuxing ZhuangbeiID="104106" Shuxing1="F" Shuxing2="B" Shuxing3="H" Shuxing4="D" />
<XilianShuxing ZhuangbeiID="105001" Shuxing1="A" Shuxing2="E" Shuxing3="C" Shuxing4="G" />
<XilianShuxing ZhuangbeiID="105002" Shuxing1="E" Shuxing2="A" Shuxing3="G" Shuxing4="C" />
<XilianShuxing ZhuangbeiID="105003" Shuxing1="A" Shuxing2="E" Shuxing3="C" Shuxing4="G" />
<XilianShuxing ZhuangbeiID="105101" Shuxing1="E" Shuxing2="F" Shuxing3="G" Shuxing4="H" />
<XilianShuxing ZhuangbeiID="105102" Shuxing1="E" Shuxing2="F" Shuxing3="G" Shuxing4="H" />
<XilianShuxing ZhuangbeiID="105103" Shuxing1="B" Shuxing2="F" Shuxing3="D" Shuxing4="H" />
<XilianShuxing ZhuangbeiID="105104" Shuxing1="B" Shuxing2="A" Shuxing3="D" Shuxing4="C" />
<XilianShuxing ZhuangbeiID="105105" Shuxing1="F" Shuxing2="B" Shuxing3="H" Shuxing4="D" />
<XilianShuxing ZhuangbeiID="105106" Shuxing1="F" Shuxing2="B" Shuxing3="H" Shuxing4="D" />
<XilianShuxing ZhuangbeiID="106001" Shuxing1="A" Shuxing2="E" Shuxing3="C" Shuxing4="G" />
<XilianShuxing ZhuangbeiID="106002" Shuxing1="E" Shuxing2="A" Shuxing3="G" Shuxing4="C" />
<XilianShuxing ZhuangbeiID="106003" Shuxing1="A" Shuxing2="E" Shuxing3="C" Shuxing4="G" />
<XilianShuxing ZhuangbeiID="106101" Shuxing1="E" Shuxing2="F" Shuxing3="G" Shuxing4="H" />
<XilianShuxing ZhuangbeiID="106102" Shuxing1="E" Shuxing2="F" Shuxing3="G" Shuxing4="H" />
<XilianShuxing ZhuangbeiID="106103" Shuxing1="B" Shuxing2="F" Shuxing3="D" Shuxing4="H" />
<XilianShuxing ZhuangbeiID="106104" Shuxing1="B" Shuxing2="A" Shuxing3="D" Shuxing4="C" />
<XilianShuxing ZhuangbeiID="106105" Shuxing1="F" Shuxing2="B" Shuxing3="H" Shuxing4="D" />
<XilianShuxing ZhuangbeiID="106106" Shuxing1="F" Shuxing2="B" Shuxing3="H" Shuxing4="D" />
<XilianShuxing ZhuangbeiID="107001" Shuxing1="A" Shuxing2="E" Shuxing3="C" Shuxing4="G" />
<XilianShuxing ZhuangbeiID="107002" Shuxing1="E" Shuxing2="A" Shuxing3="G" Shuxing4="C" />
<XilianShuxing ZhuangbeiID="107003" Shuxing1="A" Shuxing2="E" Shuxing3="C" Shuxing4="G" />
<XilianShuxing ZhuangbeiID="107101" Shuxing1="E" Shuxing2="F" Shuxing3="G" Shuxing4="H" />
<XilianShuxing ZhuangbeiID="107102" Shuxing1="E" Shuxing2="F" Shuxing3="G" Shuxing4="H" />
<XilianShuxing ZhuangbeiID="107103" Shuxing1="B" Shuxing2="F" Shuxing3="D" Shuxing4="H" />
<XilianShuxing ZhuangbeiID="107104" Shuxing1="B" Shuxing2="A" Shuxing3="D" Shuxing4="C" />
<XilianShuxing ZhuangbeiID="107105" Shuxing1="F" Shuxing2="B" Shuxing3="H" Shuxing4="D" />
<XilianShuxing ZhuangbeiID="107106" Shuxing1="F" Shuxing2="B" Shuxing3="H" Shuxing4="D" />
<XilianShuxing ZhuangbeiID="108001" Shuxing1="A" Shuxing2="E" Shuxing3="C" Shuxing4="G" />
<XilianShuxing ZhuangbeiID="108002" Shuxing1="E" Shuxing2="A" Shuxing3="G" Shuxing4="C" />
<XilianShuxing ZhuangbeiID="108003" Shuxing1="A" Shuxing2="E" Shuxing3="C" Shuxing4="G" />
<XilianShuxing ZhuangbeiID="108101" Shuxing1="E" Shuxing2="F" Shuxing3="G" Shuxing4="H" />
<XilianShuxing ZhuangbeiID="108102" Shuxing1="E" Shuxing2="F" Shuxing3="G" Shuxing4="H" />
<XilianShuxing ZhuangbeiID="108103" Shuxing1="B" Shuxing2="F" Shuxing3="D" Shuxing4="H" />
<XilianShuxing ZhuangbeiID="108104" Shuxing1="B" Shuxing2="A" Shuxing3="D" Shuxing4="C" />
<XilianShuxing ZhuangbeiID="108105" Shuxing1="F" Shuxing2="B" Shuxing3="H" Shuxing4="D" />
<XilianShuxing ZhuangbeiID="108106" Shuxing1="F" Shuxing2="B" Shuxing3="H" Shuxing4="D" />
<XilianShuxing ZhuangbeiID="109001" Shuxing1="A" Shuxing2="E" Shuxing3="C" Shuxing4="G" />
<XilianShuxing ZhuangbeiID="109002" Shuxing1="E" Shuxing2="A" Shuxing3="G" Shuxing4="C" />
<XilianShuxing ZhuangbeiID="109003" Shuxing1="A" Shuxing2="E" Shuxing3="C" Shuxing4="G" />
<XilianShuxing ZhuangbeiID="109101" Shuxing1="E" Shuxing2="F" Shuxing3="G" Shuxing4="H" />
<XilianShuxing ZhuangbeiID="109102" Shuxing1="E" Shuxing2="F" Shuxing3="G" Shuxing4="H" />
<XilianShuxing ZhuangbeiID="109103" Shuxing1="B" Shuxing2="F" Shuxing3="D" Shuxing4="H" />
<XilianShuxing ZhuangbeiID="109104" Shuxing1="B" Shuxing2="A" Shuxing3="D" Shuxing4="C" />
<XilianShuxing ZhuangbeiID="109105" Shuxing1="F" Shuxing2="B" Shuxing3="H" Shuxing4="D" />
<XilianShuxing ZhuangbeiID="109106" Shuxing1="F" Shuxing2="B" Shuxing3="H" Shuxing4="D" />
<XilianShuxing ZhuangbeiID="110001" Shuxing1="A" Shuxing2="E" Shuxing3="C" Shuxing4="G" />
<XilianShuxing ZhuangbeiID="110002" Shuxing1="E" Shuxing2="A" Shuxing3="G" Shuxing4="C" />
<XilianShuxing ZhuangbeiID="110003" Shuxing1="A" Shuxing2="E" Shuxing3="C" Shuxing4="G" />
<XilianShuxing ZhuangbeiID="110101" Shuxing1="E" Shuxing2="F" Shuxing3="G" Shuxing4="H" />
<XilianShuxing ZhuangbeiID="110102" Shuxing1="E" Shuxing2="F" Shuxing3="G" Shuxing4="H" />
<XilianShuxing ZhuangbeiID="110103" Shuxing1="B" Shuxing2="F" Shuxing3="D" Shuxing4="H" />
<XilianShuxing ZhuangbeiID="110104" Shuxing1="B" Shuxing2="A" Shuxing3="D" Shuxing4="C" />
<XilianShuxing ZhuangbeiID="110105" Shuxing1="F" Shuxing2="B" Shuxing3="H" Shuxing4="D" />
<XilianShuxing ZhuangbeiID="110106" Shuxing1="F" Shuxing2="B" Shuxing3="H" Shuxing4="D" />
<XilianShuxing ZhuangbeiID="111001" Shuxing1="A" Shuxing2="E" Shuxing3="C" Shuxing4="G" />
<XilianShuxing ZhuangbeiID="111002" Shuxing1="E" Shuxing2="A" Shuxing3="G" Shuxing4="C" />
<XilianShuxing ZhuangbeiID="111003" Shuxing1="A" Shuxing2="E" Shuxing3="C" Shuxing4="G" />
<XilianShuxing ZhuangbeiID="111101" Shuxing1="E" Shuxing2="F" Shuxing3="G" Shuxing4="H" />
<XilianShuxing ZhuangbeiID="111102" Shuxing1="E" Shuxing2="F" Shuxing3="G" Shuxing4="H" />
<XilianShuxing ZhuangbeiID="111103" Shuxing1="B" Shuxing2="F" Shuxing3="D" Shuxing4="H" />
<XilianShuxing ZhuangbeiID="111104" Shuxing1="B" Shuxing2="A" Shuxing3="D" Shuxing4="C" />
<XilianShuxing ZhuangbeiID="111105" Shuxing1="F" Shuxing2="B" Shuxing3="H" Shuxing4="D" />
<XilianShuxing ZhuangbeiID="111106" Shuxing1="F" Shuxing2="B" Shuxing3="H" Shuxing4="D" />
</dataset>