<?xml version="1.0" encoding="UTF-8"?>
<dataset>
<Xilian typeID="1001" value="-9" gailv="0" />
<Xilian typeID="1001" value="-6" gailv="0" />
<Xilian typeID="1001" value="-3" gailv="0" />
<Xilian typeID="1001" value="3" gailv="7500" />
<Xilian typeID="1001" value="6" gailv="2000" />
<Xilian typeID="1001" value="9" gailv="500" />
<Xilian typeID="1002" value="-9" gailv="500" />
<Xilian typeID="1002" value="-6" gailv="1300" />
<Xilian typeID="1002" value="-3" gailv="2000" />
<Xilian typeID="1002" value="3" gailv="3500" />
<Xilian typeID="1002" value="6" gailv="2200" />
<Xilian typeID="1002" value="9" gailv="500" />
<Xilian typeID="1003" value="-9" gailv="1000" />
<Xilian typeID="1003" value="-6" gailv="1500" />
<Xilian typeID="1003" value="-3" gailv="3000" />
<Xilian typeID="1003" value="3" gailv="3000" />
<Xilian typeID="1003" value="6" gailv="1500" />
<Xilian typeID="1003" value="9" gailv="0" />
<Xilian typeID="1004" value="-9" gailv="1300" />
<Xilian typeID="1004" value="-6" gailv="1700" />
<Xilian typeID="1004" value="-3" gailv="2800" />
<Xilian typeID="1004" value="3" gailv="2800" />
<Xilian typeID="1004" value="6" gailv="1400" />
<Xilian typeID="1004" value="9" gailv="0" />
<Xilian typeID="1005" value="-9" gailv="1600" />
<Xilian typeID="1005" value="-6" gailv="1900" />
<Xilian typeID="1005" value="-3" gailv="2600" />
<Xilian typeID="1005" value="3" gailv="2600" />
<Xilian typeID="1005" value="6" gailv="1300" />
<Xilian typeID="1005" value="9" gailv="0" />
<Xilian typeID="1006" value="-9" gailv="1900" />
<Xilian typeID="1006" value="-6" gailv="2100" />
<Xilian typeID="1006" value="-3" gailv="2400" />
<Xilian typeID="1006" value="3" gailv="2400" />
<Xilian typeID="1006" value="6" gailv="1200" />
<Xilian typeID="1006" value="9" gailv="0" />
<Xilian typeID="1007" value="-9" gailv="2200" />
<Xilian typeID="1007" value="-6" gailv="2300" />
<Xilian typeID="1007" value="-3" gailv="2200" />
<Xilian typeID="1007" value="3" gailv="2200" />
<Xilian typeID="1007" value="6" gailv="1100" />
<Xilian typeID="1007" value="9" gailv="0" />
<Xilian typeID="1008" value="-9" gailv="2500" />
<Xilian typeID="1008" value="-6" gailv="2500" />
<Xilian typeID="1008" value="-3" gailv="2000" />
<Xilian typeID="1008" value="3" gailv="2000" />
<Xilian typeID="1008" value="6" gailv="1000" />
<Xilian typeID="1008" value="9" gailv="0" />
<Xilian typeID="1009" value="-9" gailv="2800" />
<Xilian typeID="1009" value="-6" gailv="2700" />
<Xilian typeID="1009" value="-3" gailv="1800" />
<Xilian typeID="1009" value="3" gailv="1800" />
<Xilian typeID="1009" value="6" gailv="900" />
<Xilian typeID="1009" value="9" gailv="0" />
<Xilian typeID="1010" value="-9" gailv="3100" />
<Xilian typeID="1010" value="-6" gailv="2900" />
<Xilian typeID="1010" value="-3" gailv="1600" />
<Xilian typeID="1010" value="3" gailv="1600" />
<Xilian typeID="1010" value="6" gailv="800" />
<Xilian typeID="1010" value="9" gailv="0" />
<Xilian typeID="2001" value="-9" gailv="0" />
<Xilian typeID="2001" value="-6" gailv="0" />
<Xilian typeID="2001" value="-3" gailv="0" />
<Xilian typeID="2001" value="3" gailv="4500" />
<Xilian typeID="2001" value="6" gailv="3000" />
<Xilian typeID="2001" value="9" gailv="2500" />
<Xilian typeID="2002" value="-9" gailv="0" />
<Xilian typeID="2002" value="-6" gailv="1000" />
<Xilian typeID="2002" value="-3" gailv="1500" />
<Xilian typeID="2002" value="3" gailv="3500" />
<Xilian typeID="2002" value="6" gailv="2500" />
<Xilian typeID="2002" value="9" gailv="1500" />
<Xilian typeID="2003" value="-9" gailv="0" />
<Xilian typeID="2003" value="-6" gailv="1100" />
<Xilian typeID="2003" value="-3" gailv="2000" />
<Xilian typeID="2003" value="3" gailv="4000" />
<Xilian typeID="2003" value="6" gailv="2100" />
<Xilian typeID="2003" value="9" gailv="800" />
<Xilian typeID="2004" value="-9" gailv="200" />
<Xilian typeID="2004" value="-6" gailv="1400" />
<Xilian typeID="2004" value="-3" gailv="2300" />
<Xilian typeID="2004" value="3" gailv="3600" />
<Xilian typeID="2004" value="6" gailv="1900" />
<Xilian typeID="2004" value="9" gailv="600" />
<Xilian typeID="2005" value="-9" gailv="400" />
<Xilian typeID="2005" value="-6" gailv="1700" />
<Xilian typeID="2005" value="-3" gailv="2600" />
<Xilian typeID="2005" value="3" gailv="3200" />
<Xilian typeID="2005" value="6" gailv="1700" />
<Xilian typeID="2005" value="9" gailv="400" />
<Xilian typeID="2006" value="-9" gailv="600" />
<Xilian typeID="2006" value="-6" gailv="2000" />
<Xilian typeID="2006" value="-3" gailv="2900" />
<Xilian typeID="2006" value="3" gailv="2800" />
<Xilian typeID="2006" value="6" gailv="1500" />
<Xilian typeID="2006" value="9" gailv="200" />
<Xilian typeID="2007" value="-9" gailv="900" />
<Xilian typeID="2007" value="-6" gailv="2400" />
<Xilian typeID="2007" value="-3" gailv="3000" />
<Xilian typeID="2007" value="3" gailv="2400" />
<Xilian typeID="2007" value="6" gailv="1300" />
<Xilian typeID="2007" value="9" gailv="0" />
<Xilian typeID="2008" value="-9" gailv="1200" />
<Xilian typeID="2008" value="-6" gailv="2700" />
<Xilian typeID="2008" value="-3" gailv="3000" />
<Xilian typeID="2008" value="3" gailv="2000" />
<Xilian typeID="2008" value="6" gailv="1100" />
<Xilian typeID="2008" value="9" gailv="0" />
<Xilian typeID="2009" value="-9" gailv="1500" />
<Xilian typeID="2009" value="-6" gailv="3000" />
<Xilian typeID="2009" value="-3" gailv="3000" />
<Xilian typeID="2009" value="3" gailv="1600" />
<Xilian typeID="2009" value="6" gailv="900" />
<Xilian typeID="2009" value="9" gailv="0" />
<Xilian typeID="2010" value="-9" gailv="1800" />
<Xilian typeID="2010" value="-6" gailv="3300" />
<Xilian typeID="2010" value="-3" gailv="3000" />
<Xilian typeID="2010" value="3" gailv="1200" />
<Xilian typeID="2010" value="6" gailv="700" />
<Xilian typeID="2010" value="9" gailv="0" />
<Xilian typeID="3" value="1" gailv="4000" />
<Xilian typeID="3" value="2" gailv="3000" />
<Xilian typeID="3" value="3" gailv="2500" />
<Xilian typeID="3" value="10" gailv="500" />
</dataset>