<?xml version="1.0" encoding="UTF-8"?>
<dataset>
<Xilianzhi ID="1" Xilianzhi="1" QujianID="1" Prob="10000" />
<Xilianzhi ID="2" Xilianzhi="2" QujianID="1" Prob="20000" />
<Xilianzhi ID="3" Xilianzhi="3" QujianID="1" Prob="30000" />
<Xilianzhi ID="4" Xilianzhi="4" QujianID="1" Prob="40000" />
<Xilianzhi ID="5" Xilianzhi="5" QujianID="1" Prob="50000" />
<Xilianzhi ID="6" Xilianzhi="6" QujianID="1" Prob="60000" />
<Xilianzhi ID="7" Xilianzhi="7" QujianID="1" Prob="70000" />
<Xilianzhi ID="8" Xilianzhi="8" QujianID="1" Prob="80000" />
<Xilianzhi ID="9" Xilianzhi="9" QujianID="1" Prob="90000" />
<Xilianzhi ID="10" Xilianzhi="10" QujianID="1" Prob="100000" />
<Xilianzhi ID="11" Xilianzhi="11" QujianID="2" Prob="5000" />
<Xilianzhi ID="12" Xilianzhi="12" QujianID="2" Prob="10000" />
<Xilianzhi ID="13" Xilianzhi="13" QujianID="2" Prob="15000" />
<Xilianzhi ID="14" Xilianzhi="14" QujianID="2" Prob="20000" />
<Xilianzhi ID="15" Xilianzhi="15" QujianID="2" Prob="25000" />
<Xilianzhi ID="16" Xilianzhi="16" QujianID="2" Prob="30000" />
<Xilianzhi ID="17" Xilianzhi="17" QujianID="2" Prob="35000" />
<Xilianzhi ID="18" Xilianzhi="18" QujianID="2" Prob="40000" />
<Xilianzhi ID="19" Xilianzhi="19" QujianID="2" Prob="45000" />
<Xilianzhi ID="20" Xilianzhi="20" QujianID="2" Prob="50000" />
<Xilianzhi ID="21" Xilianzhi="21" QujianID="2" Prob="55000" />
<Xilianzhi ID="22" Xilianzhi="22" QujianID="2" Prob="60000" />
<Xilianzhi ID="23" Xilianzhi="23" QujianID="2" Prob="65000" />
<Xilianzhi ID="24" Xilianzhi="24" QujianID="2" Prob="70000" />
<Xilianzhi ID="25" Xilianzhi="25" QujianID="2" Prob="75000" />
<Xilianzhi ID="26" Xilianzhi="26" QujianID="2" Prob="80000" />
<Xilianzhi ID="27" Xilianzhi="27" QujianID="2" Prob="85000" />
<Xilianzhi ID="28" Xilianzhi="28" QujianID="2" Prob="90000" />
<Xilianzhi ID="29" Xilianzhi="29" QujianID="2" Prob="95000" />
<Xilianzhi ID="30" Xilianzhi="30" QujianID="2" Prob="100000" />
<Xilianzhi ID="31" Xilianzhi="31" QujianID="3" Prob="1111" />
<Xilianzhi ID="32" Xilianzhi="32" QujianID="3" Prob="2222" />
<Xilianzhi ID="33" Xilianzhi="33" QujianID="3" Prob="3333" />
<Xilianzhi ID="34" Xilianzhi="34" QujianID="3" Prob="4444" />
<Xilianzhi ID="35" Xilianzhi="35" QujianID="3" Prob="5556" />
<Xilianzhi ID="36" Xilianzhi="36" QujianID="3" Prob="6667" />
<Xilianzhi ID="37" Xilianzhi="37" QujianID="3" Prob="7778" />
<Xilianzhi ID="38" Xilianzhi="38" QujianID="3" Prob="8889" />
<Xilianzhi ID="39" Xilianzhi="39" QujianID="3" Prob="10000" />
<Xilianzhi ID="40" Xilianzhi="40" QujianID="3" Prob="11111" />
<Xilianzhi ID="41" Xilianzhi="41" QujianID="3" Prob="12222" />
<Xilianzhi ID="42" Xilianzhi="42" QujianID="3" Prob="13333" />
<Xilianzhi ID="43" Xilianzhi="43" QujianID="3" Prob="14444" />
<Xilianzhi ID="44" Xilianzhi="44" QujianID="3" Prob="15556" />
<Xilianzhi ID="45" Xilianzhi="45" QujianID="3" Prob="16667" />
<Xilianzhi ID="46" Xilianzhi="46" QujianID="3" Prob="17778" />
<Xilianzhi ID="47" Xilianzhi="47" QujianID="3" Prob="18889" />
<Xilianzhi ID="48" Xilianzhi="48" QujianID="3" Prob="20000" />
<Xilianzhi ID="49" Xilianzhi="49" QujianID="3" Prob="21111" />
<Xilianzhi ID="50" Xilianzhi="50" QujianID="3" Prob="22222" />
<Xilianzhi ID="51" Xilianzhi="51" QujianID="3" Prob="23333" />
<Xilianzhi ID="52" Xilianzhi="52" QujianID="3" Prob="24444" />
<Xilianzhi ID="53" Xilianzhi="53" QujianID="3" Prob="25556" />
<Xilianzhi ID="54" Xilianzhi="54" QujianID="3" Prob="26667" />
<Xilianzhi ID="55" Xilianzhi="55" QujianID="3" Prob="27778" />
<Xilianzhi ID="56" Xilianzhi="56" QujianID="3" Prob="28889" />
<Xilianzhi ID="57" Xilianzhi="57" QujianID="3" Prob="30000" />
<Xilianzhi ID="58" Xilianzhi="58" QujianID="3" Prob="31111" />
<Xilianzhi ID="59" Xilianzhi="59" QujianID="3" Prob="32222" />
<Xilianzhi ID="60" Xilianzhi="60" QujianID="3" Prob="33333" />
<Xilianzhi ID="61" Xilianzhi="61" QujianID="3" Prob="34444" />
<Xilianzhi ID="62" Xilianzhi="62" QujianID="3" Prob="35556" />
<Xilianzhi ID="63" Xilianzhi="63" QujianID="3" Prob="36667" />
<Xilianzhi ID="64" Xilianzhi="64" QujianID="3" Prob="37778" />
<Xilianzhi ID="65" Xilianzhi="65" QujianID="3" Prob="38889" />
<Xilianzhi ID="66" Xilianzhi="66" QujianID="3" Prob="40000" />
<Xilianzhi ID="67" Xilianzhi="67" QujianID="3" Prob="41111" />
<Xilianzhi ID="68" Xilianzhi="68" QujianID="3" Prob="42222" />
<Xilianzhi ID="69" Xilianzhi="69" QujianID="3" Prob="43333" />
<Xilianzhi ID="70" Xilianzhi="70" QujianID="3" Prob="44444" />
<Xilianzhi ID="71" Xilianzhi="71" QujianID="3" Prob="45556" />
<Xilianzhi ID="72" Xilianzhi="72" QujianID="3" Prob="46667" />
<Xilianzhi ID="73" Xilianzhi="73" QujianID="3" Prob="47778" />
<Xilianzhi ID="74" Xilianzhi="74" QujianID="3" Prob="48889" />
<Xilianzhi ID="75" Xilianzhi="75" QujianID="3" Prob="50000" />
<Xilianzhi ID="76" Xilianzhi="76" QujianID="3" Prob="51111" />
<Xilianzhi ID="77" Xilianzhi="77" QujianID="3" Prob="52222" />
<Xilianzhi ID="78" Xilianzhi="78" QujianID="3" Prob="53333" />
<Xilianzhi ID="79" Xilianzhi="79" QujianID="3" Prob="54444" />
<Xilianzhi ID="80" Xilianzhi="80" QujianID="3" Prob="55556" />
<Xilianzhi ID="81" Xilianzhi="81" QujianID="3" Prob="56667" />
<Xilianzhi ID="82" Xilianzhi="82" QujianID="3" Prob="57778" />
<Xilianzhi ID="83" Xilianzhi="83" QujianID="3" Prob="58889" />
<Xilianzhi ID="84" Xilianzhi="84" QujianID="3" Prob="60000" />
<Xilianzhi ID="85" Xilianzhi="85" QujianID="3" Prob="61111" />
<Xilianzhi ID="86" Xilianzhi="86" QujianID="3" Prob="62222" />
<Xilianzhi ID="87" Xilianzhi="87" QujianID="3" Prob="63333" />
<Xilianzhi ID="88" Xilianzhi="88" QujianID="3" Prob="64444" />
<Xilianzhi ID="89" Xilianzhi="89" QujianID="3" Prob="65556" />
<Xilianzhi ID="90" Xilianzhi="90" QujianID="3" Prob="66667" />
<Xilianzhi ID="91" Xilianzhi="91" QujianID="3" Prob="67778" />
<Xilianzhi ID="92" Xilianzhi="92" QujianID="3" Prob="68889" />
<Xilianzhi ID="93" Xilianzhi="93" QujianID="3" Prob="70000" />
<Xilianzhi ID="94" Xilianzhi="94" QujianID="3" Prob="71111" />
<Xilianzhi ID="95" Xilianzhi="95" QujianID="3" Prob="72222" />
<Xilianzhi ID="96" Xilianzhi="96" QujianID="3" Prob="73333" />
<Xilianzhi ID="97" Xilianzhi="97" QujianID="3" Prob="74444" />
<Xilianzhi ID="98" Xilianzhi="98" QujianID="3" Prob="75556" />
<Xilianzhi ID="99" Xilianzhi="99" QujianID="3" Prob="76667" />
<Xilianzhi ID="100" Xilianzhi="100" QujianID="3" Prob="77778" />
<Xilianzhi ID="101" Xilianzhi="101" QujianID="3" Prob="78889" />
<Xilianzhi ID="102" Xilianzhi="102" QujianID="3" Prob="80000" />
<Xilianzhi ID="103" Xilianzhi="103" QujianID="3" Prob="81111" />
<Xilianzhi ID="104" Xilianzhi="104" QujianID="3" Prob="82222" />
<Xilianzhi ID="105" Xilianzhi="105" QujianID="3" Prob="83333" />
<Xilianzhi ID="106" Xilianzhi="106" QujianID="3" Prob="84444" />
<Xilianzhi ID="107" Xilianzhi="107" QujianID="3" Prob="85556" />
<Xilianzhi ID="108" Xilianzhi="108" QujianID="3" Prob="86667" />
<Xilianzhi ID="109" Xilianzhi="109" QujianID="3" Prob="87778" />
<Xilianzhi ID="110" Xilianzhi="110" QujianID="3" Prob="88889" />
<Xilianzhi ID="111" Xilianzhi="111" QujianID="3" Prob="90000" />
<Xilianzhi ID="112" Xilianzhi="112" QujianID="3" Prob="91111" />
<Xilianzhi ID="113" Xilianzhi="113" QujianID="3" Prob="92222" />
<Xilianzhi ID="114" Xilianzhi="114" QujianID="3" Prob="93333" />
<Xilianzhi ID="115" Xilianzhi="115" QujianID="3" Prob="94444" />
<Xilianzhi ID="116" Xilianzhi="116" QujianID="3" Prob="95556" />
<Xilianzhi ID="117" Xilianzhi="117" QujianID="3" Prob="96667" />
<Xilianzhi ID="118" Xilianzhi="118" QujianID="3" Prob="97778" />
<Xilianzhi ID="119" Xilianzhi="119" QujianID="3" Prob="98889" />
<Xilianzhi ID="120" Xilianzhi="120" QujianID="3" Prob="100000" />
</dataset>