<?xml version="1.0" encoding="UTF-8"?>
<dataset>
<YouxiaSaodangTemp id="101001" GuanqiaId="300101" HighestScore="1" MaxScore="80" SaodangAward="0:900001:22702" />
<YouxiaSaodangTemp id="101002" GuanqiaId="300101" HighestScore="2" MaxScore="80" SaodangAward="0:900001:23120" />
<YouxiaSaodangTemp id="101003" GuanqiaId="300101" HighestScore="3" MaxScore="80" SaodangAward="0:900001:23538" />
<YouxiaSaodangTemp id="101004" GuanqiaId="300101" HighestScore="4" MaxScore="80" SaodangAward="0:900001:23956" />
<YouxiaSaodangTemp id="101005" GuanqiaId="300101" HighestScore="5" MaxScore="80" SaodangAward="0:900001:24374" />
<YouxiaSaodangTemp id="101006" GuanqiaId="300101" HighestScore="6" MaxScore="80" SaodangAward="0:900001:24792" />
<YouxiaSaodangTemp id="101007" GuanqiaId="300101" HighestScore="7" MaxScore="80" SaodangAward="0:900001:25210" />
<YouxiaSaodangTemp id="101008" GuanqiaId="300101" HighestScore="8" MaxScore="80" SaodangAward="0:900001:25628" />
<YouxiaSaodangTemp id="101009" GuanqiaId="300101" HighestScore="9" MaxScore="80" SaodangAward="0:900001:26046" />
<YouxiaSaodangTemp id="101010" GuanqiaId="300101" HighestScore="10" MaxScore="80" SaodangAward="0:900001:26464" />
<YouxiaSaodangTemp id="101011" GuanqiaId="300101" HighestScore="11" MaxScore="80" SaodangAward="0:900001:26882" />
<YouxiaSaodangTemp id="101012" GuanqiaId="300101" HighestScore="12" MaxScore="80" SaodangAward="0:900001:27300" />
<YouxiaSaodangTemp id="101013" GuanqiaId="300101" HighestScore="13" MaxScore="80" SaodangAward="0:900001:27718" />
<YouxiaSaodangTemp id="101014" GuanqiaId="300101" HighestScore="14" MaxScore="80" SaodangAward="0:900001:28136" />
<YouxiaSaodangTemp id="101015" GuanqiaId="300101" HighestScore="15" MaxScore="80" SaodangAward="0:900001:28554" />
<YouxiaSaodangTemp id="101016" GuanqiaId="300101" HighestScore="16" MaxScore="80" SaodangAward="0:900001:28972" />
<YouxiaSaodangTemp id="101017" GuanqiaId="300101" HighestScore="17" MaxScore="80" SaodangAward="0:900001:29390" />
<YouxiaSaodangTemp id="101018" GuanqiaId="300101" HighestScore="18" MaxScore="80" SaodangAward="0:900001:29808" />
<YouxiaSaodangTemp id="101019" GuanqiaId="300101" HighestScore="19" MaxScore="80" SaodangAward="0:900001:30226" />
<YouxiaSaodangTemp id="101020" GuanqiaId="300101" HighestScore="20" MaxScore="80" SaodangAward="0:900001:30644" />
<YouxiaSaodangTemp id="101021" GuanqiaId="300101" HighestScore="21" MaxScore="80" SaodangAward="0:900001:31062" />
<YouxiaSaodangTemp id="101022" GuanqiaId="300101" HighestScore="22" MaxScore="80" SaodangAward="0:900001:31480" />
<YouxiaSaodangTemp id="101023" GuanqiaId="300101" HighestScore="23" MaxScore="80" SaodangAward="0:900001:31898" />
<YouxiaSaodangTemp id="101024" GuanqiaId="300101" HighestScore="24" MaxScore="80" SaodangAward="0:900001:32316" />
<YouxiaSaodangTemp id="101025" GuanqiaId="300101" HighestScore="25" MaxScore="80" SaodangAward="0:900001:32734" />
<YouxiaSaodangTemp id="101026" GuanqiaId="300101" HighestScore="26" MaxScore="80" SaodangAward="0:900001:33152" />
<YouxiaSaodangTemp id="101027" GuanqiaId="300101" HighestScore="27" MaxScore="80" SaodangAward="0:900001:33570" />
<YouxiaSaodangTemp id="101028" GuanqiaId="300101" HighestScore="28" MaxScore="80" SaodangAward="0:900001:33988" />
<YouxiaSaodangTemp id="101029" GuanqiaId="300101" HighestScore="29" MaxScore="80" SaodangAward="0:900001:34406" />
<YouxiaSaodangTemp id="101030" GuanqiaId="300101" HighestScore="30" MaxScore="80" SaodangAward="0:900001:34824" />
<YouxiaSaodangTemp id="101031" GuanqiaId="300101" HighestScore="31" MaxScore="80" SaodangAward="0:900001:35242" />
<YouxiaSaodangTemp id="101032" GuanqiaId="300101" HighestScore="32" MaxScore="80" SaodangAward="0:900001:35660" />
<YouxiaSaodangTemp id="101033" GuanqiaId="300101" HighestScore="33" MaxScore="80" SaodangAward="0:900001:36078" />
<YouxiaSaodangTemp id="101034" GuanqiaId="300101" HighestScore="34" MaxScore="80" SaodangAward="0:900001:36496" />
<YouxiaSaodangTemp id="101035" GuanqiaId="300101" HighestScore="35" MaxScore="80" SaodangAward="0:900001:36914" />
<YouxiaSaodangTemp id="101036" GuanqiaId="300101" HighestScore="36" MaxScore="80" SaodangAward="0:900001:37332" />
<YouxiaSaodangTemp id="101037" GuanqiaId="300101" HighestScore="37" MaxScore="80" SaodangAward="0:900001:37750" />
<YouxiaSaodangTemp id="101038" GuanqiaId="300101" HighestScore="38" MaxScore="80" SaodangAward="0:900001:38168" />
<YouxiaSaodangTemp id="101039" GuanqiaId="300101" HighestScore="39" MaxScore="80" SaodangAward="0:900001:38586" />
<YouxiaSaodangTemp id="101040" GuanqiaId="300101" HighestScore="40" MaxScore="80" SaodangAward="0:900001:39004" />
<YouxiaSaodangTemp id="101041" GuanqiaId="300101" HighestScore="41" MaxScore="80" SaodangAward="0:900001:39422" />
<YouxiaSaodangTemp id="101042" GuanqiaId="300101" HighestScore="42" MaxScore="80" SaodangAward="0:900001:39840" />
<YouxiaSaodangTemp id="101043" GuanqiaId="300101" HighestScore="43" MaxScore="80" SaodangAward="0:900001:40258" />
<YouxiaSaodangTemp id="101044" GuanqiaId="300101" HighestScore="44" MaxScore="80" SaodangAward="0:900001:40676" />
<YouxiaSaodangTemp id="101045" GuanqiaId="300101" HighestScore="45" MaxScore="80" SaodangAward="0:900001:41094" />
<YouxiaSaodangTemp id="101046" GuanqiaId="300101" HighestScore="46" MaxScore="80" SaodangAward="0:900001:41512" />
<YouxiaSaodangTemp id="101047" GuanqiaId="300101" HighestScore="47" MaxScore="80" SaodangAward="0:900001:41930" />
<YouxiaSaodangTemp id="101048" GuanqiaId="300101" HighestScore="48" MaxScore="80" SaodangAward="0:900001:42348" />
<YouxiaSaodangTemp id="101049" GuanqiaId="300101" HighestScore="49" MaxScore="80" SaodangAward="0:900001:42766" />
<YouxiaSaodangTemp id="101050" GuanqiaId="300101" HighestScore="50" MaxScore="80" SaodangAward="0:900001:43184" />
<YouxiaSaodangTemp id="101051" GuanqiaId="300101" HighestScore="51" MaxScore="80" SaodangAward="0:900001:43602" />
<YouxiaSaodangTemp id="101052" GuanqiaId="300101" HighestScore="52" MaxScore="80" SaodangAward="0:900001:44020" />
<YouxiaSaodangTemp id="101053" GuanqiaId="300101" HighestScore="53" MaxScore="80" SaodangAward="0:900001:44438" />
<YouxiaSaodangTemp id="101054" GuanqiaId="300101" HighestScore="54" MaxScore="80" SaodangAward="0:900001:44856" />
<YouxiaSaodangTemp id="101055" GuanqiaId="300101" HighestScore="55" MaxScore="80" SaodangAward="0:900001:45274" />
<YouxiaSaodangTemp id="101056" GuanqiaId="300101" HighestScore="56" MaxScore="80" SaodangAward="0:900001:45692" />
<YouxiaSaodangTemp id="101057" GuanqiaId="300101" HighestScore="57" MaxScore="80" SaodangAward="0:900001:46110" />
<YouxiaSaodangTemp id="101058" GuanqiaId="300101" HighestScore="58" MaxScore="80" SaodangAward="0:900001:46528" />
<YouxiaSaodangTemp id="101059" GuanqiaId="300101" HighestScore="59" MaxScore="80" SaodangAward="0:900001:46946" />
<YouxiaSaodangTemp id="101060" GuanqiaId="300101" HighestScore="60" MaxScore="80" SaodangAward="0:900001:47364" />
<YouxiaSaodangTemp id="101061" GuanqiaId="300101" HighestScore="61" MaxScore="80" SaodangAward="0:900001:47782" />
<YouxiaSaodangTemp id="101062" GuanqiaId="300101" HighestScore="62" MaxScore="80" SaodangAward="0:900001:48200" />
<YouxiaSaodangTemp id="101063" GuanqiaId="300101" HighestScore="63" MaxScore="80" SaodangAward="0:900001:48618" />
<YouxiaSaodangTemp id="101064" GuanqiaId="300101" HighestScore="64" MaxScore="80" SaodangAward="0:900001:49036" />
<YouxiaSaodangTemp id="101065" GuanqiaId="300101" HighestScore="65" MaxScore="80" SaodangAward="0:900001:49454" />
<YouxiaSaodangTemp id="101066" GuanqiaId="300101" HighestScore="66" MaxScore="80" SaodangAward="0:900001:49872" />
<YouxiaSaodangTemp id="101067" GuanqiaId="300101" HighestScore="67" MaxScore="80" SaodangAward="0:900001:50290" />
<YouxiaSaodangTemp id="101068" GuanqiaId="300101" HighestScore="68" MaxScore="80" SaodangAward="0:900001:50708" />
<YouxiaSaodangTemp id="101069" GuanqiaId="300101" HighestScore="69" MaxScore="80" SaodangAward="0:900001:51126" />
<YouxiaSaodangTemp id="101070" GuanqiaId="300101" HighestScore="70" MaxScore="80" SaodangAward="0:900001:51544" />
<YouxiaSaodangTemp id="101071" GuanqiaId="300101" HighestScore="71" MaxScore="80" SaodangAward="0:900001:51962" />
<YouxiaSaodangTemp id="101072" GuanqiaId="300101" HighestScore="72" MaxScore="80" SaodangAward="0:900001:52380" />
<YouxiaSaodangTemp id="101073" GuanqiaId="300101" HighestScore="73" MaxScore="80" SaodangAward="0:900001:52798" />
<YouxiaSaodangTemp id="101074" GuanqiaId="300101" HighestScore="74" MaxScore="80" SaodangAward="0:900001:53216" />
<YouxiaSaodangTemp id="101075" GuanqiaId="300101" HighestScore="75" MaxScore="80" SaodangAward="0:900001:53634" />
<YouxiaSaodangTemp id="101076" GuanqiaId="300101" HighestScore="76" MaxScore="80" SaodangAward="0:900001:54052" />
<YouxiaSaodangTemp id="101077" GuanqiaId="300101" HighestScore="77" MaxScore="80" SaodangAward="0:900001:54470" />
<YouxiaSaodangTemp id="101078" GuanqiaId="300101" HighestScore="78" MaxScore="80" SaodangAward="0:900001:54888" />
<YouxiaSaodangTemp id="101079" GuanqiaId="300101" HighestScore="79" MaxScore="80" SaodangAward="0:900001:55306" />
<YouxiaSaodangTemp id="101080" GuanqiaId="300101" HighestScore="80" MaxScore="80" SaodangAward="0:900001:55724" />
<YouxiaSaodangTemp id="102001" GuanqiaId="300102" HighestScore="1" MaxScore="80" SaodangAward="0:900001:25783" />
<YouxiaSaodangTemp id="102002" GuanqiaId="300102" HighestScore="2" MaxScore="80" SaodangAward="0:900001:26258" />
<YouxiaSaodangTemp id="102003" GuanqiaId="300102" HighestScore="3" MaxScore="80" SaodangAward="0:900001:26733" />
<YouxiaSaodangTemp id="102004" GuanqiaId="300102" HighestScore="4" MaxScore="80" SaodangAward="0:900001:27208" />
<YouxiaSaodangTemp id="102005" GuanqiaId="300102" HighestScore="5" MaxScore="80" SaodangAward="0:900001:27683" />
<YouxiaSaodangTemp id="102006" GuanqiaId="300102" HighestScore="6" MaxScore="80" SaodangAward="0:900001:28158" />
<YouxiaSaodangTemp id="102007" GuanqiaId="300102" HighestScore="7" MaxScore="80" SaodangAward="0:900001:28633" />
<YouxiaSaodangTemp id="102008" GuanqiaId="300102" HighestScore="8" MaxScore="80" SaodangAward="0:900001:29108" />
<YouxiaSaodangTemp id="102009" GuanqiaId="300102" HighestScore="9" MaxScore="80" SaodangAward="0:900001:29583" />
<YouxiaSaodangTemp id="102010" GuanqiaId="300102" HighestScore="10" MaxScore="80" SaodangAward="0:900001:30058" />
<YouxiaSaodangTemp id="102011" GuanqiaId="300102" HighestScore="11" MaxScore="80" SaodangAward="0:900001:30533" />
<YouxiaSaodangTemp id="102012" GuanqiaId="300102" HighestScore="12" MaxScore="80" SaodangAward="0:900001:31008" />
<YouxiaSaodangTemp id="102013" GuanqiaId="300102" HighestScore="13" MaxScore="80" SaodangAward="0:900001:31483" />
<YouxiaSaodangTemp id="102014" GuanqiaId="300102" HighestScore="14" MaxScore="80" SaodangAward="0:900001:31958" />
<YouxiaSaodangTemp id="102015" GuanqiaId="300102" HighestScore="15" MaxScore="80" SaodangAward="0:900001:32433" />
<YouxiaSaodangTemp id="102016" GuanqiaId="300102" HighestScore="16" MaxScore="80" SaodangAward="0:900001:32908" />
<YouxiaSaodangTemp id="102017" GuanqiaId="300102" HighestScore="17" MaxScore="80" SaodangAward="0:900001:33383" />
<YouxiaSaodangTemp id="102018" GuanqiaId="300102" HighestScore="18" MaxScore="80" SaodangAward="0:900001:33858" />
<YouxiaSaodangTemp id="102019" GuanqiaId="300102" HighestScore="19" MaxScore="80" SaodangAward="0:900001:34333" />
<YouxiaSaodangTemp id="102020" GuanqiaId="300102" HighestScore="20" MaxScore="80" SaodangAward="0:900001:34808" />
<YouxiaSaodangTemp id="102021" GuanqiaId="300102" HighestScore="21" MaxScore="80" SaodangAward="0:900001:35283" />
<YouxiaSaodangTemp id="102022" GuanqiaId="300102" HighestScore="22" MaxScore="80" SaodangAward="0:900001:35758" />
<YouxiaSaodangTemp id="102023" GuanqiaId="300102" HighestScore="23" MaxScore="80" SaodangAward="0:900001:36233" />
<YouxiaSaodangTemp id="102024" GuanqiaId="300102" HighestScore="24" MaxScore="80" SaodangAward="0:900001:36708" />
<YouxiaSaodangTemp id="102025" GuanqiaId="300102" HighestScore="25" MaxScore="80" SaodangAward="0:900001:37183" />
<YouxiaSaodangTemp id="102026" GuanqiaId="300102" HighestScore="26" MaxScore="80" SaodangAward="0:900001:37658" />
<YouxiaSaodangTemp id="102027" GuanqiaId="300102" HighestScore="27" MaxScore="80" SaodangAward="0:900001:38133" />
<YouxiaSaodangTemp id="102028" GuanqiaId="300102" HighestScore="28" MaxScore="80" SaodangAward="0:900001:38608" />
<YouxiaSaodangTemp id="102029" GuanqiaId="300102" HighestScore="29" MaxScore="80" SaodangAward="0:900001:39083" />
<YouxiaSaodangTemp id="102030" GuanqiaId="300102" HighestScore="30" MaxScore="80" SaodangAward="0:900001:39558" />
<YouxiaSaodangTemp id="102031" GuanqiaId="300102" HighestScore="31" MaxScore="80" SaodangAward="0:900001:40033" />
<YouxiaSaodangTemp id="102032" GuanqiaId="300102" HighestScore="32" MaxScore="80" SaodangAward="0:900001:40508" />
<YouxiaSaodangTemp id="102033" GuanqiaId="300102" HighestScore="33" MaxScore="80" SaodangAward="0:900001:40983" />
<YouxiaSaodangTemp id="102034" GuanqiaId="300102" HighestScore="34" MaxScore="80" SaodangAward="0:900001:41458" />
<YouxiaSaodangTemp id="102035" GuanqiaId="300102" HighestScore="35" MaxScore="80" SaodangAward="0:900001:41933" />
<YouxiaSaodangTemp id="102036" GuanqiaId="300102" HighestScore="36" MaxScore="80" SaodangAward="0:900001:42408" />
<YouxiaSaodangTemp id="102037" GuanqiaId="300102" HighestScore="37" MaxScore="80" SaodangAward="0:900001:42883" />
<YouxiaSaodangTemp id="102038" GuanqiaId="300102" HighestScore="38" MaxScore="80" SaodangAward="0:900001:43358" />
<YouxiaSaodangTemp id="102039" GuanqiaId="300102" HighestScore="39" MaxScore="80" SaodangAward="0:900001:43833" />
<YouxiaSaodangTemp id="102040" GuanqiaId="300102" HighestScore="40" MaxScore="80" SaodangAward="0:900001:44308" />
<YouxiaSaodangTemp id="102041" GuanqiaId="300102" HighestScore="41" MaxScore="80" SaodangAward="0:900001:44783" />
<YouxiaSaodangTemp id="102042" GuanqiaId="300102" HighestScore="42" MaxScore="80" SaodangAward="0:900001:45258" />
<YouxiaSaodangTemp id="102043" GuanqiaId="300102" HighestScore="43" MaxScore="80" SaodangAward="0:900001:45733" />
<YouxiaSaodangTemp id="102044" GuanqiaId="300102" HighestScore="44" MaxScore="80" SaodangAward="0:900001:46208" />
<YouxiaSaodangTemp id="102045" GuanqiaId="300102" HighestScore="45" MaxScore="80" SaodangAward="0:900001:46683" />
<YouxiaSaodangTemp id="102046" GuanqiaId="300102" HighestScore="46" MaxScore="80" SaodangAward="0:900001:47158" />
<YouxiaSaodangTemp id="102047" GuanqiaId="300102" HighestScore="47" MaxScore="80" SaodangAward="0:900001:47633" />
<YouxiaSaodangTemp id="102048" GuanqiaId="300102" HighestScore="48" MaxScore="80" SaodangAward="0:900001:48108" />
<YouxiaSaodangTemp id="102049" GuanqiaId="300102" HighestScore="49" MaxScore="80" SaodangAward="0:900001:48583" />
<YouxiaSaodangTemp id="102050" GuanqiaId="300102" HighestScore="50" MaxScore="80" SaodangAward="0:900001:49058" />
<YouxiaSaodangTemp id="102051" GuanqiaId="300102" HighestScore="51" MaxScore="80" SaodangAward="0:900001:49533" />
<YouxiaSaodangTemp id="102052" GuanqiaId="300102" HighestScore="52" MaxScore="80" SaodangAward="0:900001:50008" />
<YouxiaSaodangTemp id="102053" GuanqiaId="300102" HighestScore="53" MaxScore="80" SaodangAward="0:900001:50483" />
<YouxiaSaodangTemp id="102054" GuanqiaId="300102" HighestScore="54" MaxScore="80" SaodangAward="0:900001:50958" />
<YouxiaSaodangTemp id="102055" GuanqiaId="300102" HighestScore="55" MaxScore="80" SaodangAward="0:900001:51433" />
<YouxiaSaodangTemp id="102056" GuanqiaId="300102" HighestScore="56" MaxScore="80" SaodangAward="0:900001:51908" />
<YouxiaSaodangTemp id="102057" GuanqiaId="300102" HighestScore="57" MaxScore="80" SaodangAward="0:900001:52383" />
<YouxiaSaodangTemp id="102058" GuanqiaId="300102" HighestScore="58" MaxScore="80" SaodangAward="0:900001:52858" />
<YouxiaSaodangTemp id="102059" GuanqiaId="300102" HighestScore="59" MaxScore="80" SaodangAward="0:900001:53333" />
<YouxiaSaodangTemp id="102060" GuanqiaId="300102" HighestScore="60" MaxScore="80" SaodangAward="0:900001:53808" />
<YouxiaSaodangTemp id="102061" GuanqiaId="300102" HighestScore="61" MaxScore="80" SaodangAward="0:900001:54283" />
<YouxiaSaodangTemp id="102062" GuanqiaId="300102" HighestScore="62" MaxScore="80" SaodangAward="0:900001:54758" />
<YouxiaSaodangTemp id="102063" GuanqiaId="300102" HighestScore="63" MaxScore="80" SaodangAward="0:900001:55233" />
<YouxiaSaodangTemp id="102064" GuanqiaId="300102" HighestScore="64" MaxScore="80" SaodangAward="0:900001:55708" />
<YouxiaSaodangTemp id="102065" GuanqiaId="300102" HighestScore="65" MaxScore="80" SaodangAward="0:900001:56183" />
<YouxiaSaodangTemp id="102066" GuanqiaId="300102" HighestScore="66" MaxScore="80" SaodangAward="0:900001:56658" />
<YouxiaSaodangTemp id="102067" GuanqiaId="300102" HighestScore="67" MaxScore="80" SaodangAward="0:900001:57133" />
<YouxiaSaodangTemp id="102068" GuanqiaId="300102" HighestScore="68" MaxScore="80" SaodangAward="0:900001:57608" />
<YouxiaSaodangTemp id="102069" GuanqiaId="300102" HighestScore="69" MaxScore="80" SaodangAward="0:900001:58083" />
<YouxiaSaodangTemp id="102070" GuanqiaId="300102" HighestScore="70" MaxScore="80" SaodangAward="0:900001:58558" />
<YouxiaSaodangTemp id="102071" GuanqiaId="300102" HighestScore="71" MaxScore="80" SaodangAward="0:900001:59033" />
<YouxiaSaodangTemp id="102072" GuanqiaId="300102" HighestScore="72" MaxScore="80" SaodangAward="0:900001:59508" />
<YouxiaSaodangTemp id="102073" GuanqiaId="300102" HighestScore="73" MaxScore="80" SaodangAward="0:900001:59983" />
<YouxiaSaodangTemp id="102074" GuanqiaId="300102" HighestScore="74" MaxScore="80" SaodangAward="0:900001:60458" />
<YouxiaSaodangTemp id="102075" GuanqiaId="300102" HighestScore="75" MaxScore="80" SaodangAward="0:900001:60933" />
<YouxiaSaodangTemp id="102076" GuanqiaId="300102" HighestScore="76" MaxScore="80" SaodangAward="0:900001:61408" />
<YouxiaSaodangTemp id="102077" GuanqiaId="300102" HighestScore="77" MaxScore="80" SaodangAward="0:900001:61883" />
<YouxiaSaodangTemp id="102078" GuanqiaId="300102" HighestScore="78" MaxScore="80" SaodangAward="0:900001:62358" />
<YouxiaSaodangTemp id="102079" GuanqiaId="300102" HighestScore="79" MaxScore="80" SaodangAward="0:900001:62833" />
<YouxiaSaodangTemp id="102080" GuanqiaId="300102" HighestScore="80" MaxScore="80" SaodangAward="0:900001:63308" />
<YouxiaSaodangTemp id="103001" GuanqiaId="300103" HighestScore="1" MaxScore="80" SaodangAward="0:900001:29047" />
<YouxiaSaodangTemp id="103002" GuanqiaId="300103" HighestScore="2" MaxScore="80" SaodangAward="0:900001:29582" />
<YouxiaSaodangTemp id="103003" GuanqiaId="300103" HighestScore="3" MaxScore="80" SaodangAward="0:900001:30117" />
<YouxiaSaodangTemp id="103004" GuanqiaId="300103" HighestScore="4" MaxScore="80" SaodangAward="0:900001:30652" />
<YouxiaSaodangTemp id="103005" GuanqiaId="300103" HighestScore="5" MaxScore="80" SaodangAward="0:900001:31187" />
<YouxiaSaodangTemp id="103006" GuanqiaId="300103" HighestScore="6" MaxScore="80" SaodangAward="0:900001:31722" />
<YouxiaSaodangTemp id="103007" GuanqiaId="300103" HighestScore="7" MaxScore="80" SaodangAward="0:900001:32257" />
<YouxiaSaodangTemp id="103008" GuanqiaId="300103" HighestScore="8" MaxScore="80" SaodangAward="0:900001:32792" />
<YouxiaSaodangTemp id="103009" GuanqiaId="300103" HighestScore="9" MaxScore="80" SaodangAward="0:900001:33327" />
<YouxiaSaodangTemp id="103010" GuanqiaId="300103" HighestScore="10" MaxScore="80" SaodangAward="0:900001:33862" />
<YouxiaSaodangTemp id="103011" GuanqiaId="300103" HighestScore="11" MaxScore="80" SaodangAward="0:900001:34397" />
<YouxiaSaodangTemp id="103012" GuanqiaId="300103" HighestScore="12" MaxScore="80" SaodangAward="0:900001:34932" />
<YouxiaSaodangTemp id="103013" GuanqiaId="300103" HighestScore="13" MaxScore="80" SaodangAward="0:900001:35467" />
<YouxiaSaodangTemp id="103014" GuanqiaId="300103" HighestScore="14" MaxScore="80" SaodangAward="0:900001:36002" />
<YouxiaSaodangTemp id="103015" GuanqiaId="300103" HighestScore="15" MaxScore="80" SaodangAward="0:900001:36537" />
<YouxiaSaodangTemp id="103016" GuanqiaId="300103" HighestScore="16" MaxScore="80" SaodangAward="0:900001:37072" />
<YouxiaSaodangTemp id="103017" GuanqiaId="300103" HighestScore="17" MaxScore="80" SaodangAward="0:900001:37607" />
<YouxiaSaodangTemp id="103018" GuanqiaId="300103" HighestScore="18" MaxScore="80" SaodangAward="0:900001:38142" />
<YouxiaSaodangTemp id="103019" GuanqiaId="300103" HighestScore="19" MaxScore="80" SaodangAward="0:900001:38677" />
<YouxiaSaodangTemp id="103020" GuanqiaId="300103" HighestScore="20" MaxScore="80" SaodangAward="0:900001:39212" />
<YouxiaSaodangTemp id="103021" GuanqiaId="300103" HighestScore="21" MaxScore="80" SaodangAward="0:900001:39747" />
<YouxiaSaodangTemp id="103022" GuanqiaId="300103" HighestScore="22" MaxScore="80" SaodangAward="0:900001:40282" />
<YouxiaSaodangTemp id="103023" GuanqiaId="300103" HighestScore="23" MaxScore="80" SaodangAward="0:900001:40817" />
<YouxiaSaodangTemp id="103024" GuanqiaId="300103" HighestScore="24" MaxScore="80" SaodangAward="0:900001:41352" />
<YouxiaSaodangTemp id="103025" GuanqiaId="300103" HighestScore="25" MaxScore="80" SaodangAward="0:900001:41887" />
<YouxiaSaodangTemp id="103026" GuanqiaId="300103" HighestScore="26" MaxScore="80" SaodangAward="0:900001:42422" />
<YouxiaSaodangTemp id="103027" GuanqiaId="300103" HighestScore="27" MaxScore="80" SaodangAward="0:900001:42957" />
<YouxiaSaodangTemp id="103028" GuanqiaId="300103" HighestScore="28" MaxScore="80" SaodangAward="0:900001:43492" />
<YouxiaSaodangTemp id="103029" GuanqiaId="300103" HighestScore="29" MaxScore="80" SaodangAward="0:900001:44027" />
<YouxiaSaodangTemp id="103030" GuanqiaId="300103" HighestScore="30" MaxScore="80" SaodangAward="0:900001:44562" />
<YouxiaSaodangTemp id="103031" GuanqiaId="300103" HighestScore="31" MaxScore="80" SaodangAward="0:900001:45097" />
<YouxiaSaodangTemp id="103032" GuanqiaId="300103" HighestScore="32" MaxScore="80" SaodangAward="0:900001:45632" />
<YouxiaSaodangTemp id="103033" GuanqiaId="300103" HighestScore="33" MaxScore="80" SaodangAward="0:900001:46167" />
<YouxiaSaodangTemp id="103034" GuanqiaId="300103" HighestScore="34" MaxScore="80" SaodangAward="0:900001:46702" />
<YouxiaSaodangTemp id="103035" GuanqiaId="300103" HighestScore="35" MaxScore="80" SaodangAward="0:900001:47237" />
<YouxiaSaodangTemp id="103036" GuanqiaId="300103" HighestScore="36" MaxScore="80" SaodangAward="0:900001:47772" />
<YouxiaSaodangTemp id="103037" GuanqiaId="300103" HighestScore="37" MaxScore="80" SaodangAward="0:900001:48307" />
<YouxiaSaodangTemp id="103038" GuanqiaId="300103" HighestScore="38" MaxScore="80" SaodangAward="0:900001:48842" />
<YouxiaSaodangTemp id="103039" GuanqiaId="300103" HighestScore="39" MaxScore="80" SaodangAward="0:900001:49377" />
<YouxiaSaodangTemp id="103040" GuanqiaId="300103" HighestScore="40" MaxScore="80" SaodangAward="0:900001:49912" />
<YouxiaSaodangTemp id="103041" GuanqiaId="300103" HighestScore="41" MaxScore="80" SaodangAward="0:900001:50447" />
<YouxiaSaodangTemp id="103042" GuanqiaId="300103" HighestScore="42" MaxScore="80" SaodangAward="0:900001:50982" />
<YouxiaSaodangTemp id="103043" GuanqiaId="300103" HighestScore="43" MaxScore="80" SaodangAward="0:900001:51517" />
<YouxiaSaodangTemp id="103044" GuanqiaId="300103" HighestScore="44" MaxScore="80" SaodangAward="0:900001:52052" />
<YouxiaSaodangTemp id="103045" GuanqiaId="300103" HighestScore="45" MaxScore="80" SaodangAward="0:900001:52587" />
<YouxiaSaodangTemp id="103046" GuanqiaId="300103" HighestScore="46" MaxScore="80" SaodangAward="0:900001:53122" />
<YouxiaSaodangTemp id="103047" GuanqiaId="300103" HighestScore="47" MaxScore="80" SaodangAward="0:900001:53657" />
<YouxiaSaodangTemp id="103048" GuanqiaId="300103" HighestScore="48" MaxScore="80" SaodangAward="0:900001:54192" />
<YouxiaSaodangTemp id="103049" GuanqiaId="300103" HighestScore="49" MaxScore="80" SaodangAward="0:900001:54727" />
<YouxiaSaodangTemp id="103050" GuanqiaId="300103" HighestScore="50" MaxScore="80" SaodangAward="0:900001:55262" />
<YouxiaSaodangTemp id="103051" GuanqiaId="300103" HighestScore="51" MaxScore="80" SaodangAward="0:900001:55797" />
<YouxiaSaodangTemp id="103052" GuanqiaId="300103" HighestScore="52" MaxScore="80" SaodangAward="0:900001:56332" />
<YouxiaSaodangTemp id="103053" GuanqiaId="300103" HighestScore="53" MaxScore="80" SaodangAward="0:900001:56867" />
<YouxiaSaodangTemp id="103054" GuanqiaId="300103" HighestScore="54" MaxScore="80" SaodangAward="0:900001:57402" />
<YouxiaSaodangTemp id="103055" GuanqiaId="300103" HighestScore="55" MaxScore="80" SaodangAward="0:900001:57937" />
<YouxiaSaodangTemp id="103056" GuanqiaId="300103" HighestScore="56" MaxScore="80" SaodangAward="0:900001:58472" />
<YouxiaSaodangTemp id="103057" GuanqiaId="300103" HighestScore="57" MaxScore="80" SaodangAward="0:900001:59007" />
<YouxiaSaodangTemp id="103058" GuanqiaId="300103" HighestScore="58" MaxScore="80" SaodangAward="0:900001:59542" />
<YouxiaSaodangTemp id="103059" GuanqiaId="300103" HighestScore="59" MaxScore="80" SaodangAward="0:900001:60077" />
<YouxiaSaodangTemp id="103060" GuanqiaId="300103" HighestScore="60" MaxScore="80" SaodangAward="0:900001:60612" />
<YouxiaSaodangTemp id="103061" GuanqiaId="300103" HighestScore="61" MaxScore="80" SaodangAward="0:900001:61147" />
<YouxiaSaodangTemp id="103062" GuanqiaId="300103" HighestScore="62" MaxScore="80" SaodangAward="0:900001:61682" />
<YouxiaSaodangTemp id="103063" GuanqiaId="300103" HighestScore="63" MaxScore="80" SaodangAward="0:900001:62217" />
<YouxiaSaodangTemp id="103064" GuanqiaId="300103" HighestScore="64" MaxScore="80" SaodangAward="0:900001:62752" />
<YouxiaSaodangTemp id="103065" GuanqiaId="300103" HighestScore="65" MaxScore="80" SaodangAward="0:900001:63287" />
<YouxiaSaodangTemp id="103066" GuanqiaId="300103" HighestScore="66" MaxScore="80" SaodangAward="0:900001:63822" />
<YouxiaSaodangTemp id="103067" GuanqiaId="300103" HighestScore="67" MaxScore="80" SaodangAward="0:900001:64357" />
<YouxiaSaodangTemp id="103068" GuanqiaId="300103" HighestScore="68" MaxScore="80" SaodangAward="0:900001:64892" />
<YouxiaSaodangTemp id="103069" GuanqiaId="300103" HighestScore="69" MaxScore="80" SaodangAward="0:900001:65427" />
<YouxiaSaodangTemp id="103070" GuanqiaId="300103" HighestScore="70" MaxScore="80" SaodangAward="0:900001:65962" />
<YouxiaSaodangTemp id="103071" GuanqiaId="300103" HighestScore="71" MaxScore="80" SaodangAward="0:900001:66497" />
<YouxiaSaodangTemp id="103072" GuanqiaId="300103" HighestScore="72" MaxScore="80" SaodangAward="0:900001:67032" />
<YouxiaSaodangTemp id="103073" GuanqiaId="300103" HighestScore="73" MaxScore="80" SaodangAward="0:900001:67567" />
<YouxiaSaodangTemp id="103074" GuanqiaId="300103" HighestScore="74" MaxScore="80" SaodangAward="0:900001:68102" />
<YouxiaSaodangTemp id="103075" GuanqiaId="300103" HighestScore="75" MaxScore="80" SaodangAward="0:900001:68637" />
<YouxiaSaodangTemp id="103076" GuanqiaId="300103" HighestScore="76" MaxScore="80" SaodangAward="0:900001:69172" />
<YouxiaSaodangTemp id="103077" GuanqiaId="300103" HighestScore="77" MaxScore="80" SaodangAward="0:900001:69707" />
<YouxiaSaodangTemp id="103078" GuanqiaId="300103" HighestScore="78" MaxScore="80" SaodangAward="0:900001:70242" />
<YouxiaSaodangTemp id="103079" GuanqiaId="300103" HighestScore="79" MaxScore="80" SaodangAward="0:900001:70777" />
<YouxiaSaodangTemp id="103080" GuanqiaId="300103" HighestScore="80" MaxScore="80" SaodangAward="0:900001:71312" />
<YouxiaSaodangTemp id="104001" GuanqiaId="300104" HighestScore="1" MaxScore="80" SaodangAward="0:900001:32494" />
<YouxiaSaodangTemp id="104002" GuanqiaId="300104" HighestScore="2" MaxScore="80" SaodangAward="0:900001:33092" />
<YouxiaSaodangTemp id="104003" GuanqiaId="300104" HighestScore="3" MaxScore="80" SaodangAward="0:900001:33690" />
<YouxiaSaodangTemp id="104004" GuanqiaId="300104" HighestScore="4" MaxScore="80" SaodangAward="0:900001:34288" />
<YouxiaSaodangTemp id="104005" GuanqiaId="300104" HighestScore="5" MaxScore="80" SaodangAward="0:900001:34886" />
<YouxiaSaodangTemp id="104006" GuanqiaId="300104" HighestScore="6" MaxScore="80" SaodangAward="0:900001:35484" />
<YouxiaSaodangTemp id="104007" GuanqiaId="300104" HighestScore="7" MaxScore="80" SaodangAward="0:900001:36082" />
<YouxiaSaodangTemp id="104008" GuanqiaId="300104" HighestScore="8" MaxScore="80" SaodangAward="0:900001:36680" />
<YouxiaSaodangTemp id="104009" GuanqiaId="300104" HighestScore="9" MaxScore="80" SaodangAward="0:900001:37278" />
<YouxiaSaodangTemp id="104010" GuanqiaId="300104" HighestScore="10" MaxScore="80" SaodangAward="0:900001:37876" />
<YouxiaSaodangTemp id="104011" GuanqiaId="300104" HighestScore="11" MaxScore="80" SaodangAward="0:900001:38474" />
<YouxiaSaodangTemp id="104012" GuanqiaId="300104" HighestScore="12" MaxScore="80" SaodangAward="0:900001:39072" />
<YouxiaSaodangTemp id="104013" GuanqiaId="300104" HighestScore="13" MaxScore="80" SaodangAward="0:900001:39670" />
<YouxiaSaodangTemp id="104014" GuanqiaId="300104" HighestScore="14" MaxScore="80" SaodangAward="0:900001:40268" />
<YouxiaSaodangTemp id="104015" GuanqiaId="300104" HighestScore="15" MaxScore="80" SaodangAward="0:900001:40866" />
<YouxiaSaodangTemp id="104016" GuanqiaId="300104" HighestScore="16" MaxScore="80" SaodangAward="0:900001:41464" />
<YouxiaSaodangTemp id="104017" GuanqiaId="300104" HighestScore="17" MaxScore="80" SaodangAward="0:900001:42062" />
<YouxiaSaodangTemp id="104018" GuanqiaId="300104" HighestScore="18" MaxScore="80" SaodangAward="0:900001:42660" />
<YouxiaSaodangTemp id="104019" GuanqiaId="300104" HighestScore="19" MaxScore="80" SaodangAward="0:900001:43258" />
<YouxiaSaodangTemp id="104020" GuanqiaId="300104" HighestScore="20" MaxScore="80" SaodangAward="0:900001:43856" />
<YouxiaSaodangTemp id="104021" GuanqiaId="300104" HighestScore="21" MaxScore="80" SaodangAward="0:900001:44454" />
<YouxiaSaodangTemp id="104022" GuanqiaId="300104" HighestScore="22" MaxScore="80" SaodangAward="0:900001:45052" />
<YouxiaSaodangTemp id="104023" GuanqiaId="300104" HighestScore="23" MaxScore="80" SaodangAward="0:900001:45650" />
<YouxiaSaodangTemp id="104024" GuanqiaId="300104" HighestScore="24" MaxScore="80" SaodangAward="0:900001:46248" />
<YouxiaSaodangTemp id="104025" GuanqiaId="300104" HighestScore="25" MaxScore="80" SaodangAward="0:900001:46846" />
<YouxiaSaodangTemp id="104026" GuanqiaId="300104" HighestScore="26" MaxScore="80" SaodangAward="0:900001:47444" />
<YouxiaSaodangTemp id="104027" GuanqiaId="300104" HighestScore="27" MaxScore="80" SaodangAward="0:900001:48042" />
<YouxiaSaodangTemp id="104028" GuanqiaId="300104" HighestScore="28" MaxScore="80" SaodangAward="0:900001:48640" />
<YouxiaSaodangTemp id="104029" GuanqiaId="300104" HighestScore="29" MaxScore="80" SaodangAward="0:900001:49238" />
<YouxiaSaodangTemp id="104030" GuanqiaId="300104" HighestScore="30" MaxScore="80" SaodangAward="0:900001:49836" />
<YouxiaSaodangTemp id="104031" GuanqiaId="300104" HighestScore="31" MaxScore="80" SaodangAward="0:900001:50434" />
<YouxiaSaodangTemp id="104032" GuanqiaId="300104" HighestScore="32" MaxScore="80" SaodangAward="0:900001:51032" />
<YouxiaSaodangTemp id="104033" GuanqiaId="300104" HighestScore="33" MaxScore="80" SaodangAward="0:900001:51630" />
<YouxiaSaodangTemp id="104034" GuanqiaId="300104" HighestScore="34" MaxScore="80" SaodangAward="0:900001:52228" />
<YouxiaSaodangTemp id="104035" GuanqiaId="300104" HighestScore="35" MaxScore="80" SaodangAward="0:900001:52826" />
<YouxiaSaodangTemp id="104036" GuanqiaId="300104" HighestScore="36" MaxScore="80" SaodangAward="0:900001:53424" />
<YouxiaSaodangTemp id="104037" GuanqiaId="300104" HighestScore="37" MaxScore="80" SaodangAward="0:900001:54022" />
<YouxiaSaodangTemp id="104038" GuanqiaId="300104" HighestScore="38" MaxScore="80" SaodangAward="0:900001:54620" />
<YouxiaSaodangTemp id="104039" GuanqiaId="300104" HighestScore="39" MaxScore="80" SaodangAward="0:900001:55218" />
<YouxiaSaodangTemp id="104040" GuanqiaId="300104" HighestScore="40" MaxScore="80" SaodangAward="0:900001:55816" />
<YouxiaSaodangTemp id="104041" GuanqiaId="300104" HighestScore="41" MaxScore="80" SaodangAward="0:900001:56414" />
<YouxiaSaodangTemp id="104042" GuanqiaId="300104" HighestScore="42" MaxScore="80" SaodangAward="0:900001:57012" />
<YouxiaSaodangTemp id="104043" GuanqiaId="300104" HighestScore="43" MaxScore="80" SaodangAward="0:900001:57610" />
<YouxiaSaodangTemp id="104044" GuanqiaId="300104" HighestScore="44" MaxScore="80" SaodangAward="0:900001:58208" />
<YouxiaSaodangTemp id="104045" GuanqiaId="300104" HighestScore="45" MaxScore="80" SaodangAward="0:900001:58806" />
<YouxiaSaodangTemp id="104046" GuanqiaId="300104" HighestScore="46" MaxScore="80" SaodangAward="0:900001:59404" />
<YouxiaSaodangTemp id="104047" GuanqiaId="300104" HighestScore="47" MaxScore="80" SaodangAward="0:900001:60002" />
<YouxiaSaodangTemp id="104048" GuanqiaId="300104" HighestScore="48" MaxScore="80" SaodangAward="0:900001:60600" />
<YouxiaSaodangTemp id="104049" GuanqiaId="300104" HighestScore="49" MaxScore="80" SaodangAward="0:900001:61198" />
<YouxiaSaodangTemp id="104050" GuanqiaId="300104" HighestScore="50" MaxScore="80" SaodangAward="0:900001:61796" />
<YouxiaSaodangTemp id="104051" GuanqiaId="300104" HighestScore="51" MaxScore="80" SaodangAward="0:900001:62394" />
<YouxiaSaodangTemp id="104052" GuanqiaId="300104" HighestScore="52" MaxScore="80" SaodangAward="0:900001:62992" />
<YouxiaSaodangTemp id="104053" GuanqiaId="300104" HighestScore="53" MaxScore="80" SaodangAward="0:900001:63590" />
<YouxiaSaodangTemp id="104054" GuanqiaId="300104" HighestScore="54" MaxScore="80" SaodangAward="0:900001:64188" />
<YouxiaSaodangTemp id="104055" GuanqiaId="300104" HighestScore="55" MaxScore="80" SaodangAward="0:900001:64786" />
<YouxiaSaodangTemp id="104056" GuanqiaId="300104" HighestScore="56" MaxScore="80" SaodangAward="0:900001:65384" />
<YouxiaSaodangTemp id="104057" GuanqiaId="300104" HighestScore="57" MaxScore="80" SaodangAward="0:900001:65982" />
<YouxiaSaodangTemp id="104058" GuanqiaId="300104" HighestScore="58" MaxScore="80" SaodangAward="0:900001:66580" />
<YouxiaSaodangTemp id="104059" GuanqiaId="300104" HighestScore="59" MaxScore="80" SaodangAward="0:900001:67178" />
<YouxiaSaodangTemp id="104060" GuanqiaId="300104" HighestScore="60" MaxScore="80" SaodangAward="0:900001:67776" />
<YouxiaSaodangTemp id="104061" GuanqiaId="300104" HighestScore="61" MaxScore="80" SaodangAward="0:900001:68374" />
<YouxiaSaodangTemp id="104062" GuanqiaId="300104" HighestScore="62" MaxScore="80" SaodangAward="0:900001:68972" />
<YouxiaSaodangTemp id="104063" GuanqiaId="300104" HighestScore="63" MaxScore="80" SaodangAward="0:900001:69570" />
<YouxiaSaodangTemp id="104064" GuanqiaId="300104" HighestScore="64" MaxScore="80" SaodangAward="0:900001:70168" />
<YouxiaSaodangTemp id="104065" GuanqiaId="300104" HighestScore="65" MaxScore="80" SaodangAward="0:900001:70766" />
<YouxiaSaodangTemp id="104066" GuanqiaId="300104" HighestScore="66" MaxScore="80" SaodangAward="0:900001:71364" />
<YouxiaSaodangTemp id="104067" GuanqiaId="300104" HighestScore="67" MaxScore="80" SaodangAward="0:900001:71962" />
<YouxiaSaodangTemp id="104068" GuanqiaId="300104" HighestScore="68" MaxScore="80" SaodangAward="0:900001:72560" />
<YouxiaSaodangTemp id="104069" GuanqiaId="300104" HighestScore="69" MaxScore="80" SaodangAward="0:900001:73158" />
<YouxiaSaodangTemp id="104070" GuanqiaId="300104" HighestScore="70" MaxScore="80" SaodangAward="0:900001:73756" />
<YouxiaSaodangTemp id="104071" GuanqiaId="300104" HighestScore="71" MaxScore="80" SaodangAward="0:900001:74354" />
<YouxiaSaodangTemp id="104072" GuanqiaId="300104" HighestScore="72" MaxScore="80" SaodangAward="0:900001:74952" />
<YouxiaSaodangTemp id="104073" GuanqiaId="300104" HighestScore="73" MaxScore="80" SaodangAward="0:900001:75550" />
<YouxiaSaodangTemp id="104074" GuanqiaId="300104" HighestScore="74" MaxScore="80" SaodangAward="0:900001:76148" />
<YouxiaSaodangTemp id="104075" GuanqiaId="300104" HighestScore="75" MaxScore="80" SaodangAward="0:900001:76746" />
<YouxiaSaodangTemp id="104076" GuanqiaId="300104" HighestScore="76" MaxScore="80" SaodangAward="0:900001:77344" />
<YouxiaSaodangTemp id="104077" GuanqiaId="300104" HighestScore="77" MaxScore="80" SaodangAward="0:900001:77942" />
<YouxiaSaodangTemp id="104078" GuanqiaId="300104" HighestScore="78" MaxScore="80" SaodangAward="0:900001:78540" />
<YouxiaSaodangTemp id="104079" GuanqiaId="300104" HighestScore="79" MaxScore="80" SaodangAward="0:900001:79138" />
<YouxiaSaodangTemp id="104080" GuanqiaId="300104" HighestScore="80" MaxScore="80" SaodangAward="0:900001:79736" />
<YouxiaSaodangTemp id="105001" GuanqiaId="300105" HighestScore="1" MaxScore="80" SaodangAward="0:900001:36125" />
<YouxiaSaodangTemp id="105002" GuanqiaId="300105" HighestScore="2" MaxScore="80" SaodangAward="0:900001:36790" />
<YouxiaSaodangTemp id="105003" GuanqiaId="300105" HighestScore="3" MaxScore="80" SaodangAward="0:900001:37455" />
<YouxiaSaodangTemp id="105004" GuanqiaId="300105" HighestScore="4" MaxScore="80" SaodangAward="0:900001:38120" />
<YouxiaSaodangTemp id="105005" GuanqiaId="300105" HighestScore="5" MaxScore="80" SaodangAward="0:900001:38785" />
<YouxiaSaodangTemp id="105006" GuanqiaId="300105" HighestScore="6" MaxScore="80" SaodangAward="0:900001:39450" />
<YouxiaSaodangTemp id="105007" GuanqiaId="300105" HighestScore="7" MaxScore="80" SaodangAward="0:900001:40115" />
<YouxiaSaodangTemp id="105008" GuanqiaId="300105" HighestScore="8" MaxScore="80" SaodangAward="0:900001:40780" />
<YouxiaSaodangTemp id="105009" GuanqiaId="300105" HighestScore="9" MaxScore="80" SaodangAward="0:900001:41445" />
<YouxiaSaodangTemp id="105010" GuanqiaId="300105" HighestScore="10" MaxScore="80" SaodangAward="0:900001:42110" />
<YouxiaSaodangTemp id="105011" GuanqiaId="300105" HighestScore="11" MaxScore="80" SaodangAward="0:900001:42775" />
<YouxiaSaodangTemp id="105012" GuanqiaId="300105" HighestScore="12" MaxScore="80" SaodangAward="0:900001:43440" />
<YouxiaSaodangTemp id="105013" GuanqiaId="300105" HighestScore="13" MaxScore="80" SaodangAward="0:900001:44105" />
<YouxiaSaodangTemp id="105014" GuanqiaId="300105" HighestScore="14" MaxScore="80" SaodangAward="0:900001:44770" />
<YouxiaSaodangTemp id="105015" GuanqiaId="300105" HighestScore="15" MaxScore="80" SaodangAward="0:900001:45435" />
<YouxiaSaodangTemp id="105016" GuanqiaId="300105" HighestScore="16" MaxScore="80" SaodangAward="0:900001:46100" />
<YouxiaSaodangTemp id="105017" GuanqiaId="300105" HighestScore="17" MaxScore="80" SaodangAward="0:900001:46765" />
<YouxiaSaodangTemp id="105018" GuanqiaId="300105" HighestScore="18" MaxScore="80" SaodangAward="0:900001:47430" />
<YouxiaSaodangTemp id="105019" GuanqiaId="300105" HighestScore="19" MaxScore="80" SaodangAward="0:900001:48095" />
<YouxiaSaodangTemp id="105020" GuanqiaId="300105" HighestScore="20" MaxScore="80" SaodangAward="0:900001:48760" />
<YouxiaSaodangTemp id="105021" GuanqiaId="300105" HighestScore="21" MaxScore="80" SaodangAward="0:900001:49425" />
<YouxiaSaodangTemp id="105022" GuanqiaId="300105" HighestScore="22" MaxScore="80" SaodangAward="0:900001:50090" />
<YouxiaSaodangTemp id="105023" GuanqiaId="300105" HighestScore="23" MaxScore="80" SaodangAward="0:900001:50755" />
<YouxiaSaodangTemp id="105024" GuanqiaId="300105" HighestScore="24" MaxScore="80" SaodangAward="0:900001:51420" />
<YouxiaSaodangTemp id="105025" GuanqiaId="300105" HighestScore="25" MaxScore="80" SaodangAward="0:900001:52085" />
<YouxiaSaodangTemp id="105026" GuanqiaId="300105" HighestScore="26" MaxScore="80" SaodangAward="0:900001:52750" />
<YouxiaSaodangTemp id="105027" GuanqiaId="300105" HighestScore="27" MaxScore="80" SaodangAward="0:900001:53415" />
<YouxiaSaodangTemp id="105028" GuanqiaId="300105" HighestScore="28" MaxScore="80" SaodangAward="0:900001:54080" />
<YouxiaSaodangTemp id="105029" GuanqiaId="300105" HighestScore="29" MaxScore="80" SaodangAward="0:900001:54745" />
<YouxiaSaodangTemp id="105030" GuanqiaId="300105" HighestScore="30" MaxScore="80" SaodangAward="0:900001:55410" />
<YouxiaSaodangTemp id="105031" GuanqiaId="300105" HighestScore="31" MaxScore="80" SaodangAward="0:900001:56075" />
<YouxiaSaodangTemp id="105032" GuanqiaId="300105" HighestScore="32" MaxScore="80" SaodangAward="0:900001:56740" />
<YouxiaSaodangTemp id="105033" GuanqiaId="300105" HighestScore="33" MaxScore="80" SaodangAward="0:900001:57405" />
<YouxiaSaodangTemp id="105034" GuanqiaId="300105" HighestScore="34" MaxScore="80" SaodangAward="0:900001:58070" />
<YouxiaSaodangTemp id="105035" GuanqiaId="300105" HighestScore="35" MaxScore="80" SaodangAward="0:900001:58735" />
<YouxiaSaodangTemp id="105036" GuanqiaId="300105" HighestScore="36" MaxScore="80" SaodangAward="0:900001:59400" />
<YouxiaSaodangTemp id="105037" GuanqiaId="300105" HighestScore="37" MaxScore="80" SaodangAward="0:900001:60065" />
<YouxiaSaodangTemp id="105038" GuanqiaId="300105" HighestScore="38" MaxScore="80" SaodangAward="0:900001:60730" />
<YouxiaSaodangTemp id="105039" GuanqiaId="300105" HighestScore="39" MaxScore="80" SaodangAward="0:900001:61395" />
<YouxiaSaodangTemp id="105040" GuanqiaId="300105" HighestScore="40" MaxScore="80" SaodangAward="0:900001:62060" />
<YouxiaSaodangTemp id="105041" GuanqiaId="300105" HighestScore="41" MaxScore="80" SaodangAward="0:900001:62725" />
<YouxiaSaodangTemp id="105042" GuanqiaId="300105" HighestScore="42" MaxScore="80" SaodangAward="0:900001:63390" />
<YouxiaSaodangTemp id="105043" GuanqiaId="300105" HighestScore="43" MaxScore="80" SaodangAward="0:900001:64055" />
<YouxiaSaodangTemp id="105044" GuanqiaId="300105" HighestScore="44" MaxScore="80" SaodangAward="0:900001:64720" />
<YouxiaSaodangTemp id="105045" GuanqiaId="300105" HighestScore="45" MaxScore="80" SaodangAward="0:900001:65385" />
<YouxiaSaodangTemp id="105046" GuanqiaId="300105" HighestScore="46" MaxScore="80" SaodangAward="0:900001:66050" />
<YouxiaSaodangTemp id="105047" GuanqiaId="300105" HighestScore="47" MaxScore="80" SaodangAward="0:900001:66715" />
<YouxiaSaodangTemp id="105048" GuanqiaId="300105" HighestScore="48" MaxScore="80" SaodangAward="0:900001:67380" />
<YouxiaSaodangTemp id="105049" GuanqiaId="300105" HighestScore="49" MaxScore="80" SaodangAward="0:900001:68045" />
<YouxiaSaodangTemp id="105050" GuanqiaId="300105" HighestScore="50" MaxScore="80" SaodangAward="0:900001:68710" />
<YouxiaSaodangTemp id="105051" GuanqiaId="300105" HighestScore="51" MaxScore="80" SaodangAward="0:900001:69375" />
<YouxiaSaodangTemp id="105052" GuanqiaId="300105" HighestScore="52" MaxScore="80" SaodangAward="0:900001:70040" />
<YouxiaSaodangTemp id="105053" GuanqiaId="300105" HighestScore="53" MaxScore="80" SaodangAward="0:900001:70705" />
<YouxiaSaodangTemp id="105054" GuanqiaId="300105" HighestScore="54" MaxScore="80" SaodangAward="0:900001:71370" />
<YouxiaSaodangTemp id="105055" GuanqiaId="300105" HighestScore="55" MaxScore="80" SaodangAward="0:900001:72035" />
<YouxiaSaodangTemp id="105056" GuanqiaId="300105" HighestScore="56" MaxScore="80" SaodangAward="0:900001:72700" />
<YouxiaSaodangTemp id="105057" GuanqiaId="300105" HighestScore="57" MaxScore="80" SaodangAward="0:900001:73365" />
<YouxiaSaodangTemp id="105058" GuanqiaId="300105" HighestScore="58" MaxScore="80" SaodangAward="0:900001:74030" />
<YouxiaSaodangTemp id="105059" GuanqiaId="300105" HighestScore="59" MaxScore="80" SaodangAward="0:900001:74695" />
<YouxiaSaodangTemp id="105060" GuanqiaId="300105" HighestScore="60" MaxScore="80" SaodangAward="0:900001:75360" />
<YouxiaSaodangTemp id="105061" GuanqiaId="300105" HighestScore="61" MaxScore="80" SaodangAward="0:900001:76025" />
<YouxiaSaodangTemp id="105062" GuanqiaId="300105" HighestScore="62" MaxScore="80" SaodangAward="0:900001:76690" />
<YouxiaSaodangTemp id="105063" GuanqiaId="300105" HighestScore="63" MaxScore="80" SaodangAward="0:900001:77355" />
<YouxiaSaodangTemp id="105064" GuanqiaId="300105" HighestScore="64" MaxScore="80" SaodangAward="0:900001:78020" />
<YouxiaSaodangTemp id="105065" GuanqiaId="300105" HighestScore="65" MaxScore="80" SaodangAward="0:900001:78685" />
<YouxiaSaodangTemp id="105066" GuanqiaId="300105" HighestScore="66" MaxScore="80" SaodangAward="0:900001:79350" />
<YouxiaSaodangTemp id="105067" GuanqiaId="300105" HighestScore="67" MaxScore="80" SaodangAward="0:900001:80015" />
<YouxiaSaodangTemp id="105068" GuanqiaId="300105" HighestScore="68" MaxScore="80" SaodangAward="0:900001:80680" />
<YouxiaSaodangTemp id="105069" GuanqiaId="300105" HighestScore="69" MaxScore="80" SaodangAward="0:900001:81345" />
<YouxiaSaodangTemp id="105070" GuanqiaId="300105" HighestScore="70" MaxScore="80" SaodangAward="0:900001:82010" />
<YouxiaSaodangTemp id="105071" GuanqiaId="300105" HighestScore="71" MaxScore="80" SaodangAward="0:900001:82675" />
<YouxiaSaodangTemp id="105072" GuanqiaId="300105" HighestScore="72" MaxScore="80" SaodangAward="0:900001:83340" />
<YouxiaSaodangTemp id="105073" GuanqiaId="300105" HighestScore="73" MaxScore="80" SaodangAward="0:900001:84005" />
<YouxiaSaodangTemp id="105074" GuanqiaId="300105" HighestScore="74" MaxScore="80" SaodangAward="0:900001:84670" />
<YouxiaSaodangTemp id="105075" GuanqiaId="300105" HighestScore="75" MaxScore="80" SaodangAward="0:900001:85335" />
<YouxiaSaodangTemp id="105076" GuanqiaId="300105" HighestScore="76" MaxScore="80" SaodangAward="0:900001:86000" />
<YouxiaSaodangTemp id="105077" GuanqiaId="300105" HighestScore="77" MaxScore="80" SaodangAward="0:900001:86665" />
<YouxiaSaodangTemp id="105078" GuanqiaId="300105" HighestScore="78" MaxScore="80" SaodangAward="0:900001:87330" />
<YouxiaSaodangTemp id="105079" GuanqiaId="300105" HighestScore="79" MaxScore="80" SaodangAward="0:900001:87995" />
<YouxiaSaodangTemp id="105080" GuanqiaId="300105" HighestScore="80" MaxScore="80" SaodangAward="0:900001:88660" />
<YouxiaSaodangTemp id="106001" GuanqiaId="300106" HighestScore="1" MaxScore="80" SaodangAward="0:900001:39316" />
<YouxiaSaodangTemp id="106002" GuanqiaId="300106" HighestScore="2" MaxScore="80" SaodangAward="0:900001:40040" />
<YouxiaSaodangTemp id="106003" GuanqiaId="300106" HighestScore="3" MaxScore="80" SaodangAward="0:900001:40764" />
<YouxiaSaodangTemp id="106004" GuanqiaId="300106" HighestScore="4" MaxScore="80" SaodangAward="0:900001:41488" />
<YouxiaSaodangTemp id="106005" GuanqiaId="300106" HighestScore="5" MaxScore="80" SaodangAward="0:900001:42212" />
<YouxiaSaodangTemp id="106006" GuanqiaId="300106" HighestScore="6" MaxScore="80" SaodangAward="0:900001:42936" />
<YouxiaSaodangTemp id="106007" GuanqiaId="300106" HighestScore="7" MaxScore="80" SaodangAward="0:900001:43660" />
<YouxiaSaodangTemp id="106008" GuanqiaId="300106" HighestScore="8" MaxScore="80" SaodangAward="0:900001:44384" />
<YouxiaSaodangTemp id="106009" GuanqiaId="300106" HighestScore="9" MaxScore="80" SaodangAward="0:900001:45108" />
<YouxiaSaodangTemp id="106010" GuanqiaId="300106" HighestScore="10" MaxScore="80" SaodangAward="0:900001:45832" />
<YouxiaSaodangTemp id="106011" GuanqiaId="300106" HighestScore="11" MaxScore="80" SaodangAward="0:900001:46556" />
<YouxiaSaodangTemp id="106012" GuanqiaId="300106" HighestScore="12" MaxScore="80" SaodangAward="0:900001:47280" />
<YouxiaSaodangTemp id="106013" GuanqiaId="300106" HighestScore="13" MaxScore="80" SaodangAward="0:900001:48004" />
<YouxiaSaodangTemp id="106014" GuanqiaId="300106" HighestScore="14" MaxScore="80" SaodangAward="0:900001:48728" />
<YouxiaSaodangTemp id="106015" GuanqiaId="300106" HighestScore="15" MaxScore="80" SaodangAward="0:900001:49452" />
<YouxiaSaodangTemp id="106016" GuanqiaId="300106" HighestScore="16" MaxScore="80" SaodangAward="0:900001:50176" />
<YouxiaSaodangTemp id="106017" GuanqiaId="300106" HighestScore="17" MaxScore="80" SaodangAward="0:900001:50900" />
<YouxiaSaodangTemp id="106018" GuanqiaId="300106" HighestScore="18" MaxScore="80" SaodangAward="0:900001:51624" />
<YouxiaSaodangTemp id="106019" GuanqiaId="300106" HighestScore="19" MaxScore="80" SaodangAward="0:900001:52348" />
<YouxiaSaodangTemp id="106020" GuanqiaId="300106" HighestScore="20" MaxScore="80" SaodangAward="0:900001:53072" />
<YouxiaSaodangTemp id="106021" GuanqiaId="300106" HighestScore="21" MaxScore="80" SaodangAward="0:900001:53796" />
<YouxiaSaodangTemp id="106022" GuanqiaId="300106" HighestScore="22" MaxScore="80" SaodangAward="0:900001:54520" />
<YouxiaSaodangTemp id="106023" GuanqiaId="300106" HighestScore="23" MaxScore="80" SaodangAward="0:900001:55244" />
<YouxiaSaodangTemp id="106024" GuanqiaId="300106" HighestScore="24" MaxScore="80" SaodangAward="0:900001:55968" />
<YouxiaSaodangTemp id="106025" GuanqiaId="300106" HighestScore="25" MaxScore="80" SaodangAward="0:900001:56692" />
<YouxiaSaodangTemp id="106026" GuanqiaId="300106" HighestScore="26" MaxScore="80" SaodangAward="0:900001:57416" />
<YouxiaSaodangTemp id="106027" GuanqiaId="300106" HighestScore="27" MaxScore="80" SaodangAward="0:900001:58140" />
<YouxiaSaodangTemp id="106028" GuanqiaId="300106" HighestScore="28" MaxScore="80" SaodangAward="0:900001:58864" />
<YouxiaSaodangTemp id="106029" GuanqiaId="300106" HighestScore="29" MaxScore="80" SaodangAward="0:900001:59588" />
<YouxiaSaodangTemp id="106030" GuanqiaId="300106" HighestScore="30" MaxScore="80" SaodangAward="0:900001:60312" />
<YouxiaSaodangTemp id="106031" GuanqiaId="300106" HighestScore="31" MaxScore="80" SaodangAward="0:900001:61036" />
<YouxiaSaodangTemp id="106032" GuanqiaId="300106" HighestScore="32" MaxScore="80" SaodangAward="0:900001:61760" />
<YouxiaSaodangTemp id="106033" GuanqiaId="300106" HighestScore="33" MaxScore="80" SaodangAward="0:900001:62484" />
<YouxiaSaodangTemp id="106034" GuanqiaId="300106" HighestScore="34" MaxScore="80" SaodangAward="0:900001:63208" />
<YouxiaSaodangTemp id="106035" GuanqiaId="300106" HighestScore="35" MaxScore="80" SaodangAward="0:900001:63932" />
<YouxiaSaodangTemp id="106036" GuanqiaId="300106" HighestScore="36" MaxScore="80" SaodangAward="0:900001:64656" />
<YouxiaSaodangTemp id="106037" GuanqiaId="300106" HighestScore="37" MaxScore="80" SaodangAward="0:900001:65380" />
<YouxiaSaodangTemp id="106038" GuanqiaId="300106" HighestScore="38" MaxScore="80" SaodangAward="0:900001:66104" />
<YouxiaSaodangTemp id="106039" GuanqiaId="300106" HighestScore="39" MaxScore="80" SaodangAward="0:900001:66828" />
<YouxiaSaodangTemp id="106040" GuanqiaId="300106" HighestScore="40" MaxScore="80" SaodangAward="0:900001:67552" />
<YouxiaSaodangTemp id="106041" GuanqiaId="300106" HighestScore="41" MaxScore="80" SaodangAward="0:900001:68276" />
<YouxiaSaodangTemp id="106042" GuanqiaId="300106" HighestScore="42" MaxScore="80" SaodangAward="0:900001:69000" />
<YouxiaSaodangTemp id="106043" GuanqiaId="300106" HighestScore="43" MaxScore="80" SaodangAward="0:900001:69724" />
<YouxiaSaodangTemp id="106044" GuanqiaId="300106" HighestScore="44" MaxScore="80" SaodangAward="0:900001:70448" />
<YouxiaSaodangTemp id="106045" GuanqiaId="300106" HighestScore="45" MaxScore="80" SaodangAward="0:900001:71172" />
<YouxiaSaodangTemp id="106046" GuanqiaId="300106" HighestScore="46" MaxScore="80" SaodangAward="0:900001:71896" />
<YouxiaSaodangTemp id="106047" GuanqiaId="300106" HighestScore="47" MaxScore="80" SaodangAward="0:900001:72620" />
<YouxiaSaodangTemp id="106048" GuanqiaId="300106" HighestScore="48" MaxScore="80" SaodangAward="0:900001:73344" />
<YouxiaSaodangTemp id="106049" GuanqiaId="300106" HighestScore="49" MaxScore="80" SaodangAward="0:900001:74068" />
<YouxiaSaodangTemp id="106050" GuanqiaId="300106" HighestScore="50" MaxScore="80" SaodangAward="0:900001:74792" />
<YouxiaSaodangTemp id="106051" GuanqiaId="300106" HighestScore="51" MaxScore="80" SaodangAward="0:900001:75516" />
<YouxiaSaodangTemp id="106052" GuanqiaId="300106" HighestScore="52" MaxScore="80" SaodangAward="0:900001:76240" />
<YouxiaSaodangTemp id="106053" GuanqiaId="300106" HighestScore="53" MaxScore="80" SaodangAward="0:900001:76964" />
<YouxiaSaodangTemp id="106054" GuanqiaId="300106" HighestScore="54" MaxScore="80" SaodangAward="0:900001:77688" />
<YouxiaSaodangTemp id="106055" GuanqiaId="300106" HighestScore="55" MaxScore="80" SaodangAward="0:900001:78412" />
<YouxiaSaodangTemp id="106056" GuanqiaId="300106" HighestScore="56" MaxScore="80" SaodangAward="0:900001:79136" />
<YouxiaSaodangTemp id="106057" GuanqiaId="300106" HighestScore="57" MaxScore="80" SaodangAward="0:900001:79860" />
<YouxiaSaodangTemp id="106058" GuanqiaId="300106" HighestScore="58" MaxScore="80" SaodangAward="0:900001:80584" />
<YouxiaSaodangTemp id="106059" GuanqiaId="300106" HighestScore="59" MaxScore="80" SaodangAward="0:900001:81308" />
<YouxiaSaodangTemp id="106060" GuanqiaId="300106" HighestScore="60" MaxScore="80" SaodangAward="0:900001:82032" />
<YouxiaSaodangTemp id="106061" GuanqiaId="300106" HighestScore="61" MaxScore="80" SaodangAward="0:900001:82756" />
<YouxiaSaodangTemp id="106062" GuanqiaId="300106" HighestScore="62" MaxScore="80" SaodangAward="0:900001:83480" />
<YouxiaSaodangTemp id="106063" GuanqiaId="300106" HighestScore="63" MaxScore="80" SaodangAward="0:900001:84204" />
<YouxiaSaodangTemp id="106064" GuanqiaId="300106" HighestScore="64" MaxScore="80" SaodangAward="0:900001:84928" />
<YouxiaSaodangTemp id="106065" GuanqiaId="300106" HighestScore="65" MaxScore="80" SaodangAward="0:900001:85652" />
<YouxiaSaodangTemp id="106066" GuanqiaId="300106" HighestScore="66" MaxScore="80" SaodangAward="0:900001:86376" />
<YouxiaSaodangTemp id="106067" GuanqiaId="300106" HighestScore="67" MaxScore="80" SaodangAward="0:900001:87100" />
<YouxiaSaodangTemp id="106068" GuanqiaId="300106" HighestScore="68" MaxScore="80" SaodangAward="0:900001:87824" />
<YouxiaSaodangTemp id="106069" GuanqiaId="300106" HighestScore="69" MaxScore="80" SaodangAward="0:900001:88548" />
<YouxiaSaodangTemp id="106070" GuanqiaId="300106" HighestScore="70" MaxScore="80" SaodangAward="0:900001:89272" />
<YouxiaSaodangTemp id="106071" GuanqiaId="300106" HighestScore="71" MaxScore="80" SaodangAward="0:900001:89996" />
<YouxiaSaodangTemp id="106072" GuanqiaId="300106" HighestScore="72" MaxScore="80" SaodangAward="0:900001:90720" />
<YouxiaSaodangTemp id="106073" GuanqiaId="300106" HighestScore="73" MaxScore="80" SaodangAward="0:900001:91444" />
<YouxiaSaodangTemp id="106074" GuanqiaId="300106" HighestScore="74" MaxScore="80" SaodangAward="0:900001:92168" />
<YouxiaSaodangTemp id="106075" GuanqiaId="300106" HighestScore="75" MaxScore="80" SaodangAward="0:900001:92892" />
<YouxiaSaodangTemp id="106076" GuanqiaId="300106" HighestScore="76" MaxScore="80" SaodangAward="0:900001:93616" />
<YouxiaSaodangTemp id="106077" GuanqiaId="300106" HighestScore="77" MaxScore="80" SaodangAward="0:900001:94340" />
<YouxiaSaodangTemp id="106078" GuanqiaId="300106" HighestScore="78" MaxScore="80" SaodangAward="0:900001:95064" />
<YouxiaSaodangTemp id="106079" GuanqiaId="300106" HighestScore="79" MaxScore="80" SaodangAward="0:900001:95788" />
<YouxiaSaodangTemp id="106080" GuanqiaId="300106" HighestScore="80" MaxScore="80" SaodangAward="0:900001:96512" />
<YouxiaSaodangTemp id="107001" GuanqiaId="300107" HighestScore="1" MaxScore="80" SaodangAward="0:900001:42103" />
<YouxiaSaodangTemp id="107002" GuanqiaId="300107" HighestScore="2" MaxScore="80" SaodangAward="0:900001:42878" />
<YouxiaSaodangTemp id="107003" GuanqiaId="300107" HighestScore="3" MaxScore="80" SaodangAward="0:900001:43653" />
<YouxiaSaodangTemp id="107004" GuanqiaId="300107" HighestScore="4" MaxScore="80" SaodangAward="0:900001:44428" />
<YouxiaSaodangTemp id="107005" GuanqiaId="300107" HighestScore="5" MaxScore="80" SaodangAward="0:900001:45203" />
<YouxiaSaodangTemp id="107006" GuanqiaId="300107" HighestScore="6" MaxScore="80" SaodangAward="0:900001:45978" />
<YouxiaSaodangTemp id="107007" GuanqiaId="300107" HighestScore="7" MaxScore="80" SaodangAward="0:900001:46753" />
<YouxiaSaodangTemp id="107008" GuanqiaId="300107" HighestScore="8" MaxScore="80" SaodangAward="0:900001:47528" />
<YouxiaSaodangTemp id="107009" GuanqiaId="300107" HighestScore="9" MaxScore="80" SaodangAward="0:900001:48303" />
<YouxiaSaodangTemp id="107010" GuanqiaId="300107" HighestScore="10" MaxScore="80" SaodangAward="0:900001:49078" />
<YouxiaSaodangTemp id="107011" GuanqiaId="300107" HighestScore="11" MaxScore="80" SaodangAward="0:900001:49853" />
<YouxiaSaodangTemp id="107012" GuanqiaId="300107" HighestScore="12" MaxScore="80" SaodangAward="0:900001:50628" />
<YouxiaSaodangTemp id="107013" GuanqiaId="300107" HighestScore="13" MaxScore="80" SaodangAward="0:900001:51403" />
<YouxiaSaodangTemp id="107014" GuanqiaId="300107" HighestScore="14" MaxScore="80" SaodangAward="0:900001:52178" />
<YouxiaSaodangTemp id="107015" GuanqiaId="300107" HighestScore="15" MaxScore="80" SaodangAward="0:900001:52953" />
<YouxiaSaodangTemp id="107016" GuanqiaId="300107" HighestScore="16" MaxScore="80" SaodangAward="0:900001:53728" />
<YouxiaSaodangTemp id="107017" GuanqiaId="300107" HighestScore="17" MaxScore="80" SaodangAward="0:900001:54503" />
<YouxiaSaodangTemp id="107018" GuanqiaId="300107" HighestScore="18" MaxScore="80" SaodangAward="0:900001:55278" />
<YouxiaSaodangTemp id="107019" GuanqiaId="300107" HighestScore="19" MaxScore="80" SaodangAward="0:900001:56053" />
<YouxiaSaodangTemp id="107020" GuanqiaId="300107" HighestScore="20" MaxScore="80" SaodangAward="0:900001:56828" />
<YouxiaSaodangTemp id="107021" GuanqiaId="300107" HighestScore="21" MaxScore="80" SaodangAward="0:900001:57603" />
<YouxiaSaodangTemp id="107022" GuanqiaId="300107" HighestScore="22" MaxScore="80" SaodangAward="0:900001:58378" />
<YouxiaSaodangTemp id="107023" GuanqiaId="300107" HighestScore="23" MaxScore="80" SaodangAward="0:900001:59153" />
<YouxiaSaodangTemp id="107024" GuanqiaId="300107" HighestScore="24" MaxScore="80" SaodangAward="0:900001:59928" />
<YouxiaSaodangTemp id="107025" GuanqiaId="300107" HighestScore="25" MaxScore="80" SaodangAward="0:900001:60703" />
<YouxiaSaodangTemp id="107026" GuanqiaId="300107" HighestScore="26" MaxScore="80" SaodangAward="0:900001:61478" />
<YouxiaSaodangTemp id="107027" GuanqiaId="300107" HighestScore="27" MaxScore="80" SaodangAward="0:900001:62253" />
<YouxiaSaodangTemp id="107028" GuanqiaId="300107" HighestScore="28" MaxScore="80" SaodangAward="0:900001:63028" />
<YouxiaSaodangTemp id="107029" GuanqiaId="300107" HighestScore="29" MaxScore="80" SaodangAward="0:900001:63803" />
<YouxiaSaodangTemp id="107030" GuanqiaId="300107" HighestScore="30" MaxScore="80" SaodangAward="0:900001:64578" />
<YouxiaSaodangTemp id="107031" GuanqiaId="300107" HighestScore="31" MaxScore="80" SaodangAward="0:900001:65353" />
<YouxiaSaodangTemp id="107032" GuanqiaId="300107" HighestScore="32" MaxScore="80" SaodangAward="0:900001:66128" />
<YouxiaSaodangTemp id="107033" GuanqiaId="300107" HighestScore="33" MaxScore="80" SaodangAward="0:900001:66903" />
<YouxiaSaodangTemp id="107034" GuanqiaId="300107" HighestScore="34" MaxScore="80" SaodangAward="0:900001:67678" />
<YouxiaSaodangTemp id="107035" GuanqiaId="300107" HighestScore="35" MaxScore="80" SaodangAward="0:900001:68453" />
<YouxiaSaodangTemp id="107036" GuanqiaId="300107" HighestScore="36" MaxScore="80" SaodangAward="0:900001:69228" />
<YouxiaSaodangTemp id="107037" GuanqiaId="300107" HighestScore="37" MaxScore="80" SaodangAward="0:900001:70003" />
<YouxiaSaodangTemp id="107038" GuanqiaId="300107" HighestScore="38" MaxScore="80" SaodangAward="0:900001:70778" />
<YouxiaSaodangTemp id="107039" GuanqiaId="300107" HighestScore="39" MaxScore="80" SaodangAward="0:900001:71553" />
<YouxiaSaodangTemp id="107040" GuanqiaId="300107" HighestScore="40" MaxScore="80" SaodangAward="0:900001:72328" />
<YouxiaSaodangTemp id="107041" GuanqiaId="300107" HighestScore="41" MaxScore="80" SaodangAward="0:900001:73103" />
<YouxiaSaodangTemp id="107042" GuanqiaId="300107" HighestScore="42" MaxScore="80" SaodangAward="0:900001:73878" />
<YouxiaSaodangTemp id="107043" GuanqiaId="300107" HighestScore="43" MaxScore="80" SaodangAward="0:900001:74653" />
<YouxiaSaodangTemp id="107044" GuanqiaId="300107" HighestScore="44" MaxScore="80" SaodangAward="0:900001:75428" />
<YouxiaSaodangTemp id="107045" GuanqiaId="300107" HighestScore="45" MaxScore="80" SaodangAward="0:900001:76203" />
<YouxiaSaodangTemp id="107046" GuanqiaId="300107" HighestScore="46" MaxScore="80" SaodangAward="0:900001:76978" />
<YouxiaSaodangTemp id="107047" GuanqiaId="300107" HighestScore="47" MaxScore="80" SaodangAward="0:900001:77753" />
<YouxiaSaodangTemp id="107048" GuanqiaId="300107" HighestScore="48" MaxScore="80" SaodangAward="0:900001:78528" />
<YouxiaSaodangTemp id="107049" GuanqiaId="300107" HighestScore="49" MaxScore="80" SaodangAward="0:900001:79303" />
<YouxiaSaodangTemp id="107050" GuanqiaId="300107" HighestScore="50" MaxScore="80" SaodangAward="0:900001:80078" />
<YouxiaSaodangTemp id="107051" GuanqiaId="300107" HighestScore="51" MaxScore="80" SaodangAward="0:900001:80853" />
<YouxiaSaodangTemp id="107052" GuanqiaId="300107" HighestScore="52" MaxScore="80" SaodangAward="0:900001:81628" />
<YouxiaSaodangTemp id="107053" GuanqiaId="300107" HighestScore="53" MaxScore="80" SaodangAward="0:900001:82403" />
<YouxiaSaodangTemp id="107054" GuanqiaId="300107" HighestScore="54" MaxScore="80" SaodangAward="0:900001:83178" />
<YouxiaSaodangTemp id="107055" GuanqiaId="300107" HighestScore="55" MaxScore="80" SaodangAward="0:900001:83953" />
<YouxiaSaodangTemp id="107056" GuanqiaId="300107" HighestScore="56" MaxScore="80" SaodangAward="0:900001:84728" />
<YouxiaSaodangTemp id="107057" GuanqiaId="300107" HighestScore="57" MaxScore="80" SaodangAward="0:900001:85503" />
<YouxiaSaodangTemp id="107058" GuanqiaId="300107" HighestScore="58" MaxScore="80" SaodangAward="0:900001:86278" />
<YouxiaSaodangTemp id="107059" GuanqiaId="300107" HighestScore="59" MaxScore="80" SaodangAward="0:900001:87053" />
<YouxiaSaodangTemp id="107060" GuanqiaId="300107" HighestScore="60" MaxScore="80" SaodangAward="0:900001:87828" />
<YouxiaSaodangTemp id="107061" GuanqiaId="300107" HighestScore="61" MaxScore="80" SaodangAward="0:900001:88603" />
<YouxiaSaodangTemp id="107062" GuanqiaId="300107" HighestScore="62" MaxScore="80" SaodangAward="0:900001:89378" />
<YouxiaSaodangTemp id="107063" GuanqiaId="300107" HighestScore="63" MaxScore="80" SaodangAward="0:900001:90153" />
<YouxiaSaodangTemp id="107064" GuanqiaId="300107" HighestScore="64" MaxScore="80" SaodangAward="0:900001:90928" />
<YouxiaSaodangTemp id="107065" GuanqiaId="300107" HighestScore="65" MaxScore="80" SaodangAward="0:900001:91703" />
<YouxiaSaodangTemp id="107066" GuanqiaId="300107" HighestScore="66" MaxScore="80" SaodangAward="0:900001:92478" />
<YouxiaSaodangTemp id="107067" GuanqiaId="300107" HighestScore="67" MaxScore="80" SaodangAward="0:900001:93253" />
<YouxiaSaodangTemp id="107068" GuanqiaId="300107" HighestScore="68" MaxScore="80" SaodangAward="0:900001:94028" />
<YouxiaSaodangTemp id="107069" GuanqiaId="300107" HighestScore="69" MaxScore="80" SaodangAward="0:900001:94803" />
<YouxiaSaodangTemp id="107070" GuanqiaId="300107" HighestScore="70" MaxScore="80" SaodangAward="0:900001:95578" />
<YouxiaSaodangTemp id="107071" GuanqiaId="300107" HighestScore="71" MaxScore="80" SaodangAward="0:900001:96353" />
<YouxiaSaodangTemp id="107072" GuanqiaId="300107" HighestScore="72" MaxScore="80" SaodangAward="0:900001:97128" />
<YouxiaSaodangTemp id="107073" GuanqiaId="300107" HighestScore="73" MaxScore="80" SaodangAward="0:900001:97903" />
<YouxiaSaodangTemp id="107074" GuanqiaId="300107" HighestScore="74" MaxScore="80" SaodangAward="0:900001:98678" />
<YouxiaSaodangTemp id="107075" GuanqiaId="300107" HighestScore="75" MaxScore="80" SaodangAward="0:900001:99453" />
<YouxiaSaodangTemp id="107076" GuanqiaId="300107" HighestScore="76" MaxScore="80" SaodangAward="0:900001:100228" />
<YouxiaSaodangTemp id="107077" GuanqiaId="300107" HighestScore="77" MaxScore="80" SaodangAward="0:900001:101003" />
<YouxiaSaodangTemp id="107078" GuanqiaId="300107" HighestScore="78" MaxScore="80" SaodangAward="0:900001:101778" />
<YouxiaSaodangTemp id="107079" GuanqiaId="300107" HighestScore="79" MaxScore="80" SaodangAward="0:900001:102553" />
<YouxiaSaodangTemp id="107080" GuanqiaId="300107" HighestScore="80" MaxScore="80" SaodangAward="0:900001:103328" />
<YouxiaSaodangTemp id="108001" GuanqiaId="300108" HighestScore="1" MaxScore="80" SaodangAward="0:900001:44964" />
<YouxiaSaodangTemp id="108002" GuanqiaId="300108" HighestScore="2" MaxScore="80" SaodangAward="0:900001:45792" />
<YouxiaSaodangTemp id="108003" GuanqiaId="300108" HighestScore="3" MaxScore="80" SaodangAward="0:900001:46620" />
<YouxiaSaodangTemp id="108004" GuanqiaId="300108" HighestScore="4" MaxScore="80" SaodangAward="0:900001:47448" />
<YouxiaSaodangTemp id="108005" GuanqiaId="300108" HighestScore="5" MaxScore="80" SaodangAward="0:900001:48276" />
<YouxiaSaodangTemp id="108006" GuanqiaId="300108" HighestScore="6" MaxScore="80" SaodangAward="0:900001:49104" />
<YouxiaSaodangTemp id="108007" GuanqiaId="300108" HighestScore="7" MaxScore="80" SaodangAward="0:900001:49932" />
<YouxiaSaodangTemp id="108008" GuanqiaId="300108" HighestScore="8" MaxScore="80" SaodangAward="0:900001:50760" />
<YouxiaSaodangTemp id="108009" GuanqiaId="300108" HighestScore="9" MaxScore="80" SaodangAward="0:900001:51588" />
<YouxiaSaodangTemp id="108010" GuanqiaId="300108" HighestScore="10" MaxScore="80" SaodangAward="0:900001:52416" />
<YouxiaSaodangTemp id="108011" GuanqiaId="300108" HighestScore="11" MaxScore="80" SaodangAward="0:900001:53244" />
<YouxiaSaodangTemp id="108012" GuanqiaId="300108" HighestScore="12" MaxScore="80" SaodangAward="0:900001:54072" />
<YouxiaSaodangTemp id="108013" GuanqiaId="300108" HighestScore="13" MaxScore="80" SaodangAward="0:900001:54900" />
<YouxiaSaodangTemp id="108014" GuanqiaId="300108" HighestScore="14" MaxScore="80" SaodangAward="0:900001:55728" />
<YouxiaSaodangTemp id="108015" GuanqiaId="300108" HighestScore="15" MaxScore="80" SaodangAward="0:900001:56556" />
<YouxiaSaodangTemp id="108016" GuanqiaId="300108" HighestScore="16" MaxScore="80" SaodangAward="0:900001:57384" />
<YouxiaSaodangTemp id="108017" GuanqiaId="300108" HighestScore="17" MaxScore="80" SaodangAward="0:900001:58212" />
<YouxiaSaodangTemp id="108018" GuanqiaId="300108" HighestScore="18" MaxScore="80" SaodangAward="0:900001:59040" />
<YouxiaSaodangTemp id="108019" GuanqiaId="300108" HighestScore="19" MaxScore="80" SaodangAward="0:900001:59868" />
<YouxiaSaodangTemp id="108020" GuanqiaId="300108" HighestScore="20" MaxScore="80" SaodangAward="0:900001:60696" />
<YouxiaSaodangTemp id="108021" GuanqiaId="300108" HighestScore="21" MaxScore="80" SaodangAward="0:900001:61524" />
<YouxiaSaodangTemp id="108022" GuanqiaId="300108" HighestScore="22" MaxScore="80" SaodangAward="0:900001:62352" />
<YouxiaSaodangTemp id="108023" GuanqiaId="300108" HighestScore="23" MaxScore="80" SaodangAward="0:900001:63180" />
<YouxiaSaodangTemp id="108024" GuanqiaId="300108" HighestScore="24" MaxScore="80" SaodangAward="0:900001:64008" />
<YouxiaSaodangTemp id="108025" GuanqiaId="300108" HighestScore="25" MaxScore="80" SaodangAward="0:900001:64836" />
<YouxiaSaodangTemp id="108026" GuanqiaId="300108" HighestScore="26" MaxScore="80" SaodangAward="0:900001:65664" />
<YouxiaSaodangTemp id="108027" GuanqiaId="300108" HighestScore="27" MaxScore="80" SaodangAward="0:900001:66492" />
<YouxiaSaodangTemp id="108028" GuanqiaId="300108" HighestScore="28" MaxScore="80" SaodangAward="0:900001:67320" />
<YouxiaSaodangTemp id="108029" GuanqiaId="300108" HighestScore="29" MaxScore="80" SaodangAward="0:900001:68148" />
<YouxiaSaodangTemp id="108030" GuanqiaId="300108" HighestScore="30" MaxScore="80" SaodangAward="0:900001:68976" />
<YouxiaSaodangTemp id="108031" GuanqiaId="300108" HighestScore="31" MaxScore="80" SaodangAward="0:900001:69804" />
<YouxiaSaodangTemp id="108032" GuanqiaId="300108" HighestScore="32" MaxScore="80" SaodangAward="0:900001:70632" />
<YouxiaSaodangTemp id="108033" GuanqiaId="300108" HighestScore="33" MaxScore="80" SaodangAward="0:900001:71460" />
<YouxiaSaodangTemp id="108034" GuanqiaId="300108" HighestScore="34" MaxScore="80" SaodangAward="0:900001:72288" />
<YouxiaSaodangTemp id="108035" GuanqiaId="300108" HighestScore="35" MaxScore="80" SaodangAward="0:900001:73116" />
<YouxiaSaodangTemp id="108036" GuanqiaId="300108" HighestScore="36" MaxScore="80" SaodangAward="0:900001:73944" />
<YouxiaSaodangTemp id="108037" GuanqiaId="300108" HighestScore="37" MaxScore="80" SaodangAward="0:900001:74772" />
<YouxiaSaodangTemp id="108038" GuanqiaId="300108" HighestScore="38" MaxScore="80" SaodangAward="0:900001:75600" />
<YouxiaSaodangTemp id="108039" GuanqiaId="300108" HighestScore="39" MaxScore="80" SaodangAward="0:900001:76428" />
<YouxiaSaodangTemp id="108040" GuanqiaId="300108" HighestScore="40" MaxScore="80" SaodangAward="0:900001:77256" />
<YouxiaSaodangTemp id="108041" GuanqiaId="300108" HighestScore="41" MaxScore="80" SaodangAward="0:900001:78084" />
<YouxiaSaodangTemp id="108042" GuanqiaId="300108" HighestScore="42" MaxScore="80" SaodangAward="0:900001:78912" />
<YouxiaSaodangTemp id="108043" GuanqiaId="300108" HighestScore="43" MaxScore="80" SaodangAward="0:900001:79740" />
<YouxiaSaodangTemp id="108044" GuanqiaId="300108" HighestScore="44" MaxScore="80" SaodangAward="0:900001:80568" />
<YouxiaSaodangTemp id="108045" GuanqiaId="300108" HighestScore="45" MaxScore="80" SaodangAward="0:900001:81396" />
<YouxiaSaodangTemp id="108046" GuanqiaId="300108" HighestScore="46" MaxScore="80" SaodangAward="0:900001:82224" />
<YouxiaSaodangTemp id="108047" GuanqiaId="300108" HighestScore="47" MaxScore="80" SaodangAward="0:900001:83052" />
<YouxiaSaodangTemp id="108048" GuanqiaId="300108" HighestScore="48" MaxScore="80" SaodangAward="0:900001:83880" />
<YouxiaSaodangTemp id="108049" GuanqiaId="300108" HighestScore="49" MaxScore="80" SaodangAward="0:900001:84708" />
<YouxiaSaodangTemp id="108050" GuanqiaId="300108" HighestScore="50" MaxScore="80" SaodangAward="0:900001:85536" />
<YouxiaSaodangTemp id="108051" GuanqiaId="300108" HighestScore="51" MaxScore="80" SaodangAward="0:900001:86364" />
<YouxiaSaodangTemp id="108052" GuanqiaId="300108" HighestScore="52" MaxScore="80" SaodangAward="0:900001:87192" />
<YouxiaSaodangTemp id="108053" GuanqiaId="300108" HighestScore="53" MaxScore="80" SaodangAward="0:900001:88020" />
<YouxiaSaodangTemp id="108054" GuanqiaId="300108" HighestScore="54" MaxScore="80" SaodangAward="0:900001:88848" />
<YouxiaSaodangTemp id="108055" GuanqiaId="300108" HighestScore="55" MaxScore="80" SaodangAward="0:900001:89676" />
<YouxiaSaodangTemp id="108056" GuanqiaId="300108" HighestScore="56" MaxScore="80" SaodangAward="0:900001:90504" />
<YouxiaSaodangTemp id="108057" GuanqiaId="300108" HighestScore="57" MaxScore="80" SaodangAward="0:900001:91332" />
<YouxiaSaodangTemp id="108058" GuanqiaId="300108" HighestScore="58" MaxScore="80" SaodangAward="0:900001:92160" />
<YouxiaSaodangTemp id="108059" GuanqiaId="300108" HighestScore="59" MaxScore="80" SaodangAward="0:900001:92988" />
<YouxiaSaodangTemp id="108060" GuanqiaId="300108" HighestScore="60" MaxScore="80" SaodangAward="0:900001:93816" />
<YouxiaSaodangTemp id="108061" GuanqiaId="300108" HighestScore="61" MaxScore="80" SaodangAward="0:900001:94644" />
<YouxiaSaodangTemp id="108062" GuanqiaId="300108" HighestScore="62" MaxScore="80" SaodangAward="0:900001:95472" />
<YouxiaSaodangTemp id="108063" GuanqiaId="300108" HighestScore="63" MaxScore="80" SaodangAward="0:900001:96300" />
<YouxiaSaodangTemp id="108064" GuanqiaId="300108" HighestScore="64" MaxScore="80" SaodangAward="0:900001:97128" />
<YouxiaSaodangTemp id="108065" GuanqiaId="300108" HighestScore="65" MaxScore="80" SaodangAward="0:900001:97956" />
<YouxiaSaodangTemp id="108066" GuanqiaId="300108" HighestScore="66" MaxScore="80" SaodangAward="0:900001:98784" />
<YouxiaSaodangTemp id="108067" GuanqiaId="300108" HighestScore="67" MaxScore="80" SaodangAward="0:900001:99612" />
<YouxiaSaodangTemp id="108068" GuanqiaId="300108" HighestScore="68" MaxScore="80" SaodangAward="0:900001:100440" />
<YouxiaSaodangTemp id="108069" GuanqiaId="300108" HighestScore="69" MaxScore="80" SaodangAward="0:900001:101268" />
<YouxiaSaodangTemp id="108070" GuanqiaId="300108" HighestScore="70" MaxScore="80" SaodangAward="0:900001:102096" />
<YouxiaSaodangTemp id="108071" GuanqiaId="300108" HighestScore="71" MaxScore="80" SaodangAward="0:900001:102924" />
<YouxiaSaodangTemp id="108072" GuanqiaId="300108" HighestScore="72" MaxScore="80" SaodangAward="0:900001:103752" />
<YouxiaSaodangTemp id="108073" GuanqiaId="300108" HighestScore="73" MaxScore="80" SaodangAward="0:900001:104580" />
<YouxiaSaodangTemp id="108074" GuanqiaId="300108" HighestScore="74" MaxScore="80" SaodangAward="0:900001:105408" />
<YouxiaSaodangTemp id="108075" GuanqiaId="300108" HighestScore="75" MaxScore="80" SaodangAward="0:900001:106236" />
<YouxiaSaodangTemp id="108076" GuanqiaId="300108" HighestScore="76" MaxScore="80" SaodangAward="0:900001:107064" />
<YouxiaSaodangTemp id="108077" GuanqiaId="300108" HighestScore="77" MaxScore="80" SaodangAward="0:900001:107892" />
<YouxiaSaodangTemp id="108078" GuanqiaId="300108" HighestScore="78" MaxScore="80" SaodangAward="0:900001:108720" />
<YouxiaSaodangTemp id="108079" GuanqiaId="300108" HighestScore="79" MaxScore="80" SaodangAward="0:900001:109548" />
<YouxiaSaodangTemp id="108080" GuanqiaId="300108" HighestScore="80" MaxScore="80" SaodangAward="0:900001:110376" />
<YouxiaSaodangTemp id="109001" GuanqiaId="300109" HighestScore="1" MaxScore="80" SaodangAward="0:900001:47898" />
<YouxiaSaodangTemp id="109002" GuanqiaId="300109" HighestScore="2" MaxScore="80" SaodangAward="0:900001:48780" />
<YouxiaSaodangTemp id="109003" GuanqiaId="300109" HighestScore="3" MaxScore="80" SaodangAward="0:900001:49662" />
<YouxiaSaodangTemp id="109004" GuanqiaId="300109" HighestScore="4" MaxScore="80" SaodangAward="0:900001:50544" />
<YouxiaSaodangTemp id="109005" GuanqiaId="300109" HighestScore="5" MaxScore="80" SaodangAward="0:900001:51426" />
<YouxiaSaodangTemp id="109006" GuanqiaId="300109" HighestScore="6" MaxScore="80" SaodangAward="0:900001:52308" />
<YouxiaSaodangTemp id="109007" GuanqiaId="300109" HighestScore="7" MaxScore="80" SaodangAward="0:900001:53190" />
<YouxiaSaodangTemp id="109008" GuanqiaId="300109" HighestScore="8" MaxScore="80" SaodangAward="0:900001:54072" />
<YouxiaSaodangTemp id="109009" GuanqiaId="300109" HighestScore="9" MaxScore="80" SaodangAward="0:900001:54954" />
<YouxiaSaodangTemp id="109010" GuanqiaId="300109" HighestScore="10" MaxScore="80" SaodangAward="0:900001:55836" />
<YouxiaSaodangTemp id="109011" GuanqiaId="300109" HighestScore="11" MaxScore="80" SaodangAward="0:900001:56718" />
<YouxiaSaodangTemp id="109012" GuanqiaId="300109" HighestScore="12" MaxScore="80" SaodangAward="0:900001:57600" />
<YouxiaSaodangTemp id="109013" GuanqiaId="300109" HighestScore="13" MaxScore="80" SaodangAward="0:900001:58482" />
<YouxiaSaodangTemp id="109014" GuanqiaId="300109" HighestScore="14" MaxScore="80" SaodangAward="0:900001:59364" />
<YouxiaSaodangTemp id="109015" GuanqiaId="300109" HighestScore="15" MaxScore="80" SaodangAward="0:900001:60246" />
<YouxiaSaodangTemp id="109016" GuanqiaId="300109" HighestScore="16" MaxScore="80" SaodangAward="0:900001:61128" />
<YouxiaSaodangTemp id="109017" GuanqiaId="300109" HighestScore="17" MaxScore="80" SaodangAward="0:900001:62010" />
<YouxiaSaodangTemp id="109018" GuanqiaId="300109" HighestScore="18" MaxScore="80" SaodangAward="0:900001:62892" />
<YouxiaSaodangTemp id="109019" GuanqiaId="300109" HighestScore="19" MaxScore="80" SaodangAward="0:900001:63774" />
<YouxiaSaodangTemp id="109020" GuanqiaId="300109" HighestScore="20" MaxScore="80" SaodangAward="0:900001:64656" />
<YouxiaSaodangTemp id="109021" GuanqiaId="300109" HighestScore="21" MaxScore="80" SaodangAward="0:900001:65538" />
<YouxiaSaodangTemp id="109022" GuanqiaId="300109" HighestScore="22" MaxScore="80" SaodangAward="0:900001:66420" />
<YouxiaSaodangTemp id="109023" GuanqiaId="300109" HighestScore="23" MaxScore="80" SaodangAward="0:900001:67302" />
<YouxiaSaodangTemp id="109024" GuanqiaId="300109" HighestScore="24" MaxScore="80" SaodangAward="0:900001:68184" />
<YouxiaSaodangTemp id="109025" GuanqiaId="300109" HighestScore="25" MaxScore="80" SaodangAward="0:900001:69066" />
<YouxiaSaodangTemp id="109026" GuanqiaId="300109" HighestScore="26" MaxScore="80" SaodangAward="0:900001:69948" />
<YouxiaSaodangTemp id="109027" GuanqiaId="300109" HighestScore="27" MaxScore="80" SaodangAward="0:900001:70830" />
<YouxiaSaodangTemp id="109028" GuanqiaId="300109" HighestScore="28" MaxScore="80" SaodangAward="0:900001:71712" />
<YouxiaSaodangTemp id="109029" GuanqiaId="300109" HighestScore="29" MaxScore="80" SaodangAward="0:900001:72594" />
<YouxiaSaodangTemp id="109030" GuanqiaId="300109" HighestScore="30" MaxScore="80" SaodangAward="0:900001:73476" />
<YouxiaSaodangTemp id="109031" GuanqiaId="300109" HighestScore="31" MaxScore="80" SaodangAward="0:900001:74358" />
<YouxiaSaodangTemp id="109032" GuanqiaId="300109" HighestScore="32" MaxScore="80" SaodangAward="0:900001:75240" />
<YouxiaSaodangTemp id="109033" GuanqiaId="300109" HighestScore="33" MaxScore="80" SaodangAward="0:900001:76122" />
<YouxiaSaodangTemp id="109034" GuanqiaId="300109" HighestScore="34" MaxScore="80" SaodangAward="0:900001:77004" />
<YouxiaSaodangTemp id="109035" GuanqiaId="300109" HighestScore="35" MaxScore="80" SaodangAward="0:900001:77886" />
<YouxiaSaodangTemp id="109036" GuanqiaId="300109" HighestScore="36" MaxScore="80" SaodangAward="0:900001:78768" />
<YouxiaSaodangTemp id="109037" GuanqiaId="300109" HighestScore="37" MaxScore="80" SaodangAward="0:900001:79650" />
<YouxiaSaodangTemp id="109038" GuanqiaId="300109" HighestScore="38" MaxScore="80" SaodangAward="0:900001:80532" />
<YouxiaSaodangTemp id="109039" GuanqiaId="300109" HighestScore="39" MaxScore="80" SaodangAward="0:900001:81414" />
<YouxiaSaodangTemp id="109040" GuanqiaId="300109" HighestScore="40" MaxScore="80" SaodangAward="0:900001:82296" />
<YouxiaSaodangTemp id="109041" GuanqiaId="300109" HighestScore="41" MaxScore="80" SaodangAward="0:900001:83178" />
<YouxiaSaodangTemp id="109042" GuanqiaId="300109" HighestScore="42" MaxScore="80" SaodangAward="0:900001:84060" />
<YouxiaSaodangTemp id="109043" GuanqiaId="300109" HighestScore="43" MaxScore="80" SaodangAward="0:900001:84942" />
<YouxiaSaodangTemp id="109044" GuanqiaId="300109" HighestScore="44" MaxScore="80" SaodangAward="0:900001:85824" />
<YouxiaSaodangTemp id="109045" GuanqiaId="300109" HighestScore="45" MaxScore="80" SaodangAward="0:900001:86706" />
<YouxiaSaodangTemp id="109046" GuanqiaId="300109" HighestScore="46" MaxScore="80" SaodangAward="0:900001:87588" />
<YouxiaSaodangTemp id="109047" GuanqiaId="300109" HighestScore="47" MaxScore="80" SaodangAward="0:900001:88470" />
<YouxiaSaodangTemp id="109048" GuanqiaId="300109" HighestScore="48" MaxScore="80" SaodangAward="0:900001:89352" />
<YouxiaSaodangTemp id="109049" GuanqiaId="300109" HighestScore="49" MaxScore="80" SaodangAward="0:900001:90234" />
<YouxiaSaodangTemp id="109050" GuanqiaId="300109" HighestScore="50" MaxScore="80" SaodangAward="0:900001:91116" />
<YouxiaSaodangTemp id="109051" GuanqiaId="300109" HighestScore="51" MaxScore="80" SaodangAward="0:900001:91998" />
<YouxiaSaodangTemp id="109052" GuanqiaId="300109" HighestScore="52" MaxScore="80" SaodangAward="0:900001:92880" />
<YouxiaSaodangTemp id="109053" GuanqiaId="300109" HighestScore="53" MaxScore="80" SaodangAward="0:900001:93762" />
<YouxiaSaodangTemp id="109054" GuanqiaId="300109" HighestScore="54" MaxScore="80" SaodangAward="0:900001:94644" />
<YouxiaSaodangTemp id="109055" GuanqiaId="300109" HighestScore="55" MaxScore="80" SaodangAward="0:900001:95526" />
<YouxiaSaodangTemp id="109056" GuanqiaId="300109" HighestScore="56" MaxScore="80" SaodangAward="0:900001:96408" />
<YouxiaSaodangTemp id="109057" GuanqiaId="300109" HighestScore="57" MaxScore="80" SaodangAward="0:900001:97290" />
<YouxiaSaodangTemp id="109058" GuanqiaId="300109" HighestScore="58" MaxScore="80" SaodangAward="0:900001:98172" />
<YouxiaSaodangTemp id="109059" GuanqiaId="300109" HighestScore="59" MaxScore="80" SaodangAward="0:900001:99054" />
<YouxiaSaodangTemp id="109060" GuanqiaId="300109" HighestScore="60" MaxScore="80" SaodangAward="0:900001:99936" />
<YouxiaSaodangTemp id="109061" GuanqiaId="300109" HighestScore="61" MaxScore="80" SaodangAward="0:900001:100818" />
<YouxiaSaodangTemp id="109062" GuanqiaId="300109" HighestScore="62" MaxScore="80" SaodangAward="0:900001:101700" />
<YouxiaSaodangTemp id="109063" GuanqiaId="300109" HighestScore="63" MaxScore="80" SaodangAward="0:900001:102582" />
<YouxiaSaodangTemp id="109064" GuanqiaId="300109" HighestScore="64" MaxScore="80" SaodangAward="0:900001:103464" />
<YouxiaSaodangTemp id="109065" GuanqiaId="300109" HighestScore="65" MaxScore="80" SaodangAward="0:900001:104346" />
<YouxiaSaodangTemp id="109066" GuanqiaId="300109" HighestScore="66" MaxScore="80" SaodangAward="0:900001:105228" />
<YouxiaSaodangTemp id="109067" GuanqiaId="300109" HighestScore="67" MaxScore="80" SaodangAward="0:900001:106110" />
<YouxiaSaodangTemp id="109068" GuanqiaId="300109" HighestScore="68" MaxScore="80" SaodangAward="0:900001:106992" />
<YouxiaSaodangTemp id="109069" GuanqiaId="300109" HighestScore="69" MaxScore="80" SaodangAward="0:900001:107874" />
<YouxiaSaodangTemp id="109070" GuanqiaId="300109" HighestScore="70" MaxScore="80" SaodangAward="0:900001:108756" />
<YouxiaSaodangTemp id="109071" GuanqiaId="300109" HighestScore="71" MaxScore="80" SaodangAward="0:900001:109638" />
<YouxiaSaodangTemp id="109072" GuanqiaId="300109" HighestScore="72" MaxScore="80" SaodangAward="0:900001:110520" />
<YouxiaSaodangTemp id="109073" GuanqiaId="300109" HighestScore="73" MaxScore="80" SaodangAward="0:900001:111402" />
<YouxiaSaodangTemp id="109074" GuanqiaId="300109" HighestScore="74" MaxScore="80" SaodangAward="0:900001:112284" />
<YouxiaSaodangTemp id="109075" GuanqiaId="300109" HighestScore="75" MaxScore="80" SaodangAward="0:900001:113166" />
<YouxiaSaodangTemp id="109076" GuanqiaId="300109" HighestScore="76" MaxScore="80" SaodangAward="0:900001:114048" />
<YouxiaSaodangTemp id="109077" GuanqiaId="300109" HighestScore="77" MaxScore="80" SaodangAward="0:900001:114930" />
<YouxiaSaodangTemp id="109078" GuanqiaId="300109" HighestScore="78" MaxScore="80" SaodangAward="0:900001:115812" />
<YouxiaSaodangTemp id="109079" GuanqiaId="300109" HighestScore="79" MaxScore="80" SaodangAward="0:900001:116694" />
<YouxiaSaodangTemp id="109080" GuanqiaId="300109" HighestScore="80" MaxScore="80" SaodangAward="0:900001:117576" />
<YouxiaSaodangTemp id="110001" GuanqiaId="300110" HighestScore="1" MaxScore="80" SaodangAward="0:900001:54022" />
<YouxiaSaodangTemp id="110002" GuanqiaId="300110" HighestScore="2" MaxScore="80" SaodangAward="0:900001:55016" />
<YouxiaSaodangTemp id="110003" GuanqiaId="300110" HighestScore="3" MaxScore="80" SaodangAward="0:900001:56010" />
<YouxiaSaodangTemp id="110004" GuanqiaId="300110" HighestScore="4" MaxScore="80" SaodangAward="0:900001:57004" />
<YouxiaSaodangTemp id="110005" GuanqiaId="300110" HighestScore="5" MaxScore="80" SaodangAward="0:900001:57998" />
<YouxiaSaodangTemp id="110006" GuanqiaId="300110" HighestScore="6" MaxScore="80" SaodangAward="0:900001:58992" />
<YouxiaSaodangTemp id="110007" GuanqiaId="300110" HighestScore="7" MaxScore="80" SaodangAward="0:900001:59986" />
<YouxiaSaodangTemp id="110008" GuanqiaId="300110" HighestScore="8" MaxScore="80" SaodangAward="0:900001:60980" />
<YouxiaSaodangTemp id="110009" GuanqiaId="300110" HighestScore="9" MaxScore="80" SaodangAward="0:900001:61974" />
<YouxiaSaodangTemp id="110010" GuanqiaId="300110" HighestScore="10" MaxScore="80" SaodangAward="0:900001:62968" />
<YouxiaSaodangTemp id="110011" GuanqiaId="300110" HighestScore="11" MaxScore="80" SaodangAward="0:900001:63962" />
<YouxiaSaodangTemp id="110012" GuanqiaId="300110" HighestScore="12" MaxScore="80" SaodangAward="0:900001:64956" />
<YouxiaSaodangTemp id="110013" GuanqiaId="300110" HighestScore="13" MaxScore="80" SaodangAward="0:900001:65950" />
<YouxiaSaodangTemp id="110014" GuanqiaId="300110" HighestScore="14" MaxScore="80" SaodangAward="0:900001:66944" />
<YouxiaSaodangTemp id="110015" GuanqiaId="300110" HighestScore="15" MaxScore="80" SaodangAward="0:900001:67938" />
<YouxiaSaodangTemp id="110016" GuanqiaId="300110" HighestScore="16" MaxScore="80" SaodangAward="0:900001:68932" />
<YouxiaSaodangTemp id="110017" GuanqiaId="300110" HighestScore="17" MaxScore="80" SaodangAward="0:900001:69926" />
<YouxiaSaodangTemp id="110018" GuanqiaId="300110" HighestScore="18" MaxScore="80" SaodangAward="0:900001:70920" />
<YouxiaSaodangTemp id="110019" GuanqiaId="300110" HighestScore="19" MaxScore="80" SaodangAward="0:900001:71914" />
<YouxiaSaodangTemp id="110020" GuanqiaId="300110" HighestScore="20" MaxScore="80" SaodangAward="0:900001:72908" />
<YouxiaSaodangTemp id="110021" GuanqiaId="300110" HighestScore="21" MaxScore="80" SaodangAward="0:900001:73902" />
<YouxiaSaodangTemp id="110022" GuanqiaId="300110" HighestScore="22" MaxScore="80" SaodangAward="0:900001:74896" />
<YouxiaSaodangTemp id="110023" GuanqiaId="300110" HighestScore="23" MaxScore="80" SaodangAward="0:900001:75890" />
<YouxiaSaodangTemp id="110024" GuanqiaId="300110" HighestScore="24" MaxScore="80" SaodangAward="0:900001:76884" />
<YouxiaSaodangTemp id="110025" GuanqiaId="300110" HighestScore="25" MaxScore="80" SaodangAward="0:900001:77878" />
<YouxiaSaodangTemp id="110026" GuanqiaId="300110" HighestScore="26" MaxScore="80" SaodangAward="0:900001:78872" />
<YouxiaSaodangTemp id="110027" GuanqiaId="300110" HighestScore="27" MaxScore="80" SaodangAward="0:900001:79866" />
<YouxiaSaodangTemp id="110028" GuanqiaId="300110" HighestScore="28" MaxScore="80" SaodangAward="0:900001:80860" />
<YouxiaSaodangTemp id="110029" GuanqiaId="300110" HighestScore="29" MaxScore="80" SaodangAward="0:900001:81854" />
<YouxiaSaodangTemp id="110030" GuanqiaId="300110" HighestScore="30" MaxScore="80" SaodangAward="0:900001:82848" />
<YouxiaSaodangTemp id="110031" GuanqiaId="300110" HighestScore="31" MaxScore="80" SaodangAward="0:900001:83842" />
<YouxiaSaodangTemp id="110032" GuanqiaId="300110" HighestScore="32" MaxScore="80" SaodangAward="0:900001:84836" />
<YouxiaSaodangTemp id="110033" GuanqiaId="300110" HighestScore="33" MaxScore="80" SaodangAward="0:900001:85830" />
<YouxiaSaodangTemp id="110034" GuanqiaId="300110" HighestScore="34" MaxScore="80" SaodangAward="0:900001:86824" />
<YouxiaSaodangTemp id="110035" GuanqiaId="300110" HighestScore="35" MaxScore="80" SaodangAward="0:900001:87818" />
<YouxiaSaodangTemp id="110036" GuanqiaId="300110" HighestScore="36" MaxScore="80" SaodangAward="0:900001:88812" />
<YouxiaSaodangTemp id="110037" GuanqiaId="300110" HighestScore="37" MaxScore="80" SaodangAward="0:900001:89806" />
<YouxiaSaodangTemp id="110038" GuanqiaId="300110" HighestScore="38" MaxScore="80" SaodangAward="0:900001:90800" />
<YouxiaSaodangTemp id="110039" GuanqiaId="300110" HighestScore="39" MaxScore="80" SaodangAward="0:900001:91794" />
<YouxiaSaodangTemp id="110040" GuanqiaId="300110" HighestScore="40" MaxScore="80" SaodangAward="0:900001:92788" />
<YouxiaSaodangTemp id="110041" GuanqiaId="300110" HighestScore="41" MaxScore="80" SaodangAward="0:900001:93782" />
<YouxiaSaodangTemp id="110042" GuanqiaId="300110" HighestScore="42" MaxScore="80" SaodangAward="0:900001:94776" />
<YouxiaSaodangTemp id="110043" GuanqiaId="300110" HighestScore="43" MaxScore="80" SaodangAward="0:900001:95770" />
<YouxiaSaodangTemp id="110044" GuanqiaId="300110" HighestScore="44" MaxScore="80" SaodangAward="0:900001:96764" />
<YouxiaSaodangTemp id="110045" GuanqiaId="300110" HighestScore="45" MaxScore="80" SaodangAward="0:900001:97758" />
<YouxiaSaodangTemp id="110046" GuanqiaId="300110" HighestScore="46" MaxScore="80" SaodangAward="0:900001:98752" />
<YouxiaSaodangTemp id="110047" GuanqiaId="300110" HighestScore="47" MaxScore="80" SaodangAward="0:900001:99746" />
<YouxiaSaodangTemp id="110048" GuanqiaId="300110" HighestScore="48" MaxScore="80" SaodangAward="0:900001:100740" />
<YouxiaSaodangTemp id="110049" GuanqiaId="300110" HighestScore="49" MaxScore="80" SaodangAward="0:900001:101734" />
<YouxiaSaodangTemp id="110050" GuanqiaId="300110" HighestScore="50" MaxScore="80" SaodangAward="0:900001:102728" />
<YouxiaSaodangTemp id="110051" GuanqiaId="300110" HighestScore="51" MaxScore="80" SaodangAward="0:900001:103722" />
<YouxiaSaodangTemp id="110052" GuanqiaId="300110" HighestScore="52" MaxScore="80" SaodangAward="0:900001:104716" />
<YouxiaSaodangTemp id="110053" GuanqiaId="300110" HighestScore="53" MaxScore="80" SaodangAward="0:900001:105710" />
<YouxiaSaodangTemp id="110054" GuanqiaId="300110" HighestScore="54" MaxScore="80" SaodangAward="0:900001:106704" />
<YouxiaSaodangTemp id="110055" GuanqiaId="300110" HighestScore="55" MaxScore="80" SaodangAward="0:900001:107698" />
<YouxiaSaodangTemp id="110056" GuanqiaId="300110" HighestScore="56" MaxScore="80" SaodangAward="0:900001:108692" />
<YouxiaSaodangTemp id="110057" GuanqiaId="300110" HighestScore="57" MaxScore="80" SaodangAward="0:900001:109686" />
<YouxiaSaodangTemp id="110058" GuanqiaId="300110" HighestScore="58" MaxScore="80" SaodangAward="0:900001:110680" />
<YouxiaSaodangTemp id="110059" GuanqiaId="300110" HighestScore="59" MaxScore="80" SaodangAward="0:900001:111674" />
<YouxiaSaodangTemp id="110060" GuanqiaId="300110" HighestScore="60" MaxScore="80" SaodangAward="0:900001:112668" />
<YouxiaSaodangTemp id="110061" GuanqiaId="300110" HighestScore="61" MaxScore="80" SaodangAward="0:900001:113662" />
<YouxiaSaodangTemp id="110062" GuanqiaId="300110" HighestScore="62" MaxScore="80" SaodangAward="0:900001:114656" />
<YouxiaSaodangTemp id="110063" GuanqiaId="300110" HighestScore="63" MaxScore="80" SaodangAward="0:900001:115650" />
<YouxiaSaodangTemp id="110064" GuanqiaId="300110" HighestScore="64" MaxScore="80" SaodangAward="0:900001:116644" />
<YouxiaSaodangTemp id="110065" GuanqiaId="300110" HighestScore="65" MaxScore="80" SaodangAward="0:900001:117638" />
<YouxiaSaodangTemp id="110066" GuanqiaId="300110" HighestScore="66" MaxScore="80" SaodangAward="0:900001:118632" />
<YouxiaSaodangTemp id="110067" GuanqiaId="300110" HighestScore="67" MaxScore="80" SaodangAward="0:900001:119626" />
<YouxiaSaodangTemp id="110068" GuanqiaId="300110" HighestScore="68" MaxScore="80" SaodangAward="0:900001:120620" />
<YouxiaSaodangTemp id="110069" GuanqiaId="300110" HighestScore="69" MaxScore="80" SaodangAward="0:900001:121614" />
<YouxiaSaodangTemp id="110070" GuanqiaId="300110" HighestScore="70" MaxScore="80" SaodangAward="0:900001:122608" />
<YouxiaSaodangTemp id="110071" GuanqiaId="300110" HighestScore="71" MaxScore="80" SaodangAward="0:900001:123602" />
<YouxiaSaodangTemp id="110072" GuanqiaId="300110" HighestScore="72" MaxScore="80" SaodangAward="0:900001:124596" />
<YouxiaSaodangTemp id="110073" GuanqiaId="300110" HighestScore="73" MaxScore="80" SaodangAward="0:900001:125590" />
<YouxiaSaodangTemp id="110074" GuanqiaId="300110" HighestScore="74" MaxScore="80" SaodangAward="0:900001:126584" />
<YouxiaSaodangTemp id="110075" GuanqiaId="300110" HighestScore="75" MaxScore="80" SaodangAward="0:900001:127578" />
<YouxiaSaodangTemp id="110076" GuanqiaId="300110" HighestScore="76" MaxScore="80" SaodangAward="0:900001:128572" />
<YouxiaSaodangTemp id="110077" GuanqiaId="300110" HighestScore="77" MaxScore="80" SaodangAward="0:900001:129566" />
<YouxiaSaodangTemp id="110078" GuanqiaId="300110" HighestScore="78" MaxScore="80" SaodangAward="0:900001:130560" />
<YouxiaSaodangTemp id="110079" GuanqiaId="300110" HighestScore="79" MaxScore="80" SaodangAward="0:900001:131554" />
<YouxiaSaodangTemp id="110080" GuanqiaId="300110" HighestScore="80" MaxScore="80" SaodangAward="0:900001:132548" />
</dataset>
