<?xml version="1.0" encoding="UTF-8"?>
<dataset>
<YouxiaPveTemp id="300101" bigName="300100" bigDesc="300100" bigId="1" smaName="300101" smaDesc="300101" smaId="1" monarchLevel="0" awardId="810101=100" npcId="301010" power="0" icon="0" soundId="300101" sceneId="100" time="120" maxTime="3" RenWuLimit="0" configId="300101" openDay="1,2,3,4,5,6,7" frontPoint="0" maxNum="80" wanfaType="休闲模式" recZhanli="3000" recMibaoSkill="250101" vicConDescID="1521" awardShow="0:900001:47184" />
<YouxiaPveTemp id="300102" bigName="300100" bigDesc="300100" bigId="1" smaName="300102" smaDesc="300102" smaId="2" monarchLevel="0" awardId="810201=100" npcId="301020" power="0" icon="0" soundId="300102" sceneId="100" time="120" maxTime="3" RenWuLimit="0" configId="300102" openDay="1,2,3,4,5,6,7" frontPoint="300101" maxNum="80" wanfaType="休闲模式" recZhanli="5000" recMibaoSkill="250101" vicConDescID="1521" awardShow="0:900001:49840" />
<YouxiaPveTemp id="300103" bigName="300100" bigDesc="300100" bigId="1" smaName="300103" smaDesc="300103" smaId="3" monarchLevel="0" awardId="810301=100" npcId="301030" power="0" icon="0" soundId="300103" sceneId="100" time="120" maxTime="3" RenWuLimit="0" configId="300103" openDay="1,2,3,4,5,6,7" frontPoint="300102" maxNum="80" wanfaType="休闲模式" recZhanli="38300" recMibaoSkill="250101" vicConDescID="1521" awardShow="0:900001:55200" />
<YouxiaPveTemp id="300104" bigName="300100" bigDesc="300100" bigId="1" smaName="300104" smaDesc="300104" smaId="4" monarchLevel="0" awardId="810401=100" npcId="301040" power="0" icon="0" soundId="300104" sceneId="100" time="120" maxTime="3" RenWuLimit="0" configId="300104" openDay="1,2,3,4,5,6,7" frontPoint="300103" maxNum="80" wanfaType="休闲模式" recZhanli="95100" recMibaoSkill="250101" vicConDescID="1521" awardShow="0:900001:61712" />
<YouxiaPveTemp id="300105" bigName="300100" bigDesc="300100" bigId="1" smaName="300105" smaDesc="300105" smaId="5" monarchLevel="0" awardId="810501=100" npcId="301050" power="0" icon="0" soundId="300105" sceneId="100" time="120" maxTime="3" RenWuLimit="0" configId="300105" openDay="1,2,3,4,5,6,7" frontPoint="300104" maxNum="80" wanfaType="休闲模式" recZhanli="160000" recMibaoSkill="250101" vicConDescID="1521" awardShow="0:900001:69600" />
<YouxiaPveTemp id="300106" bigName="300100" bigDesc="300100" bigId="1" smaName="300106" smaDesc="300106" smaId="6" monarchLevel="0" awardId="810601=100" npcId="301060" power="0" icon="0" soundId="300106" sceneId="100" time="120" maxTime="3" RenWuLimit="0" configId="300106" openDay="1,2,3,4,5,6,7" frontPoint="420145" maxNum="80" wanfaType="休闲模式" recZhanli="247600" recMibaoSkill="250101" vicConDescID="1521" awardShow="0:900001:78816" />
<YouxiaPveTemp id="300107" bigName="300100" bigDesc="300100" bigId="1" smaName="300107" smaDesc="300107" smaId="7" monarchLevel="0" awardId="810701=100" npcId="301070" power="0" icon="0" soundId="300107" sceneId="100" time="120" maxTime="3" RenWuLimit="0" configId="300107" openDay="1,2,3,4,5,6,7" frontPoint="480166" maxNum="80" wanfaType="休闲模式" recZhanli="404800" recMibaoSkill="250101" vicConDescID="1521" awardShow="0:900001:89488" />
<YouxiaPveTemp id="300108" bigName="300100" bigDesc="300100" bigId="1" smaName="300108" smaDesc="300108" smaId="8" monarchLevel="0" awardId="810801=100" npcId="301080" power="0" icon="0" soundId="300108" sceneId="100" time="120" maxTime="3" RenWuLimit="0" configId="300108" openDay="1,2,3,4,5,6,7" frontPoint="540187" maxNum="80" wanfaType="休闲模式" recZhanli="501200" recMibaoSkill="250101" vicConDescID="1521" awardShow="0:900001:103072" />
<YouxiaPveTemp id="300109" bigName="300100" bigDesc="300100" bigId="1" smaName="300109" smaDesc="300109" smaId="9" monarchLevel="0" awardId="810901=100" npcId="301090" power="0" icon="0" soundId="300109" sceneId="100" time="120" maxTime="3" RenWuLimit="0" configId="300109" openDay="1,2,3,4,5,6,7" frontPoint="600208" maxNum="80" wanfaType="休闲模式" recZhanli="634900" recMibaoSkill="250101" vicConDescID="1521" awardShow="0:900001:120944" />
<YouxiaPveTemp id="300110" bigName="300100" bigDesc="300100" bigId="1" smaName="300110" smaDesc="300110" smaId="10" monarchLevel="0" awardId="811001=100" npcId="301100" power="0" icon="0" soundId="300110" sceneId="100" time="120" maxTime="3" RenWuLimit="0" configId="300110" openDay="1,2,3,4,5,6,7" frontPoint="660229" maxNum="80" wanfaType="休闲模式" recZhanli="777700" recMibaoSkill="250101" vicConDescID="1521" awardShow="0:900001:139840" />
<YouxiaPveTemp id="300201" bigName="300200" bigDesc="300200" bigId="2" smaName="300201" smaDesc="300201" smaId="1" monarchLevel="0" awardId="820101=100,820102=100" npcId="302010" power="0" icon="0" soundId="300201" sceneId="100" time="120" maxTime="3" RenWuLimit="0" configId="300201" openDay="1,2,3,4,5,6,7" frontPoint="0" maxNum="80" wanfaType="生存模式" recZhanli="9800" recMibaoSkill="250101,250102" vicConDescID="1522" awardShow="9:920001:46#9:921001:92" />
<YouxiaPveTemp id="300202" bigName="300200" bigDesc="300200" bigId="2" smaName="300202" smaDesc="300202" smaId="2" monarchLevel="0" awardId="820201=100,820202=100" npcId="302020" power="0" icon="0" soundId="300202" sceneId="100" time="120" maxTime="3" RenWuLimit="0" configId="300202" openDay="1,2,3,4,5,6,7" frontPoint="300201" maxNum="80" wanfaType="生存模式" recZhanli="10700" recMibaoSkill="250101,250102" vicConDescID="1522" awardShow="9:920001:51#9:921001:102" />
<YouxiaPveTemp id="300203" bigName="300200" bigDesc="300200" bigId="2" smaName="300203" smaDesc="300203" smaId="3" monarchLevel="0" awardId="820301=100,820302=100" npcId="302030" power="0" icon="0" soundId="300203" sceneId="100" time="120" maxTime="3" RenWuLimit="0" configId="300203" openDay="1,2,3,4,5,6,7" frontPoint="300202" maxNum="80" wanfaType="生存模式" recZhanli="18300" recMibaoSkill="250101,250102" vicConDescID="1522" awardShow="9:920001:57#9:921001:114" />
<YouxiaPveTemp id="300204" bigName="300200" bigDesc="300200" bigId="2" smaName="300204" smaDesc="300204" smaId="4" monarchLevel="0" awardId="820401=100,820402=100" npcId="302040" power="0" icon="0" soundId="300204" sceneId="100" time="120" maxTime="3" RenWuLimit="0" configId="300204" openDay="1,2,3,4,5,6,7" frontPoint="300203" maxNum="80" wanfaType="生存模式" recZhanli="29400" recMibaoSkill="250101,250102" vicConDescID="1522" awardShow="9:920001:65#9:921001:130" />
<YouxiaPveTemp id="300205" bigName="300200" bigDesc="300200" bigId="2" smaName="300205" smaDesc="300205" smaId="5" monarchLevel="0" awardId="820501=100,820502=100" npcId="302050" power="0" icon="0" soundId="300205" sceneId="100" time="120" maxTime="3" RenWuLimit="0" configId="300205" openDay="1,2,3,4,5,6,7" frontPoint="300204" maxNum="80" wanfaType="生存模式" recZhanli="40200" recMibaoSkill="250101,250102" vicConDescID="1522" awardShow="9:920001:75#9:921001:150" />
<YouxiaPveTemp id="300206" bigName="300200" bigDesc="300200" bigId="2" smaName="300206" smaDesc="300206" smaId="6" monarchLevel="0" awardId="820601=100,820602=100" npcId="302060" power="0" icon="0" soundId="300206" sceneId="100" time="120" maxTime="3" RenWuLimit="0" configId="300206" openDay="1,2,3,4,5,6,7" frontPoint="420285" maxNum="80" wanfaType="生存模式" recZhanli="49100" recMibaoSkill="250101,250102" vicConDescID="1522" awardShow="9:920001:86#9:921001:172" />
<YouxiaPveTemp id="300207" bigName="300200" bigDesc="300200" bigId="2" smaName="300207" smaDesc="300207" smaId="7" monarchLevel="0" awardId="820701=100,820702=100" npcId="302070" power="0" icon="0" soundId="300207" sceneId="100" time="120" maxTime="3" RenWuLimit="0" configId="300207" openDay="1,2,3,4,5,6,7" frontPoint="480326" maxNum="80" wanfaType="生存模式" recZhanli="59800" recMibaoSkill="250101,250102" vicConDescID="1522" awardShow="9:920001:100#9:921001:200" />
<YouxiaPveTemp id="300208" bigName="300200" bigDesc="300200" bigId="2" smaName="300208" smaDesc="300208" smaId="8" monarchLevel="0" awardId="820801=100,820802=100" npcId="302080" power="0" icon="0" soundId="300208" sceneId="100" time="120" maxTime="3" RenWuLimit="0" configId="300208" openDay="1,2,3,4,5,6,7" frontPoint="540367" maxNum="80" wanfaType="生存模式" recZhanli="82900" recMibaoSkill="250101,250102" vicConDescID="1522" awardShow="9:920001:115#9:921001:230" />
<YouxiaPveTemp id="300209" bigName="300200" bigDesc="300200" bigId="2" smaName="300209" smaDesc="300209" smaId="9" monarchLevel="0" awardId="820901=100,820902=100" npcId="302090" power="0" icon="0" soundId="300209" sceneId="100" time="120" maxTime="3" RenWuLimit="0" configId="300209" openDay="1,2,3,4,5,6,7" frontPoint="600408" maxNum="80" wanfaType="生存模式" recZhanli="105200" recMibaoSkill="250101,250102" vicConDescID="1522" awardShow="9:920001:132#9:921001:264" />
<YouxiaPveTemp id="300210" bigName="300200" bigDesc="300200" bigId="2" smaName="300210" smaDesc="300210" smaId="10" monarchLevel="0" awardId="821001=100,821002=100" npcId="302100" power="0" icon="0" soundId="300210" sceneId="100" time="120" maxTime="3" RenWuLimit="0" configId="300210" openDay="1,2,3,4,5,6,7" frontPoint="660449" maxNum="80" wanfaType="生存模式" recZhanli="124200" recMibaoSkill="250101,250102" vicConDescID="1522" awardShow="9:920001:148#9:921001:296" />
<YouxiaPveTemp id="300301" bigName="300300" bigDesc="300300" bigId="3" smaName="300301" smaDesc="300301" smaId="1" monarchLevel="0" awardId="840201=100,840201=100" npcId="303010" power="0" icon="0" soundId="300301" sceneId="100" time="120" maxTime="3" RenWuLimit="0" configId="300301" openDay="1,2,3,4,5,6,7" frontPoint="0" maxNum="10" wanfaType="擂台模式" recZhanli="1300" recMibaoSkill="250107,250102" vicConDescID="1523" awardShow="7:902017:2" />
<YouxiaPveTemp id="300302" bigName="300300" bigDesc="300300" bigId="3" smaName="300302" smaDesc="300302" smaId="2" monarchLevel="0" awardId="840201=100,840201=100,840201=100" npcId="303020" power="0" icon="0" soundId="300302" sceneId="100" time="120" maxTime="3" RenWuLimit="0" configId="300302" openDay="1,2,3,4,5,6,7" frontPoint="300301" maxNum="10" wanfaType="擂台模式" recZhanli="4600" recMibaoSkill="250107,250102" vicConDescID="1523" awardShow="7:902017:3" />
<YouxiaPveTemp id="300303" bigName="300300" bigDesc="300300" bigId="3" smaName="300303" smaDesc="300303" smaId="3" monarchLevel="0" awardId="840301=100" npcId="303030" power="0" icon="0" soundId="300303" sceneId="100" time="120" maxTime="3" RenWuLimit="0" configId="300303" openDay="1,2,3,4,5,6,7" frontPoint="300302" maxNum="10" wanfaType="擂台模式" recZhanli="6400" recMibaoSkill="250107,250102" vicConDescID="1523" awardShow="7:903017:1" />
<YouxiaPveTemp id="300304" bigName="300300" bigDesc="300300" bigId="3" smaName="300304" smaDesc="300304" smaId="4" monarchLevel="0" awardId="840301=100,840201=100,840201=100" npcId="303040" power="0" icon="0" soundId="300304" sceneId="100" time="120" maxTime="3" RenWuLimit="0" configId="300304" openDay="1,2,3,4,5,6,7" frontPoint="300303" maxNum="10" wanfaType="擂台模式" recZhanli="10200" recMibaoSkill="250107,250102" vicConDescID="1523" awardShow="7:903017:1#7:902017:2" />
<YouxiaPveTemp id="300305" bigName="300300" bigDesc="300300" bigId="3" smaName="300305" smaDesc="300305" smaId="5" monarchLevel="0" awardId="840301=100,840301=100" npcId="303050" power="0" icon="0" soundId="300305" sceneId="100" time="120" maxTime="3" RenWuLimit="0" configId="300305" openDay="1,2,3,4,5,6,7" frontPoint="300304" maxNum="10" wanfaType="擂台模式" recZhanli="18400" recMibaoSkill="250107,250102" vicConDescID="1523" awardShow="7:903017:2" />
<YouxiaPveTemp id="300306" bigName="300300" bigDesc="300300" bigId="3" smaName="300306" smaDesc="300306" smaId="6" monarchLevel="0" awardId="840301=100,840301=100,840201=100,840201=100" npcId="303060" power="0" icon="0" soundId="300306" sceneId="100" time="120" maxTime="3" RenWuLimit="0" configId="300306" openDay="1,2,3,4,5,6,7" frontPoint="420425" maxNum="10" wanfaType="擂台模式" recZhanli="39600" recMibaoSkill="250107,250102" vicConDescID="1523" awardShow="7:903017:2#7:902017:2" />
<YouxiaPveTemp id="300307" bigName="300300" bigDesc="300300" bigId="3" smaName="300307" smaDesc="300307" smaId="7" monarchLevel="0" awardId="840301=100,840301=100,840301=100,840201=100" npcId="303070" power="0" icon="0" soundId="300307" sceneId="100" time="120" maxTime="3" RenWuLimit="0" configId="300307" openDay="1,2,3,4,5,6,7" frontPoint="480486" maxNum="10" wanfaType="擂台模式" recZhanli="50000" recMibaoSkill="250107,250102" vicConDescID="1523" awardShow="7:903017:3#7:902017:1" />
<YouxiaPveTemp id="300308" bigName="300300" bigDesc="300300" bigId="3" smaName="300308" smaDesc="300308" smaId="8" monarchLevel="0" awardId="840401=100" npcId="303080" power="0" icon="0" soundId="300308" sceneId="100" time="120" maxTime="3" RenWuLimit="0" configId="300308" openDay="1,2,3,4,5,6,7" frontPoint="540547" maxNum="10" wanfaType="擂台模式" recZhanli="59100" recMibaoSkill="250107,250102" vicConDescID="1523" awardShow="7:904017:1" />
<YouxiaPveTemp id="300309" bigName="300300" bigDesc="300300" bigId="3" smaName="300309" smaDesc="300309" smaId="9" monarchLevel="0" awardId="840401=100,840301=100" npcId="303090" power="0" icon="0" soundId="300309" sceneId="100" time="120" maxTime="3" RenWuLimit="0" configId="300309" openDay="1,2,3,4,5,6,7" frontPoint="600608" maxNum="10" wanfaType="擂台模式" recZhanli="89400" recMibaoSkill="250107,250102" vicConDescID="1523" awardShow="7:904017:1#7:903017:1" />
<YouxiaPveTemp id="300310" bigName="300300" bigDesc="300300" bigId="3" smaName="300310" smaDesc="300310" smaId="10" monarchLevel="0" awardId="840401=100,840301=100,840301=100" npcId="303100" power="0" icon="0" soundId="300310" sceneId="100" time="120" maxTime="3" RenWuLimit="0" configId="300310" openDay="1,2,3,4,5,6,7" frontPoint="660669" maxNum="10" wanfaType="擂台模式" recZhanli="106700" recMibaoSkill="250107,250102" vicConDescID="1523" awardShow="7:904017:1#7:903017:2" />
<YouxiaPveTemp id="300401" bigName="300400" bigDesc="300400" bigId="4" smaName="300401" smaDesc="300401" smaId="1" monarchLevel="0" awardId="830101=100,830102=100" npcId="304010" power="0" icon="0" soundId="300401" sceneId="506" time="180" maxTime="3" RenWuLimit="0" configId="300401" openDay="1,2,3,4,5,6,7" frontPoint="0" maxNum="10" wanfaType="守护模式" recZhanli="2000" recMibaoSkill="250101,250106" vicConDescID="1524" awardShow="0:900018:440#0:900019:440" />
<YouxiaPveTemp id="300402" bigName="300400" bigDesc="300400" bigId="4" smaName="300402" smaDesc="300402" smaId="2" monarchLevel="0" awardId="830201=100,830202=100" npcId="304020" power="0" icon="0" soundId="300402" sceneId="506" time="180" maxTime="3" RenWuLimit="0" configId="300402" openDay="1,2,3,4,5,6,7" frontPoint="300401" maxNum="10" wanfaType="守护模式" recZhanli="5300" recMibaoSkill="250101,250106" vicConDescID="1524" awardShow="0:900018:525#0:900019:525" />
<YouxiaPveTemp id="300403" bigName="300400" bigDesc="300400" bigId="4" smaName="300403" smaDesc="300403" smaId="3" monarchLevel="0" awardId="830301=100,830302=100" npcId="304030" power="0" icon="0" soundId="300403" sceneId="506" time="180" maxTime="3" RenWuLimit="0" configId="300403" openDay="1,2,3,4,5,6,7" frontPoint="300402" maxNum="10" wanfaType="守护模式" recZhanli="7000" recMibaoSkill="250101,250106" vicConDescID="1524" awardShow="0:900018:625#0:900019:625" />
<YouxiaPveTemp id="300404" bigName="300400" bigDesc="300400" bigId="4" smaName="300404" smaDesc="300404" smaId="4" monarchLevel="0" awardId="830401=100,830402=100" npcId="304040" power="0" icon="0" soundId="300404" sceneId="506" time="180" maxTime="3" RenWuLimit="0" configId="300404" openDay="1,2,3,4,5,6,7" frontPoint="300403" maxNum="10" wanfaType="守护模式" recZhanli="10900" recMibaoSkill="250101,250106" vicConDescID="1524" awardShow="0:900018:740#0:900019:740" />
<YouxiaPveTemp id="300405" bigName="300400" bigDesc="300400" bigId="4" smaName="300405" smaDesc="300405" smaId="5" monarchLevel="0" awardId="830501=100,830502=100" npcId="304050" power="0" icon="0" soundId="300405" sceneId="506" time="180" maxTime="3" RenWuLimit="0" configId="300405" openDay="1,2,3,4,5,6,7" frontPoint="300404" maxNum="10" wanfaType="守护模式" recZhanli="18000" recMibaoSkill="250101,250106" vicConDescID="1524" awardShow="0:900018:870#0:900019:870" />
<YouxiaPveTemp id="300406" bigName="300400" bigDesc="300400" bigId="4" smaName="300406" smaDesc="300406" smaId="6" monarchLevel="0" awardId="830601=100,830602=100" npcId="304060" power="0" icon="0" soundId="300406" sceneId="506" time="180" maxTime="3" RenWuLimit="0" configId="300406" openDay="1,2,3,4,5,6,7" frontPoint="420565" maxNum="10" wanfaType="守护模式" recZhanli="40000" recMibaoSkill="250101,250106" vicConDescID="1524" awardShow="0:900018:1015#0:900019:1015" />
<YouxiaPveTemp id="300407" bigName="300400" bigDesc="300400" bigId="4" smaName="300407" smaDesc="300407" smaId="7" monarchLevel="0" awardId="830701=100,830702=100" npcId="304070" power="0" icon="0" soundId="300407" sceneId="506" time="180" maxTime="3" RenWuLimit="0" configId="300407" openDay="1,2,3,4,5,6,7" frontPoint="480646" maxNum="10" wanfaType="守护模式" recZhanli="49600" recMibaoSkill="250101,250106" vicConDescID="1524" awardShow="0:900018:1180#0:900019:1180" />
<YouxiaPveTemp id="300408" bigName="300400" bigDesc="300400" bigId="4" smaName="300408" smaDesc="300408" smaId="8" monarchLevel="0" awardId="830801=100,830802=100" npcId="304080" power="0" icon="0" soundId="300408" sceneId="506" time="180" maxTime="3" RenWuLimit="0" configId="300408" openDay="1,2,3,4,5,6,7" frontPoint="540727" maxNum="10" wanfaType="守护模式" recZhanli="71000" recMibaoSkill="250101,250106" vicConDescID="1524" awardShow="0:900018:1375#0:900019:1375" />
<YouxiaPveTemp id="300409" bigName="300400" bigDesc="300400" bigId="4" smaName="300409" smaDesc="300409" smaId="9" monarchLevel="0" awardId="830901=100,830902=100" npcId="304090" power="0" icon="0" soundId="300409" sceneId="506" time="180" maxTime="3" RenWuLimit="0" configId="300409" openDay="1,2,3,4,5,6,7" frontPoint="600808" maxNum="10" wanfaType="守护模式" recZhanli="90300" recMibaoSkill="250101,250106" vicConDescID="1524" awardShow="0:900018:1605#0:900019:1605" />
<YouxiaPveTemp id="300410" bigName="300400" bigDesc="300400" bigId="4" smaName="300410" smaDesc="300410" smaId="10" monarchLevel="0" awardId="831001=100,831002=100" npcId="304100" power="0" icon="0" soundId="300410" sceneId="506" time="180" maxTime="3" RenWuLimit="0" configId="300410" openDay="1,2,3,4,5,6,7" frontPoint="660889" maxNum="10" wanfaType="守护模式" recZhanli="117600" recMibaoSkill="250101,250106" vicConDescID="1524" awardShow="0:900018:1855#0:900019:1855" />
<YouxiaPveTemp id="300501" bigName="300500" bigDesc="300500" bigId="5" smaName="300501" smaDesc="300501" smaId="1" monarchLevel="0" awardId="850101=100,850101=100" npcId="305010" power="0" icon="0" soundId="300501" sceneId="504" time="120" maxTime="3" RenWuLimit="0" configId="300501" openDay="1,2,3,4,5,6,7" frontPoint="0" maxNum="10" wanfaType="军团模式" recZhanli="9700" recMibaoSkill="250101,250102" vicConDescID="1525" awardShow="2:101001:2" />
<YouxiaPveTemp id="300502" bigName="300500" bigDesc="300500" bigId="5" smaName="300502" smaDesc="300502" smaId="2" monarchLevel="0" awardId="850101=100,850101=100,850101=50" npcId="305020" power="0" icon="0" soundId="300502" sceneId="504" time="120" maxTime="3" RenWuLimit="0" configId="300502" openDay="1,2,3,4,5,6,7" frontPoint="300501" maxNum="10" wanfaType="军团模式" recZhanli="28300" recMibaoSkill="250101,250102" vicConDescID="1525" awardShow="2:101001:3" />
<YouxiaPveTemp id="300503" bigName="300500" bigDesc="300500" bigId="5" smaName="300503" smaDesc="300503" smaId="3" monarchLevel="0" awardId="850101=100,850101=100,850101=100,850101=50" npcId="305030" power="0" icon="0" soundId="300503" sceneId="504" time="120" maxTime="3" RenWuLimit="0" configId="300503" openDay="1,2,3,4,5,6,7" frontPoint="300502" maxNum="10" wanfaType="军团模式" recZhanli="31700" recMibaoSkill="250101,250102" vicConDescID="1525" awardShow="2:101001:4" />
<YouxiaPveTemp id="300504" bigName="300500" bigDesc="300500" bigId="5" smaName="300504" smaDesc="300504" smaId="4" monarchLevel="0" awardId="850101=100,850101=100,850101=100,850101=100,850101=50" npcId="305040" power="0" icon="0" soundId="300504" sceneId="504" time="120" maxTime="3" RenWuLimit="0" configId="300504" openDay="1,2,3,4,5,6,7" frontPoint="300503" maxNum="10" wanfaType="军团模式" recZhanli="40700" recMibaoSkill="250101,250102" vicConDescID="1525" awardShow="2:101001:5" />
<YouxiaPveTemp id="300505" bigName="300500" bigDesc="300500" bigId="5" smaName="300505" smaDesc="300505" smaId="5" monarchLevel="0" awardId="850201=100,850101=100" npcId="305050" power="0" icon="0" soundId="300505" sceneId="504" time="120" maxTime="3" RenWuLimit="0" configId="300505" openDay="1,2,3,4,5,6,7" frontPoint="300504" maxNum="10" wanfaType="军团模式" recZhanli="58100" recMibaoSkill="250101,250102" vicConDescID="1525" awardShow="2:102001:1#2:101001:1" />
<YouxiaPveTemp id="300506" bigName="300500" bigDesc="300500" bigId="5" smaName="300506" smaDesc="300506" smaId="6" monarchLevel="0" awardId="850201=100,850101=100,850101=100,850101=50" npcId="305060" power="0" icon="0" soundId="300506" sceneId="504" time="120" maxTime="3" RenWuLimit="0" configId="300506" openDay="1,2,3,4,5,6,7" frontPoint="420705" maxNum="10" wanfaType="军团模式" recZhanli="72300" recMibaoSkill="250101,250102" vicConDescID="1525" awardShow="2:102001:1#2:101001:3" />
<YouxiaPveTemp id="300507" bigName="300500" bigDesc="300500" bigId="5" smaName="300507" smaDesc="300507" smaId="7" monarchLevel="0" awardId="850201=100,850101=100,850101=100,850101=100,850101=100" npcId="305070" power="0" icon="0" soundId="300507" sceneId="504" time="120" maxTime="3" RenWuLimit="0" configId="300507" openDay="1,2,3,4,5,6,7" frontPoint="480806" maxNum="10" wanfaType="军团模式" recZhanli="91500" recMibaoSkill="250101,250102" vicConDescID="1525" awardShow="2:102001:1#2:101001:4" />
<YouxiaPveTemp id="300508" bigName="300500" bigDesc="300500" bigId="5" smaName="300508" smaDesc="300508" smaId="8" monarchLevel="0" awardId="850201=100,850201=100,850101=100" npcId="305080" power="0" icon="0" soundId="300508" sceneId="504" time="120" maxTime="3" RenWuLimit="0" configId="300508" openDay="1,2,3,4,5,6,7" frontPoint="540907" maxNum="10" wanfaType="军团模式" recZhanli="116500" recMibaoSkill="250101,250102" vicConDescID="1525" awardShow="2:102001:2#2:101001:1" />
<YouxiaPveTemp id="300509" bigName="300500" bigDesc="300500" bigId="5" smaName="300509" smaDesc="300509" smaId="9" monarchLevel="0" awardId="850201=100,850201=100,850101=100,850101=100,850101=100" npcId="305090" power="0" icon="0" soundId="300509" sceneId="504" time="120" maxTime="3" RenWuLimit="0" configId="300509" openDay="1,2,3,4,5,6,7" frontPoint="601008" maxNum="10" wanfaType="军团模式" recZhanli="129800" recMibaoSkill="250101,250102" vicConDescID="1525" awardShow="2:102001:2#2:101001:3" />
<YouxiaPveTemp id="300510" bigName="300500" bigDesc="300500" bigId="5" smaName="300510" smaDesc="300510" smaId="10" monarchLevel="0" awardId="850201=100,850201=100,850201=100,850101=50" npcId="305100" power="0" icon="0" soundId="300510" sceneId="504" time="120" maxTime="3" RenWuLimit="0" configId="300510" openDay="1,2,3,4,5,6,7" frontPoint="661109" maxNum="10" wanfaType="军团模式" recZhanli="141500" recMibaoSkill="250101,250102" vicConDescID="1525" awardShow="2:102001:3#2:101001:1" />
</dataset>
