<?xml version="1.0" encoding="UTF-8"?>
<dataset>
<ZhuangBeiDiaoluo id="1" zhuangbeiId="101002" />
<ZhuangBeiDiaoluo id="2" zhuangbeiId="101104" />
<ZhuangBeiDiaoluo id="3" zhuangbeiId="101003" />
<ZhuangBeiDiaoluo id="4" zhuangbeiId="101105" />
<ZhuangBeiDiaoluo id="5" zhuangbeiId="101103" />
<ZhuangBeiDiaoluo id="6" zhuangbeiId="101101" />
<ZhuangBeiDiaoluo id="7" zhuangbeiId="101106" />
<ZhuangBeiDiaoluo id="8" zhuangbeiId="102101" />
<ZhuangBeiDiaoluo id="9" zhuangbeiId="102104" />
<ZhuangBeiDiaoluo id="10" zhuangbeiId="101102" />
<ZhuangBeiDiaoluo id="11" zhuangbeiId="102002" />
<ZhuangBeiDiaoluo id="12" zhuangbeiId="102102" />
<ZhuangBeiDiaoluo id="13" zhuangbeiId="102105" />
<ZhuangBeiDiaoluo id="14" zhuangbeiId="102003" />
<ZhuangBeiDiaoluo id="15" zhuangbeiId="102001" />
<ZhuangBeiDiaoluo id="16" zhuangbeiId="102103" />
<ZhuangBeiDiaoluo id="17" zhuangbeiId="102106" />
<ZhuangBeiDiaoluo id="18" zhuangbeiId="103102" />
<ZhuangBeiDiaoluo id="19" zhuangbeiId="103105" />
<ZhuangBeiDiaoluo id="20" zhuangbeiId="103002" />
<ZhuangBeiDiaoluo id="21" zhuangbeiId="103101" />
<ZhuangBeiDiaoluo id="22" zhuangbeiId="103103" />
<ZhuangBeiDiaoluo id="23" zhuangbeiId="103106" />
<ZhuangBeiDiaoluo id="24" zhuangbeiId="103003" />
<ZhuangBeiDiaoluo id="25" zhuangbeiId="103104" />
<ZhuangBeiDiaoluo id="26" zhuangbeiId="104102" />
<ZhuangBeiDiaoluo id="27" zhuangbeiId="104105" />
<ZhuangBeiDiaoluo id="28" zhuangbeiId="104002" />
<ZhuangBeiDiaoluo id="29" zhuangbeiId="104101" />
<ZhuangBeiDiaoluo id="30" zhuangbeiId="104103" />
<ZhuangBeiDiaoluo id="31" zhuangbeiId="104106" />
<ZhuangBeiDiaoluo id="32" zhuangbeiId="104003" />
<ZhuangBeiDiaoluo id="33" zhuangbeiId="104104" />
<ZhuangBeiDiaoluo id="34" zhuangbeiId="105102" />
<ZhuangBeiDiaoluo id="35" zhuangbeiId="105105" />
<ZhuangBeiDiaoluo id="36" zhuangbeiId="105002" />
<ZhuangBeiDiaoluo id="37" zhuangbeiId="105101" />
<ZhuangBeiDiaoluo id="38" zhuangbeiId="105103" />
<ZhuangBeiDiaoluo id="39" zhuangbeiId="105106" />
<ZhuangBeiDiaoluo id="40" zhuangbeiId="105003" />
<ZhuangBeiDiaoluo id="41" zhuangbeiId="105104" />
<ZhuangBeiDiaoluo id="42" zhuangbeiId="106102" />
<ZhuangBeiDiaoluo id="43" zhuangbeiId="106105" />
<ZhuangBeiDiaoluo id="44" zhuangbeiId="106002" />
<ZhuangBeiDiaoluo id="45" zhuangbeiId="106101" />
<ZhuangBeiDiaoluo id="46" zhuangbeiId="106103" />
<ZhuangBeiDiaoluo id="47" zhuangbeiId="106106" />
<ZhuangBeiDiaoluo id="48" zhuangbeiId="106003" />
<ZhuangBeiDiaoluo id="49" zhuangbeiId="106104" />
<ZhuangBeiDiaoluo id="50" zhuangbeiId="107102" />
<ZhuangBeiDiaoluo id="51" zhuangbeiId="107105" />
<ZhuangBeiDiaoluo id="52" zhuangbeiId="107002" />
<ZhuangBeiDiaoluo id="53" zhuangbeiId="107101" />
<ZhuangBeiDiaoluo id="54" zhuangbeiId="101001" />
<ZhuangBeiDiaoluo id="55" zhuangbeiId="103001" />
<ZhuangBeiDiaoluo id="56" zhuangbeiId="104001" />
<ZhuangBeiDiaoluo id="57" zhuangbeiId="105001" />
<ZhuangBeiDiaoluo id="58" zhuangbeiId="106001" />
<ZhuangBeiDiaoluo id="59" zhuangbeiId="107001" />
<ZhuangBeiDiaoluo id="60" zhuangbeiId="107003" />
<ZhuangBeiDiaoluo id="61" zhuangbeiId="107103" />
<ZhuangBeiDiaoluo id="62" zhuangbeiId="107104" />
<ZhuangBeiDiaoluo id="63" zhuangbeiId="107106" />
<ZhuangBeiDiaoluo id="64" zhuangbeiId="108001" />
<ZhuangBeiDiaoluo id="65" zhuangbeiId="108002" />
<ZhuangBeiDiaoluo id="66" zhuangbeiId="108003" />
<ZhuangBeiDiaoluo id="67" zhuangbeiId="108101" />
<ZhuangBeiDiaoluo id="68" zhuangbeiId="108102" />
<ZhuangBeiDiaoluo id="69" zhuangbeiId="108103" />
<ZhuangBeiDiaoluo id="70" zhuangbeiId="108104" />
<ZhuangBeiDiaoluo id="71" zhuangbeiId="108105" />
<ZhuangBeiDiaoluo id="72" zhuangbeiId="108106" />
<ZhuangBeiDiaoluo id="73" zhuangbeiId="109001" />
<ZhuangBeiDiaoluo id="74" zhuangbeiId="109002" />
<ZhuangBeiDiaoluo id="75" zhuangbeiId="109003" />
<ZhuangBeiDiaoluo id="76" zhuangbeiId="109101" />
<ZhuangBeiDiaoluo id="77" zhuangbeiId="109102" />
<ZhuangBeiDiaoluo id="78" zhuangbeiId="109103" />
<ZhuangBeiDiaoluo id="79" zhuangbeiId="109104" />
<ZhuangBeiDiaoluo id="80" zhuangbeiId="109105" />
<ZhuangBeiDiaoluo id="81" zhuangbeiId="109106" />
<ZhuangBeiDiaoluo id="82" zhuangbeiId="110001" />
<ZhuangBeiDiaoluo id="83" zhuangbeiId="110002" />
<ZhuangBeiDiaoluo id="84" zhuangbeiId="110003" />
<ZhuangBeiDiaoluo id="85" zhuangbeiId="110101" />
<ZhuangBeiDiaoluo id="86" zhuangbeiId="110102" />
<ZhuangBeiDiaoluo id="87" zhuangbeiId="110103" />
<ZhuangBeiDiaoluo id="88" zhuangbeiId="110104" />
<ZhuangBeiDiaoluo id="89" zhuangbeiId="110105" />
<ZhuangBeiDiaoluo id="90" zhuangbeiId="110106" />
</dataset>