<?xml version="1.0" encoding="UTF-8"?>
<dataset>
<ZhuangBei id="101001" name="102001" funDesc="102001" buWei="1" pinZhi="1" dengji="1" xishu="0.263,0.263,0.263,0.263" gongji="32" fangyu="0" shengming="0" wqSH="0" wqJM="0" wqBJ="0" wqRX="0" jnSH="0" jnJM="0" jnBJ="0" jnRX="0" gongjiType="1" qianghuaMaxLv="100" xilianMaxLv="0" exp="10" expId="11" qianghuaId="11" icon="102001" jinjieLv="1" jinjieItem="960101" jinjieNum="5" jiejieId="102001" jinjieIcon="104001" color="2" skill="201301" modelId="10102" wqBJL="0" jnBJL="0" wqMBL="0" jnMBL="0" sxJiaCheng="0" holeNum="2" inlayColor="1" lvlupExp="40" />
<ZhuangBei id="101002" name="102002" funDesc="102002" buWei="2" pinZhi="1" dengji="1" xishu="0.4,0.4,0.4,0.4" gongji="30" fangyu="0" shengming="0" wqSH="0" wqJM="0" wqBJ="0" wqRX="0" jnSH="0" jnJM="0" jnBJ="0" jnRX="0" gongjiType="2" qianghuaMaxLv="100" xilianMaxLv="0" exp="10" expId="11" qianghuaId="11" icon="102002" jinjieLv="1" jinjieItem="960102" jinjieNum="5" jiejieId="102002" jinjieIcon="104002" color="2" skill="" modelId="10202" wqBJL="0" jnBJL="0" wqMBL="0" jnMBL="0" sxJiaCheng="0" holeNum="2" inlayColor="1" lvlupExp="40" />
<ZhuangBei id="101003" name="102003" funDesc="102003" buWei="3" pinZhi="1" dengji="1" xishu="0.63,0.63,0.63,0.63" gongji="28" fangyu="0" shengming="0" wqSH="0" wqJM="0" wqBJ="0" wqRX="0" jnSH="0" jnJM="0" jnBJ="0" jnRX="0" gongjiType="3" qianghuaMaxLv="100" xilianMaxLv="0" exp="10" expId="11" qianghuaId="11" icon="102003" jinjieLv="1" jinjieItem="960103" jinjieNum="5" jiejieId="102003" jinjieIcon="104003" color="2" skill="" modelId="10302" wqBJL="0" jnBJL="0" wqMBL="0" jnMBL="0" sxJiaCheng="0" holeNum="2" inlayColor="1" lvlupExp="40" />
<ZhuangBei id="101101" name="102101" funDesc="102101" buWei="11" pinZhi="1" dengji="1" xishu="1" gongji="0" fangyu="13" shengming="340" wqSH="0" wqJM="0" wqBJ="0" wqRX="0" jnSH="0" jnJM="0" jnBJ="0" jnRX="0" gongjiType="0" qianghuaMaxLv="100" xilianMaxLv="0" exp="10" expId="12" qianghuaId="12" icon="102101" jinjieLv="1" jinjieItem="960111" jinjieNum="5" jiejieId="102101" jinjieIcon="104101" color="2" skill="" modelId="0" wqBJL="0" jnBJL="0" wqMBL="0" jnMBL="0" sxJiaCheng="0" holeNum="2" inlayColor="2" lvlupExp="40" />
<ZhuangBei id="101102" name="102102" funDesc="102102" buWei="12" pinZhi="1" dengji="1" xishu="1" gongji="0" fangyu="14" shengming="320" wqSH="0" wqJM="0" wqBJ="0" wqRX="0" jnSH="0" jnJM="0" jnBJ="0" jnRX="0" gongjiType="0" qianghuaMaxLv="100" xilianMaxLv="0" exp="10" expId="12" qianghuaId="12" icon="102102" jinjieLv="1" jinjieItem="960112" jinjieNum="5" jiejieId="102102" jinjieIcon="104102" color="2" skill="" modelId="0" wqBJL="0" jnBJL="0" wqMBL="0" jnMBL="0" sxJiaCheng="0" holeNum="2" inlayColor="2" lvlupExp="40" />
<ZhuangBei id="101103" name="102103" funDesc="102103" buWei="13" pinZhi="1" dengji="1" xishu="1" gongji="0" fangyu="17" shengming="260" wqSH="0" wqJM="0" wqBJ="0" wqRX="0" jnSH="0" jnJM="0" jnBJ="0" jnRX="0" gongjiType="0" qianghuaMaxLv="100" xilianMaxLv="0" exp="10" expId="12" qianghuaId="12" icon="102103" jinjieLv="1" jinjieItem="960113" jinjieNum="5" jiejieId="102103" jinjieIcon="104103" color="2" skill="" modelId="0" wqBJL="0" jnBJL="0" wqMBL="0" jnMBL="0" sxJiaCheng="0" holeNum="2" inlayColor="3" lvlupExp="40" />
<ZhuangBei id="101104" name="102104" funDesc="102104" buWei="14" pinZhi="1" dengji="1" xishu="1" gongji="0" fangyu="16" shengming="280" wqSH="0" wqJM="0" wqBJ="0" wqRX="0" jnSH="0" jnJM="0" jnBJ="0" jnRX="0" gongjiType="0" qianghuaMaxLv="100" xilianMaxLv="0" exp="10" expId="12" qianghuaId="12" icon="102104" jinjieLv="1" jinjieItem="960114" jinjieNum="5" jiejieId="102104" jinjieIcon="104104" color="2" skill="" modelId="0" wqBJL="0" jnBJL="0" wqMBL="0" jnMBL="0" sxJiaCheng="0" holeNum="2" inlayColor="2" lvlupExp="40" />
<ZhuangBei id="101105" name="102105" funDesc="102105" buWei="15" pinZhi="1" dengji="1" xishu="1" gongji="0" fangyu="15" shengming="300" wqSH="0" wqJM="0" wqBJ="0" wqRX="0" jnSH="0" jnJM="0" jnBJ="0" jnRX="0" gongjiType="0" qianghuaMaxLv="100" xilianMaxLv="0" exp="10" expId="12" qianghuaId="12" icon="102105" jinjieLv="1" jinjieItem="960115" jinjieNum="5" jiejieId="102105" jinjieIcon="104105" color="2" skill="" modelId="0" wqBJL="0" jnBJL="0" wqMBL="0" jnMBL="0" sxJiaCheng="0" holeNum="2" inlayColor="3" lvlupExp="40" />
<ZhuangBei id="101106" name="102106" funDesc="102106" buWei="16" pinZhi="1" dengji="1" xishu="1" gongji="0" fangyu="15" shengming="300" wqSH="0" wqJM="0" wqBJ="0" wqRX="0" jnSH="0" jnJM="0" jnBJ="0" jnRX="0" gongjiType="0" qianghuaMaxLv="100" xilianMaxLv="0" exp="10" expId="12" qianghuaId="12" icon="102106" jinjieLv="1" jinjieItem="960116" jinjieNum="5" jiejieId="102106" jinjieIcon="104106" color="2" skill="" modelId="0" wqBJL="0" jnBJL="0" wqMBL="0" jnMBL="0" sxJiaCheng="0" holeNum="2" inlayColor="3" lvlupExp="40" />
<ZhuangBei id="102001" name="104001" funDesc="104001" buWei="1" pinZhi="2" dengji="1" xishu="0.263,0.263,0.263,0.263" gongji="62" fangyu="0" shengming="0" wqSH="10" wqJM="0" wqBJ="80" wqRX="0" jnSH="50" jnJM="0" jnBJ="100" jnRX="0" gongjiType="1" qianghuaMaxLv="100" xilianMaxLv="100" exp="50" expId="21" qianghuaId="21" icon="104001" jinjieLv="1" jinjieItem="960201" jinjieNum="8" jiejieId="103001" jinjieIcon="107001" color="4" skill="201301" modelId="10104" wqBJL="10000" jnBJL="10000" wqMBL="0" jnMBL="0" sxJiaCheng="10000" holeNum="3" inlayColor="1" lvlupExp="200" />
<ZhuangBei id="102002" name="104002" funDesc="104002" buWei="2" pinZhi="2" dengji="1" xishu="0.4,0.4,0.4,0.4" gongji="60" fangyu="0" shengming="0" wqSH="50" wqJM="0" wqBJ="100" wqRX="0" jnSH="10" jnJM="0" jnBJ="80" jnRX="0" gongjiType="2" qianghuaMaxLv="100" xilianMaxLv="100" exp="50" expId="21" qianghuaId="21" icon="104002" jinjieLv="1" jinjieItem="960202" jinjieNum="8" jiejieId="103002" jinjieIcon="107002" color="4" skill="" modelId="10204" wqBJL="10000" jnBJL="10000" wqMBL="0" jnMBL="0" sxJiaCheng="10000" holeNum="3" inlayColor="1" lvlupExp="200" />
<ZhuangBei id="102003" name="104003" funDesc="104003" buWei="3" pinZhi="2" dengji="1" xishu="0.63,0.63,0.63,0.63" gongji="58" fangyu="0" shengming="0" wqSH="10" wqJM="0" wqBJ="80" wqRX="0" jnSH="50" jnJM="0" jnBJ="100" jnRX="0" gongjiType="3" qianghuaMaxLv="100" xilianMaxLv="100" exp="50" expId="21" qianghuaId="21" icon="104003" jinjieLv="1" jinjieItem="960203" jinjieNum="8" jiejieId="103003" jinjieIcon="107003" color="4" skill="" modelId="10304" wqBJL="10000" jnBJL="10000" wqMBL="0" jnMBL="0" sxJiaCheng="10000" holeNum="3" inlayColor="1" lvlupExp="200" />
<ZhuangBei id="102101" name="104101" funDesc="104101" buWei="11" pinZhi="2" dengji="1" xishu="1" gongji="0" fangyu="28" shengming="640" wqSH="0" wqJM="0" wqBJ="0" wqRX="0" jnSH="10" jnJM="50" jnBJ="80" jnRX="100" gongjiType="0" qianghuaMaxLv="100" xilianMaxLv="100" exp="50" expId="22" qianghuaId="22" icon="104101" jinjieLv="1" jinjieItem="960211" jinjieNum="8" jiejieId="103101" jinjieIcon="107101" color="4" skill="" modelId="0" wqBJL="10000" jnBJL="10000" wqMBL="10000" jnMBL="0" sxJiaCheng="0" holeNum="3" inlayColor="2" lvlupExp="200" />
<ZhuangBei id="102102" name="104102" funDesc="104102" buWei="12" pinZhi="2" dengji="1" xishu="1" gongji="0" fangyu="29" shengming="620" wqSH="0" wqJM="0" wqBJ="0" wqRX="0" jnSH="10" jnJM="50" jnBJ="80" jnRX="100" gongjiType="0" qianghuaMaxLv="100" xilianMaxLv="100" exp="50" expId="22" qianghuaId="22" icon="104102" jinjieLv="1" jinjieItem="960212" jinjieNum="8" jiejieId="103102" jinjieIcon="107102" color="4" skill="" modelId="0" wqBJL="0" jnBJL="10000" wqMBL="10000" jnMBL="10000" sxJiaCheng="0" holeNum="3" inlayColor="2" lvlupExp="200" />
<ZhuangBei id="102103" name="104103" funDesc="104103" buWei="13" pinZhi="2" dengji="1" xishu="1" gongji="0" fangyu="32" shengming="560" wqSH="0" wqJM="10" wqBJ="0" wqRX="80" jnSH="0" jnJM="50" jnBJ="0" jnRX="100" gongjiType="0" qianghuaMaxLv="100" xilianMaxLv="100" exp="50" expId="22" qianghuaId="22" icon="104103" jinjieLv="1" jinjieItem="960213" jinjieNum="8" jiejieId="103103" jinjieIcon="107103" color="4" skill="" modelId="0" wqBJL="0" jnBJL="0" wqMBL="10000" jnMBL="10000" sxJiaCheng="10000" holeNum="3" inlayColor="3" lvlupExp="200" />
<ZhuangBei id="102104" name="104104" funDesc="104104" buWei="14" pinZhi="2" dengji="1" xishu="1" gongji="0" fangyu="31" shengming="580" wqSH="50" wqJM="10" wqBJ="100" wqRX="80" jnSH="0" jnJM="0" jnBJ="0" jnRX="0" gongjiType="0" qianghuaMaxLv="100" xilianMaxLv="100" exp="50" expId="22" qianghuaId="22" icon="104104" jinjieLv="1" jinjieItem="960214" jinjieNum="8" jiejieId="103104" jinjieIcon="107104" color="4" skill="" modelId="0" wqBJL="10000" jnBJL="10000" wqMBL="0" jnMBL="10000" sxJiaCheng="0" holeNum="3" inlayColor="2" lvlupExp="200" />
<ZhuangBei id="102105" name="104105" funDesc="104105" buWei="15" pinZhi="2" dengji="1" xishu="1" gongji="0" fangyu="30" shengming="600" wqSH="0" wqJM="50" wqBJ="0" wqRX="100" jnSH="0" jnJM="10" jnBJ="0" jnRX="80" gongjiType="0" qianghuaMaxLv="100" xilianMaxLv="100" exp="50" expId="22" qianghuaId="22" icon="104105" jinjieLv="1" jinjieItem="960215" jinjieNum="8" jiejieId="103105" jinjieIcon="107105" color="4" skill="" modelId="0" wqBJL="10000" jnBJL="0" wqMBL="10000" jnMBL="10000" sxJiaCheng="0" holeNum="3" inlayColor="3" lvlupExp="200" />
<ZhuangBei id="102106" name="104106" funDesc="104106" buWei="16" pinZhi="2" dengji="1" xishu="1" gongji="0" fangyu="30" shengming="600" wqSH="0" wqJM="50" wqBJ="0" wqRX="100" jnSH="0" jnJM="10" jnBJ="0" jnRX="80" gongjiType="0" qianghuaMaxLv="100" xilianMaxLv="100" exp="50" expId="22" qianghuaId="22" icon="104106" jinjieLv="1" jinjieItem="960216" jinjieNum="8" jiejieId="103106" jinjieIcon="107106" color="4" skill="" modelId="0" wqBJL="0" jnBJL="0" wqMBL="10000" jnMBL="10000" sxJiaCheng="10000" holeNum="3" inlayColor="3" lvlupExp="200" />
<ZhuangBei id="103001" name="107001" funDesc="107001" buWei="1" pinZhi="3" dengji="1" xishu="0.263,0.263,0.263,0.263" gongji="101" fangyu="0" shengming="0" wqSH="10" wqJM="0" wqBJ="80" wqRX="0" jnSH="50" jnJM="0" jnBJ="100" jnRX="0" gongjiType="1" qianghuaMaxLv="100" xilianMaxLv="300" exp="250" expId="31" qianghuaId="31" icon="107001" jinjieLv="1" jinjieItem="960401" jinjieNum="20" jiejieId="104001" jinjieIcon="108001" color="7" skill="201301" modelId="10106" wqBJL="10000" jnBJL="10000" wqMBL="0" jnMBL="0" sxJiaCheng="10000" holeNum="4" inlayColor="1" lvlupExp="1000" />
<ZhuangBei id="103002" name="107002" funDesc="107002" buWei="2" pinZhi="3" dengji="1" xishu="0.4,0.4,0.4,0.4" gongji="99" fangyu="0" shengming="0" wqSH="50" wqJM="0" wqBJ="100" wqRX="0" jnSH="10" jnJM="0" jnBJ="80" jnRX="0" gongjiType="2" qianghuaMaxLv="100" xilianMaxLv="300" exp="250" expId="31" qianghuaId="31" icon="107002" jinjieLv="1" jinjieItem="960402" jinjieNum="20" jiejieId="104002" jinjieIcon="108002" color="7" skill="" modelId="10206" wqBJL="10000" jnBJL="10000" wqMBL="0" jnMBL="0" sxJiaCheng="10000" holeNum="4" inlayColor="1" lvlupExp="1000" />
<ZhuangBei id="103003" name="107003" funDesc="107003" buWei="3" pinZhi="3" dengji="1" xishu="0.63,0.63,0.63,0.63" gongji="97" fangyu="0" shengming="0" wqSH="10" wqJM="0" wqBJ="80" wqRX="0" jnSH="50" jnJM="0" jnBJ="100" jnRX="0" gongjiType="3" qianghuaMaxLv="100" xilianMaxLv="300" exp="250" expId="31" qianghuaId="31" icon="107003" jinjieLv="1" jinjieItem="960403" jinjieNum="20" jiejieId="104003" jinjieIcon="108003" color="7" skill="" modelId="10306" wqBJL="10000" jnBJL="10000" wqMBL="0" jnMBL="0" sxJiaCheng="10000" holeNum="4" inlayColor="1" lvlupExp="1000" />
<ZhuangBei id="103101" name="107101" funDesc="107101" buWei="11" pinZhi="3" dengji="1" xishu="1" gongji="0" fangyu="48" shengming="1030" wqSH="0" wqJM="0" wqBJ="0" wqRX="0" jnSH="10" jnJM="50" jnBJ="80" jnRX="100" gongjiType="0" qianghuaMaxLv="100" xilianMaxLv="300" exp="250" expId="32" qianghuaId="32" icon="107101" jinjieLv="1" jinjieItem="960411" jinjieNum="20" jiejieId="104101" jinjieIcon="108101" color="7" skill="" modelId="0" wqBJL="10000" jnBJL="10000" wqMBL="10000" jnMBL="0" sxJiaCheng="0" holeNum="4" inlayColor="2" lvlupExp="1000" />
<ZhuangBei id="103102" name="107102" funDesc="107102" buWei="12" pinZhi="3" dengji="1" xishu="1" gongji="0" fangyu="49" shengming="1010" wqSH="0" wqJM="0" wqBJ="0" wqRX="0" jnSH="10" jnJM="50" jnBJ="80" jnRX="100" gongjiType="0" qianghuaMaxLv="100" xilianMaxLv="300" exp="250" expId="32" qianghuaId="32" icon="107102" jinjieLv="1" jinjieItem="960412" jinjieNum="20" jiejieId="104102" jinjieIcon="108102" color="7" skill="" modelId="0" wqBJL="0" jnBJL="10000" wqMBL="10000" jnMBL="10000" sxJiaCheng="0" holeNum="4" inlayColor="2" lvlupExp="1000" />
<ZhuangBei id="103103" name="107103" funDesc="107103" buWei="13" pinZhi="3" dengji="1" xishu="1" gongji="0" fangyu="52" shengming="950" wqSH="0" wqJM="10" wqBJ="0" wqRX="80" jnSH="0" jnJM="50" jnBJ="0" jnRX="100" gongjiType="0" qianghuaMaxLv="100" xilianMaxLv="300" exp="250" expId="32" qianghuaId="32" icon="107103" jinjieLv="1" jinjieItem="960413" jinjieNum="20" jiejieId="104103" jinjieIcon="108103" color="7" skill="" modelId="0" wqBJL="0" jnBJL="0" wqMBL="10000" jnMBL="10000" sxJiaCheng="10000" holeNum="4" inlayColor="3" lvlupExp="1000" />
<ZhuangBei id="103104" name="107104" funDesc="107104" buWei="14" pinZhi="3" dengji="1" xishu="1" gongji="0" fangyu="51" shengming="970" wqSH="50" wqJM="10" wqBJ="100" wqRX="80" jnSH="0" jnJM="0" jnBJ="0" jnRX="0" gongjiType="0" qianghuaMaxLv="100" xilianMaxLv="300" exp="250" expId="32" qianghuaId="32" icon="107104" jinjieLv="1" jinjieItem="960414" jinjieNum="20" jiejieId="104104" jinjieIcon="108104" color="7" skill="" modelId="0" wqBJL="10000" jnBJL="10000" wqMBL="0" jnMBL="10000" sxJiaCheng="0" holeNum="4" inlayColor="2" lvlupExp="1000" />
<ZhuangBei id="103105" name="107105" funDesc="107105" buWei="15" pinZhi="3" dengji="1" xishu="1" gongji="0" fangyu="50" shengming="990" wqSH="0" wqJM="50" wqBJ="0" wqRX="100" jnSH="0" jnJM="10" jnBJ="0" jnRX="80" gongjiType="0" qianghuaMaxLv="100" xilianMaxLv="300" exp="250" expId="32" qianghuaId="32" icon="107105" jinjieLv="1" jinjieItem="960415" jinjieNum="20" jiejieId="104105" jinjieIcon="108105" color="7" skill="" modelId="0" wqBJL="10000" jnBJL="0" wqMBL="10000" jnMBL="10000" sxJiaCheng="0" holeNum="4" inlayColor="3" lvlupExp="1000" />
<ZhuangBei id="103106" name="107106" funDesc="107106" buWei="16" pinZhi="3" dengji="1" xishu="1" gongji="0" fangyu="50" shengming="990" wqSH="0" wqJM="50" wqBJ="0" wqRX="100" jnSH="0" jnJM="10" jnBJ="0" jnRX="80" gongjiType="0" qianghuaMaxLv="100" xilianMaxLv="300" exp="250" expId="32" qianghuaId="32" icon="107106" jinjieLv="1" jinjieItem="960416" jinjieNum="20" jiejieId="104106" jinjieIcon="108106" color="7" skill="" modelId="0" wqBJL="0" jnBJL="0" wqMBL="10000" jnMBL="10000" sxJiaCheng="10000" holeNum="4" inlayColor="3" lvlupExp="1000" />
<ZhuangBei id="104001" name="108001" funDesc="108001" buWei="1" pinZhi="4" dengji="1" xishu="0.263,0.263,0.263,0.263" gongji="134" fangyu="0" shengming="0" wqSH="10" wqJM="0" wqBJ="80" wqRX="0" jnSH="50" jnJM="0" jnBJ="100" jnRX="0" gongjiType="1" qianghuaMaxLv="100" xilianMaxLv="400" exp="1250" expId="41" qianghuaId="41" icon="108001" jinjieLv="1" jinjieItem="960501" jinjieNum="30" jiejieId="105001" jinjieIcon="110001" color="8" skill="201301" modelId="10107" wqBJL="10000" jnBJL="10000" wqMBL="0" jnMBL="0" sxJiaCheng="10000" holeNum="4" inlayColor="1" lvlupExp="5000" />
<ZhuangBei id="104002" name="108002" funDesc="108002" buWei="2" pinZhi="4" dengji="1" xishu="0.4,0.4,0.4,0.4" gongji="132" fangyu="0" shengming="0" wqSH="50" wqJM="0" wqBJ="100" wqRX="0" jnSH="10" jnJM="0" jnBJ="80" jnRX="0" gongjiType="2" qianghuaMaxLv="100" xilianMaxLv="400" exp="1250" expId="41" qianghuaId="41" icon="108002" jinjieLv="1" jinjieItem="960502" jinjieNum="30" jiejieId="105002" jinjieIcon="110002" color="8" skill="" modelId="10207" wqBJL="10000" jnBJL="10000" wqMBL="0" jnMBL="0" sxJiaCheng="10000" holeNum="4" inlayColor="1" lvlupExp="5000" />
<ZhuangBei id="104003" name="108003" funDesc="108003" buWei="3" pinZhi="4" dengji="1" xishu="0.63,0.63,0.63,0.63" gongji="130" fangyu="0" shengming="0" wqSH="10" wqJM="0" wqBJ="80" wqRX="0" jnSH="50" jnJM="0" jnBJ="100" jnRX="0" gongjiType="3" qianghuaMaxLv="100" xilianMaxLv="400" exp="1250" expId="41" qianghuaId="41" icon="108003" jinjieLv="1" jinjieItem="960503" jinjieNum="30" jiejieId="105003" jinjieIcon="110003" color="8" skill="" modelId="10307" wqBJL="10000" jnBJL="10000" wqMBL="0" jnMBL="0" sxJiaCheng="10000" holeNum="4" inlayColor="1" lvlupExp="5000" />
<ZhuangBei id="104101" name="108101" funDesc="108101" buWei="11" pinZhi="4" dengji="1" xishu="1" gongji="0" fangyu="64" shengming="1360" wqSH="0" wqJM="0" wqBJ="0" wqRX="0" jnSH="10" jnJM="50" jnBJ="80" jnRX="100" gongjiType="0" qianghuaMaxLv="100" xilianMaxLv="400" exp="1250" expId="42" qianghuaId="42" icon="108101" jinjieLv="1" jinjieItem="960511" jinjieNum="30" jiejieId="105101" jinjieIcon="110101" color="8" skill="" modelId="0" wqBJL="10000" jnBJL="10000" wqMBL="10000" jnMBL="0" sxJiaCheng="0" holeNum="4" inlayColor="2" lvlupExp="5000" />
<ZhuangBei id="104102" name="108102" funDesc="108102" buWei="12" pinZhi="4" dengji="1" xishu="1" gongji="0" fangyu="65" shengming="1340" wqSH="0" wqJM="0" wqBJ="0" wqRX="0" jnSH="10" jnJM="50" jnBJ="80" jnRX="100" gongjiType="0" qianghuaMaxLv="100" xilianMaxLv="400" exp="1250" expId="42" qianghuaId="42" icon="108102" jinjieLv="1" jinjieItem="960512" jinjieNum="30" jiejieId="105102" jinjieIcon="110102" color="8" skill="" modelId="0" wqBJL="0" jnBJL="10000" wqMBL="10000" jnMBL="10000" sxJiaCheng="0" holeNum="4" inlayColor="2" lvlupExp="5000" />
<ZhuangBei id="104103" name="108103" funDesc="108103" buWei="13" pinZhi="4" dengji="1" xishu="1" gongji="0" fangyu="68" shengming="1280" wqSH="0" wqJM="10" wqBJ="0" wqRX="80" jnSH="0" jnJM="50" jnBJ="0" jnRX="100" gongjiType="0" qianghuaMaxLv="100" xilianMaxLv="400" exp="1250" expId="42" qianghuaId="42" icon="108103" jinjieLv="1" jinjieItem="960513" jinjieNum="30" jiejieId="105103" jinjieIcon="110103" color="8" skill="" modelId="0" wqBJL="0" jnBJL="0" wqMBL="10000" jnMBL="10000" sxJiaCheng="10000" holeNum="4" inlayColor="3" lvlupExp="5000" />
<ZhuangBei id="104104" name="108104" funDesc="108104" buWei="14" pinZhi="4" dengji="1" xishu="1" gongji="0" fangyu="67" shengming="1300" wqSH="50" wqJM="10" wqBJ="100" wqRX="80" jnSH="0" jnJM="0" jnBJ="0" jnRX="0" gongjiType="0" qianghuaMaxLv="100" xilianMaxLv="400" exp="1250" expId="42" qianghuaId="42" icon="108104" jinjieLv="1" jinjieItem="960514" jinjieNum="30" jiejieId="105104" jinjieIcon="110104" color="8" skill="" modelId="0" wqBJL="10000" jnBJL="10000" wqMBL="0" jnMBL="10000" sxJiaCheng="0" holeNum="4" inlayColor="2" lvlupExp="5000" />
<ZhuangBei id="104105" name="108105" funDesc="108105" buWei="15" pinZhi="4" dengji="1" xishu="1" gongji="0" fangyu="66" shengming="1320" wqSH="0" wqJM="50" wqBJ="0" wqRX="100" jnSH="0" jnJM="10" jnBJ="0" jnRX="80" gongjiType="0" qianghuaMaxLv="100" xilianMaxLv="400" exp="1250" expId="42" qianghuaId="42" icon="108105" jinjieLv="1" jinjieItem="960515" jinjieNum="30" jiejieId="105105" jinjieIcon="110105" color="8" skill="" modelId="0" wqBJL="10000" jnBJL="0" wqMBL="10000" jnMBL="10000" sxJiaCheng="0" holeNum="4" inlayColor="3" lvlupExp="5000" />
<ZhuangBei id="104106" name="108106" funDesc="108106" buWei="16" pinZhi="4" dengji="1" xishu="1" gongji="0" fangyu="66" shengming="1320" wqSH="0" wqJM="50" wqBJ="0" wqRX="100" jnSH="0" jnJM="10" jnBJ="0" jnRX="80" gongjiType="0" qianghuaMaxLv="100" xilianMaxLv="400" exp="1250" expId="42" qianghuaId="42" icon="108106" jinjieLv="1" jinjieItem="960516" jinjieNum="30" jiejieId="105106" jinjieIcon="110106" color="8" skill="" modelId="0" wqBJL="0" jnBJL="0" wqMBL="10000" jnMBL="10000" sxJiaCheng="10000" holeNum="4" inlayColor="3" lvlupExp="5000" />
<ZhuangBei id="105001" name="110001" funDesc="110001" buWei="1" pinZhi="5" dengji="1" xishu="0.263,0.263,0.263,0.263" gongji="169" fangyu="0" shengming="0" wqSH="10" wqJM="0" wqBJ="80" wqRX="0" jnSH="50" jnJM="0" jnBJ="100" jnRX="0" gongjiType="1" qianghuaMaxLv="100" xilianMaxLv="600" exp="6250" expId="51" qianghuaId="51" icon="110001" jinjieLv="1" jinjieItem="960701" jinjieNum="60" jiejieId="106001" jinjieIcon="111001" color="10" skill="201301" modelId="10109" wqBJL="10000" jnBJL="10000" wqMBL="0" jnMBL="0" sxJiaCheng="10000" holeNum="5" inlayColor="1" lvlupExp="25000" />
<ZhuangBei id="105002" name="110002" funDesc="110002" buWei="2" pinZhi="5" dengji="1" xishu="0.4,0.4,0.4,0.4" gongji="169" fangyu="0" shengming="0" wqSH="50" wqJM="0" wqBJ="100" wqRX="0" jnSH="10" jnJM="0" jnBJ="80" jnRX="0" gongjiType="2" qianghuaMaxLv="100" xilianMaxLv="600" exp="6250" expId="51" qianghuaId="51" icon="110002" jinjieLv="1" jinjieItem="960702" jinjieNum="60" jiejieId="106002" jinjieIcon="111002" color="10" skill="" modelId="10209" wqBJL="10000" jnBJL="10000" wqMBL="0" jnMBL="0" sxJiaCheng="10000" holeNum="5" inlayColor="1" lvlupExp="25000" />
<ZhuangBei id="105003" name="110003" funDesc="110003" buWei="3" pinZhi="5" dengji="1" xishu="0.63,0.63,0.63,0.63" gongji="169" fangyu="0" shengming="0" wqSH="10" wqJM="0" wqBJ="80" wqRX="0" jnSH="50" jnJM="0" jnBJ="100" jnRX="0" gongjiType="3" qianghuaMaxLv="100" xilianMaxLv="600" exp="6250" expId="51" qianghuaId="51" icon="110003" jinjieLv="1" jinjieItem="960703" jinjieNum="60" jiejieId="106003" jinjieIcon="111003" color="10" skill="" modelId="10309" wqBJL="10000" jnBJL="10000" wqMBL="0" jnMBL="0" sxJiaCheng="10000" holeNum="5" inlayColor="1" lvlupExp="25000" />
<ZhuangBei id="105101" name="110101" funDesc="110101" buWei="11" pinZhi="5" dengji="1" xishu="1" gongji="0" fangyu="85" shengming="1690" wqSH="0" wqJM="0" wqBJ="0" wqRX="0" jnSH="10" jnJM="50" jnBJ="80" jnRX="100" gongjiType="0" qianghuaMaxLv="100" xilianMaxLv="600" exp="6250" expId="52" qianghuaId="52" icon="110101" jinjieLv="1" jinjieItem="960711" jinjieNum="60" jiejieId="106101" jinjieIcon="111101" color="10" skill="" modelId="0" wqBJL="10000" jnBJL="10000" wqMBL="10000" jnMBL="0" sxJiaCheng="0" holeNum="5" inlayColor="2" lvlupExp="25000" />
<ZhuangBei id="105102" name="110102" funDesc="110102" buWei="12" pinZhi="5" dengji="1" xishu="1" gongji="0" fangyu="85" shengming="1690" wqSH="0" wqJM="0" wqBJ="0" wqRX="0" jnSH="10" jnJM="50" jnBJ="80" jnRX="100" gongjiType="0" qianghuaMaxLv="100" xilianMaxLv="600" exp="6250" expId="52" qianghuaId="52" icon="110102" jinjieLv="1" jinjieItem="960712" jinjieNum="60" jiejieId="106102" jinjieIcon="111102" color="10" skill="" modelId="0" wqBJL="0" jnBJL="10000" wqMBL="10000" jnMBL="10000" sxJiaCheng="0" holeNum="5" inlayColor="2" lvlupExp="25000" />
<ZhuangBei id="105103" name="110103" funDesc="110103" buWei="13" pinZhi="5" dengji="1" xishu="1" gongji="0" fangyu="85" shengming="1690" wqSH="0" wqJM="10" wqBJ="0" wqRX="80" jnSH="0" jnJM="50" jnBJ="0" jnRX="100" gongjiType="0" qianghuaMaxLv="100" xilianMaxLv="600" exp="6250" expId="52" qianghuaId="52" icon="110103" jinjieLv="1" jinjieItem="960713" jinjieNum="60" jiejieId="106103" jinjieIcon="111103" color="10" skill="" modelId="0" wqBJL="0" jnBJL="0" wqMBL="10000" jnMBL="10000" sxJiaCheng="10000" holeNum="5" inlayColor="3" lvlupExp="25000" />
<ZhuangBei id="105104" name="110104" funDesc="110104" buWei="14" pinZhi="5" dengji="1" xishu="1" gongji="0" fangyu="85" shengming="1690" wqSH="50" wqJM="10" wqBJ="100" wqRX="80" jnSH="0" jnJM="0" jnBJ="0" jnRX="0" gongjiType="0" qianghuaMaxLv="100" xilianMaxLv="600" exp="6250" expId="52" qianghuaId="52" icon="110104" jinjieLv="1" jinjieItem="960714" jinjieNum="60" jiejieId="106104" jinjieIcon="111104" color="10" skill="" modelId="0" wqBJL="10000" jnBJL="10000" wqMBL="0" jnMBL="10000" sxJiaCheng="0" holeNum="5" inlayColor="2" lvlupExp="25000" />
<ZhuangBei id="105105" name="110105" funDesc="110105" buWei="15" pinZhi="5" dengji="1" xishu="1" gongji="0" fangyu="85" shengming="1690" wqSH="0" wqJM="50" wqBJ="0" wqRX="100" jnSH="0" jnJM="10" jnBJ="0" jnRX="80" gongjiType="0" qianghuaMaxLv="100" xilianMaxLv="600" exp="6250" expId="52" qianghuaId="52" icon="110105" jinjieLv="1" jinjieItem="960715" jinjieNum="60" jiejieId="106105" jinjieIcon="111105" color="10" skill="" modelId="0" wqBJL="10000" jnBJL="0" wqMBL="10000" jnMBL="10000" sxJiaCheng="0" holeNum="5" inlayColor="3" lvlupExp="25000" />
<ZhuangBei id="105106" name="110106" funDesc="110106" buWei="16" pinZhi="5" dengji="1" xishu="1" gongji="0" fangyu="85" shengming="1690" wqSH="0" wqJM="50" wqBJ="0" wqRX="100" jnSH="0" jnJM="10" jnBJ="0" jnRX="80" gongjiType="0" qianghuaMaxLv="100" xilianMaxLv="600" exp="6250" expId="52" qianghuaId="52" icon="110106" jinjieLv="1" jinjieItem="960716" jinjieNum="60" jiejieId="106106" jinjieIcon="111106" color="10" skill="" modelId="0" wqBJL="0" jnBJL="0" wqMBL="10000" jnMBL="10000" sxJiaCheng="10000" holeNum="5" inlayColor="3" lvlupExp="25000" />
<ZhuangBei id="106001" name="111001" funDesc="111001" buWei="1" pinZhi="6" dengji="1" xishu="0.263,0.263,0.263,0.263" gongji="218" fangyu="0" shengming="0" wqSH="10" wqJM="0" wqBJ="80" wqRX="0" jnSH="50" jnJM="0" jnBJ="100" jnRX="0" gongjiType="1" qianghuaMaxLv="100" xilianMaxLv="700" exp="31250" expId="61" qianghuaId="61" icon="111001" jinjieLv="1" jinjieItem="960801" jinjieNum="70" jiejieId="107001" jinjieIcon="111001" color="11" skill="201301" modelId="10111" wqBJL="10000" jnBJL="10000" wqMBL="0" jnMBL="0" sxJiaCheng="10000" holeNum="5" inlayColor="1" lvlupExp="125000" />
<ZhuangBei id="106002" name="111002" funDesc="111002" buWei="2" pinZhi="6" dengji="1" xishu="0.4,0.4,0.4,0.4" gongji="218" fangyu="0" shengming="0" wqSH="50" wqJM="0" wqBJ="100" wqRX="0" jnSH="10" jnJM="0" jnBJ="80" jnRX="0" gongjiType="2" qianghuaMaxLv="100" xilianMaxLv="700" exp="31250" expId="61" qianghuaId="61" icon="111002" jinjieLv="1" jinjieItem="960802" jinjieNum="70" jiejieId="107002" jinjieIcon="111002" color="11" skill="" modelId="10211" wqBJL="10000" jnBJL="10000" wqMBL="0" jnMBL="0" sxJiaCheng="10000" holeNum="5" inlayColor="1" lvlupExp="125000" />
<ZhuangBei id="106003" name="111003" funDesc="111003" buWei="3" pinZhi="6" dengji="1" xishu="0.63,0.63,0.63,0.63" gongji="218" fangyu="0" shengming="0" wqSH="10" wqJM="0" wqBJ="80" wqRX="0" jnSH="50" jnJM="0" jnBJ="100" jnRX="0" gongjiType="3" qianghuaMaxLv="100" xilianMaxLv="700" exp="31250" expId="61" qianghuaId="61" icon="111003" jinjieLv="1" jinjieItem="960803" jinjieNum="70" jiejieId="107003" jinjieIcon="111003" color="11" skill="" modelId="10311" wqBJL="10000" jnBJL="10000" wqMBL="0" jnMBL="0" sxJiaCheng="10000" holeNum="5" inlayColor="1" lvlupExp="125000" />
<ZhuangBei id="106101" name="111101" funDesc="111101" buWei="11" pinZhi="6" dengji="1" xishu="1" gongji="0" fangyu="109" shengming="2175" wqSH="0" wqJM="0" wqBJ="0" wqRX="0" jnSH="10" jnJM="50" jnBJ="80" jnRX="100" gongjiType="0" qianghuaMaxLv="100" xilianMaxLv="700" exp="31250" expId="62" qianghuaId="62" icon="111101" jinjieLv="1" jinjieItem="960811" jinjieNum="70" jiejieId="107101" jinjieIcon="111101" color="11" skill="" modelId="0" wqBJL="10000" jnBJL="10000" wqMBL="10000" jnMBL="0" sxJiaCheng="0" holeNum="5" inlayColor="2" lvlupExp="125000" />
<ZhuangBei id="106102" name="111102" funDesc="111102" buWei="12" pinZhi="6" dengji="1" xishu="1" gongji="0" fangyu="109" shengming="2175" wqSH="0" wqJM="0" wqBJ="0" wqRX="0" jnSH="10" jnJM="50" jnBJ="80" jnRX="100" gongjiType="0" qianghuaMaxLv="100" xilianMaxLv="700" exp="31250" expId="62" qianghuaId="62" icon="111102" jinjieLv="1" jinjieItem="960812" jinjieNum="70" jiejieId="107102" jinjieIcon="111102" color="11" skill="" modelId="0" wqBJL="0" jnBJL="10000" wqMBL="10000" jnMBL="10000" sxJiaCheng="0" holeNum="5" inlayColor="2" lvlupExp="125000" />
<ZhuangBei id="106103" name="111103" funDesc="111103" buWei="13" pinZhi="6" dengji="1" xishu="1" gongji="0" fangyu="109" shengming="2175" wqSH="0" wqJM="10" wqBJ="0" wqRX="80" jnSH="0" jnJM="50" jnBJ="0" jnRX="100" gongjiType="0" qianghuaMaxLv="100" xilianMaxLv="700" exp="31250" expId="62" qianghuaId="62" icon="111103" jinjieLv="1" jinjieItem="960813" jinjieNum="70" jiejieId="107103" jinjieIcon="111103" color="11" skill="" modelId="0" wqBJL="0" jnBJL="0" wqMBL="10000" jnMBL="10000" sxJiaCheng="10000" holeNum="5" inlayColor="3" lvlupExp="125000" />
<ZhuangBei id="106104" name="111104" funDesc="111104" buWei="14" pinZhi="6" dengji="1" xishu="1" gongji="0" fangyu="109" shengming="2175" wqSH="50" wqJM="10" wqBJ="100" wqRX="80" jnSH="0" jnJM="0" jnBJ="0" jnRX="0" gongjiType="0" qianghuaMaxLv="100" xilianMaxLv="700" exp="31250" expId="62" qianghuaId="62" icon="111104" jinjieLv="1" jinjieItem="960814" jinjieNum="70" jiejieId="107104" jinjieIcon="111104" color="11" skill="" modelId="0" wqBJL="10000" jnBJL="10000" wqMBL="0" jnMBL="10000" sxJiaCheng="0" holeNum="5" inlayColor="2" lvlupExp="125000" />
<ZhuangBei id="106105" name="111105" funDesc="111105" buWei="15" pinZhi="6" dengji="1" xishu="1" gongji="0" fangyu="109" shengming="2175" wqSH="0" wqJM="50" wqBJ="0" wqRX="100" jnSH="0" jnJM="10" jnBJ="0" jnRX="80" gongjiType="0" qianghuaMaxLv="100" xilianMaxLv="700" exp="31250" expId="62" qianghuaId="62" icon="111105" jinjieLv="1" jinjieItem="960815" jinjieNum="70" jiejieId="107105" jinjieIcon="111105" color="11" skill="" modelId="0" wqBJL="10000" jnBJL="0" wqMBL="10000" jnMBL="10000" sxJiaCheng="0" holeNum="5" inlayColor="3" lvlupExp="125000" />
<ZhuangBei id="106106" name="111106" funDesc="111106" buWei="16" pinZhi="6" dengji="1" xishu="1" gongji="0" fangyu="109" shengming="2175" wqSH="0" wqJM="50" wqBJ="0" wqRX="100" jnSH="0" jnJM="10" jnBJ="0" jnRX="80" gongjiType="0" qianghuaMaxLv="100" xilianMaxLv="700" exp="31250" expId="62" qianghuaId="62" icon="111106" jinjieLv="1" jinjieItem="960816" jinjieNum="70" jiejieId="107106" jinjieIcon="111106" color="11" skill="" modelId="0" wqBJL="0" jnBJL="0" wqMBL="10000" jnMBL="10000" sxJiaCheng="10000" holeNum="5" inlayColor="3" lvlupExp="125000" />
<ZhuangBei id="107001" name="112001" funDesc="112001" buWei="1" pinZhi="7" dengji="1" xishu="0.263,0.263,0.263,0.263" gongji="252" fangyu="0" shengming="0" wqSH="10" wqJM="0" wqBJ="80" wqRX="0" jnSH="50" jnJM="0" jnBJ="100" jnRX="0" gongjiType="1" qianghuaMaxLv="100" xilianMaxLv="800" exp="156250" expId="71" qianghuaId="71" icon="111001" jinjieLv="1" jinjieItem="0" jinjieNum="0" jiejieId="0" jinjieIcon="0" color="11" skill="201301" modelId="10111" wqBJL="10000" jnBJL="10000" wqMBL="0" jnMBL="0" sxJiaCheng="10000" holeNum="5" inlayColor="1" lvlupExp="-1" />
<ZhuangBei id="107002" name="112002" funDesc="112002" buWei="2" pinZhi="7" dengji="1" xishu="0.4,0.4,0.4,0.4" gongji="252" fangyu="0" shengming="0" wqSH="50" wqJM="0" wqBJ="100" wqRX="0" jnSH="10" jnJM="0" jnBJ="80" jnRX="0" gongjiType="2" qianghuaMaxLv="100" xilianMaxLv="800" exp="156250" expId="71" qianghuaId="71" icon="111002" jinjieLv="1" jinjieItem="0" jinjieNum="0" jiejieId="0" jinjieIcon="0" color="11" skill="" modelId="10211" wqBJL="10000" jnBJL="10000" wqMBL="0" jnMBL="0" sxJiaCheng="10000" holeNum="5" inlayColor="1" lvlupExp="-1" />
<ZhuangBei id="107003" name="112003" funDesc="112003" buWei="3" pinZhi="7" dengji="1" xishu="0.63,0.63,0.63,0.63" gongji="252" fangyu="0" shengming="0" wqSH="10" wqJM="0" wqBJ="80" wqRX="0" jnSH="50" jnJM="0" jnBJ="100" jnRX="0" gongjiType="3" qianghuaMaxLv="100" xilianMaxLv="800" exp="156250" expId="71" qianghuaId="71" icon="111003" jinjieLv="1" jinjieItem="0" jinjieNum="0" jiejieId="0" jinjieIcon="0" color="11" skill="" modelId="10311" wqBJL="10000" jnBJL="10000" wqMBL="0" jnMBL="0" sxJiaCheng="10000" holeNum="5" inlayColor="1" lvlupExp="-1" />
<ZhuangBei id="107101" name="112101" funDesc="112101" buWei="11" pinZhi="7" dengji="1" xishu="1" gongji="0" fangyu="126" shengming="2520" wqSH="0" wqJM="0" wqBJ="0" wqRX="0" jnSH="10" jnJM="50" jnBJ="80" jnRX="100" gongjiType="0" qianghuaMaxLv="100" xilianMaxLv="800" exp="156250" expId="72" qianghuaId="72" icon="111101" jinjieLv="1" jinjieItem="0" jinjieNum="0" jiejieId="0" jinjieIcon="0" color="11" skill="" modelId="0" wqBJL="10000" jnBJL="10000" wqMBL="10000" jnMBL="0" sxJiaCheng="0" holeNum="5" inlayColor="2" lvlupExp="-1" />
<ZhuangBei id="107102" name="112102" funDesc="112102" buWei="12" pinZhi="7" dengji="1" xishu="1" gongji="0" fangyu="126" shengming="2520" wqSH="0" wqJM="0" wqBJ="0" wqRX="0" jnSH="10" jnJM="50" jnBJ="80" jnRX="100" gongjiType="0" qianghuaMaxLv="100" xilianMaxLv="800" exp="156250" expId="72" qianghuaId="72" icon="111102" jinjieLv="1" jinjieItem="0" jinjieNum="0" jiejieId="0" jinjieIcon="0" color="11" skill="" modelId="0" wqBJL="0" jnBJL="10000" wqMBL="10000" jnMBL="10000" sxJiaCheng="0" holeNum="5" inlayColor="2" lvlupExp="-1" />
<ZhuangBei id="107103" name="112103" funDesc="112103" buWei="13" pinZhi="7" dengji="1" xishu="1" gongji="0" fangyu="126" shengming="2520" wqSH="0" wqJM="10" wqBJ="0" wqRX="80" jnSH="0" jnJM="50" jnBJ="0" jnRX="100" gongjiType="0" qianghuaMaxLv="100" xilianMaxLv="800" exp="156250" expId="72" qianghuaId="72" icon="111103" jinjieLv="1" jinjieItem="0" jinjieNum="0" jiejieId="0" jinjieIcon="0" color="11" skill="" modelId="0" wqBJL="0" jnBJL="0" wqMBL="10000" jnMBL="10000" sxJiaCheng="10000" holeNum="5" inlayColor="3" lvlupExp="-1" />
<ZhuangBei id="107104" name="112104" funDesc="112104" buWei="14" pinZhi="7" dengji="1" xishu="1" gongji="0" fangyu="126" shengming="2520" wqSH="50" wqJM="10" wqBJ="100" wqRX="80" jnSH="0" jnJM="0" jnBJ="0" jnRX="0" gongjiType="0" qianghuaMaxLv="100" xilianMaxLv="800" exp="156250" expId="72" qianghuaId="72" icon="111104" jinjieLv="1" jinjieItem="0" jinjieNum="0" jiejieId="0" jinjieIcon="0" color="11" skill="" modelId="0" wqBJL="10000" jnBJL="10000" wqMBL="0" jnMBL="10000" sxJiaCheng="0" holeNum="5" inlayColor="2" lvlupExp="-1" />
<ZhuangBei id="107105" name="112105" funDesc="112105" buWei="15" pinZhi="7" dengji="1" xishu="1" gongji="0" fangyu="126" shengming="2520" wqSH="0" wqJM="50" wqBJ="0" wqRX="100" jnSH="0" jnJM="10" jnBJ="0" jnRX="80" gongjiType="0" qianghuaMaxLv="100" xilianMaxLv="800" exp="156250" expId="72" qianghuaId="72" icon="111105" jinjieLv="1" jinjieItem="0" jinjieNum="0" jiejieId="0" jinjieIcon="0" color="11" skill="" modelId="0" wqBJL="10000" jnBJL="0" wqMBL="10000" jnMBL="10000" sxJiaCheng="0" holeNum="5" inlayColor="3" lvlupExp="-1" />
<ZhuangBei id="107106" name="112106" funDesc="112106" buWei="16" pinZhi="7" dengji="1" xishu="1" gongji="0" fangyu="126" shengming="2520" wqSH="0" wqJM="50" wqBJ="0" wqRX="100" jnSH="0" jnJM="10" jnBJ="0" jnRX="80" gongjiType="0" qianghuaMaxLv="100" xilianMaxLv="800" exp="156250" expId="72" qianghuaId="72" icon="111106" jinjieLv="1" jinjieItem="0" jinjieNum="0" jiejieId="0" jinjieIcon="0" color="11" skill="" modelId="0" wqBJL="0" jnBJL="0" wqMBL="10000" jnMBL="10000" sxJiaCheng="10000" holeNum="5" inlayColor="3" lvlupExp="-1" />
</dataset>