<?xml version="1.0" encoding="UTF-8"?>
<dataset>
<ZhuangbeiPinzhi pinzhi="1" paraX="0" paraK="0" />
<ZhuangbeiPinzhi pinzhi="2" paraX="100" paraK="0" />
<ZhuangbeiPinzhi pinzhi="3" paraX="200" paraK="0" />
<ZhuangbeiPinzhi pinzhi="4" paraX="300" paraK="0" />
<ZhuangbeiPinzhi pinzhi="5" paraX="400" paraK="0" />
<ZhuangbeiPinzhi pinzhi="6" paraX="500" paraK="0" />
<ZhuangbeiPinzhi pinzhi="7" paraX="600" paraK="0" />
<ZhuangbeiPinzhi pinzhi="8" paraX="700" paraK="0" />
<ZhuangbeiPinzhi pinzhi="9" paraX="800" paraK="0" />
<ZhuangbeiPinzhi pinzhi="10" paraX="900" paraK="0" />
<ZhuangbeiPinzhi pinzhi="11" paraX="1000" paraK="0" />
</dataset>