<beans xmlns="http://www.springframework.org/schema/beans"
	     xmlns:xsi="http://www.w3.org/2001/XMLSchema-instance"
	     xmlns:aop="http://www.springframework.org/schema/aop"
	     xmlns:tx="http://www.springframework.org/schema/tx"
	     xsi:schemaLocation="http://www.springframework.org/schema/beans http://www.springframework.org/schema/beans/spring-beans-2.0.xsd
           http://www.springframework.org/schema/aop http://www.springframework.org/schema/aop/spring-aop-2.0.xsd
           http://www.springframework.org/schema/tx http://www.springframework.org/schema/tx/spring-tx-2.0.xsd"
       default-autowire="autodetect">

	<!-- quartz -->
	<!-- threadpool_DBJob -->
	<bean id="threadpool" class="org.springframework.scheduling.quartz.SimpleThreadPoolTaskExecutor">
		<property name="threadCount" value="10" />
		<property name="waitForJobsToCompleteOnShutdown" value="true" />
	</bean>

	<bean id="scheduler" class="org.springframework.scheduling.quartz.SchedulerFactoryBean" autowire="no"> 
		<property name="dataSource" ref="dataSource"/>
		<property name="taskExecutor" ref="threadpool"/>
		<property name="transactionManager" ref="txManager"/>
		<property name="startupDelay" value="30" />
	</bean>
	
	<bean id="schedulerWrapperDB" class="com.manu.core.schedule.QuartzSchedulerWrapper">
		<property name="scheduler" ref="scheduler"/>
	</bean>
	
</beans>
