<beans xmlns="http://www.springframework.org/schema/beans"
	     xmlns:xsi="http://www.w3.org/2001/XMLSchema-instance"
	     xmlns:aop="http://www.springframework.org/schema/aop"
	     xmlns:tx="http://www.springframework.org/schema/tx"
	     xsi:schemaLocation="http://www.springframework.org/schema/beans http://www.springframework.org/schema/beans/spring-beans-2.0.xsd
           http://www.springframework.org/schema/aop http://www.springframework.org/schema/aop/spring-aop-2.0.xsd
           http://www.springframework.org/schema/tx http://www.springframework.org/schema/tx/spring-tx-2.0.xsd"
       default-autowire="autodetect">
       
       <bean id="commonService" class="com.manu.dynasty.base.service.CommonService"></bean>
       <bean id="commonDao" class="com.manu.dynasty.base.dao.CommonDao"></bean>
       <bean id="entityDataService" class="com.manu.dynasty.base.service.EntityDataService"></bean>
       <bean id="myexceptionHandler" class="com.manu.dynasty.core.exception.MyExceptionHandler"></bean>
</beans>
